t,vEgo,aEgo,roll,rollLateralAcceleration,targetLateralAcceleration,currentLateralAcceleration,steerCommand,theta_a,theta_b,theta_c,theta_d
20,33.6662993138583,-0.1427389358746498,0.0379484200761454,0.3721846564960506,1.0737234709618368,1.0737234709618368,0.3224416333145364,0.9,1.5,1.0,0.0
21,33.6629245725833,-0.0952381240838884,0.0390740330574359,0.383218731801151,1.0527911761675326,1.0527911761675326,0.3037519433958606,0.7829854750407381,1.5,0.9592412056173263,-0.10951229093213889
22,33.65764991040884,-0.0661868093852008,0.0401996460387263,0.39425232156641193,1.0243747365375606,1.0243747365375606,0.1855302560225258,0.8295970857692317,1.3021830624809125,0.9853307366831646,-0.07110969586137093
23,33.662165243010804,0.0011238148488627,0.0399067752820611,0.3913815637145757,0.7800144861106189,0.7800144861106189,0.1823100915216171,0.825764162855775,1.299853973897985,0.9744919014959497,-0.08178297844082005
24,33.67285350424658,0.0658829392096585,0.0395470972251954,0.3878559059749088,0.7701471502025644,0.7701471502025644,0.1788544009828539,0.843215934590761,1.3404310960481043,0.9377621586476209,-0.13938409327996018
25,33.67554090121588,0.0439748482833553,0.0392843499435662,0.3852803571308656,0.7606936247013875,0.7606936247013875,0.1829872511575265,0.672628144631032,1.193098080270783,1.0014658402097527,0.02569684444141096
26,33.67382149315373,0.0294165545009753,0.0391475868832913,0.3839397430315598,0.7675926000293568,0.7675926000293568,0.1849436047777162,0.701606557201204,1.1841395589033357,0.990022037218272,-0.00533081724715213
27,33.669148863392884,-0.0181656245146981,0.0390108238230165,0.3825991217509945,0.7701212729106445,0.7701212729106445,0.1862974566353196,0.6978905720137345,1.184578976230367,0.9913670884091981,-0.0014258306268558531
28,33.66716762759941,-0.0174871773015694,0.0390769178564689,0.3832470100769736,0.7734588263379781,0.7734588263379781,0.1864954802509668,0.6999589127314804,1.1841018424063905,0.9906594917701546,-0.0036673965944159586
29,33.660892131542724,-0.044179291045929,0.03915942023223749,0.3840557392170013,0.7746073695177639,0.7746073695177639,0.1813171704228903,0.7012393640684964,1.1837874554349213,0.9901972531747429,-0.0050553336447121825
30,33.658822105796624,-0.0399783404686168,0.0395779472558962,0.3881583079628706,0.768343857412982,0.768343857412982,0.1871975204817226,0.7065226184848702,1.181220517961148,0.9880747805131016,-0.010883060206000945
31,33.65074046226451,-0.0664541166899483,0.0403921611277016,0.3961393614992896,0.7880037662795076,0.7880037662795076,0.1910825986379111,0.7099040165564685,1.1807902572906654,0.986215487063041,-0.014296078750476927
32,33.6548224105023,0.0206939086188863,0.0412063749995069,0.40412015241741844,0.8037960334517689,0.8037960334517689,0.191907042251222,0.703672159921504,1.1793970778110976,0.9915274619146113,-0.009175862092877868
33,33.64386412609669,-0.0622102717520619,0.0414234390734686,0.4062477338791554,0.8074734025781413,0.8074734025781413,0.1881706260802332,0.6991390643727893,1.1759098957614342,0.9985333044726616,-0.006454697626543546
34,33.647208299022104,-0.0132308830176661,0.0415926291052163,0.4079060584846122,0.8016847911581142,0.8016847911581142,0.1910793141516949,0.6970297584733223,1.1722849373054012,1.0035064661255273,-0.005639512364959186
35,33.64080758168798,-0.0352113795292076,0.0417848818107868,0.40979041887248624,0.8093308107381891,0.8093308107381891,0.2008344777981709,0.6965674077570118,1.171352798993189,1.0048223617717789,-0.0055262030117166905
36,33.63600141754381,-0.0487382558285624,0.0420044242197309,0.4119422401205079,0.8309922778751787,0.8309922778751787,0.2031680192614447,0.6943218833716044,1.167236539396501,1.01056737152931,-0.005010698508946513
37,33.65191450252621,0.0696080174283106,0.0422239666286751,0.4140940415133804,0.8379868484463135,0.8379868484463135,0.221073146557403,0.6919113431676888,1.1628958941682037,1.0195252442398424,-0.0050653536887534985
38,33.653792114943386,0.0365611087746741,0.0426321736542009,0.4180949486042528,0.8781050023664648,0.8781050023664648,0.2469964845843575,0.6919495325258871,1.162377428299897,1.0214650794976856,-0.005514692560091355
39,33.66081964695643,0.0697003814791755,0.0430565317879911,0.42225408161117106,0.9350315270915028,0.9350315270915028,0.2705843566564013,0.6931509426366328,1.1609239973066228,1.0358705733085247,-0.009841146177006887
40,33.65520028481505,-0.0128070008909655,0.0430176467375035,0.4218729724819594,0.9829995984993009,0.9829995984993009,0.2733461859998246,0.6974955382913941,1.1698195152829949,1.0457351160487627,-0.014740292271536552
41,33.645373681057464,-0.0876459384495089,0.0423857210357143,0.4156794324990337,0.9823740974924196,0.9823740974924196,0.2755280465121247,0.7084019576301738,1.1786543193313435,1.0536205084862915,-0.024351779136222253
42,33.638457015861704,-0.0759239025904162,0.0417537953339251,0.4094857265228073,0.9805936345655452,0.9805936345655452,0.2774444280098906,0.7043986752669563,1.1774535170303282,1.0530097564615117,-0.021259313327602062
43,33.64081556319291,0.0028193685153314,0.0409633452156822,0.401738042119206,0.9768409063244464,0.9768409063244464,0.277689029852134,0.7138351706514272,1.1769661071498543,1.05219906758448,-0.028095503412133745
44,33.640735811082955,0.0176980742434908,0.04016223410202469,0.3938856066986994,0.9694934009967991,0.9694934009967991,0.2766767077630289,0.7190121631019595,1.1779671530018074,1.0502697732594732,-0.03108488825993703
45,33.636110075171324,-0.0445532225336679,0.0393463028655701,0.3858876456517803,0.9593378717353104,0.9593378717353104,0.2791917751286722,0.7227392357355477,1.1791882623601988,1.0475490418371516,-0.03263108347747756
46,33.636283430572995,-0.0008953036001801,0.0385107520307817,0.3776971022207102,0.9563531205207432,0.9563531205207432,0.2828452882560783,0.7273463379834519,1.1807536452184628,1.0420454055928474,-0.03364708497330227
47,33.6256753170664,-0.0337493303238202,0.0376752011959933,0.36950629510223737,0.9555821536445844,0.9555821536445844,0.2887751319895727,0.7357805647594435,1.1842941680590249,1.0264386607007152,-0.033088808362901394
48,33.62275226148448,-0.01295097505085,0.0368545900519202,0.361461688900007,0.959805023761181,0.959805023761181,0.2832280595533997,0.743048811016182,1.1907766975913752,1.0076448332250865,-0.029994327832221696
49,33.615324920203534,-0.060321615970125,0.0360346456916828,0.3534233761916704,0.9401465642115588,0.9401465642115588,0.2862563344913217,0.7474407221935743,1.200235791942424,0.9919847239701199,-0.025672848081895964
50,33.60975670261897,-0.0484105033311505,0.0350364314823387,0.3436370774016219,0.936562059691202,0.936562059691202,0.2895757471420925,0.744166740893944,1.1906174204908817,1.0061927866345781,-0.03018592422772862
51,33.61257369259475,0.0090057331139934,0.0338046287852161,0.33156025138827117,0.9314206330604492,0.9314206330604492,0.2856321351897817,0.7449178609198468,1.1957599000596493,0.9979290936682944,-0.026671154184060273
52,33.61474238948256,-0.003507277885872,0.0325728260880935,0.31948292228605346,0.9111837330570666,0.9111837330570666,0.2733471136375373,0.7448254760750701,1.1849096855214611,1.0098932134711924,-0.032930934323132995
53,33.6310706438621,0.101786896216282,0.0313994755555342,0.30797824203070084,0.8744806771807574,0.8744806771807574,0.2639724072176482,0.74645247495321,1.1525416030114104,1.0440269067150656,-0.05235719087785215
54,33.627716467924195,0.0392405693261891,0.0302290403689136,0.296501724244754,0.8436483842390793,0.8436483842390793,0.262629567644574,0.7514312421704387,1.123547466508719,1.0848452931775867,-0.07692081384539369
55,33.62939436216317,0.0579091332893275,0.0286230249096312,0.2807535348540031,0.8251624395114685,0.8251624395114685,0.2350956384595942,0.759265348317941,1.1038415976479472,1.1120128967986358,-0.09722434585929678
56,33.631312300972404,0.0218726941785735,0.0264389067203436,0.25933545919902257,0.7475194362244987,0.7475194362244987,0.2229829446426595,0.7519130109946032,1.1109115314404983,1.0871150592820575,-0.07984706767479426
57,33.638276814195024,0.0401814615966941,0.0242547885310559,0.23791614641785108,0.7016215909793354,0.7016215909793354,0.2185118213719779,0.7683561500126708,1.099237228836646,1.1430830656931996,-0.1179552015003516
58,33.639849181648785,0.0391416985204084,0.022656734159783,0.22224354701082719,0.6769279213065456,0.6769279213065456,0.2128960400293743,0.7978039653277393,1.0545354113668837,1.167560818827774,-0.15855950997976345
59,33.63784286163287,-0.000707631657863,0.0211027176815635,0.207002295785555,0.6503341737796666,0.6503341737796666,0.1828498312683286,0.8224110448931506,1.0063258356703861,1.1698414647498023,-0.1863824255770224
60,33.633581573745865,-0.0374594188331465,0.0190949718137352,0.1873102902262196,0.5703352005306995,0.5703352005306995,0.1734298998531505,0.8214823748507208,1.0072780042757508,1.1691730227435013,-0.18520296086187227
61,33.64452909847544,0.0454970801738642,0.0165622151337077,0.16246790254427965,0.5268038680744593,0.5268038680744593,0.1273850292351077,0.8371803424596541,1.0066310868425083,1.1923136526940463,-0.2079443124668624
62,33.646022276095884,0.0423475245525191,0.0140294584536803,0.13762447265463332,0.410801538627868,0.410801538627868,0.0998412813584251,0.7938830301453319,0.9035190694401974,1.0881233002927027,-0.14038664978696042
63,33.63317401926288,-0.095262965240705,0.0123837796374648,0.12148177315438465,0.3404856491280307,0.3404856491280307,0.092487573760183,0.8059751011923877,0.9250579296033534,1.1117938406836263,-0.15775181439240152
64,33.63780820117474,-0.0275535695997916,0.010806548112113,0.10601017361418419,0.3106341333067343,0.3106341333067343,0.038677762982669,0.7687045360703693,0.842942989486623,1.0665122776919347,-0.11574643265694712
65,33.63017878050374,-0.0659619005558451,0.0091675007257309,0.08993192241460024,0.1895507567447085,0.1895507567447085,0.0382732157868508,0.7399024933664857,0.8475570645154419,1.081144338126832,-0.09549951495790798
66,33.6328493657325,0.0136059350829016,0.007454419036918,0.07312717348821914,0.1719635090566191,0.1719635090566191,0.0021336157313992,0.8030899376628935,0.7655607035886856,1.0083871898678347,-0.13104695576965092
67,33.63904280127819,0.0399106130553594,0.0057413373481051,0.056322209959313294,0.0848772130368339,0.0848772130368339,0.004621780613079,0.7762452880423437,0.7900747370649432,1.0447724301840522,-0.11875898495498458
68,33.63986132110495,-0.0003443369318292,0.0037538976822521,0.03682564977312266,0.070218447495999,0.070218447495999,0.0081241718097686,0.7839488289749618,0.796543584509472,1.0433288256048163,-0.12428522079038601
69,33.64711250325824,0.0819410937010741,0.0017450683248043,0.017119111577626276,0.0573244859855111,0.0573244859855111,0.0001618651579725,0.759007086773717,0.8123167890992824,1.0751398469573703,-0.11300799723339779
70,33.6406897699555,0.0035113266500535,-0.00012092954732600001,-0.0011863188563766144,0.0235351491597513,0.0235351491597513,-0.0019515803597511,0.7512061004452362,0.8331139949130044,1.0917004507252992,-0.11062305817679266
71,33.641537133559986,-0.0072596200905994,-0.0018002036904848002,-0.01765998866509998,0.0029522049090667,0.0029522049090667,0.0038348039957285,0.7534641402814063,0.8241564635598295,1.0863552562267855,-0.11130268065243624
72,33.65155534957935,0.0302752387419727,-0.0034794778336436,-0.03413360867334431,-0.0022688316913747,-0.0022688316913747,-0.0103056390163333,0.7515787819750969,0.8326246509692964,1.0911121539155844,-0.11078913604585972
73,33.656761358715585,0.0540876776799499,-0.0043852095510272,-0.043018767819666334,-0.0386576771595068,-0.0386576771595068,-0.0293963193895663,0.747975691674825,0.8576737384143095,1.1026977239642173,-0.11011488626706063
74,33.64438219112654,-0.0248987404874813,-0.005236051037846,-0.05136542597279242,-0.0841322823414378,-0.0841322823414378,-0.0242344716228861,0.7495677846439851,0.8404615999589296,1.0964425161771714,-0.11038613873409879
75,33.641410584877654,-0.0577570436921097,-0.005921688339333,-0.05809142309802443,-0.0808120813327486,-0.0808120813327486,-0.0196674887339397,0.7539202645744275,0.8120933460316999,1.0819529154517173,-0.11086362745723395
76,33.6483523924739,0.030633569839353,-0.0063928384684771005,-0.06271331820839852,-0.0765571945884414,-0.0765571945884414,-0.0237650821521391,0.7488111630319989,0.8329981419445391,1.0980215968692784,-0.11068481181504385
77,33.656582701259424,0.0728434428629105,-0.0068639885976212005,-0.06733519939751721,-0.0891596562869796,-0.0891596562869796,-0.0336069425380152,0.7467054417982039,0.8476796691791101,1.1073385976840744,-0.11110110574076523
78,33.65813404660512,0.0333217320944878,-0.0077765070915695,-0.07628676566776557,-0.1172691492061953,-0.1172691492061953,-0.0325352769519651,0.747773147536975,0.8343889123525619,1.1003493328361116,-0.1105108368202707
79,33.64752255765389,-0.1067355242932389,-0.0087098088437607,-0.08544214446325182,-0.1243220481657977,-0.1243220481657977,-0.0242698033339899,0.7493718287709755,0.8018270311345532,1.0851823333220643,-0.10882765409346147
80,33.66086067647546,0.0272606961004379,-0.0096709744441453,-0.0948707804392084,-0.1176822504532899,-0.1176822504532899,-0.0191073265969487,0.749820789140995,0.7956274950340304,1.0817976784581256,-0.10846404587693
81,33.647966053584426,-0.0441577658600931,-0.0106697706863788,-0.10466846442744089,-0.1174223432750768,-0.1174223432750768,-0.0086313332833143,0.7496522334302578,0.8077219868159458,1.0872052558530296,-0.10936280379053528
82,33.655371822691684,0.0384482614190668,-0.0116685669286124,-0.11446604399905791,-0.1068475340975412,-0.1068475340975412,-0.008593028214652,0.7497987026960364,0.8094689573736519,1.0876470950136221,-0.10952270965260538
83,33.67287673502032,0.11575665025889,-0.0121335906288375,-0.1190276033983222,-0.1113416198618786,-0.1113416198618786,0.0057903339024859,0.7524033574412559,0.8272988746001234,1.090022355565525,-0.11137433380219519
84,33.68253196196661,0.1006779700614573,-0.0125711010407864,-0.12331925307357891,-0.0876428685811169,-0.0876428685811169,0.0180860544189723,0.7483590081144026,0.8013219996565564,1.0857919873296173,-0.10831172184604182
85,33.66979913934625,-0.0086025014202449,-0.012841009063352199,-0.12596683703448075,-0.066367544062446,-0.066367544062446,0.0203761090171511,0.7518763226991084,0.8250865694930261,1.0904136189530538,-0.11119271729437022
86,33.656275790149614,-0.1042641536888259,-0.0128893527621801,-0.12644104947309648,-0.062397650692203,-0.062397650692203,0.0225806387371725,0.7548804448727102,0.83839451899819,1.0909741446243673,-0.11297832320602781
87,33.65854733866879,-0.0375399829123619,-0.012937696461008102,-0.12691526161620612,-0.0585800066376875,-0.0585800066376875,0.0230696482906781,0.7516542851163942,0.8287016477521494,1.092862684073895,-0.11157157017263304
88,33.66787238896972,0.0497156503253693,-0.0128842839241286,-0.12639132830069671,-0.0570944247000833,-0.0570944247000833,0.0231717975113011,0.7502025172175223,0.8250122074445374,1.0941140997686358,-0.11102178433662191
89,33.662066025422725,-0.0025212404520531,-0.0128232109603532,-0.12579225201889946,-0.056302818853374,-0.056302818853374,0.0251924993512051,0.7483451173710037,0.8205309040864062,1.0958370957866939,-0.11034395629853312
90,33.645824098890365,-0.1088884696052548,-0.0128241442313543,-0.12580140665464382,-0.0523984111183623,-0.0523984111183623,0.025593342354455,0.746320677873154,0.815237695170313,1.0974357880197727,-0.10954710286467303
91,33.653315076970905,-0.0163790024062655,-0.012898674636024102,-0.12653248945377527,-0.0523406692269776,-0.0523406692269776,0.0251860741387889,0.7445355869649479,0.8086929351356901,1.0975867741380914,-0.10857859163805852
92,33.66219982163114,0.0473906463878695,-0.012973205040693898,-0.12726357155004636,-0.0538537813672364,-0.0538537813672364,0.0292098248051481,0.7416924201584181,0.7984634042814605,1.0978050175536684,-0.1070248943733964
93,33.66097991938574,0.054201521865407,-0.012852116213363001,-0.12607578918505394,-0.0448356248826344,-0.0448356248826344,0.0288623215363114,0.7386724942998808,0.785401834287862,1.0965219814216527,-0.10505000052723015
94,33.658043036059006,0.0001378362466506,-0.0127160818069903,-0.12474140070867366,-0.0441816359107721,-0.0441816359107721,0.0318894504067564,0.737907789406298,0.778406392986131,1.092374342623959,-0.10404191304440577
95,33.658115685389305,-0.0303772227556431,-0.0125182020838455,-0.12280035513776508,-0.0363480599417132,-0.0363480599417132,0.0339690911841056,0.7355118531375312,0.7636685587135683,1.0779612540021395,-0.10182526057336355
96,33.65152666923141,-0.0226048352923649,-0.0122418001357633,-0.1200890598215415,-0.0295986178301143,-0.0295986178301143,0.0359876165024561,0.7347248367607654,0.7585958903528898,1.070806171839965,-0.10107587117657907
97,33.641082441184274,-0.0576536562215887,-0.0119653981876812,-0.11737775533075054,-0.0229754556059222,-0.0229754556059222,0.0374850358572254,0.7335669438271964,0.7518169137646337,1.0601342512887606,-0.10005917215455012
98,33.63472872718886,-0.0707489657809792,-0.0117566083371921,-0.11532967097535182,-0.0180239473645808,-0.0180239473645808,0.0374990002885833,0.7326847291668696,0.7480391350587152,1.0539438512232746,-0.09947937676886438
99,33.63370196567556,-0.0429487536292697,-0.0115526989166057,-0.11332945541614449,-0.0159983567850293,-0.0159983567850293,0.0368943701489112,0.7312345420824777,0.74265071236272,1.045121794523019,-0.0986345835904877
100,33.63961519611496,0.0433645300577389,-0.0116007889737984,-0.11380118726440701,-0.0176365489509296,0.024437927663734094,0.2987693031780036,0.7281811622439126,0.7315359097047132,1.0272692207592236,-0.09688260774089028
101,33.62415080281644,-0.0817006007793591,-0.0119729435541613,-0.11745177007388868,-0.0173839330634307,0.04398826979472137,0.2984602620563121,0.74799881850842,0.7913532304308789,1.12246949259617,-0.10658679809291159
102,33.64021548774281,0.028455778780371,-0.0123450981345241,-0.12110233661641315,-0.0156422164966379,0.03421309872922773,0.2966869017609823,0.7871245107190488,0.8187153044996445,1.143030642521206,-0.11404324487042113
103,33.641139996977664,0.0077186422978103,-0.0122395547648274,-0.12006703438284518,-0.0108099962790949,0.45454545454545414,0.2937174966300114,0.8016982536853271,0.821283351493313,1.1379777513186162,-0.1157981119604873
104,33.641143798329786,0.0221770860360803,-0.0120976185562528,-0.11867474326566384,-0.0082866032027598,0.48387096774193505,0.03270858687308714,1.6884102244056383,1.091610326891882,1.3617511291222975,-0.2359630063420276
105,33.64317066991678,0.0234135665338959,-0.0114915291027203,-0.11272941937435146,-0.0140975532744442,0.5131964809384169,0.5327085868730872,1.4189998908161223,1.6890125959369673,2.679397889165572,-0.2853897935340085
106,33.625624072350845,-0.13947571036821,-0.0102796947216696,-0.10084202916578835,-0.0134748948310591,0.37634408602150504,0.0327085868730872,1.7555433127598281,1.0236584342989867,2.1875978915473375,-0.1923825123600747
107,33.6225970675195,-0.1038429850420977,-0.0090678603406188,-0.08895449086643001,-0.0028147993487404,0.22971652003910048,-0.1711034770652128,3.083956472003666,0.5876066172776928,9.573420123999107,0.08505205846294639
108,33.606333769426726,-0.1211688398933183,-0.0088028021136827,-0.08635437346812559,0.0035162432854759,0.6500488758553278,0.3288965229347872,3.0410185803769876,0.7223376243627055,10.435441569913849,0.06593837335596603
109,33.60975435517986,-0.0244751310128875,-0.0085852023391137,-0.0842198003579303,0.0086441537439037,0.16129032258064502,-0.17110347706521278,4.049682673219966,0.1932503440296185,10.739200287259841,0.24822900558422123
110,33.622507055554145,0.0731760984202659,-0.0087572277609842,-0.08590730630065047,-0.0013565554993909,0.06353861192570864,-0.44209467342632164,-16.625008299873226,1.4992359434235683,-108.80482288731474,-2.290968312419523
111,33.61807272156204,-0.0071206435380993,-0.0094412514504341,-0.09261730077285887,-0.0058035538579204,0.4154447702834796,-0.35361403397755803,-9.696611952621355,1.842252659019171,-52.94995342690333,-3.4964102500837124
112,33.614128526398034,0.0193300347047253,-0.0101252751398839,-0.09932725191050662,-0.0191779758159189,0.053763440860215006,0.14638596602244197,-10.128325790768455,1.9264637487856129,-60.29308804201447,-3.5118289334634576
113,33.61259549576124,-0.0071388966800493,-0.0105830809382433,-0.10381808601351585,-0.0230208955750812,-0.446236559139785,-0.0053582073556215915,0.5992452193281945,1.3312027284770642,-28.958809637118165,-2.9681115417172563
114,33.6175203568979,0.0142798156946438,-0.0110294538429782,-0.10819674850010685,-0.0307750434348402,-0.6109481915933532,0.4946417926443784,78.93197314503192,32.46763887683425,145.48635077985386,-5.723783424807838
115,33.61052082176148,-0.0312377848448767,-0.0114000587487559,-0.11183215397914621,-0.0377965566276282,-0.11094819159335323,-0.0053582073556215915,10.975475861461874,-22.87366136846515,64.13179389610782,10.331692312275816
116,33.608872023958966,-0.0116930586623669,-0.0116692397961094,-0.11447264437981315,-0.0404910237938746,0.004887585532746819,-0.5053582073556215,28.828997883028734,5.510431651883785,70.80124820652073,20.664747035704597
117,33.61431023180126,0.0485260896730091,-0.011938420843463,-0.11711312648597233,-0.044428966525305,0.5048875855327468,-0.3394326612870028,-46.88682662642172,-13.990252010671128,-64.61826584611315,-24.70437261132648
118,33.61861532559946,0.0396959837461571,-0.0117279999209938,-0.1150490417603851,-0.0347653724038865,0.04398826979472137,-0.336762528552396,-37.0150732237998,-20.303391937489568,-35.117496948136974,-15.79103040264657
119,33.61334665880799,-0.0087278699569512,-0.0114835340230185,-0.1126509928174784,-0.0310322570936764,-0.45601173020527863,-0.2869725209149914,-2.3904005721536095,-2.8639417813111407,17.421046807470113,0.8150978551122705
120,33.610154984409014,-0.0376579517877831,-0.011187449236314,-0.10974658767891056,-0.0282445143787727,-0.9042033235581624,0.15746154983430305,-2.3683644658045764,-2.7774152547584805,17.333817904663185,0.7885212254789785
121,33.615816691436905,0.0224406006743492,-0.0108245297366547,-0.10618656303377905,-0.0275024697448023,-0.5718475073313787,0.12355389012989193,-0.8945590082696813,-1.2717837824876357,18.257799224458484,1.0874029644689582
122,33.61042366898032,-0.0339715874881271,-0.0104616102369954,-0.10262652440275566,-0.0112441606541326,-0.23949169110459412,-0.0832378289283654,-0.6809375949330385,-1.1902409440123773,18.40411049712863,1.1267630744564292
123,33.631293849265575,0.1151209897947178,-0.0108632087177114,-0.10656598152901303,-0.0127477137756066,0.053763440860215006,-0.29324311467330033,-0.7221787608964219,-1.1606286157731305,18.454411447982203,1.1547259125412392
124,33.62944521249889,0.0358909903410145,-0.0113228434749542,-0.11107472103166537,-0.0165518233937932,0.3079178885630496,-0.4731348760787209,-0.6786564715132667,-1.1546224544870345,18.77572734083164,1.2710447822051947
125,33.628667864067594,0.0068248164726373,-0.0119348945599617,-0.117078536109255,-0.0201917348747283,0.08308895405669592,-0.6136165185374919,-0.5147714885094502,-1.2654288341429705,19.364033937418192,1.4580297468606815
126,33.646093398331764,0.116037103703534,-0.0127386152472432,-0.1249624358541083,-0.0221664253270645,-0.4169110459433041,-0.6191840944152733,-0.40427441309878154,-1.358455815344878,19.69074607404294,1.5514854999894898
127,33.65494441591066,0.1096356987900176,-0.0135423359345247,-0.1328462548773632,-0.0119303690249219,-0.8748778103616814,-0.6774372172840935,-0.31641218371809277,-1.13254165695739,19.712076807512076,1.5782762769533847
128,33.6543284414966,0.0633617200392037,-0.013917796825877498,-0.13652917902991715,-0.0142153120055861,-1.0410557184750733,-0.985529871465607,0.06340149287679397,-0.6249416626041432,20.100627617820432,1.744961512303099
129,33.64188205843046,-0.0697121127714786,-0.0142613955752182,-0.13989954817937858,-0.0169046661833232,-1.2267839687194524,-1.4322998106751044,0.2559164888814433,-0.42257642567884707,20.361624721885715,1.8401137133792544
130,33.639310672746014,-0.0256700744272051,-0.014462592634718599,-0.14187308777433183,-0.0179915508790774,-1.304985337243402,-1.802609867472573,0.36438429438155895,-0.28888420462922937,20.580742008292894,1.9114046093520058
131,33.64160582105296,0.0076972890136698,-0.014496679988105598,-0.1422074496568458,-0.0170908919146557,-1.804985337243402,-2.0,0.40943099476144257,-0.21253935436736293,20.741824388210794,1.9572300527358915
132,33.64423099286055,0.0206334775083905,-0.0145307673414926,-0.1425418113741222,-0.006691928457558,-2.304985337243402,-2.0,0.46174358649876784,-0.05596843038261293,21.10980939918276,2.052468046442484
133,33.63146602512495,-0.1033444214765056,-0.0145745896131247,-0.1429716623377664,-0.0059225342779891,-2.804985337243402,-1.5357886889417118,0.5520289406663924,0.016394153934317646,21.50146424075127,2.148027955554866
134,33.64048238624123,0.0170261633667866,-0.014619148404227502,-0.14340873751082023,-0.0073945604119056,-3.304985337243402,-1.0758397088924492,0.6717452465085422,0.01304105145237292,21.822940058168644,2.226161586935366
135,33.64944619491993,0.0516464351077939,-0.0145999511523266,-0.14322043256726683,0.0085306351889221,-3.804985337243402,-1.5758397088924492,0.8053521488928671,-0.06233290516491991,21.948435502393856,2.26134696899381
136,33.6606525333441,0.0783217946471781,-0.0144971605361358,-0.14221216333766348,0.0106272311172205,-4.3049853372434015,-2.0,0.879749563899188,-0.12316574029824337,21.960806667658133,2.267668075000857
137,33.66382619835352,0.0531691191818991,-0.014394369919944998,-0.1412038926054591,0.0199566745601445,-4.8049853372434015,-2.0,0.9224912860626058,-0.14848107078694428,22.07959396592139,2.292464801268921
138,33.664577483775766,0.0320800642508039,-0.0143633999473498,-0.14090010858104565,0.031023073496364,-5.0,-2.0,0.9529678520441799,-0.1576481164341668,22.27888941015707,2.3316525592667663
139,33.676356607798176,0.1067289773716148,-0.0143357944613399,-0.14062932664417077,0.0253235638506517,-5.0,-2.0,0.9460735438452988,-0.15350601598075564,22.241402973397967,2.324422830373106
140,33.68939417977814,0.1129154638725034,-0.014394572620261498,-0.14120588088955915,0.0201741700373949,-5.0,-2.0,0.9272398837709298,-0.1400368543278404,22.145678410346385,2.306245378321183
141,33.686321448047735,0.0254810017164074,-0.0145648570574688,-0.1428761961003142,0.0255928989320032,-5.0,-2.0,0.9152475832179193,-0.13155793979871405,22.088467396097386,2.295027471999928
142,33.68759151295785,0.0107831696397495,-0.014735141494676102,-0.1445465071681183,0.0245575124500098,-5.0,-2.0,0.905220733246883,-0.124773512234734,22.052325149241096,2.286762362480271
143,33.69347629744251,0.0638125497163601,-0.0152905706617003,-0.14999465320141678,0.03128318995644,-5.0,-2.0,0.896278927961054,-0.11905983754948195,22.03300320782449,2.280621887022782
144,33.694228297642944,-0.0007131928818876,-0.0158683732318057,-0.15566220845138143,0.0262772578763678,-5.0,-2.0,0.8842390104149369,-0.11314763461607269,22.07529909549808,2.278863989610887
145,33.69579465168002,-0.0084248764993705,-0.0157878675081402,-0.15487254622956195,0.0262500278429799,-5.0,-2.0,0.86979191419414,-0.10867609762196702,22.226641954803664,2.2863408101534657
146,33.68637039841669,-0.053581362819821,-0.0148320886694321,-0.14549745502530298,0.0586758208583235,-5.0,-2.0,0.8589236707611646,-0.10499452222550265,22.328307736695994,2.2908041280608447
147,33.68565491911126,-0.0415158965516485,-0.013876309830723901,-0.13612223090720907,0.0764351112169933,-5.0,-2.0,0.8574401393738084,-0.10389937240857158,22.319456521578925,2.289247352163467
148,33.68308114189493,-0.0350540927824043,-0.013392901825974,-0.13138043921633819,0.0891990488227728,-5.0,-2.0,0.8630675877940998,-0.11063475814471115,22.45202927618879,2.3045870066247303
149,33.67087664334209,-0.083535472357618,-0.012939547052643201,-0.1269334144005804,0.0976649619433193,-5.0,-2.0,0.8712713226924057,-0.12258430014658503,22.72701298200861,2.3347369224953267
150,33.66509058679346,-0.0906754413527643,-0.012823049379882,-0.1257906670447967,0.0889998433958899,-5.0,-2.0,0.8816976798321567,-0.14054138164285165,23.182739977984916,2.383180093562211
151,33.67984371142952,0.0290185391168422,-0.0131296646557312,-0.12879830964911196,0.0881486033460093,-5.0,-2.0,0.8919538126780886,-0.15895623500112518,23.659828133427304,2.4335771187136643
152,33.68676030584716,0.056648615334199,-0.0134362799315804,-0.1318059401447212,0.0772609863964154,-5.0,-2.0,0.8990319894006911,-0.17018157593158562,23.932188406447587,2.462935869072289
153,33.69371454347548,0.0793723734990411,-0.0136963166759,-0.134356665857853,0.0529382888940667,-5.0,-2.0,0.9032659445460364,-0.17590393208489438,24.057047517753528,2.476870446293776
154,33.69922742774519,0.0606209815014253,-0.0139528007667295,-0.13687253434843716,0.0537368306515305,-5.0,-2.0,0.905359839821738,-0.17826394480318905,24.10077134901079,2.48204400143976
155,33.70566429673691,0.0508671966404326,-0.0137493504792187,-0.13487687848228253,0.0549109101431461,-5.0,-2.0,0.9056665661979433,-0.1785325566674146,24.108855016772818,2.4825200604005055
156,33.700909014961326,-0.0097004618339527,-0.012998009809397701,-0.1275068858150273,0.0610454026747445,-5.0,-2.0,0.9068847177838242,-0.17987704972199414,24.18986977181651,2.4854257640016706
157,33.69351991516,-0.0417957904454997,-0.0122466691395766,-0.12013682116850508,0.0545742582463783,-5.0,-2.0,0.9110503426397588,-0.18828434817014197,24.75947331592483,2.5092866433832777
158,33.694377455394964,-0.0038027497153037,-0.0117010799327174,-0.11478497479545133,0.0629128354011195,-5.0,-2.0,0.9167315202338738,-0.2050050854170152,26.086923806551127,2.561034815733083
159,33.69588839402083,-0.0124642718347127,-0.0111712480234081,-0.10958766371180934,0.0684202075055267,-5.0,-2.0,0.9215402564024426,-0.22251816605405322,27.957345393205127,2.617117548418528
160,33.69692801036815,-0.0073026376834893,-0.010879451705426,-0.10672531582250074,0.0322188146426746,-5.0,-2.0,0.9249464230263722,-0.23743676966506547,30.17345218300846,2.6660298759861814
161,33.694063783444385,0.0004457967516858,-0.0108679476440568,-0.10661246765223219,0.0370216975301418,-5.0,-2.0,0.9264574564965973,-0.24478445937643667,32.00061702742787,2.6903947448452312
162,33.700647064254284,0.0384229310651578,-0.0108564435826875,-0.1064996194678532,0.0250836574420596,-5.0,-2.0,0.9267371963817803,-0.24615414127395274,32.85245813914549,2.6949397818926184
163,33.69124666274985,-0.0711761304067996,-0.0102422508016768,-0.10047472364788,0.0303905975959714,-5.0,-2.0,0.9267792346066737,-0.24636348173062222,33.20192302101236,2.695635621612784
164,33.67674057763538,-0.1118266511391075,-0.0095798689504637,-0.09397707694835174,0.0415105767148945,-5.0,-2.0,0.9273066223055042,-0.2497431934320921,34.79388709302227,2.707119122696916
165,33.665073961750586,-0.1088978368065464,-0.009556991927529,-0.09375266362682436,0.0045329388550814,-5.0,-2.0,0.928284206831093,-0.25613535840587626,37.269230081321844,2.7288710449005498
166,33.667742277198215,-0.0181933209834682,-0.0103739870155376,-0.1017669872456498,-0.0175765674661185,-5.0,-2.0,0.9283904754643229,-0.2568305646032907,38.1256175958476,2.73123685139822
167,33.66198430743114,-0.0511078188480562,-0.0111909821035461,-0.10978124293695028,-0.0427336409277055,-5.0,-2.0,0.9290059377486463,-0.26088207080083214,36.18201932795131,2.745030586298694
168,33.65195280643182,-0.0648807694003082,-0.0120034798580147,-0.11775130968888953,-0.0492928804865466,-5.0,-2.0,0.9299866116424034,-0.26733442458343837,33.92145831575608,2.766997408707501
169,33.65163713061274,-0.0087781777517161,-0.012815772339083297,-0.12571928514031777,-0.0582424709816686,-5.0,-2.0,0.9309544035491784,-0.27370145225880305,31.85127991224587,2.7886735986647935
170,33.65052098579206,-0.0104185077410303,-0.0133777900760551,-0.13123220622989237,-0.0696861724120364,-5.0,-2.0,0.9318479435950882,-0.2795798653391327,30.011288765346404,2.8086862981177023
171,33.63084049226384,-0.137791917635882,-0.013608432022903601,-0.13349459775775924,-0.0654281179170978,-5.0,-2.0,0.9323308875168206,-0.28275703917374684,28.72639082246273,2.819502789697355
172,33.60526470523751,-0.1880787526616705,-0.0138390739697522,-0.13575698218428753,-0.0638660084124533,-5.0,-2.0,0.9324524653166767,-0.28355686997424034,28.090971772218204,2.82222576393192
173,33.60882785774765,-0.0287512336541716,-0.013381757172593102,-0.13127111996353427,-0.0620247376369843,-5.0,-2.0,0.9325269331009995,-0.28404677517109467,27.5974031503788,2.8238936156519716
174,33.60755637393628,-0.0273524124292681,-0.0128932755144525,-0.12647952847533192,-0.0614633774243741,-5.0,-2.0,0.9326504714649778,-0.28485950343204935,28.270933381727136,2.8266604983348373
175,33.6035903109546,-0.03511876467701,-0.0119264874702961,-0.11699606842926587,-0.0564371178574156,-5.0,-2.0,0.9329195093280821,-0.28662943686269776,29.33729533910985,2.8326861263385106
176,33.58421387901094,-0.126517680737488,-0.0103416326493481,-0.10144960793900211,-0.0338386363274118,-5.0,-2.0,0.9340058879481363,-0.2937764526132634,31.74792323786485,2.8570176958288274
177,33.58596358521357,-0.0687226605054039,-0.0087567778284001,-0.08590289263123718,-0.0193849486068603,-5.0,-2.0,0.9378320421187363,-0.318947772837925,37.251249359392354,2.94271188604747
178,33.58325737882174,-0.056898135162707,-0.0089156211059911,-0.08746108435021312,-0.0223343553912603,-5.0,-2.0,0.9438014291975995,-0.3582188913061798,45.871805388773105,3.076407960233821
179,33.585783089960245,-0.0070453898801014,-0.0092128898502214,-0.09037717092237676,-0.0548474821555508,-5.0,-2.0,0.9438323818208769,-0.35842252094513066,46.50572797023534,3.0771012046428825
180,33.57995247426372,-0.0212716865712015,-0.0098302065152098,-0.09643277279931703,-0.0705702373742189,-5.0,-2.0,0.9439549001388178,-0.3592285386006862,45.27514747700944,3.0798452414942856
181,33.58561183029762,0.0137953566209366,-0.0108771012522779,-0.10670225924140729,-0.0817983629603078,-5.0,-2.0,0.9445350084047531,-0.36304492714026176,42.754865206798904,3.0928378983172293
182,33.57666909442456,-0.0578902146859073,-0.0119239959893461,-0.11697162873905051,-0.0923472608678614,-5.0,-2.0,0.9459706186158847,-0.37248945099690123,39.1639727750037,3.124991190900764
183,33.56062587881912,-0.1033513856180809,-0.0125301995538745,-0.12291804108829504,-0.096032410955551,-5.0,-2.0,0.947282783288554,-0.38112185724392555,36.04093801088225,3.1543796797196455
184,33.55186997543896,-0.0814867496381073,-0.013103440248725498,-0.12854107034621243,-0.1010512805133658,-5.0,-2.0,0.9477408906044321,-0.384135631763056,34.29129455479682,3.1646398871546957
185,33.556841768454795,-0.0079517016038779,-0.0136153362912076,-0.13356232235521542,-0.1075293743747903,-5.0,-2.0,0.948083437679093,-0.38638916408928986,32.84525990909829,3.1723118974467672
186,33.55564484258417,-0.0220158963634945,-0.014054763252318898,-0.13787268825557566,-0.1122767713874517,-5.0,-2.0,0.9483376432699545,-0.38806151968328506,31.646145874506892,3.1780053277915523
187,33.541878995055406,-0.0468803786433123,-0.0144941902134302,-0.14218302753326428,-0.1183690145747766,-5.0,-2.0,0.9485148231042851,-0.38922714191087593,30.675377693525373,3.18197361598633
188,33.54515886974022,-0.0140636611381801,-0.015282288451284001,-0.1499134142099151,-0.1282252968344198,-5.0,-2.0,0.9486770524576198,-0.39029440862849596,29.773255267752365,3.1856070589800902
189,33.54211876342962,-0.0416779968310007,-0.0160971283325544,-0.1579060093667366,-0.1327458648118675,-5.0,-2.0,0.9491164901456889,-0.3931853602923205,28.36490927114738,3.195449123662521
190,33.537881935742696,-0.0585561921255978,-0.0164662728808022,-0.16152683738198675,-0.1461773138896548,-5.0,-2.0,0.94956731470798,-0.3961512233801578,27.012963231762107,3.2055462196171147
191,33.52483446154687,-0.0883449655721743,-0.0163127316868592,-0.16002080056615778,-0.1328492785031548,-5.0,-2.0,0.9496717455604149,-0.39683824808194884,26.376479687083453,3.2078851523768934
192,33.50801675954586,-0.1658855320220567,-0.0161591904929161,-0.1585147599778538,-0.1276330086431628,-5.0,-2.0,0.9496808675316677,-0.39689825927053524,26.567561628953648,3.2080894567266087
193,33.50020122245286,-0.1261520310793112,-0.0164698753006921,-0.16156217232919112,-0.1312490280036448,-5.0,-2.0,0.9496962197762328,-0.3969992578834761,26.819860025464177,3.208433300206885
194,33.48275692036813,-0.1639880656186217,-0.0168159653069964,-0.16495684508006167,-0.1306736603122956,-5.0,-2.0,0.9497471464181114,-0.3973342916415482,26.366823886909373,3.209573901746165
195,33.47415567113188,-0.0738657959422667,-0.0176263131710243,-0.17290517865375896,-0.1357971671904886,-5.0,-2.0,0.9498183831704088,-0.39780294058352755,25.840593824503287,3.2111693878478635
196,33.48411926556322,0.0185315455447692,-0.019063008430419,-0.18699678650346668,-0.1488204511868489,-5.0,-2.0,0.950159146139488,-0.4000447357212146,24.742087908943702,3.218801439613366
197,33.484051081295604,-0.0072552459051812,-0.020499703689813596,-0.20108800837443158,-0.1533959209296475,-5.0,-2.0,0.9510998216830118,-0.4062332070369517,23.059880075406802,3.2398697043432843
198,33.48451502984019,0.0204434546675766,-0.0220755649020877,-0.21654370262860384,-0.156055661248099,-5.0,-2.0,0.9519633404459319,-0.4119140830113753,21.56902375450565,3.2592098923833626
199,33.483711762666424,0.0181025738587464,-0.023659120093855,-0.23207431595370495,-0.1704324637567915,-5.0,-2.0,0.9528734098581545,-0.4179012041730162,20.15669211002536,3.279592673068276
200,33.4977156896609,0.0754562153234907,-0.0250145034654402,-0.24536668843362927,-0.1845140035330653,-5.0,-2.0,0.9536976724989227,-0.4233238238468726,18.91124259245551,3.29805364363591
201,33.497894348054885,0.0187556108279327,-0.026073138881689495,-0.2557485134591226,-0.1890778782038661,-5.0,-2.0,0.9542573297183098,-0.42700567001866596,17.946103053446482,3.3105882593567455
202,33.49205680513515,-0.0027110869957855,-0.0271317742979389,-0.26613005186499716,-0.2045870942792645,-5.0,-2.0,0.9545794996289338,-0.42912514603185364,17.245668961058136,3.3178038832897507
203,33.48660403269111,-0.0162637194594147,-0.0286791227381202,-0.28130362869253317,-0.2367686944226779,-5.0,-2.0,0.9548733671616001,-0.4310584277133554,16.604241906014785,3.324385620230149
204,33.49624116258849,0.0401665073146126,-0.030248408021260702,-0.29669163405627563,-0.2701086775899794,-5.0,-2.0,0.9554274182352664,-0.4347033924415694,15.775764900874773,3.336794675375956
205,33.48510057456849,-0.0578492778704683,-0.0317736281946771,-0.3116468485350041,-0.2730507571386634,-5.0,-2.0,0.9559600039805488,-0.43820714209312717,15.010618340268236,3.3487229725983507
206,33.48305936712308,-0.0247309805921425,-0.0332414365974025,-0.32603844024067496,-0.3124589700951056,-5.0,-2.0,0.9564260313334441,-0.4412730205733285,14.333315288512992,3.3591605647200726
207,33.49589245776178,0.0537402110105846,-0.0347092450001279,-0.34042932950920257,-0.4509363499839485,-5.0,-2.0,0.9568272170460154,-0.44391232196861147,13.735762446286927,3.3681459017541897
208,33.49638048322956,-0.0087089679402449,-0.036210422716354,-0.35514662391079654,-0.5176567079172626,-5.0,-2.0,0.9571996193181206,-0.4463622642411675,13.187046068008856,3.376486577461932
209,33.50179791330279,0.0322597539002752,-0.0377140208923805,-0.369886845804472,-0.5549996467288785,-5.0,-2.0,0.957561876514558,-0.44874546457470066,12.670771221432103,3.3846000343997744
210,33.500540805195,0.0229896379636862,-0.038983098928808,-0.38232734732209167,-0.6347799749575694,-5.0,-2.0,0.9579017622628565,-0.45098148869423277,12.192780769375995,3.392212439093804
211,33.50852021598404,0.0400625694631362,-0.0399396411298587,-0.39170372077380705,-0.7894249393369285,-5.0,-2.0,0.9581334489120075,-0.45250569775056615,11.81171146910048,3.3974015137883753
212,33.51736811843952,0.0570319184492765,-0.0408961833309093,-0.40107973582722717,-0.7926840641433966,-5.0,-2.0,0.9582605231151969,-0.45334168744629283,11.535792851830772,3.4002475885817196
213,33.515275394231665,0.0206153882698699,-0.04118669124480769,-0.40392721861889286,-0.8014589581958288,-5.0,-2.0,0.9583794176423599,-0.45412386508024055,11.27457790335062,3.402910463566035
214,33.52153663611166,0.0924171541045983,-0.0414297908334499,-0.4063099911844586,-0.8392569452371731,-5.0,-2.0,0.9583914645406817,-0.45420311863926116,11.19130203830319,3.403180277366091
215,33.53187674055117,0.0868882969846382,-0.0416886917870138,-0.4088476164977885,-0.9643549939269336,-5.0,-2.0,0.9583993323196695,-0.4542548788077053,11.123818259577579,3.4025433691694293
216,33.5330704716795,0.0538589488505528,-0.0419659325193812,-0.4115649693025527,-0.9689523331527996,-5.0,-2.0,0.9584087268211011,-0.45431668290480953,11.0498145344118,3.4003855389819653
217,33.54016247961793,0.0660268618076622,-0.0422431732517486,-0.41428229047343623,-1.0274372771369291,-5.0,-2.0,0.9584203301768858,-0.45439301850738145,10.966950912786658,3.396139922541458
218,33.556289083101355,0.1193655199063212,-0.0422116548862063,-0.4139733709378933,-1.052951066102808,-5.0,-2.0,0.9584331019134467,-0.4544770405975734,10.878510564678061,3.389157093721751
219,33.55891003814067,0.0531861305698448,-0.042158414831075,-0.4134515506513809,-1.0752181732787964,-5.0,-2.0,0.9584332055268924,-0.45447772224475896,10.886901327626562,3.390174976968172
220,33.55936496365238,0.0343627347227689,-0.0419967976882525,-0.41186748982687804,-1.068663595734196,-5.0,-2.0,0.9584339407606403,-0.45448255916540636,10.912361161468654,3.395165924130226
221,33.564105164947456,0.0492980958998359,-0.04170959626767359,-0.4090525111865549,-1.0747969280844527,-5.0,-2.0,0.9585033676233706,-0.45493930129238824,11.68278343477059,3.701141700103924
222,33.57079399928998,0.0482030755559558,-0.0414223948470947,-0.40623749880567633,-1.0815874177639655,-5.0,-2.0,0.9584816060164211,-0.4547961370724625,11.575240611112244,3.6168094060351237
223,33.57218098891432,0.0281590920029215,-0.0410290505183046,-0.40238206955389044,-1.0758693260321297,-5.0,-2.0,0.95850717458245,-0.4549643463328648,11.573987316234447,3.5856335674038595
224,33.575454209830184,0.0278483503123709,-0.0406267816189079,-0.3984391002661457,-1.0841135013931915,-5.0,-2.0,0.9588114151874473,-0.4569658698869428,11.591520602669238,3.5540232444525834
225,33.580614586998536,0.0620741510839687,-0.040391825224235,-0.3961360689740084,-1.0917508354552163,-5.0,-2.0,0.959150468095863,-0.45919641495925173,11.633146291114791,3.520944331860056
226,33.590671825534685,0.0742069029613663,-0.0403794966938876,-0.3960152247069148,-1.0920690267497568,-5.0,-2.0,0.9592621734312506,-0.4599312966818825,11.668636695153928,3.5029853339519756
227,33.59646770399934,0.0465012420722348,-0.0403671681635402,-0.3958943803796298,-1.093182432698182,-5.0,-2.0,0.9592646799306263,-0.45994778632020245,11.67490132091905,3.5004284113118005
228,33.59872817863505,0.0502329559000748,-0.0402537817221439,-0.3947829629920746,-1.1016642057197734,-5.0,-2.0,0.9592649891669882,-0.459949820709604,11.677153021381525,3.49953082473229
229,33.60757581940112,0.062748402043995,-0.0401341645185428,-0.39361046598039995,-1.094810733691724,-5.0,-2.0,0.959279078527277,-0.4600425111198147,11.692179481320936,3.4933917667127923
230,33.605009129217706,0.0062805303316783,-0.0401097471940623,-0.3933711247988369,-1.0946975058560462,-5.0,-2.0,0.9592977371617799,-0.4601652616528836,11.709295832751971,3.4864009082213645
231,33.603156264191874,-0.02334925083938,-0.0402137494077663,-0.39439056380166315,-1.043593802719396,-5.0,-2.0,0.9592992329525966,-0.460175102090032,11.714086705330635,3.4844971624428576
232,33.61103718967286,0.052108477531111,-0.0403177516214704,-0.39540999853858055,-1.0499241080900523,-5.0,-2.0,0.9593114804690541,-0.460255675466058,11.700662122792952,3.489652639411925
233,33.63182706464103,0.1134582327281927,-0.0410372810954638,-0.4024627435519026,-1.0487645990794834,-5.0,-2.0,0.9593277660046716,-0.4603628139695775,11.685697720519356,3.4953988606718918
234,33.63540166179775,0.0570929741736109,-0.0417865079121847,-0.4098063570027288,-0.94045612020118,-5.0,-2.0,0.9600479926968365,-0.4651010069161001,11.588136732481034,3.5263037221677394
235,33.64414963538487,0.0831188567552342,-0.0427387267045691,-0.41913928189252475,-0.887435875647956,-5.0,-2.0,0.961588894383597,-0.4752382173012738,11.424258934969224,3.5253978207757166
236,33.6562623715273,0.0803744596138566,-0.0439566236759772,-0.43107562733540733,-0.8856853311196446,-5.0,-2.0,0.9813372152217488,-0.6051575267616562,10.499835805645084,2.96799306483969
237,33.656597115148664,0.0474061654047648,-0.0451745206473854,-0.4430113333755168,-0.8982714946197876,-5.0,-2.0,1.0596507326893796,-1.1203627532815934,8.837490726003,1.6368026743030526
238,33.652340816200535,0.0038630381954091,-0.0456525169214855,-0.4476956421949697,-0.8653995780008098,-5.0,-2.0,1.0897250244592325,-1.3182140668829516,7.916435106735107,1.255556997055431
239,33.65630456737668,0.0411454708452341,-0.046084246492749,-0.4519264547301887,-0.8511563858489696,-5.0,-2.0,1.0910491141785488,-1.3269249250570214,7.709226085288498,1.2439039599357642
240,33.6664411812488,0.0682133065783499,-0.0461886477442146,-0.4529495411835897,-0.8233192278958494,-5.0,-2.0,1.0912489198623156,-1.3282393971417108,7.626341279636234,1.2432194659732425
241,33.67736510210569,0.0978613992118802,-0.0458146172165327,-0.44928418337472076,-0.8075254458409006,-5.0,-2.0,1.091262174267314,-1.3283265945879554,7.604097658376416,1.2431880995702795
242,33.6803353427017,0.0588867193488369,-0.0454405866888509,-0.4456187627115193,-0.7976218293562206,-5.0,-2.0,1.0913411407723936,-1.3288460956581734,7.661821424746715,1.2430353789677993
243,33.69280464181808,0.112583625386971,-0.0451122959065134,-0.44240153056262715,-0.7939024259740525,-5.0,-2.0,1.0914291687917947,-1.3294252101858075,7.726202930687144,1.2428641843844939
244,33.70337734533945,0.1016150723848144,-0.0447875061168643,-0.4392185610342939,-0.7389651408731288,-5.0,-2.0,1.0914940118964653,-1.3298517969042989,7.784085102195794,1.2427380401362507
245,33.715277127439585,0.1068386583750577,-0.0448279014071089,-0.4396144410886462,-0.7319681829427918,-5.0,-2.0,1.0915531309162214,-1.3302407262864793,7.841680453954805,1.2426230291859017
246,33.71922572280191,0.0761109342074477,-0.0452966890059978,-0.44420857898962546,-0.71862705801352,-5.0,-2.0,1.0915535678632515,-1.330058447768789,7.8365841106647,1.2426221791418568
247,33.73281135619556,0.1210571509600811,-0.0457654766048866,-0.4488026192705228,-0.7153049860041284,-5.0,-2.0,1.0918178959146485,-1.3164904228542131,7.697469178806979,1.2421079512264102
248,33.73534270450809,0.0520900845113013,-0.0462046577767223,-0.45310643204069284,-0.7297940007688593,-5.0,-2.0,1.0903035049253609,-1.4804031460551237,8.328049358245986,1.245054071081275
249,33.73940033781046,0.0277177926883093,-0.046641539987014,-0.4573876291307342,-0.7422316458225315,-5.0,-2.0,1.0902930263446275,-1.479469659435308,8.28133733796765,1.245074456275693
250,33.74700429496951,0.0680704932648872,-0.0470180493894684,-0.46107713704681363,-0.741325032183007,-5.0,-2.0,1.0902642932477042,-1.47958202139664,8.20454943406144,1.245130354090673
251,33.75494270040087,0.0754684432821042,-0.0473229681116112,-0.46406506246278506,-0.773226234746054,-5.0,-2.0,1.0902441418605786,-1.4796488869455284,8.141447919150737,1.246004102287229
252,33.76998063550694,0.1040303904806803,-0.0476278868337539,-0.4670529447321085,-0.8056952854066372,-5.0,-2.0,1.090231024352045,-1.4796924948836006,8.091814532370572,1.2470875470573628
253,33.76683205901186,0.0174537534079463,-0.0470202011924062,-0.4610982229038565,-0.8123067417599209,-5.0,-2.0,1.0902175146599002,-1.4797374057354937,8.04271670180883,1.2481729069165113
254,33.776103153629435,0.0778504008448284,-0.0463481001192952,-0.45451209496009753,-0.8139017661134169,-5.0,-2.0,1.0901671201887793,-1.4765589614245491,8.130418794775968,1.246311122395643
255,33.78364306235327,0.0751728185645249,-0.0458065734132771,-0.4492053564506826,-0.8473133872797999,-5.0,-2.0,1.0900969575701647,-1.4718964247375703,8.22372137186535,1.2440805976323825
256,33.80475310607616,0.1550794803354374,-0.0454344655028669,-0.44555877585382675,-0.8482432636900988,-5.0,-2.0,1.0900417969720257,-1.4672472088401054,8.29609019288272,1.2420022917176023
257,33.801833444174896,0.0540584932548008,-0.0450623575924566,-0.44191213356298803,-0.9402948626765328,-5.0,-2.0,1.0900095104240917,-1.463255607828043,8.342479036313781,1.2403111114044212
258,33.81400313334894,0.1047850578987807,-0.0450577535999603,-0.44186701424071306,-0.9641397450864034,-5.0,-2.0,1.089968042437922,-1.4580734835086446,8.383775860519581,1.238234531814995
259,33.82750746589076,0.1277814289948649,-0.0450761759512186,-0.44204755401030876,-0.9789032243960524,-5.0,-2.0,1.0899680423946514,-1.4580672400516164,8.38380507709029,1.238232264935598
260,33.84035526284215,0.1137614413671779,-0.0453082438829247,-0.444321816033874,-1.0105147050566716,-5.0,-2.0,1.0899678754027728,-1.4585410367461784,8.382810576463251,1.2383836026913
261,33.84922250096917,0.0975788270582153,-0.0458208167742784,-0.4493449372112335,-1.069638443509231,-5.0,-2.0,1.0899389368431704,-1.4661694339867497,8.378326672050076,1.240361498277536
262,33.85407024003522,0.0691304900533087,-0.0463333896656321,-0.4543679403317648,-1.0751817065116651,-5.0,-2.0,1.089813288044636,-1.4847811348153015,8.376344357970293,1.2439972402640769
263,33.8680433115335,0.0984457597027587,-0.046518933951668,-0.456186168519779,-1.0770146164409446,-5.0,-2.0,1.0897086737388773,-1.5038493427185047,8.375357180287486,1.2468365609399106
264,33.87166705479946,0.0488350063466767,-0.0466893712148168,-0.45785634266148667,-1.0857393147714602,-5.0,-2.0,1.0896972559111469,-1.510762182547738,8.375019543606705,1.2476753121843844
265,33.88653331315114,0.119544589348982,-0.0463169762718376,-0.45420709767908163,-1.085880582504069,-5.0,-2.0,1.0896883759288658,-1.5173298834089655,8.374750701954989,1.2483290955197028
266,33.89699375061888,0.1283556733630035,-0.0452387200452389,-0.44364048604016204,-1.0823876904387235,-5.0,-2.0,1.0896491858743942,-1.5025794776842403,8.375382397735656,1.24702894182716
267,33.88843784894902,0.0099063551510556,-0.0441604638186402,-0.4330733586086748,-1.0735052037660129,-5.0,-2.0,1.0893555971275724,-1.4596039313018057,8.377325877850057,1.2435565004335958
268,33.903719267314074,0.0446720551949835,-0.0437777178202126,-0.4293222492842557,-1.0630308469863674,-5.0,-2.0,1.089091168843478,-1.4165753578661398,8.378970770886149,1.2405552354525524
269,33.897369995743205,-0.0121020134835147,-0.0434261732924978,-0.4258768751329177,-1.045024024332901,-5.0,-2.0,1.0890611089206237,-1.4014531991871446,8.379365712617608,1.2397064833647484
270,33.90160362609766,0.0348045301994671,-0.0432536554602834,-0.4241860644103769,-1.0494344165250022,-5.0,-2.0,1.0890369237438662,-1.3873839072009488,8.379684054147607,1.2390144472331115
271,33.91336217423329,0.0921537442448197,-0.0433146440429906,-0.42478380203322014,-1.0492731355071416,-5.0,-2.0,1.0890314757633892,-1.3804934931795965,8.379812947223607,1.238719509240698
272,33.92400399148314,0.0962930668783851,-0.043375632625698,-0.4253815380760365,-1.016652025183315,-5.0,-2.0,1.0890308054098463,-1.382975813487049,8.37977524583279,1.238811667881152
273,33.917397782391184,0.0120761200838154,-0.0437464360231898,-0.4290156686591633,-1.024100238403093,-5.0,-2.0,1.0890301845197725,-1.385423101964918,8.379710468098368,1.2388935412440631
274,33.92035853194276,0.045443085463154,-0.0441405866484415,-0.43287855358704047,-0.9861940376194578,-5.0,-2.0,1.0890081705800523,-1.4002900595636245,8.37828036874219,1.2389554718700062
275,33.92515617613213,0.0464731245117837,-0.0445001382639991,-0.43640229125255225,-0.9782490427218004,-5.0,-2.0,1.0889842248154897,-1.4160764228337872,8.37578968443331,1.2385471002961779
276,33.9261077040217,0.0114518897665031,-0.0448185063568202,-0.43952236821551377,-0.9781412902876097,-5.0,-2.0,1.0889651264748925,-1.4303315877053902,8.37239388451236,1.2379600622222235
277,33.921494509926326,-0.0393193623173775,-0.04513687444964119,-0.4426424006292599,-0.9374961998375564,-5.0,-2.0,1.0889507270022183,-1.442839300678294,8.368515940425366,1.2372781629094625
278,33.92752999363683,0.0283180523734354,-0.0454545241269733,-0.44575534780109566,-0.9447179472778824,-5.0,-2.0,1.0889368395439438,-1.455241518240303,8.363873684703648,1.236455016318325
279,33.93918568908819,0.0719273295403564,-0.045772122806216,-0.4488677502283588,-0.932181797650836,-5.0,-2.0,1.0889234799101588,-1.4675145381791574,8.35857089442165,1.2355106509312743
280,33.942390420136874,0.0361290775044522,-0.0457247758709702,-0.44840376276188804,-0.92889574833471,-5.0,-2.0,1.0889105442752791,-1.479690982733718,8.352675120591641,1.2344583452687015
281,33.943824269595446,0.0263069089794024,-0.0452464007396244,-0.44371575655112716,-0.8512335937997657,-5.0,-2.0,1.0889069116944476,-1.477847388449917,8.353621899080016,1.234629497395521
282,33.9431954896115,0.0072124113982188,-0.0447680256082785,-0.4390276487992261,-0.80452914913284,-5.0,-2.0,1.088740351596724,-1.458941184247746,8.362714997695518,1.2364331644514714
283,33.94375508618801,0.0149209599112622,-0.0450621544673497,-0.44191014292849884,-0.8084280264527248,-5.0,-2.0,1.0884546085076017,-1.4395928568600358,8.37146871509618,1.2383419381288239
284,33.95745537182112,0.076003444956637,-0.045417412716640196,-0.4453916605918218,-0.8134869174150946,-5.0,-2.0,1.089144790376897,-1.4528267174864584,8.365365644957427,1.2368457787600975
285,33.94660608020648,-0.048669697537615,-0.0459662356751683,-0.4507699945704171,-0.811447884586318,-5.0,-2.0,1.0910295627934343,-1.471419741475104,8.356494426630155,1.2342709518940769
286,33.95394205555591,0.0191545173536131,-0.0467689782438422,-0.4586364351293024,-0.8037052632727635,-5.0,-2.0,1.0985503871831361,-1.5119206708063058,8.33591489460752,1.2265993123667023
287,33.95039966952196,-0.006589229378434,-0.04757172081251619,-0.4665025801448892,-0.8129331773963641,-5.0,-2.0,0.9673366954650136,-1.2051113762003587,8.516181033723331,1.3314685938959758
288,33.951720277177465,-0.0076666268371098,-0.047760070905147,-0.46834819590993254,-0.8241185468925074,-5.0,-2.0,0.9481129556228631,-1.1858876363582083,8.535404773565482,1.3506295389173435
289,33.93860848047189,-0.0721763164143239,-0.0479096128550861,-0.46981352437577756,-0.817899898367146,-5.0,-2.0,0.9458326566577955,-1.1836073373931406,8.53768507253055,1.3529074998119262
290,33.9273184558313,-0.0893018092414744,-0.04808604119759259,-0.47154229313889134,-0.7604699418048128,-5.0,-2.0,0.9438332920316703,-1.1816079727670155,8.539684437156675,1.3549121349963156
291,33.910764761130146,-0.1420669667656473,-0.0482973760563058,-0.47361308112864053,-0.7596487589829534,-5.0,-2.0,0.9417130059752187,-1.1794876867105637,8.541804723213126,1.3570521628543537
292,33.9100612204625,-0.0546781531073699,-0.048508710915019,-0.47568384796568225,-0.7814142504826193,-5.0,-2.0,0.9393462471092645,-1.1771209278446095,8.54417148207908,1.3594670108665927
293,33.90474495710317,-0.0519971415662745,-0.0492786522457381,-0.4832279458122973,-0.8202016567944,-5.0,-2.0,0.9368413047118829,-1.1746159854472278,8.54667642447646,1.3620585228872342
294,33.89933608736096,-0.0420845753520936,-0.0500751878294174,-0.49103231996668023,-0.8239128253761675,-5.0,-2.0,0.9321513926013764,-1.1699260733367214,8.551366336586968,1.3672178549429395
295,33.893212592720175,-0.0767863675020673,-0.0505998407324934,-0.49617264555760476,-0.8393854663031624,-5.0,-2.0,0.9260623840974943,-1.1638370648328393,8.55745534509085,1.3744337199978214
296,33.88347219713414,-0.0943322953369367,-0.0507693109678188,-0.4978330135974741,-0.8559886772197567,-5.0,-2.0,0.9198540707436673,-1.1576287514790122,8.563663658444677,1.3822172979234773
297,33.859231086460106,-0.1799750361742443,-0.0509387812031443,-0.4994933673395004,-0.8670590547877889,-5.0,-2.0,0.914465576354896,-1.152240257090241,8.569052152833448,1.3891148570735743
298,33.84250092059592,-0.1667904452246105,-0.050490315425496,-0.49509957450078096,-0.8829108125446231,-5.0,-2.0,0.9096732525542309,-1.147447933289576,8.573844476634113,1.395395482420727
299,33.82373492894554,-0.1930047879748413,-0.0500099514849766,-0.49039315258403204,-0.8825815465790546,-5.0,-2.0,0.9066840692547715,-1.1444587499901167,8.576833659933571,1.3990447994397628
300,33.81569971831845,-0.1264568925384595,-0.0495759233510098,-0.486140613812285,-0.9104985493992868,-5.0,-2.0,0.905230705000813,-1.1430053857361582,8.57828702418753,1.4006707535159202
301,33.79451204018344,-0.1778607074454039,-0.0492033997686638,-0.4824906138129278,-0.9154562492860272,-5.0,-2.0,0.9049623832741995,-1.1427370640095447,8.578555345914143,1.4009448996309573
302,33.78167445917356,-0.1496182877256829,-0.04883087618631779,-0.4788405468565059,-0.9102279871068788,-5.0,-2.0,0.905571429312237,-1.1433461100475821,8.577946299876105,1.4003758732401064
303,33.76276122589278,-0.1821080537102782,-0.0483590031845338,-0.47421693738200693,-0.9228839154171368,-5.0,-2.0,0.9069494748885872,-1.1447241556239323,8.576568254299755,1.3992142595794443
304,33.7389792054079,-0.2183699454711291,-0.0478800600815309,-0.46952394412126014,-0.9443512736993692,-5.0,-2.0,0.9092563262763436,-1.1470310070116885,8.574261402911999,1.3975443869528321
305,33.720213798217074,-0.2068101710593118,-0.0473802788560436,-0.4646266506869767,-0.9406341376159676,-5.0,-2.0,0.9124460061722377,-1.1502206869075826,8.571071723016106,1.3956260287770696
306,33.718963728608536,-0.0804592700667491,-0.04685529157584619,-0.45948224132936966,-0.965103151020304,-5.0,-2.0,0.9165304104934213,-1.1543050912287662,8.566987318694922,1.3936935815915164
307,33.70708553722021,-0.099054237854821,-0.0463303042956488,-0.45433770533310947,-0.9623278684449734,-5.0,-2.0,0.9215531821141362,-1.1593278628494812,8.561964547074208,1.3919900106707217
308,33.69934506239157,-0.0837922931564149,-0.046591025967906,-0.45689262493208316,-0.958655321227458,-5.0,-2.0,0.9275043301052455,-1.1652790108405904,8.556013399083099,1.3907578640321128
309,33.68853470558877,-0.0955267934484144,-0.0469149651490975,-0.4600669957855953,-0.9522486549907544,-5.0,-2.0,0.9321374274760886,-1.1699121082114337,8.551380301712255,1.3894767069831027
310,33.67993155094141,-0.0967643030307005,-0.0472836142443649,-0.4636794328703882,-0.961515783670082,-5.0,-2.0,0.9354957582590469,-1.173270438994392,8.548021970929296,1.388214802445385
311,33.65866981926689,-0.1685510381151099,-0.0477072315818671,-0.4678304325713989,-0.9626770379253744,-5.0,-2.0,0.9376839467945838,-1.1754586275299288,8.545833782393759,1.3871035025663834
312,33.64127907303996,-0.1709308289255306,-0.04813084891936939,-0.4719813483194693,-0.9702396530883552,-5.0,-2.0,0.9387959818412895,-1.1765706625766346,8.544721747347053,1.386336930831001
313,33.62994721294942,-0.1243597309745333,-0.0477363363728104,-0.46811562551736596,-0.9860437301300446,-5.0,-2.0,0.9390439341906295,-1.1768186149259745,8.544473794997712,1.3861111029589366
314,33.622347370161336,-0.1115338114994642,-0.047280430046251695,-0.4636482307969313,-0.9856205466115672,-5.0,-2.0,0.9399727036914436,-1.1777473844267885,8.543545025496899,1.3854707227254401
315,33.609580963367286,-0.1165593582091591,-0.046861014362387,-0.4595383202431029,-0.9694260792731334,-5.0,-2.0,0.9417359973170755,-1.1795106780524205,8.541781731871266,1.3846727722066092
316,33.5980715028966,-0.1040662964902582,-0.0464900804228835,-0.4559034214223831,-0.9331499270057348,-5.0,-2.0,0.944294672239462,-1.182069352974807,8.53922305694888,1.384029481441519
317,33.59101236741969,-0.0755866668717122,-0.0461191464833799,-0.4522684598730051,-0.9112498915312902,-5.0,-2.0,0.947562434660851,-1.185337115396196,8.53595529452749,1.383751775448006
318,33.57494704375958,-0.1394703770232207,-0.0452430657161887,-0.44368307345233526,-0.8542510477702524,-5.0,-2.0,0.9515686300758779,-1.189343310811223,8.531949099112463,1.3840397476656998
319,33.56052482396523,-0.147366951748244,-0.0443322276409604,-0.4347567125744079,-0.6672775886140293,-5.0,-2.0,0.9579752568057263,-1.1957499375410714,8.525542472382615,1.3865636875482346
320,33.53846489248642,-0.2082766572237511,-0.0429476383116451,-0.4211868241448358,-0.6326528099627108,-5.0,-2.0,0.9672845069875621,-1.2050591877229073,8.516233222200778,1.392745113758133
321,33.53183507775108,-0.1107254125919716,-0.0409465632359007,-0.40157354894690916,-0.598184879999715,-5.0,-2.0,0.9822301514136886,-1.2200048321490338,8.501287577774653,1.4073928103206281
322,33.51674821790967,-0.1482218610640956,-0.0389454881601563,-0.38195866572797127,-0.5061382869397847,-5.0,-2.0,1.0078691991307756,-1.2456438798661207,8.475648530057565,1.4407024738185827
323,33.50954425309649,-0.1052416952237064,-0.0362155322670509,-0.35519671574047157,-0.3970527401527259,-5.0,-2.0,1.0465754217833827,-1.2843501025187278,8.436942307404959,1.4995221314396827
324,33.48206426355346,-0.2042428905093764,-0.033446404637188495,-0.3280480590254809,-0.3786337975196171,-5.0,-2.0,1.1080441874248554,-1.3458188681602006,8.375473541763485,1.6057289121871334
325,33.461042831362505,-0.202263289923076,-0.0316253091401334,-0.31019256958800473,-0.353740148831517,-5.0,-2.0,1.1967755432649558,-1.434550224000301,8.286742185923385,1.772015828520983
326,33.444847637167406,-0.1822553530081843,-0.0310441068607977,-0.30449377417382106,-0.3692479203936754,-5.0,-2.0,1.3020628578461406,-1.5398375385814858,8.1814548713422,1.977209205025055
327,33.42999023341122,-0.2073423399108671,-0.0304629045814619,-0.2987948759028332,-0.3530296051839549,-5.0,-2.0,1.405865808438057,-1.6436404891734022,8.077651920750284,2.181789675011365
328,33.435623263299895,-0.0401257571791213,-0.0310873646844387,-0.3049179286698745,-0.3632870654672097,-5.0,-1.9,1.5084637767263298,-1.7462384574616752,7.975053952462011,2.3862435351966855
329,33.41394874009255,-0.164778558303932,-0.0317721708078786,-0.3116325587864191,-0.362828497602714,-5.0,-1.76,1.5933514905631148,-1.8311261712984601,7.890166238625226,2.5532422321060992
330,33.39816776128469,-0.1599053007993592,-0.032010761791320695,-0.31397194616883445,-0.309722244405188,-5.0,-1.7191413085997493,1.6876696088331369,-1.9254442895684822,7.795848120355204,2.762578389213576
331,33.36411080130938,-0.2715094440219734,-0.0316510811788574,-0.3104452667632835,-0.2611090059767065,-5.0,-1.7316923330196978,1.750087738539206,-1.9878624192745513,7.733429990649135,2.9100178683473334
332,33.34792770708663,-0.2061940458645296,-0.0312914005663942,-0.3069185471953854,-0.1696478660083454,-5.0,-1.6614383793927465,1.7926787321853597,-2.030453412920705,7.690838997002982,3.0118231792013224
333,33.32436299965256,-0.2374513247027602,-0.0306587687681945,-0.3007154063685968,-0.1636143269916513,-5.0,-1.6185293034713484,1.8369440849162504,-2.0747187656515957,7.646573644272091,3.1173641142282453
334,33.31081688140651,-0.1806065369314036,-0.0300056255673254,-0.2943110189650837,-0.1538816732649584,-5.0,-1.5888364418888596,1.856281971238704,-2.094056651974049,7.627235757949637,3.164407474001437
335,33.29852714336525,-0.1253102960661863,-0.0284916238038317,-0.279465015592743,-0.1453111821025919,-5.0,-1.6027378890075477,1.8629679380629067,-2.1007426187982516,7.620549791125434,3.1808474199917094
336,33.2822185506563,-0.1482251650572965,-0.0258670396379556,-0.2537273616516677,-0.084446551348041,-5.0,-1.6629522157784349,1.8807231035179734,-2.1184977842533184,7.602794625670367,3.2248997971867217
337,33.263400810538585,-0.1700220224837701,-0.0232424554720795,-0.22798795992537002,-0.0372526116610442,-5.0,-1.55950140860957,1.9444768256108178,-2.1822515063461627,7.539040903577523,3.3834703047348094
338,33.24121172456742,-0.1910827470101532,-0.0214504939540312,-0.21041320880576428,-0.0048314297501941,-5.0,-1.493616934317171,2.05183910902524,-2.289613789760585,7.431678620163101,3.648123053388206
339,33.23138689429119,-0.1215728242930804,-0.0197138986653163,-0.19338081948940047,0.0052502360068257,-5.0,-1.5353037188775671,2.1403907917976297,-2.3781654725329746,7.3431269373907115,3.872806769498811
340,33.21380496948331,-0.1675996311295788,-0.0187463834889619,-0.1838912508632509,-0.0153673587524683,-5.0,-1.537990523291578,2.21036301431838,-2.448137695053725,7.273154714869961,4.052938880849613
341,33.198536943975775,-0.1716793409062532,-0.0186929056695422,-0.18336672537167403,-0.0126860787803509,-5.0,-1.5540607853971358,2.2929536232611096,-2.5307283039964545,7.190564105927232,4.26426284020363
342,33.16065953817271,-0.2906474536273407,-0.0186394278501224,-0.1828421993556899,-0.0226754220230471,-5.0,-1.5328591233935422,2.359575225978961,-2.5973499067143058,7.12394250320938,4.434639575889421
343,33.13218279870085,-0.2932514627477296,-0.0189112441751017,-0.18550824751785666,-0.0208709550266897,-5.0,-1.5928777973663761,2.4189598520402433,-2.6567345327755882,7.064557877148098,4.585837684430063
344,33.11371949878182,-0.2202767055416737,-0.0192071639669096,-0.18841069342363115,-0.0202418056211715,-5.0,-1.6025091603018204,2.458606911757592,-2.696381592492937,7.024910817430749,4.687380069729659
345,33.092701788575894,-0.180078406848252,-0.0193444326202829,-0.1897570487499682,-0.0312962242117308,-5.0,-1.6210871575058947,2.5045020176388793,-2.742276698374224,6.9790157115494615,4.801902970845594
346,33.06127488022469,-0.1973300125452555,-0.0192930675228488,-0.18925325117099787,-0.0582824567241418,-5.0,-1.6221012016348315,2.5452344483027933,-2.7830091290381382,6.938283280885548,4.90290496961282
347,33.06595878406257,-0.0801536111734464,-0.0192417024254148,-0.18874945309270777,-0.0551906860225001,-5.0,-1.6825591082779376,2.584882351436405,-2.82265703217175,6.898635377751936,4.999977371556858
348,33.0444066009928,-0.1362573682352367,-0.0193751022596469,-0.19005786153090776,-0.0550163620487485,-5.0,-1.6877427510254845,2.620996928056168,-2.8587716087915127,6.862520801132173,5.088361823393434
349,33.02336390419895,-0.1563370717929247,-0.0195224554653435,-0.19150312309569106,-0.0668689514991478,-5.0,-1.6556789284994973,2.6573247022415156,-2.8950993829768605,6.826193026946825,5.17060338251352
350,32.999185407094224,-0.2085712700145275,-0.0195130272334464,-0.19141064975707678,-0.0650880060906096,-5.0,-1.6788828679412973,2.689872521709418,-2.927647202444763,6.793645207478923,5.243316260645385
351,32.98306556665093,-0.1778244111458547,-0.0193026909888326,-0.18934763979402502,-0.0617637443020554,-5.0,-1.677973133375266,2.7185563147432004,-2.9563309954785453,6.764961414445141,5.311188128944535
352,32.96299913055307,-0.18070308667699,-0.0190923547442187,-0.1872846214539798,-0.0592217548971414,-5.0,-1.71867496832961,2.747730173662489,-2.985504854397834,6.735787555525852,5.377674599191988
353,32.93902957534799,-0.2026488730310353,-0.0194264924859202,-0.19056190477705917,-0.0768933912110594,-5.0,-1.7206361088293185,2.776142974404902,-3.013917655140247,6.707374754783439,5.442842118117479
354,32.92994530354559,-0.1472029521744024,-0.0197862033459967,-0.19408999007309805,-0.0989319164739716,-5.0,-1.7408630256960982,2.799125196714291,-3.036899877449636,6.6843925324740505,5.4879131354449635
355,32.91838115636944,-0.1476242033055695,-0.0200991434286873,-0.19715932181830195,-0.0985321716851811,-5.0,-1.7027486897250717,2.818548287422435,-3.05632296815778,6.664969441765907,5.524663979608083
356,32.9087381857843,-0.1100865577473806,-0.0203498125227641,-0.19961788272706812,-0.0889943577226701,-5.0,-1.698324804039514,2.8327566769022066,-3.0705313576375515,6.650761052286136,5.5448733037303395
357,32.8955978282878,-0.1443852153983929,-0.020600481616841,-0.20207643109284665,-0.0902812155352674,-5.0,-1.7112789461041629,2.848003495332421,-3.085778176067766,6.635514233855921,5.5763552532032605
358,32.88663771734848,-0.1256133502918074,-0.0201518474123163,-0.1976762431942014,-0.0681077560422505,-5.0,-1.714364216720829,2.8609985348833957,-3.0987732156187406,6.622519194304946,5.603471139905099
359,32.8798876298621,-0.0404844896757305,-0.0196640464832211,-0.1928918643715125,-0.0442662092340483,-5.0,-1.7148575772807177,2.8753171079430304,-3.1130917886783753,6.608200621245311,5.631776445935746
360,32.871268864432714,-0.0575780131932404,-0.0192848678817312,-0.18917282765531274,-0.0383352296750697,-5.0,-1.7107510257469736,2.8911819391540132,-3.128956619889358,6.592335790034328,5.6635377392699615
361,32.879526893784025,0.0249110413273677,-0.0190684566836603,-0.1870502241539419,-0.0426896972060233,-5.0,-1.7233757523202482,2.908187467988455,-3.1459621487238,6.575330261199886,5.69838287256772
362,32.88437240980505,0.0491852720121727,-0.0188520454855894,-0.1849276118922971,-0.0421097202527116,-5.0,-1.7203636399799418,2.9257358362658494,-3.1635105170011943,6.557781892922491,5.735811748734937
363,32.90021199767042,0.1319972977421786,-0.0189906748418176,-0.18628732243915522,-0.0437161110795141,-5.0,-1.6973327646409402,2.942325326713314,-3.180100007448659,6.541192402475026,5.76851941723645
364,32.90641289951455,0.0923125302778932,-0.0191571791050574,-0.18792043213996085,-0.0432959450134476,-5.0,-1.6774543535126871,2.957522047631683,-3.195296728367028,6.525995681556657,5.798947845043427
365,32.927413287367855,0.1393757280170463,-0.0195814768207195,-0.19208201192558688,-0.053769888085711,-5.0,-1.6736658374990272,2.971709710461074,-3.209484391196419,6.511808018727266,5.8315104768897035
366,32.940074586404094,0.134974199496688,-0.0203385548327747,-0.19950746764183225,-0.0596892876318032,-5.0,-1.752099751249708,2.98042405493203,-3.218198735667375,6.50309367425631,5.8526799486242425
367,32.95275761627868,0.1233259601879246,-0.0210956328448299,-0.2069328090069632,-0.0555991913274333,-5.0,-1.7756299253749124,2.98349663699391,-3.221271317729255,6.50002109219443,5.860057222476294
368,32.97032335362902,0.1424912206736667,-0.0213489020148784,-0.2094168200732972,-0.0481439968296408,-5.0,-1.7826889776124737,2.9809055570575578,-3.2186802377929027,6.502612172130783,5.83989355234481
369,32.98669251694997,0.1647863807733171,-0.0215677816340362,-0.21156353479951026,-0.0483964535490238,-5.0,-1.784806693283742,2.969648083491402,-3.207422764226747,6.513869645696938,5.790920933807689
370,32.99343996124179,0.1447697481604624,-0.021355356169465,-0.20948012089720253,-0.023700500237231,-5.0,-1.7854420079851225,2.95570221172555,-3.193476892460895,6.52781551746279,5.734115625837101
371,33.00957166368648,0.1395926694688403,-0.0205922734928811,-0.2019959264752818,0.0027279943180785,-5.0,-1.7856326023955367,2.9415126450591855,-3.1792873257945304,6.542005084129155,5.676329840588413
372,33.01584251687331,0.0838618198980222,-0.0198291908162971,-0.19451161443211315,0.0506276177416213,-5.0,-1.785689780718661,2.9283833607972762,-3.166158041532621,6.555134368391064,5.619988741406972
373,33.03699834545618,0.1688289733806382,-0.0194927585095019,-0.19121185138893254,0.0529331433066172,-5.0,-1.7847253587831973,2.9173901141022567,-3.1551647948376016,6.566127615086083,5.56850776473857
374,33.061929948614484,0.2277600713565359,-0.0191898048133939,-0.18824043151018535,0.0469603946404753,-5.0,-1.7828967154796935,2.907928889779806,-3.145703570515151,6.5755888394085344,5.521526482153862
375,33.079830824236865,0.2092717849391047,-0.0189406256375685,-0.1857964280451042,0.0470776499582825,-5.0,-1.7591483519841773,2.900595932463378,-3.138370613198723,6.582921796724962,5.481127204108578
376,33.1106358329921,0.2745170833500155,-0.018756529658615,-0.183990767289144,0.0543061637454898,-5.0,-1.7602354694294904,2.895742953944552,-3.133517634679897,6.587774775243788,5.448676070588041
377,33.1362823309613,0.255071646229065,-0.0185724336796614,-0.18218510029749113,0.0616041060913077,-5.0,-1.704094187771796,2.9032345967888773,-3.141009277524222,6.580283132399463,5.4578169898474345
378,33.16616440460128,0.2774611344341473,-0.0169186128761016,-0.16596367449133834,0.0847374508175194,-5.0,-1.6816376751087185,2.911095677612712,-3.148870358348057,6.572422051575628,5.468016944775815
379,33.19005884847423,0.2668008043250182,-0.015133617552284399,-0.14845512134664932,0.1033455159071119,-5.0,-1.5908188375543593,2.9405787402892227,-3.1783534210245676,6.542938988899117,5.548354744530487
380,33.20575756600274,0.176980066340484,-0.013330086756422598,-0.13076427838968324,0.1376076235101244,-5.0,-1.6363275350217437,2.9899000981071473,-3.227674778842492,6.493617631081192,5.68785708971883
381,33.24367514625543,0.3260017387849943,-0.0115024103791106,-0.11283615764100248,0.1496702967631138,-5.0,-1.5598104302291311,2.9993089817417506,-3.2370836624770956,6.484208747446589,5.7154796908653935
382,33.26673076208996,0.2638459724161475,-0.0096747340017985,-0.09490765997441858,0.1517303762242136,-5.0,-1.5284125353091311,3.0910203999973946,-3.3287950807327396,6.392497329190945,5.982998914802621
383,33.298675313410705,0.3400703937263558,-0.0079040346491254,-0.07753777255595519,0.1598040824323122,-5.0,-1.4970146403891311,3.1404327895787407,-3.3782074703140856,6.343084939609599,6.129809147334502
384,33.33465457299592,0.3362146100673236,-0.0061363282941098,-0.060197002781967164,0.1682604072381624,-5.0,-1.4850166220403438,3.1846743593678064,-3.4224490401031513,6.298843369820533,6.262068217654147
385,33.38056720925458,0.4492829671052742,-0.0041543135548846,-0.04075369874977865,0.2035287857857839,-5.0,-1.4988751165888365,3.221378515816366,-3.459153196551711,6.262139213371974,6.3723866758484435
386,33.38908714926463,0.2334119624802293,-0.0018909463543016,-0.018550172680786337,0.2398031646009544,-5.0,-1.4985283746700278,3.282300611829301,-3.520075292564646,6.201217117359039,6.5561088891545065
387,33.432465664083004,0.3041205995317833,0.0003724208462813,0.0036534484175656545,0.2551461282230001,-5.0,-1.505943200309658,3.395377206210862,-3.633151886946207,6.088140522977478,6.897444996403921
388,33.47157576599018,0.3870956194941798,0.0022207848764874,0.021785881730752174,0.2792775707105803,-5.0,-1.4395720973718023,3.5297673391963635,-3.7675420199317085,5.953750389991977,7.304294109236275
389,33.49895317210671,0.3466502572199579,0.0040497926107816,0.039728356915286665,0.2902907986208684,-5.0,-1.4699609699571405,3.676110372320359,-3.913885053055704,5.807407356867982,7.747990158061146
390,33.53588463564872,0.3571368403432018,0.0059444798446391,0.05831500382982763,0.3090508164948137,-5.0,-1.4423153406336513,3.7561875915114453,-3.9939622722467902,5.727330137676896,7.9933661984588875
391,33.562742293309206,0.2743429995404663,0.0079263796963878,0.0777569706029814,0.3247853704481524,-5.0,-1.4457742763301387,3.879941214819283,-4.117715895554628,5.603576514369058,8.37201409185931
392,33.60637568012739,0.3596836136041514,0.0099082795481366,0.0971986319525301,0.3774125832666289,-5.0,-1.4002248084967428,3.9823550460105617,-4.220129726745907,5.501162683177779,8.68737948157604
393,33.625536670568444,0.2591816052709689,0.0122959026170762,0.12061976521851198,0.4572263633899228,-5.0,-1.4308683676821152,4.094931510801362,-4.332706191536707,5.388586218386979,9.034800829579163
394,33.66322954853364,0.3302800105184106,0.0147109872725868,0.14430957993094326,0.5456743365412291,-5.0,-1.4566061964582773,4.1729574501888775,-4.410732130924223,5.310560278999463,9.277788336245377
395,33.687081773482845,0.2742254077899981,0.0168769338877704,0.16555486198787048,0.5931783979546498,-5.0,-1.3581366541886584,4.294712129656052,-4.532486810391397,5.188805599532289,9.656597271330815
396,33.707118840977095,0.2223938990761489,0.0187226387564024,0.18365835591378232,0.6028871600994657,-5.0,-1.3130192180336788,4.4387785122099395,-4.676553192945285,5.044739216978401,10.104492524341989
397,33.7210889843562,0.1733280464434601,0.0205683436250344,0.20176122418445652,0.6542665630432414,-5.0,-1.3015477642963231,4.487052386788707,-4.7248270675240525,4.996465342399634,10.257138536788199
398,33.737439151341576,0.1627000798363768,0.022717007061419,0.2228346720188796,0.6910700432796505,-5.0,-1.2900763105589674,4.495553305758747,-4.733327986494093,4.9879644234295935,10.284217529327538
399,33.76521805999509,0.228105287775695,0.0248875992421603,0.24412214550279407,0.7658190472736555,-4.980449657869013,-1.311817170186574,4.513969999503034,-4.751744680238379,4.969547729685307,10.34310489512126
400,33.776220052487304,0.185352996978406,0.0268425045158241,0.26329334861947273,0.8873102764047206,-4.480449657869013,-1.2468384384422473,4.535273307783216,-4.773047988518561,4.948244421405125,10.411497537462404
401,33.802183790997546,0.2379093013178992,0.0285371383370869,0.2799113316593625,0.9000777756998426,-3.9804496578690127,-0.8446717651799743,4.510222033882715,-4.74799671461806,4.973295695305626,10.331328867675378
402,33.83068259361999,0.2616376744261982,0.0302317721583497,0.2965285108546202,0.9125776199152704,-3.895405669599218,-0.5403384186554285,4.539002878256871,-4.776777558992216,4.94451485093147,10.360095174426794
403,33.85090783028862,0.224385270260963,0.031739120491127,0.31130849864231547,0.9162703433628318,-3.875855327468231,-0.4695774448600377,4.514705225816398,-4.752479906551743,4.968812503371943,10.19124867241631
404,33.859330885247,0.1250573833015532,0.0332314604469687,0.3259406282543654,0.9200320431610784,-3.73900293255132,-0.45122975680706123,4.56782765431209,-4.8056023350474355,4.915690074876251,10.345983614051434
405,33.861415822434004,0.0586563798215018,0.0343143769067346,0.3365579801974273,0.9631387609763036,-3.23900293255132,-0.27233129810507695,4.5956765861557685,-4.833451266891114,4.887841143032572,10.43109652304077
406,33.85664867874812,-0.0061258135333948,0.0349249657947892,0.3425442679561335,0.9745417318906922,-2.73900293255132,0.07142030433066177,4.615842148243855,-4.8536168289792005,4.867675580944486,10.485881009408214
407,33.86118920364372,0.0198863914148308,0.0355355546828438,0.348530428007904,0.9706620301763488,-2.23900293255132,0.389130507172357,4.5020405142745075,-4.739815195009853,4.981477214913833,10.02599434901942
408,33.87699100986468,0.1080106200016809,0.03532710662277069,0.3464868359550712,0.9603211869025328,-1.7390029325513199,0.7068407100140521,4.291036340690064,-4.528811021425409,5.192481388498277,9.227397654051757
409,33.88599851350786,0.1161325228124824,0.0350615690451374,0.34388352544277084,0.947303880449797,-1.3734115347018574,1.1066291095728493,3.9774312354295263,-4.215205916164872,5.506086493758814,8.077479098579142
410,33.895919262899696,0.0966905767827828,0.03496698943411,0.34295626815804464,0.945847622062064,-0.9335288367546433,1.4260584016505207,3.6009794639722315,-3.8387541447075773,5.882538265216109,6.720835643543548
411,33.8961100849581,0.0363439544226835,0.0350984178003417,0.3442447893305266,0.9461325743111296,-0.43352883675464327,1.7093170582666983,3.4982205131642625,-3.7359951938996083,5.985297216024078,6.349396558279915
412,33.899697419361495,0.0295230030615839,0.0352298461665734,0.34553330455672526,0.9501918336900744,0.06647116324535673,2.0,3.4428468463354087,-3.6806215270707545,6.040670882852932,6.151507890973958
413,33.89876922000308,0.0133894687259005,0.0358928766198878,0.35203352089710443,0.955036569078305,0.5664711632453567,2.0,3.3512720286413584,-3.5890467093767042,6.132245700546982,5.829436299924059
414,33.89543551822663,-0.0316891147972437,0.036580091638033,0.35877067445096883,0.9607734057540048,1.0664711632453567,2.0,3.245665870029635,-3.4834405507649806,6.237851859158706,5.462479369571474
415,33.890369912636416,-0.0638612826497959,0.037031557708190194,0.3631965570661798,0.9660234645973416,1.5664711632453567,2.0,2.9024697772341566,-3.1402444579695024,6.581047951954184,4.295568784716172
416,33.88870491956584,-0.0230237135145715,0.037165828868632,0.3645128508132541,0.9684514240496,2.0664711632453567,2.0,2.5244680411513887,-2.7622427218867345,6.959049688036952,3.032157956990429
417,33.88214405351649,-0.0414227296074293,0.0373001000290738,0.36582913798861927,0.9715992745244534,2.5664711632453567,2.0,2.217261405641312,-2.4550360863766576,7.266256323547029,2.022520537646103
418,33.880803533304174,-0.0293785259005117,0.0370059685392842,0.36294569930375675,0.970222006348313,3.0664711632453567,2.0,1.9879481349122392,-2.2257228156475852,7.495569594276102,1.2823555233234292
419,33.8781315177803,-0.0325272017438451,0.036688755755727,0.35983595419920744,0.9656087094503384,3.5664711632453567,2.0,1.8216508312775932,-2.059425512012939,7.661866897910748,0.7563108899335862
420,33.8722443821004,-0.0466619232688162,0.0366762881744865,0.35971372950659647,0.9718383039523488,4.066471163245357,2.0,1.6989056500982798,-1.9366803308336258,7.784612079090062,0.3767293418213744
421,33.86234793750266,-0.0807088233579675,0.0370752119626822,0.3636245113539255,0.9701210672757749,4.566471163245357,2.0,1.6042597628445028,-1.8420344435798488,7.879257966343839,0.09137491453559182
422,33.84742701419747,-0.1335826188657717,0.0374741357508778,0.36753523533398086,0.9929621534535495,5.0,2.0,1.527618378498176,-1.765393059233522,7.955899350690165,-0.13323335223683866
423,33.83832469527153,-0.1211330070874267,0.0381129864738911,0.37379788551833254,0.9958599670372142,5.0,2.0,1.460927101777027,-1.698701782512373,8.022590627411315,-0.3225415866007787
424,33.835434180474095,-0.0722712818382112,0.0387692355485394,0.3802309327786457,0.9966345202795084,5.0,2.0,1.3866688181037001,-1.6244434988390462,8.096848911084642,-0.5268444411417839
425,33.81690233376409,-0.1440831875355007,0.0391737108010311,0.3841958221831207,0.9926411515010396,5.0,2.0,1.3384914702623225,-1.5762661509976685,8.14502625892602,-0.6594690532383068
426,33.806581400843555,-0.1355713356686444,0.0392604235689759,0.3850458203778483,0.987434574080585,5.0,2.0,1.3045752504835197,-1.5423499312188658,8.178942478704823,-0.7528773129521874
427,33.79545667822943,-0.1023397300347009,0.03934713633692069,0.3858958156773763,0.985110335328182,5.0,2.0,1.2797802085089227,-1.5175548892442687,8.20373752067942,-0.8211731381983871
428,33.77677982296721,-0.1418519611185891,0.0394351030150065,0.38675809937063954,0.989757848476072,5.0,2.0,1.2608145102076527,-1.4985891909429987,8.22270321898069,-0.8734199031585731
429,33.76697090783047,-0.1005929355963579,0.0395231659533127,0.38762132364642937,0.990135195845081,5.0,2.0,1.2457962270599634,-1.4835709077953094,8.23772150212838,-0.9147992330928595
430,33.76393558533195,-0.0695579393031722,0.0397776556506393,0.3901159053504604,0.9919272842418254,5.0,2.0,1.2335746027418282,-1.4713492834771742,8.249943126446516,-0.9484795208561679
431,33.76414831553322,-0.0308732059474626,0.0402287092314272,0.39453720098082207,0.9847052380983284,5.0,2.0,1.223126107360182,-1.460900788095528,8.26039162182816,-0.9772917000963584
432,33.76757734256588,0.0116285851917557,0.0406797628122152,0.39895841634285584,0.986508461678091,5.0,2.0,1.213699795665713,-1.451474476401059,8.26981793352263,-1.0033181844454122
433,33.77307273775743,0.0338808663041618,0.0418077814478435,0.41001486812026744,0.9869274139874074,5.0,2.0,1.2050516621637921,-1.4428263428991381,8.278466067024551,-1.0272300860471104
434,33.75848713415803,-0.0381873070317215,0.0429877565534921,0.42158002085349683,0.991143078338762,5.0,2.0,1.1960483011311396,-1.4338229818664856,8.287469428057204,-1.0522231668599702
435,33.74982777710272,-0.1819253798095409,0.0440260368989888,0.43175591226548077,1.0069168336926992,5.0,2.0,1.1866665515212507,-1.4244412322565967,8.296851177667092,-1.0783869403184543
436,33.73480130372314,-0.2232583019045304,0.0448956592465209,0.44027847672015147,1.007031589872207,5.0,2.0,1.1771361150973214,-1.4149107958326674,8.306381614091022,-1.1050846818200235
437,33.79291066860866,0.2471551391619225,0.0457652815940529,0.44880070821731405,1.0128197977411508,5.0,2.0,1.1676721117420983,-1.4054467924774443,8.315845617446245,-1.1317058769179633
438,33.7981782752166,0.1239952628263776,0.0466238332707382,0.457214115077644,1.006435968147566,5.0,2.0,1.1582494695514476,-1.3960241502867936,8.325268259636895,-1.1583306733457812
439,33.76406798206998,-0.1523647009355097,0.0474814750660327,0.4656182690440278,1.0026387024721408,5.0,2.0,1.1488617014645808,-1.3866363821999268,8.334656027723762,-1.1849863000905558
440,33.72916697283546,-0.2593923392210297,0.0480241039669903,0.47093539033896903,1.007517754959196,5.0,2.0,1.139493463106408,-1.377268143841754,8.344024266081934,-1.2117275444264
441,33.72794494271839,-0.0910738252879115,0.0481555008236182,0.47222290329567745,0.989063380009529,5.0,2.0,1.1304688308019095,-1.3682435115372555,8.353048898386433,-1.2375816792383068
442,33.7470312428988,0.086911530206689,0.048286897680246,0.4735104080993933,0.990932698561669,5.0,2.0,1.1221648415414773,-1.3599395222768234,8.361352887646865,-1.2613939065737416
443,33.76246809217157,0.265762958442243,0.0469933407093578,0.4608350126326475,0.954595706955306,5.0,2.0,1.11448899883457,-1.352263679569916,8.369028730353772,-1.2834274470975005
444,33.754780271965295,-0.0078402797808602,0.0456171816386346,0.44734936395241404,0.9273792744290752,5.0,2.0,1.1088071963722235,-1.3465818771075695,8.374710532816119,-1.2995614936282973
445,33.747133990825844,0.0144249825539883,0.04371130871972889,0.42867139923314873,0.8907525276857388,5.0,2.0,1.1050130771552105,-1.3427877578905565,8.378504652033131,-1.310203509434302
446,33.750678516116096,0.007639392245246,0.0411124528713935,0.40319955668117824,0.867181414917866,5.0,2.0,1.103480897016396,-1.341255577751742,8.380036832171946,-1.3144236948111676
447,33.72309557077104,-0.174553557196792,0.038513597023058,0.37772499090007994,0.8582947932106019,5.0,2.0,1.1047574174843906,-1.3425320982197366,8.378760311703951,-1.3109990722314708
448,33.709115507826674,-0.1126068166745752,0.0367563283256658,0.36049839419396246,0.8350712046863158,5.0,2.0,1.108659968711419,-1.346434649446765,8.374857760476923,-1.3008178909402073
449,33.71427381809535,0.0193859403420449,0.0350378023139746,0.34365051700652205,0.8346661134961686,5.0,2.0,1.1141159554674784,-1.3518906362028245,8.369401773720863,-1.2868669303586606
450,33.72220441136631,0.0388203681347348,0.0337995875885904,0.33151082549940036,0.8033656224980579,5.0,2.0,1.1209794056454312,-1.3587540863807772,8.36253832354291,-1.2696798200750632
451,33.7299412305926,0.0625525242344065,0.0331800142335053,0.32543621911421555,0.797319755496796,5.0,2.0,1.1286368696091136,-1.3664115503444596,8.354880859579229,-1.250809036471336
452,33.72768005388617,0.001088940106437,0.0325604408784201,0.31936148780346046,0.7868021709838108,5.0,2.0,1.136366551929686,-1.374141232665032,8.347151177258656,-1.2319222563118717
453,33.73139785559986,0.0109060799585404,0.0329673408748903,0.32335103444870494,0.804014644017308,5.0,2.0,1.1441706777333105,-1.3819453584686565,8.339347051455032,-1.21302636209074
454,33.720012431117546,-0.0839873470145311,0.0334545341872667,0.3281277652979228,0.8008462899583415,5.0,2.0,1.1509597383305061,-1.3887344190658522,8.332557990857836,-1.1964830497942922
455,33.718790805854354,-0.0463323125920504,0.0341259722712462,0.3347108127892907,0.8011869627420719,5.0,2.0,1.156747257963349,-1.3945219386986951,8.326770471224993,-1.182264819361192
456,33.711569850696755,-0.0589340710743084,0.035036919264566,0.3436418596085261,0.847063966194045,5.0,2.0,1.1614411093532246,-1.3992157900885707,8.322076619835117,-1.1705943354356616
457,33.70418257381366,-0.0572281162233202,0.0359478662578859,0.35257262126537375,0.8881305153009085,5.0,2.0,1.1649095122438102,-1.4026841929791563,8.318608216944531,-1.1618197758630324
458,33.67908905954975,-0.2069160347264008,0.0373361268219969,0.3661823147600628,0.8990989420920295,5.0,2.0,1.1672701814318387,-1.4050448621671847,8.316247547756502,-1.155736067647726
459,33.68281995765675,-0.076848885026269,0.0387621760745017,0.38016173136816045,0.9395032597413,5.0,2.0,1.168193710735021,-1.4059683914703671,8.31532401845332,-1.153283334913546
460,33.68202015621608,-0.0255413125185874,0.0396404463663807,0.38877094334397394,0.9651437343404522,5.0,2.0,1.1677996516459057,-1.4055743323812517,8.315718077542435,-1.154364981238033
461,33.66734700559255,-0.1054926082747177,0.0398864914372848,0.39118273754226063,0.9612327222019682,5.0,2.0,1.1666862266186522,-1.4044609073539982,8.31683150256969,-1.1574880920198176
462,33.65911273369865,-0.1311999221090284,0.0401325365081889,0.3935945080590576,0.9635923551234762,5.0,2.0,1.1654390326749864,-1.4032137134103324,8.318078696513355,-1.1610090406267901
463,33.655167788223615,-0.0670932606034648,0.04029586303903919,0.39519544594821465,0.9893042728861604,5.0,2.0,1.164068273241214,-1.40184295397656,8.319449455947128,-1.164905377259875
464,33.65261863489165,-0.0224102529880164,0.0404532046738464,0.3967377095055184,0.9991869679918336,5.0,2.0,1.1626498197346755,-1.4004245004700215,8.320867909453666,-1.1689567313746454
465,33.64487041244963,-0.0552328458710239,0.0403298864570748,0.39552894450660897,1.0373845452249664,5.0,2.0,1.161191835177108,-1.398966515912454,8.322325894011234,-1.1731414987340152
466,33.64114978965094,-0.0624259689982259,0.0398589540980602,0.3909128109559401,1.0382175655899453,5.0,2.0,1.1599192909600473,-1.3976939716953933,8.323598438228295,-1.1767791537471632
467,33.63316359649233,-0.0526056817000564,0.0393880217390455,0.38629659070968925,1.037162188032383,5.0,2.0,1.1590992017661585,-1.3968738825015046,8.324418527422184,-1.179085207238674
468,33.61204112695411,-0.1566352794149091,0.0393520385989186,0.38594386964041977,1.0405068602895706,5.0,2.0,1.158710009050511,-1.396484689785857,8.324807720137832,-1.1801607723211844
469,33.60334332623114,-0.1084534245762263,0.0393490822827004,0.3859148906293198,1.044351012451599,5.0,2.0,1.1583731172887184,-1.3961477980240644,8.325144611899624,-1.1810904963318383
470,33.59872069576042,-0.0801400927422546,0.0394153893401589,0.38656485849969136,1.0827347558464824,5.0,2.0,1.1580583024669404,-1.3958329832022864,8.325459426721402,-1.181959188650352
471,33.58423703811213,-0.1015029501980351,0.039574701875117,0.38812649570723284,1.0843361069140822,5.0,2.0,1.1577080390469496,-1.3954827197822957,8.325809690141392,-1.182928490038731
472,33.58124008887233,-0.0356789449202106,0.039734014410075,0.38968812306393524,1.0864563369773153,5.0,2.0,1.157250132557991,-1.395024813293337,8.326267596630352,-1.1842050026411204
473,33.57602972994812,-0.0893847531275587,0.0389759195022039,0.3822569706462105,1.08366045691458,5.0,2.0,1.1566920783107928,-1.3944667590461388,8.32682565087755,-1.1857728079994498
474,33.58643545507476,0.0216753402202182,0.0381613787842324,0.3742722688913539,1.0881176831799582,5.0,2.0,1.1567749068372748,-1.3945495875726208,8.326742822351068,-1.1855489907547687
475,33.595980684482406,0.0661124757882849,0.0374474512979978,0.36727364450526967,1.082502714946079,5.0,2.0,1.1575352543506825,-1.3953099350860285,8.32598247483766,-1.1835828780457733
476,33.59460686826095,0.0301450990338888,0.0368634055482992,0.3615481101808756,1.0841532508949048,5.0,2.0,1.1588750118125033,-1.3966496925478493,8.32464271737584,-1.1802565304908506
477,33.59483196145344,0.0059372806148304,0.0362793597986006,0.3558224525290125,1.0882037548844576,5.0,2.0,1.1606658155394018,-1.3984404962747479,8.322851913648941,-1.175963592002764
478,33.59744598371752,0.0012586115059601,0.0362718130010846,0.3557484671514371,1.0906745985282604,5.0,2.0,1.1628988000516534,-1.4006734807869994,8.320618929136689,-1.1708052588095825
479,33.596913112400614,0.0416823106068954,0.0362895158087347,0.3559220174108627,1.094525589962482,5.0,2.0,1.1650134820274858,-1.4027881627628318,8.318504247160856,-1.1659226800503193
480,33.58952024629836,-0.0353742623203451,0.036194372561064,0.35498927505551603,1.1034647901182215,5.0,2.0,1.1669934550538674,-1.4047681357892134,8.316524274134474,-1.1613454036319009
481,33.59012122923366,-0.0222434322570586,0.0359510985431042,0.3526043094959486,1.105169954513511,5.0,2.0,1.168952761300158,-1.406727442035504,8.314564967888185,-1.1568479668209084
482,33.599668142260626,0.0546342625855945,0.0357078245251444,0.3502193230684658,1.1057137034072748,5.0,2.0,1.1710340328415958,-1.4088087135769418,8.312483696346748,-1.15216132559036
483,33.60468334241696,0.043252685358668,0.0358383581490022,0.35149903864574894,1.085190177763424,5.0,2.0,1.173234240945573,-1.411008921680919,8.31028348824277,-1.1473062191307681
484,33.605691060030445,0.0299571927946889,0.0359865340377256,0.35295170685329846,1.0893484496200732,5.0,2.0,1.1751881688120747,-1.4129628495474207,8.308329560376269,-1.1429448109805707
485,33.604211530777974,-0.0031850921763783,0.0361258690540535,0.35431769495494636,1.0963835037588308,5.0,2.0,1.176894936638648,-1.414669617373994,8.306622792549696,-1.1390823963034642
486,33.61269904567695,0.0590596635543232,0.0362536277864512,0.35557018747768365,1.1039524387078297,5.0,2.0,1.1783788487979467,-1.4161535295332928,8.305138880390398,-1.1356782435445292
487,33.6251668597119,0.1107088726330356,0.0363813865188488,0.3568226741966989,1.0298634791069443,5.0,2.0,1.1796649322683321,-1.4174396130036782,8.303852796920014,-1.1326887996578285
488,33.63662075261148,0.1032699330605843,0.0358990795436281,0.352094332379508,0.9362397250097042,5.0,2.0,1.1807658906560192,-1.4185405713913652,8.302751838532327,-1.1300938811292638
489,33.63289348514681,-0.0310845206646959,0.0353710125560065,0.3469172840854633,0.9321696019335688,5.0,2.0,1.1822529623680171,-1.4200276431033632,8.30126476682033,-1.1267775895004588
490,33.65151457036325,0.097827597996421,0.0352445901445237,0.34567785319372313,0.909557715164764,5.0,2.0,1.1841723587635853,-1.4219470394989313,8.299345370424762,-1.1227629470386828
491,33.64738639532733,0.0222177907690268,0.0355888188435541,0.34905261905087837,0.8905739471767803,5.0,2.0,1.1861153591563842,-1.4238900398917302,8.297402370031962,-1.1187643811550851
492,33.6383077501368,-0.0578422458927657,0.0359330475425845,0.35242734354760336,0.8971604717688325,5.0,2.0,1.1876153237212166,-1.4253900044565626,8.29590240546713,-1.115530440621769
493,33.6356163891467,-0.0470394675110106,0.0363375030458369,0.3563924618555557,0.9084613410415324,5.0,2.0,1.1887102563482075,-1.4264849370835535,8.294807472840139,-1.1130514003301426
494,33.63542403218132,-0.0068660970778034,0.0367466532500116,0.3604035457924073,0.8680757228471027,5.0,2.0,1.1893835040883325,-1.4271581848236785,8.294134225100015,-1.11143213969196
495,33.648176973057865,0.0843490698512861,0.0371804269105521,0.36465595867134315,0.8554704903724377,5.0,2.0,1.1896743871233573,-1.4274490678587033,8.29384334206499,-1.110686019742506
496,33.659369250242435,0.0825478964691386,0.03764370954836829,0.36919758108293543,0.8272783297596099,5.0,2.0,1.1896063810946218,-1.4273810618299678,8.293911348093726,-1.110873470331758
497,33.67008954459104,0.0856230891056289,0.0381069921861844,0.3737391242533551,0.8259684370151046,5.0,2.0,1.1892036041025675,-1.4269782848379136,8.29431412508578,-1.1120776599115998
498,33.678742796275586,0.1046458265670385,0.0388586183342146,0.38110711749597803,0.7833480908955823,5.0,2.0,1.1885144592750514,-1.4262891400103974,8.295003269913297,-1.1143235331108752
499,33.646722292825274,-0.1965970990510085,0.0396294926649114,0.3886635719243343,0.792691803834911,5.0,2.0,1.1874321470062665,-1.4252068277416126,8.296085582182082,-1.1184203913246216
500,33.66517219376388,0.0121100013094939,0.0399289425874082,0.39159885174778497,0.7991377496735905,5.0,2.0,1.186059171747908,-1.4238338524832541,8.29745855744044,-1.1245615925527561
501,33.66213772894212,0.0075708601491473,0.0396132385158537,0.3885042438647205,0.7606725632785644,5.0,2.0,1.1846482258405704,-1.4224229065759164,8.298869503347778,-1.131333141601414
502,33.67483280853585,0.0996406415254905,0.0392975344442991,0.3854095972598022,0.7577499616693333,5.0,2.0,1.183423591333381,-1.421198272068727,8.300094137854966,-1.1367689159625618
503,33.67993037503651,0.0626162827682046,0.0392172119377412,0.3846222405744944,0.7505722885018427,5.0,2.0,1.1823943473816056,-1.4201690281169517,8.301123381806741,-1.1409839853884176
504,33.68736849794754,0.0468466309310534,0.0391525086921843,0.38398798897925746,0.7555100845768821,5.0,2.0,1.18145439614612,-1.419229076881466,8.302063333042227,-1.1447522072118337
505,33.68362369431246,-0.0145969725655691,0.0391435513312388,0.38390018459448055,0.7530481534589526,5.0,2.0,1.1805929497503578,-1.4183676304857038,8.302924779437989,-1.1481440989460059
506,33.68887197920714,0.0198888825831875,0.0392044272440067,0.38449691913084705,0.763947300638844,5.0,2.0,1.1797796111938097,-1.4175542919291557,8.303738117994536,-1.1513381945263883
507,33.68377547129158,-0.0322094851294244,0.0392653031567746,0.3850936522423155,0.7845502445959904,5.0,2.0,1.1789786034899925,-1.4167532842253385,8.304539125698353,-1.1545434745121235
508,33.68917939386613,-0.0011606436849764,0.039379819127679,0.3862161854905048,0.8051102026057725,5.0,2.0,1.1781901460290363,-1.4159648267643823,8.30532758315931,-1.1577617938649958
509,33.68971554757764,-0.0111481100489647,0.0394970072857485,0.3873649073868015,0.8366083307841136,5.0,2.0,1.1773913655041213,-1.4151660462394673,8.306126363684225,-1.161153936296383
510,33.687028690780494,-0.00830234670449,0.0395516376106789,0.38790041232644273,0.8705946602353081,5.0,2.0,1.176585164281415,-1.414359845016761,8.306932564906932,-1.1647283855811363
511,33.67525832836849,-0.0881531798907228,0.0395257010420023,0.38764617344389346,0.873539614222662,5.0,2.0,1.1757987106957875,-1.4135733914311335,8.30771901849256,-1.1682904784243378
512,33.677428135574345,-0.0191299011011428,0.0394997644733257,0.38739193430057234,0.8886756156981477,5.0,2.0,1.1750618559426615,-1.4128365366780076,8.308455873245686,-1.171592463604627
513,33.67555669284243,0.0020791107781117,0.0389838058935386,0.38233427737692716,0.9310572793849912,5.0,2.0,1.1743722885768653,-1.4121469693122113,8.309145440611482,-1.1746480880489918
514,33.6710323419547,-0.0154573567725484,0.0384418871190468,0.3770220374372652,0.9282222870013388,5.0,2.0,1.1739646086761435,-1.4117392894114895,8.309553120512204,-1.1760856371599813
515,33.66086699964916,-0.0647217301325963,0.037862147804981,0.3713389334520349,0.9275021975053592,5.0,2.0,1.1739352077600784,-1.4117098884954244,8.309582521428268,-1.1761668819949531
516,33.66013672588994,-0.0489172988959198,0.037231984413963595,0.36516138774468637,0.927197169425868,5.0,2.0,1.174406949830766,-1.4121816305661121,8.309110779357582,-1.175174307652534
517,33.645372782122045,-0.1185229452420662,0.0366018210229462,0.35898369702960137,0.9272851957594364,5.0,2.0,1.1755419931219115,-1.4133166738572576,8.307975736066437,-1.1734442430419336
518,33.6351436135719,-0.0851028293350541,0.0365703565826908,0.3586752374289589,0.9385894400401128,5.0,2.0,1.177463874873567,-1.415238555608913,8.306053854314781,-1.1714249995384238
519,33.62418110668546,-0.1293060515176763,0.0365855531107701,0.3588242156513591,0.9402730559341956,5.0,2.0,1.1793334364582104,-1.4171081171935564,8.304184292730138,-1.1695016834869303
520,33.60612765309254,-0.1633893480445523,0.0365538699521864,0.3585136116736127,1.0355471799287643,5.0,2.0,1.1810846330105447,-1.4188593137458907,8.302433096177804,-1.1676806759343297
521,33.61412004003585,0.0242814456798525,0.0364658586938803,0.3576507966028544,1.0619504836288989,5.0,2.0,1.1827929663129086,-1.4205676470482547,8.30072476287544,-1.165945778128919
522,33.61987903798626,0.0423654300189083,0.0363778474355743,0.35678797876174073,1.0672196224742845,5.0,2.0,1.1845465052139472,-1.4223211859492932,8.298971223974402,-1.1642865133364586
523,33.6322194467042,0.075002574251564,0.0357960864409411,0.3510846191557384,1.060113401871723,5.0,2.0,1.1863468097821648,-1.4241214905175108,8.297170919406184,-1.1627093581548835
524,33.64037678614985,0.074453482507067,0.0351787205099906,0.34503207262495783,1.0504923193099382,5.0,2.0,1.189063383184242,-1.4268380639195881,8.294454346004107,-1.1614732440365807
525,33.62022101470146,-0.1145101041618879,0.0350572532573096,0.3438412135815773,1.0465083060116402,5.0,2.0,1.1929187204080058,-1.4306934011433519,8.290599008780344,-1.1611239136988079
526,33.61106980479305,-0.100070360528866,0.0355301056030848,0.348477006277877,1.054249373596434,5.0,2.0,1.196851950081827,-1.4346266308171731,8.286665779106523,-1.1610229646755175
527,33.59415486196302,-0.1553899919434843,0.0360029579488599,0.35311272105843305,1.0556985868988469,5.0,2.0,1.1995576731256399,-1.437332353860986,8.28396005606271,-1.1601731570606795
528,33.59992851650009,-0.0179717776223545,0.0360745415940223,0.3538145006378991,1.067263445212116,5.0,2.0,1.2012486466822745,-1.4390233274176205,8.282269082506076,-1.1589978742670486
529,33.59126566259922,-0.0392610956106507,0.0361195810023582,0.3542560494088282,1.0423140898340817,5.0,2.0,1.2027341331573398,-1.4405088138926858,8.28078359603101,-1.1578612738564342
530,33.57265662699106,-0.1480270498904515,0.0361075268408126,0.35413787518671164,1.0233608693282472,5.0,2.0,1.2040709202158453,-1.4418456009511913,8.279446808972505,-1.1567741333527475
531,33.55592852980228,-0.1734529610006795,0.0360220153195508,0.35329955264853724,0.9956436639574222,5.0,2.0,1.2053591476469157,-1.4431338283822617,8.278158581541435,-1.1557441306008005
532,33.55330248876701,-0.0838213390092254,0.035936503798289,0.35246122752695874,1.0039730121132182,5.0,2.0,1.20672289244518,-1.444497573180526,8.27679483674317,-1.1547887232903582
533,33.54749105111796,-0.0344252941635125,0.0358318711171559,0.3514354417193667,0.992831939854014,5.0,2.0,1.2081644222921457,-1.4459391030274917,8.275353306896204,-1.1539204028515613
534,33.553006945515946,0.0110188823017273,0.03572587503322,0.3503962856176821,0.9435382759984624,5.0,2.0,1.2097214434027286,-1.4474961241380746,8.27379628578562,-1.1531667211243202
535,33.56212296981497,0.0488585199931272,0.0357775687865474,0.3509030772782766,0.9121637639560376,5.0,2.0,1.2114008659783488,-1.4491755467136949,8.27211686321,-1.1525502841385469
536,33.55920021669422,-0.0046513534981908,0.0360351222775322,0.3534280484637083,0.8710563371560625,5.0,2.0,1.212895374754771,-1.450670055490117,8.270622354433577,-1.151913591549971
537,33.548608836146975,-0.049400518158614,0.0362926757685169,0.3559529962049134,0.8410066442153392,5.0,2.0,1.2138606113963568,-1.4516352921317028,8.269657117791992,-1.151162732473621
538,33.53679827554985,-0.1179279429848874,0.0365951199834885,0.35891800385338746,0.6593740162225851,5.0,2.0,1.2143963746042068,-1.4521710553395528,8.269121354584142,-1.1504939593007293
539,33.54107440485671,-0.0131360893544307,0.03689963244801579,0.3619032543882792,0.6507115815905864,5.0,2.0,1.2145559583879262,-1.4523306391232722,8.268961770800422,-1.1501673660815495
540,33.541731619417455,0.0187888781272701,0.0373830408063644,0.3666422198063164,0.6481594479037053,5.0,2.0,1.2144680369423655,-1.4522427176777115,8.269049692245982,-1.1504620808144483
541,33.54699712875677,0.0470540610731159,0.03810057538855519,0.3736762211607019,0.6606010750007884,5.0,2.0,1.2142487802745656,-1.4520234610099116,8.269268948913782,-1.1523446027017938
542,33.553527125169815,0.0822670853717737,0.038818109970746,0.3807100301256973,0.6624492110268961,5.0,2.0,1.214420627083854,-1.4521953078192,8.269097102104494,-1.1580403245872484
543,33.56787841446459,0.1271617301162592,0.0389415957894476,0.3819205105226954,0.6651569121030895,5.0,2.0,1.2156918313921095,-1.4534665121274555,8.26782589779624,-1.169270675296273
544,33.57398104916698,0.1064473218602335,0.0390359568152351,0.38284548869868024,0.6851431596545754,5.0,2.0,1.2171657785237606,-1.4549404592591066,8.266351950664589,-1.1811384280802315
545,33.5756591319331,0.0399439773906429,0.0390041871153951,0.38253406517519795,0.6772766888567989,5.0,2.0,1.218785393436793,-1.456560074172139,8.264732335751557,-1.1933699325491072
546,33.586534573525995,0.0634055793793879,0.0388054867016915,0.3805862891137942,0.7050188373643642,5.0,2.0,1.2202482479783707,-1.4580229287137167,8.26326948120998,-1.204660670835831
547,33.598348767237475,0.1218352215508771,0.0386067862879879,0.3786384980261381,0.721621605299617,5.0,2.0,1.2212061757816541,-1.4589808565170002,8.262311553406697,-1.2134471857834697
548,33.60079725735284,0.0753080652641849,0.0388690787419608,0.38120965660973066,0.7816699159576166,5.0,2.0,1.2217566387439833,-1.4595313194793293,8.261761090444368,-1.2200450865133872
549,33.59638995638119,-0.0191760844656807,0.0391673681045439,0.3841336480589419,0.7997423428813045,5.0,2.0,1.2227730360350288,-1.4605477167703749,8.260744693153322,-1.2286703948035664
550,33.60242711067007,0.0115353613093722,0.0392108353628737,0.3845597344649178,0.8786341706651603,5.0,2.0,1.2244688243748203,-1.4622435051101663,8.25904890481353,-1.239988061487206
551,33.60609222410667,0.0460040474722939,0.0389399406553622,0.38190428596641884,0.8914861761298699,4.902248289345064,2.0,1.2262013378047736,-1.4639760185401196,8.257316391383577,-1.2512331780967296
552,33.59907848555827,-0.0485095093422622,0.0386690459478506,0.37924880944227696,0.8925956968485035,5.0,2.0,1.2280473783045456,-1.4658220590398916,8.255470350883806,-1.266231206577535
553,33.60946831732615,0.0515903433607973,0.0384351537621243,0.37695603199806665,0.889568709270206,5.0,2.0,1.2209545923076524,-1.4587292730429984,8.262563136880699,-1.2453148680873616
554,33.61619710144976,0.0684368429840029,0.03820407423026,0.3746908059345174,0.9183394090604396,5.0,2.0,1.2205942816920883,-1.4583689624274343,8.262923447496263,-1.2472022687066922
555,33.621741456752474,0.0873084607318871,0.03776171585625,0.3703544002692361,0.9248781243175658,5.0,2.0,1.2202391325682898,-1.4580138133036358,8.263278596620061,-1.2480255838411394
556,33.61645441933916,0.0253347668180979,0.0370664554684209,0.36353866916318994,0.9305566595937932,5.0,2.0,1.2202836799759076,-1.4580583607112536,8.263234049212445,-1.2480165010993898
557,33.6149294033516,-0.0212917447894003,0.0363711950805919,0.3567227623272827,0.9207577179953732,5.0,2.0,1.2220587406357712,-1.4598334213711173,8.261458988552581,-1.2497331745674853
558,33.61373601193371,0.0031760421768497,0.0345432094246978,0.3388014968696752,0.9113804605619188,5.0,2.0,1.2269208274790415,-1.4646955082143875,8.256596901709312,-1.2568786146750064
559,33.609654978415854,-0.0090682157208725,0.0326244237549764,0.3199888264743564,0.9003175608569776,5.0,2.0,1.2471726728627235,-1.4849473535980695,8.23634505632563,-1.2973021181053377
560,33.59707456030063,-0.0948784538071579,0.030592828060549797,0.30006883136939205,0.8863057401949301,5.0,2.0,1.2942837484323348,-1.5320584291676809,8.189233980756018,-1.4012606037359538
561,33.59590511419735,-0.0428969250220873,0.028414753604232304,0.2787112241665397,0.8712307162866442,5.0,2.0,1.3810015707761785,-1.6187762515115245,8.102516158412175,-1.6025313527675358
562,33.58020298446092,-0.1004304613986372,0.0262366791479149,0.25735229475583987,0.8137611314845854,5.0,1.65,1.521272877097704,-1.75904755783305,7.96224485209065,-1.9382968949219548
563,33.564454964817095,-0.1250197400566749,0.0240181520230036,0.23559541843572068,0.803064215352512,5.0,1.6369886444642405,1.7227164268581134,-1.9604911075934592,7.760801302330241,-2.430126805354091
564,33.55323351843786,-0.1400848294404943,0.0217967317066793,0.213809007082822,0.7823033293149423,5.0,1.5379745902378654,1.8900641357404295,-2.1278388164757756,7.593453593447925,-2.8647984840783782
565,33.55674636176806,-0.0612745158172419,0.0193192569873003,0.18951012193837308,0.7084974170573058,5.0,1.5478085532247734,2.049297670341172,-2.287072351076518,7.434220058847182,-3.2791550163689083
566,33.57328449877188,0.0900400222920978,0.0165096115291872,0.161951931734639,0.6858562083470258,5.0,1.5295419229847154,2.1220157246098394,-2.3597904053451852,7.361502004578514,-3.4697028952499833
567,33.57320826368646,0.0423074863933312,0.013699966071074,0.1343924630657698,0.6491634245581275,5.0,1.4766281885657928,2.2523141633425756,-2.4900888440779214,7.231203565845778,-3.8115240892925195
568,33.57336073897682,-0.0078138715336684,0.0111091042634459,0.10897807125492055,0.4754981050428726,5.0,1.5152760403771854,2.3878307667933845,-2.6256054475287303,7.095686962394969,-4.168326802295197
569,33.57186482669357,-0.0056998781794053,0.008529137096711,0.08366982046682721,0.417659632941555,5.0,1.4529827537804385,2.493754844174733,-2.7315295249100786,6.98976288501362,-4.44906895690729
570,33.565436556858835,-0.0416970353392442,0.0062410585623524,0.06122438703827288,0.3487872878830541,5.0,1.4217344131475547,2.634137148857005,-2.8719118295923507,6.849380580331348,-4.820643620939198
571,33.56025734387723,-0.0474010886644386,0.0043410993196577,0.04258605056884368,0.3237907666344696,5.0,1.3933619555271175,2.7360581538907036,-2.9738328346260494,6.74745957529765,-5.092951064976658
572,33.56788771435078,0.0139156428161347,0.002441140076963,0.023947560370413724,0.2348147669441911,5.0,1.3609247339831414,2.8176936456530264,-3.055468326388372,6.665824083535327,-5.312270945213505
573,33.57449398653973,0.0537330896402519,0.0007040093773295,0.006906331421105772,0.2035873091846645,5.0,1.3744225455830201,2.88598670389352,-3.1237613846288657,6.597531025294834,-5.496767485109428
574,33.576278834203464,0.0434252012765838,-0.0010256853030363,-0.010061971058536078,0.1704003959330346,5.0,1.3566561361787692,2.939745510759798,-3.1775201914951436,6.543772218428556,-5.642899851001248
575,33.57336809371367,-0.0084824742318026,-0.002500812651919,-0.024532946543537427,0.1626783262479726,5.0,1.3140249365948224,3.0058653213127684,-3.243640002048114,6.477652407875585,-5.822720676735189
576,33.579180657791234,0.0433185748170441,-0.0036353196282145005,-0.0356624070029498,0.1426656610864348,5.0,1.267874923689388,3.0637855851411118,-3.3015602658764576,6.4197321440472415,-5.981045356911307
577,33.58324473296909,0.0556941996768264,-0.0047698266045099,-0.046791821561065254,0.1102206467363459,5.0,1.3077409924301115,3.1002209727664027,-3.3379956535017485,6.3832967564219505,-6.08151400709396
578,33.58970251356627,0.0694227037455104,-0.0051200593571289,-0.05022756284010456,0.0612989283882432,5.0,1.3008155617355248,3.1173577450895373,-3.355132425824883,6.366159984098816,-6.129205003362323
579,33.58848323579935,0.0027433078964194,-0.0054105727574455,-0.053077459782097304,0.0577849956098794,5.0,1.31435896479569,3.1506681346080883,-3.388442815343434,6.332849594580265,-6.221286137976234
580,33.58500923599286,-0.0446554794709303,-0.0060735812640513,-0.05958146588804795,0.0242443865739157,5.0,1.318473186013299,3.177168303619045,-3.414942984354391,6.306349425569309,-6.294700009429375
581,33.589112328644504,0.0124966350129817,-0.0072297750291432,-0.07092347517462544,-0.0061575045383918,5.0,1.3178189627477623,3.208677478692178,-3.446452159427524,6.274840250496175,-6.38183631948421
582,33.59602355856811,0.0457514449140071,-0.0083859687942351,-0.08226538965184504,-0.0650408923125361,5.0,1.252819717004371,3.2446441797054018,-3.4824188604407476,6.2388735494829515,-6.481503017289771
583,33.59601976559024,-0.0009728362207279,-0.01004720214488,-0.09856139478753305,-0.0813003258056816,5.0,1.2189288346563072,3.2828496469116444,-3.52062432764699,6.200668082276708,-6.587761395046453
584,33.61332535707759,0.10968932167986,-0.0117467569312358,-0.11523303535609321,-0.0993208875391126,5.0,1.2016396302058328,3.3052068300821467,-3.5429815108174925,6.178310899106206,-6.651390305616987
585,33.61607431167936,0.0704877051355349,-0.013094649402612898,-0.12845483954433204,-0.1070447296232771,5.0,1.2098593587375992,3.3232737446029055,-3.5610484253382513,6.160243984585447,-6.703459767660198
586,33.60360468261652,-0.0702203021124162,-0.0140349479017624,-0.13767831883865347,-0.1228441956265212,5.0,1.2161095487200793,3.341140726399871,-3.578915407135217,6.142377002788481,-6.755336684225477
587,33.60883200895444,0.0012405988492278,-0.0149752464009118,-0.146901676403146,-0.1351782627837211,5.0,1.1374412532726388,3.3651495979241166,-3.6029242786594624,6.118368131264236,-6.825064826084312
588,33.608143049679306,0.0164363216912715,-0.015021544350446902,-0.14735580820435917,-0.1230195526583041,4.5,1.20290200354726,3.393424725360221,-3.631199406095567,6.090093003828132,-6.907254076766641
589,33.60862959703372,0.0269282799930393,-0.0149962513717062,-0.14710771202948497,-0.120302874341952,4.35483870967742,0.891388920305467,3.33566414942603,-3.573438830161376,6.147853579762323,-6.7356437841280945
590,33.60585488935858,-0.0290378303056069,-0.014949494848752201,-0.14664908195358484,-0.1172626030409855,4.374389051808407,0.8056382523875785,3.3386654241269533,-3.576440104862299,6.1448523050614,-6.6818008853609205
591,33.616222863228394,0.0466422318151902,-0.0148769599682586,-0.1459375939024505,-0.1059996753706135,4.296187683284458,0.854362322343932,3.3598148500972154,-3.597589530832561,6.123702879091138,-6.724282572066123
592,33.6068430715418,-0.0294289085724217,-0.014804425087764998,-0.1452261050834934,-0.104323868195667,4.13978494623656,0.7328665668427352,3.3662362302216593,-3.604010910957005,6.117281498966695,-6.740699596199093
593,33.60751963059336,-0.0180914697852422,-0.01486308771043,-0.14580152209847516,-0.1010366316501477,3.7781036168132935,0.6113708113415384,3.3771242632654084,-3.614898944000754,6.106393465922946,-6.759087754854336
594,33.60045467365087,-0.0637857276279737,-0.0149324591100623,-0.14648198001009072,-0.0907965743393215,3.2781036168132935,0.47383175902523567,3.379091486429429,-3.616866167164775,6.104426242758926,-6.761097165982587
595,33.60844251280096,0.0146984833883799,-0.0151820964559123,-0.1489306447576832,-0.0843445621699874,2.7781036168132935,-0.026168240974764334,3.365520320165198,-3.6032950009005438,6.117997409023157,-6.695258117972923
596,33.60966428302471,0.0401463472446607,-0.0156664099118544,-0.15368119456209997,-0.0780381443305064,2.3802541544477025,-0.3306787207091936,3.2410848401472254,-3.478859520882571,6.24243288904113,-6.2150806605342055
597,33.59398710452802,-0.0631408218462625,-0.0161507233677964,-0.1584317083191287,-0.0737710686737255,1.989247311827957,-0.5022658472630215,3.190435139343319,-3.428209820078665,6.293082589845036,-6.019415706377128
598,33.594516054136754,-0.0355015712128873,-0.0166350368237385,-0.16318218491449313,-0.0686594329638674,1.489247311827957,-0.5658821467884692,3.156220296022445,-3.393994976757791,6.32729743316591,-5.889786525166596
599,33.584256613276445,-0.0956168389316679,-0.0171193502796805,-0.16793262323392175,-0.0629770739841099,0.989247311827957,-0.5658821467884692,3.0898732373290247,-3.3276479180643705,6.39364449185933,-5.646369758167218
