t,vEgo,aEgo,roll,rollLateralAcceleration,targetLateralAcceleration,currentLateralAcceleration,steerCommand,gain,lag,error,lookahead_target
20,1.948954902521127,-0.1096147945162907,0.0144445799285107,0.1416964015834578,0.003129084115291,0.003129084115291,-0.1231992156728411,1.0183641373277466,3,-3.4804325582899875e-05,0.0031253782480087
21,1.9428132928053927,-0.0780709892379304,0.0145822217159531,0.1430465253104978,0.0032025060033858,0.0032025060033858,-0.1242323991208939,1.017565728064701,3,7.342188809479969e-05,0.0031132220217808
22,1.934385539676429,-0.0795736506869394,0.0147198635033955,0.14439664632748395,0.0031644547724533,0.0031644547724533,-0.1261878526047251,1.0164701201579358,3,-3.80512309325e-05,0.0031175429082422
23,1.9251846758796347,-0.0910495897145498,0.014983996504036897,0.1469875052843716,0.0031253782480087,0.0031253782480087,-0.1282204064609682,1.0152740078643525,3,-3.907652444460003e-05,0.0031300076339414
24,1.922925888628929,-0.0465879537432361,0.015261755070500002,0.14971200523448622,0.0031132220217808,0.0031132220217808,-0.1297316167367443,1.0149803655217609,3,-1.215622622789984e-05,0.0031449272716614
25,1.92268800364702,-0.0150737619644816,0.0154697190492972,0.15175189102460726,0.0031175429082422,0.0031175429082422,-0.1305239031818761,1.0149494404741126,3,4.320886461399876e-06,0.0031818137599512
26,1.9278680162269,0.0252883330867224,0.0155799984193258,0.15283360127337506,0.0031300076339414,0.0031300076339414,-0.1313130291937852,1.015622842109497,3,1.2464725699200176e-05,0.0032320771585072
27,1.937666282758004,0.070984572361458,0.0156902777893544,0.153915309663451,0.0031449272716614,0.0031449272716614,-0.1320707434871975,1.0168966167585405,3,1.4919637720000028e-05,0.0033057671111433
28,1.9525272323929463,0.1175873789348268,0.0157986850544901,0.1549786531248857,0.0031818137599512,0.0031818137599512,-0.1328157463598005,1.018828540211083,3,3.688648828979995e-05,0.0033760334218138
29,1.971518166184756,0.1667780417919978,0.0159068804879858,0.15603991695950553,0.0032320771585072,0.0032320771585072,-0.1336574385858837,1.0212973616040184,3,5.026339855599988e-05,0.0034284353910437
30,1.997577946580713,0.2260513986903526,0.0160310358655086,0.15725772592043621,0.0033057671111433,0.0033057671111433,-0.1346617082729003,1.0246851330554927,3,7.368995263610026e-05,0.00347745029408
31,2.020547047376493,0.2272503178085375,0.0161770901313587,0.15869033248037837,0.0033760334218138,0.0033760334218138,-0.1356798510454581,1.027671116158944,3,7.02663106705e-05,0.0035393939774875
32,2.040586045996648,0.2117401987387625,0.0163231443972088,0.16012293565516245,0.0034284353910437,0.0034284353910437,-0.1367156190085065,1.0302761859795644,3,5.2401969229899995e-05,0.0036371770625042
33,2.0574469237547293,0.1836264869921268,0.0164711791491884,0.1615749613480523,0.00347745029408,0.00347745029408,-0.13774174980571,1.0324681000881148,3,4.901490303629982e-05,0.0037266818687382
34,2.079398524624226,0.2083508909482062,0.0166194325327131,0.1630291279794106,0.0035393939774875,0.0035393939774875,-0.1389126863277749,1.0353218082011495,3,6.194368340749993e-05,0.0038382543938343
35,2.1084411296828893,0.2629762515173698,0.016791562745545,0.16471748974916747,0.0036371770625042,0.0036371770625042,-0.1403335389195932,1.0390973468587756,3,9.77830850167e-05,0.0039763021951172
36,2.137726390420104,0.284993534507212,0.016997274528287,0.16673523434633442,0.0037266818687382,0.0037266818687382,-0.141736242181457,1.0429044307546136,3,8.950480623399993e-05,0.004164735055118
37,2.171785568222265,0.3260357973433804,0.017202986311029,0.1687529718877102,0.0038382543938343,0.0038382543938343,-0.1428767838701342,1.0473321238688944,3,0.00011157252509610017,0.0043929459421316
38,2.213482926159296,0.3868536113629017,0.0173756894443264,0.1704469364107569,0.0039763021951172,0.0039763021951172,-0.1439488769746074,1.0527527804007084,3,0.00013804780128290036,0.0047070525772599
39,2.267287662400132,0.4965783860548456,0.0175446528619289,0.17210421488642338,0.004164735055118,0.004164735055118,-0.1453079846663348,1.0597473961120172,3,0.0001884328600007994,0.0051285569723778
40,2.330778612963742,0.5986928395156805,0.0177576402750124,0.1741932959224184,0.0043929459421316,0.0043929459421316,-0.1470808950593076,1.0680012196852866,3,0.00022821088701360012,0.0056436058991245
41,2.413638100857794,0.7575051221271364,0.0180372684501741,0.17693600898180442,0.0047070525772599,0.0047070525772599,-0.1487673057023937,1.0787729531115133,3,0.0003141066351283004,0.0060450177847365
42,2.516134748490515,0.9346159064381212,0.0183168966253358,0.17967870820622484,0.0051285569723778,0.0051285569723778,-0.150450641712259,1.0929042547282928,3,0.00042150439511789983,0.0067117340596336
43,2.63586319660194,1.1068496851009764,0.0186065244615055,0.18251947308465558,0.0056436058991245,0.0056436058991245,-0.152220083168802,1.1144553753883493,3,0.0005150489267466999,0.0074623149819574
44,2.7708114864115005,1.2605919740874096,0.0188972665446333,0.18537115146367913,0.0060450177847365,0.0060450177847365,-0.1536406614595329,1.1387460675540702,3,0.00040141188561200036,0.0082792816168626
45,2.9193120437913453,1.408106792087235,0.0191677046086171,0.1880236683728507,0.0067117340596336,0.0067117340596336,-0.1547777071426734,1.1654761678824421,3,0.0006667162748970994,0.0089087458525533
46,3.07418022115199,1.512484164412534,0.0194079891356247,0.19038042112835943,0.0074623149819574,0.0074623149819574,-0.1558606324929767,1.1933524398073583,3,0.0007505809223238005,0.009865200371039
47,3.242110315971776,1.6080699799065756,0.0196482736626323,0.19273716289193973,0.0082792816168626,0.0082792816168626,-0.1581664099996683,1.2235798568749197,3,0.0008169666349052002,0.0109128069860218
48,3.406360862764469,1.6437242182924447,0.0200383935946991,0.19656348595518483,0.0089087458525533,0.0089087458525533,-0.1603529560134853,1.2531449552976044,3,0.0006294642356906993,0.0119372596497941
49,3.576533919126697,1.6797044523636255,0.0204459474148276,0.2005607698286642,0.009865200371039,0.009865200371039,-0.1620280180691794,1.2898988189729412,3,0.0009564545184856995,0.0126378148878794
50,3.741856512656085,1.66022379822712,0.0207920940946673,0.20395574693597426,0.0109128069860218,0.0109128069860218,-0.1630673625067601,1.3328826932905822,3,0.0010476066149828003,0.0139167236496478
51,3.907238978553413,1.6690092616293457,0.0210480846798114,0.2064664650611068,0.0119372596497941,0.0119372596497941,-0.1643399296993246,1.3758821344238874,3,0.0010244526637722996,0.0152209326651358
52,4.085418379257805,1.733014131719025,0.0213040752649556,0.20897716965624938,0.0126378148878794,0.0126378148878794,-0.165984490278009,1.4222087786070294,3,0.0007005552380853,0.0166146688819763
53,4.263355244830756,1.7662772439448329,0.0216707397455292,0.21257331784436792,0.0139167236496478,0.0139167236496478,-0.1677030389352192,1.4684723636559966,3,0.0012789087617684006,0.0173179334835507
54,4.442791046729482,1.7857354332199606,0.0220505374060741,0.21629824264712363,0.0152209326651358,0.0152209326651358,-0.168868137724663,1.5151256721496653,3,0.0013042090154880004,0.0188130588366087
55,4.626209875703469,1.8197278458746904,0.0223630976054546,0.21936370218066126,0.0166146688819763,0.0166146688819763,-0.1698279738701491,1.5476693825984857,3,0.0013937362168405,0.0195533490596943
56,4.806813080633699,1.821649349919408,0.022576774261565,0.22145934101984574,0.0173179334835507,0.0173179334835507,-0.1702051142929738,1.572953831288718,3,0.0007032646015744,0.0208559484907601
57,4.988843820235863,1.804440645264452,0.0227904509176754,0.22355496974770317,0.0188130588366087,0.0188130588366087,-0.1709911567669227,1.5984381348330208,3,0.0014951253530579994,0.0207283669405149
58,5.160119337048958,1.7464306840467942,0.0229834948477469,0.22544823473161188,0.0195533490596943,0.0195533490596943,-0.171347455376926,1.622416707186854,3,0.0007402902230855997,0.0221048158343944
59,5.329709378852144,1.7024496551293835,0.0231741440678608,0.2273180055177726,0.0208559484907601,0.0208559484907601,-0.1728804465377243,1.6461593130393,3,0.0013025994310657991,0.0225830608940309
60,5.487835096329485,1.631800119096485,0.0233820816033109,0.22935732008984613,0.0207283669405149,0.0207283669405149,-0.1735004404422829,1.6682969134861279,3,-0.00012758155024519824,0.0228717460757535
61,5.635446687746674,1.5480085410973852,0.0236160009964428,0.23165143577445757,0.0221048158343944,0.0221048158343944,-0.1747785526587283,1.6848991356521341,3,0.0013764488938795005,0.0240606405792871
62,5.781380659868567,1.4776258360212375,0.0238499203895747,0.2339455387835003,0.0225830608940309,0.0225830608940309,-0.1750592246312803,1.7009518725855424,3,0.00047824505963649927,0.021388664468733
63,5.911633538796764,1.3532770521848172,0.0239249616988646,0.2346814840087355,0.0228717460757535,0.0228717460757535,-0.1745519953450128,1.715279689267644,3,0.0002886851817225991,0.0226340215532022
64,6.040506684881534,1.303209538407084,0.023982007116898,0.2352409390220998,0.0240606405792871,0.0240606405792871,-0.1772340388179412,1.7294557353369688,3,0.0011888945035335996,0.0227502300831258
65,6.175165779880919,1.343059460543775,0.0240900056873774,0.23630009897029244,0.021388664468733,0.021388664468733,-0.1775812868406988,1.744268235786901,3,-0.0026719761105541,0.0230320419479813
66,6.320710596497388,1.4185226074640775,0.0242727952837112,0.23809274066533564,0.0226340215532022,0.0226340215532022,-0.1787538284107185,1.7602781656147128,3,0.0012453570844692015,0.0184276176447464
67,6.466205966547711,1.4311442168944732,0.024455584880045,0.23988537440521548,0.0227502300831258,0.0227502300831258,-0.1796756868535573,1.7762826563202483,3,0.00011620852992360112,0.0101409696094264
68,6.608931741662429,1.429522011151013,0.0246202640530115,0.24150039075964566,0.0230320419479813,0.0230320419479813,-0.1841484674852688,1.790893174166243,3,0.0002818118648554996,0.0113557190064019
69,6.75659465271886,1.4566596125700264,0.024782893887946,0.24309530273272995,0.0184276176447464,0.0184276176447464,-0.1926074581642578,1.805659465271886,3,-0.004604424303234902,0.0111988648146941
70,6.905452941030528,1.48071084519672,0.025128362425766,0.246483293805798,0.0101409696094264,0.0101409696094264,-0.1962362719364369,1.8205452941030527,3,-0.00828664803532,0.0075547224791037
71,7.051698677091987,1.476833440028026,0.0257682512984049,0.2527585710048642,0.0113557190064019,0.0113557190064019,-0.2008589069045387,1.8351698677091985,3,0.0012147493969755004,0.0035971164477666
72,7.1976595958616745,1.4559590835131944,0.0264081401710438,0.25903374470997326,0.0111988648146941,0.0111988648146941,-0.2105699280862484,1.8497659595861673,3,-0.00015685419170780035,0.0023145139623424
73,7.341507350630167,1.4386747916872968,0.0274073688767251,0.26883262950461256,0.0075547224791037,0.0075547224791037,-0.2207865877295403,1.8641507350630167,3,-0.0036441423355903996,-0.0006401706355396
74,7.486982702706414,1.4488690222927891,0.028448893549947,0.27904600167658167,0.0035971164477666,0.0035971164477666,-0.2294196390802667,1.8786982702706414,3,-0.0039576060313371,-0.0100925727986934
75,7.628068776231114,1.4286330450401532,0.029543094895584997,0.2897756042096068,0.0023145139623424,0.0023145139623424,-0.2397887582731974,1.8595089958030218,3,-0.0012826024854241998,-0.0167368624630822
76,7.768635086038536,1.4109154918559554,0.030714600947479596,0.3012628621840591,-0.0006401706355396,-0.0006401706355396,-0.2548119441164234,1.837018386233834,3,-0.002954684597882,-0.0157504344966306
77,7.90371576814007,1.3773428423870209,0.0318861069993742,0.3127497066974444,-0.0100925727986934,-0.0100925727986934,-0.2666823671667007,1.8154054770975887,3,-0.0094524021631538,-0.0186301554413491
78,8.042249572911135,1.3757137222581195,0.0329036962473347,0.3227270192552654,-0.0167368624630822,-0.0167368624630822,-0.2729607449136669,1.7932400683342182,3,-0.006644289664388799,-0.0265315363889238
79,8.180892375800235,1.3668201162594005,0.03390825087505759,0.332576201540177,-0.0157504344966306,-0.0157504344966306,-0.2809334126470275,1.7710572198719623,3,0.0009864279664516008,-0.0350142878894988
80,8.318965253058384,1.378456016327016,0.0347618382731774,0.3409449582933187,-0.0186301554413491,-0.0186301554413491,-0.290905001437642,1.7489655595106586,3,-0.0028797209447185,-0.0371005859342295
81,8.451641476844753,1.3625000880667784,0.0353912757968998,0.3471159420711813,-0.0265315363889238,-0.0265315363889238,-0.3012593112079109,1.7277373637048397,3,-0.007901380947574702,-0.0366584319231014
82,8.58803079461465,1.3643738106229693,0.0360207133206222,0.3532867883246292,-0.0350142878894988,-0.0350142878894988,-0.3061203460142443,1.6856679901002867,3,-0.008482751500574998,-0.0368284932317078
83,8.713583067148306,1.2901135550565566,0.0365167202406026,0.358149416207374,-0.0371005859342295,-0.0371005859342295,-0.3090978607225138,1.6367026038121606,3,-0.0020862980447306986,-0.0367727982373871
84,8.843070871561457,1.286947526795987,0.0370013738127582,0.36290065589247444,-0.0366584319231014,-0.0366584319231014,-0.3132330541999551,1.5862023600910318,4,0.0004421540111280986,-0.0357133396036206
85,8.965886629016074,1.2314047569110975,0.0375901541477763,0.3686725742734511,-0.0368284932317078,-0.0368284932317078,-0.3182763099752415,1.5383042146837311,4,-0.00017006130860640345,-0.0356634420151763
86,9.093374692520172,1.2433195384820184,0.0383342542743741,0.37596693713027624,-0.0367727982373871,-0.0367727982373871,-0.3232438360356793,1.488583869917133,4,5.569499432070413e-05,-0.0356782505024361
87,9.21120576756404,1.1921211242195524,0.039078354400972,0.3832610918198589,-0.0366141523643366,-0.0366141523643366,-0.3297865330302231,1.4426297506500243,4,0.00015864587305049888,-0.0377993804026482
88,9.339076313202366,1.2399026787096423,0.0401283228089064,0.3935532049497528,-0.0357133396036206,-0.0357133396036206,-0.3370895135544793,1.3927602378510775,4,0.000900812760715998,-0.0379976799890848
89,9.465694583379692,1.258657940938649,0.0412038041110352,0.4040949534088421,-0.0356634420151763,-0.0356634420151763,-0.3432939014395164,1.34337911248192,4,4.989758844430037e-05,-0.0397490310910583
90,9.601727491189616,1.3297872134115285,0.042116698635197,0.4130426780303246,-0.0356782505024361,-0.0356782505024361,-0.3493130376144477,1.3259309003524153,4,-1.4808487259800052e-05,-0.0410277505936234
91,9.72368436928171,1.2481496793863152,0.0427883613151543,0.41962575227390614,-0.0377993804026482,-0.0377993804026482,-0.3539851037321048,1.3210526252287316,4,-0.0021211299002120987,-0.0430843211005866
92,9.8297736699534,1.1173840668016028,0.0434600239951117,0.426208637211413,-0.0379976799890848,-0.0379976799890848,-0.3542088234466428,1.3168090532018641,4,-0.00019829958643659967,-0.0450429629879878
93,9.956650024831925,1.2377967142593136,0.0433273357108763,0.42490819048342743,-0.0397490310910583,-0.0397490310910583,-0.3535905378689811,1.3117339990067232,4,-0.0017513511019734973,-0.0464547804104849
94,10.078865684881348,1.2101123009517067,0.0431209253146098,0.422885195778177,-0.0410277505936234,-0.0410277505936234,-0.3535602059638448,1.3068453726047462,4,-0.0012787195025651052,-0.0476468414572948
95,10.203083600496786,1.220560193638838,0.0429219191131978,0.4209347513215798,-0.0430843211005866,-0.0430843211005866,-0.3535341598680065,1.3018766559801287,4,-0.002056570506963201,-0.0462263984509953
96,10.329924504697242,1.2253249368755466,0.0427338516324426,0.41909150110138255,-0.0450429629879878,-0.0450429629879878,-0.353131783316453,1.2968030198121103,4,-0.001958641887401198,0.0
97,10.449945050083048,1.211406736887663,0.0425457841516874,0.4172482360581799,-0.0464547804104849,-0.0464547804104849,-0.3563630401301619,1.292002197996678,4,-0.0014118174224970956,0.0
98,10.585041446562355,1.2983246451304733,0.0429159468923352,0.42087621778673023,-0.0476468414572948,-0.0476468414572948,-0.3580821353674587,1.3061578748468476,4,-0.0011920610468099044,0.0
99,10.71593269477852,1.2946451674334052,0.0433332599980322,0.42496625319095976,-0.0462263984509953,-0.0462263984509953,-0.3582688556700152,1.3310272120079187,4,0.001420443006299503,0.0
100,10.825648554539075,1.1779902922682264,0.0433700837443292,0.42532715474302923,0.0,-0.04398826979472137,-0.2855936346393784,1.3518732253624244,4,0.0462263984509953,0.0
101,10.944339130439404,1.1974639606151507,0.04282683524809739,0.4200028357910789,0.0,-0.03421309872922773,-0.2696991174557446,1.3744244347834869,4,0.04398826979472137,0.0
102,11.068287420469506,1.2321778877745224,0.0422835867518656,0.4146783928883448,0.0,0.014662756598240456,-0.2533482670401311,1.397974609889206,4,0.03421309872922773,0.0
103,11.19025320309082,1.2322241341284397,0.0408627336667735,0.40075186876721636,0.0,0.08308895405669592,-0.23760143388703214,1.421148108587256,4,-0.014662756598240456,0.0
104,11.311352708879552,1.2047733379113506,0.0393665777248435,0.38608638800291434,0.0,0.14173998044965774,-0.23381586969567378,1.4441570146871148,3,-0.08308895405669592,0.0
105,11.433149165366386,1.213307862411972,0.0377950379809626,0.370681057070717,0.0,0.17106549364613866,-0.21816656768476056,1.4672983414196132,3,-0.14173998044965774,0.0
106,11.55688089402136,1.2216275418596731,0.0361112570598863,0.35417444478153365,0.0,0.20039100684261957,-0.2028744631282447,1.4908073698640583,3,-0.17106549364613866,0.0
107,11.680985826300208,1.227017796167048,0.0344274761388099,0.3376668283661757,0.0,0.21994134897360684,-0.1892591661471144,1.5143873069970395,3,-0.20039100684261957,0.0
108,11.7948089186916,1.1663607572895929,0.0326373375043744,0.32011544291705896,0.0,0.20039100684261957,-0.1780344918358796,1.536013694551404,3,-0.21994134897360684,0.0
109,11.910247204712157,1.1484963015230572,0.0308353393219621,0.30244674478880135,0.0,0.21994134897360684,-0.16708827048075547,1.5579469688953098,3,-0.20039100684261957,0.0
110,12.036405523324625,1.2239837488519918,0.029220435215843703,0.28661167894603384,0.0,0.22971652003910048,-0.16104099648278397,1.5819170494316788,3,-0.21994134897360684,0.0
111,12.154357215318134,1.1848835067460703,0.027879597011368704,0.2734634175624112,0.0,0.21994134897360684,-0.15583757967516784,1.6043278709104454,3,-0.22971652003910048,0.0
112,12.266021675171256,1.145537666874152,0.026538758806893704,0.26031466453345264,0.0,0.21994134897360684,-0.15158769240584224,1.6255441182825385,3,-0.21994134897360684,0.0
113,12.381319957063017,1.1553835680224676,0.025971675838242697,0.254753497993583,0.0,0.2101661779081132,-0.14842256040180513,1.6474507918419732,3,-0.21994134897360684,0.0
114,12.498260196444877,1.1670115852324812,0.0254884449784946,0.25001457240809893,0.0,0.21994134897360684,-0.14531333747129108,1.6696694373245264,3,-0.2101661779081132,0.0
115,12.6083025605615,1.1204792204949108,0.0251211417970716,0.2464124817943395,0.0,0.16129032258064502,-0.1437928268747623,1.68299630726738,3,-0.21994134897360684,0.0
116,12.72340833191942,1.156059586019941,0.0249280520711571,0.24451886466116693,0.0,0.16129032258064502,-0.14233208874415032,1.6968089998303302,3,-0.16129032258064502,0.0
117,12.830307328009644,1.1007497758341005,0.0247349623452425,0.2426252384114396,0.0,0.17106549364613866,-0.14209884010343626,1.7096368793611572,3,-0.16129032258064502,0.0
118,12.94079221983228,1.111628169560861,0.024671493258549,0.24200279664176264,0.0,0.1808406647116323,-0.1434907654851454,1.7228950663798737,3,-0.17106549364613866,0.0
119,13.059158255188768,1.1634503004142256,0.0246212815261209,0.24151036914572352,0.0,0.20039100684261957,-0.1447825371607819,1.7370989906226522,3,-0.1808406647116323,0.0
120,13.179729027338952,1.186488788894411,0.0247667946377677,0.2429374175552788,0.0,0.24926686217008776,-0.14586658798862465,1.7515674832806742,3,-0.20039100684261957,0.0
121,13.300228915077971,1.1919063484718209,0.0252034359547586,0.24721953192542845,0.0,0.23949169110459412,-0.14691506223576692,1.7660274698093565,3,-0.24926686217008776,0.0
122,13.410405656262572,1.1429139898975471,0.025640077271749502,0.2515015991617809,0.0,0.27859237536656867,-0.1476124825844557,1.7792486787515087,3,-0.23949169110459412,0.0
123,13.524440483923955,1.1383998796971064,0.0260473053351134,0.2554951724179743,0.0,0.24926686217008776,-0.14863478961744073,1.7804682112696575,3,-0.27859237536656867,0.0
124,13.636355608254933,1.1273596038331408,0.0264512021956138,0.2594560356371156,0.0,0.23949169110459412,-0.1535216711285785,1.7368213127805763,3,-0.24926686217008776,0.0
125,13.737022522353652,1.0459746011684452,0.0267758104157615,0.2626393146056229,0.0,0.2590420332355814,-0.15981048745565646,1.697561216282076,3,-0.23949169110459412,0.0
126,13.833869531523924,0.9865809605222766,0.0269797784185435,0.26463951800260654,0.0,0.2590420332355814,-0.16641384288366565,1.6597908827056698,3,-0.2590420332355814,0.0
127,13.934050049211947,0.99386078261526,0.0271837464213254,0.2666397103898056,0.0,0.26881720430107503,-0.17678732020171928,1.6207204808073405,3,-0.2590420332355814,0.0
128,14.032414459081563,0.993657864710128,0.027657765097456596,0.2712880854598556,0.0,0.24926686217008776,-0.19270819623580177,1.5823583609581904,3,-0.26881720430107503,0.0
129,14.121246709049617,0.938920731986526,0.028159907002124698,0.27621217917432206,0.0,0.24926686217008776,-0.20891649926503125,1.5477137834706496,3,-0.24926686217008776,0.0
130,14.210560566106611,0.8951384769752401,0.0292113744329023,0.28652283059797173,0.0,0.22971652003910048,-0.21944892693848608,1.5128813792184215,3,-0.24926686217008776,0.0
131,14.290778626186045,0.8215924455671839,0.0310889451493409,0.3049334255388926,0.0,0.22971652003910048,-0.2291764110356594,1.4815963357874424,3,-0.22971652003910048,0.0
132,14.368383721673547,0.7927082571446973,0.0329665158657795,0.3233429455069247,0.0,0.23949169110459412,-0.23755999253594426,1.4513303485473166,3,-0.22971652003910048,0.0
133,14.43223192001104,0.6949120486665433,0.0338495009252654,0.3320001952546994,0.0,0.1808406647116323,-0.24289898041324487,1.4264295511956944,3,-0.23949169110459412,0.0
134,14.523691967058433,0.8424260281824579,0.0346192420352812,0.3395469308393497,0.0,0.20039100684261957,-0.2501381859783282,1.3919447312001327,3,-0.1808406647116323,0.0
135,14.61417457344661,0.8569066133965826,0.0351528078679579,0.3447780267680899,0.0,0.20039100684261957,-0.26708228461002353,1.3611806450281527,4,-0.20039100684261957,0.0
136,14.692560950294116,0.8542001918287782,0.0353262342805039,0.34647828361675664,0.0,0.2101661779081132,-0.27732197745333675,1.3345292769000006,4,-0.20039100684261957,0.0
137,14.778094854946705,0.8793283973807164,0.0354996606930499,0.3481785300444929,0.0,0.20039100684261957,-0.28683334987121567,1.3054477493181202,4,-0.2101661779081132,0.0
138,14.854564742369629,0.7999225725519332,0.0362505827116628,0.3555403349210977,0.0,0.15151515151515138,-0.29606325062303207,1.279447987594326,4,-0.20039100684261957,0.0
139,14.928713952874244,0.7685366125436958,0.0370673293896004,0.3635472364410645,0.0,0.14173998044965774,-0.30360741573587746,1.254237256022757,4,-0.15151515151515138,0.0
140,15.001689469284862,0.7432259431928405,0.0377351829657508,0.37009429803927973,0.0,0.12218963831867047,-0.31115777897176045,1.2294255804431469,4,-0.14173998044965774,0.0
141,15.076419846682132,0.7476718241010424,0.0381790962897192,0.37444595101875544,0.0,0.09286412512218956,-0.31894170898344454,1.2040172521280752,4,-0.12218963831867047,0.0
142,15.150044257455416,0.7433194807559251,0.0386230096136876,0.378797530210273,0.0,0.08308895405669592,-0.3266182958279239,1.1789849524651583,4,-0.09286412512218956,0.0
143,15.227723265603274,0.7544503723345864,0.038826852735264,0.38079573202072736,0.0,0.1026392961876832,-0.33502816939475283,1.152574089694887,4,-0.08308895405669592,0.0
144,15.303902854963294,0.7475344255135276,0.0390053365978911,0.382545333021757,0.0,0.15151515151515138,-0.34178762394488216,1.12667302931248,4,-0.1026392961876832,0.0
145,15.375598290764026,0.7290943672298373,0.0391548888099061,0.3840113200392791,0.0,0.15151515151515138,-0.34816773214659774,1.102296581140231,4,-0.15151515151515138,0.0
146,15.448573267320196,0.7304282118823027,0.0392637120974986,0.38507805598093586,0.0,0.1319648093841641,-0.35619303656106205,1.0774850891111334,4,-0.15151515151515138,0.0
147,15.513601007890944,0.6755726257022042,0.039372535385091,0.3861447873623017,0.0,0.07331378299120228,-0.3632970173392256,1.0613601007890945,4,-0.1319648093841641,0.0
148,15.578916195187968,0.6516551389405045,0.0392642060225811,0.3850828976514951,0.0,0.07331378299120228,-0.3627570552206068,1.0678916195187969,4,-0.07331378299120228,0.0
149,15.642336466788148,0.6371181520314475,0.0391317090530916,0.38378410080854236,0.0,0.053763440860215006,-0.36597528572040566,1.074233646678815,4,-0.07331378299120228,0.0
150,15.705871060242972,0.6411266557775471,0.0391325848439759,0.38379268573976116,0.0,0.053763440860215006,-0.36958529693140935,1.080587106024297,4,-0.053763440860215006,0.0
151,15.757620471827778,0.5473843639933216,0.0393158321331132,0.3855889589395379,0.0,0.03421309872922773,-0.3719958105893537,1.0857620471827778,4,-0.053763440860215006,0.0
152,15.826435334579076,0.6269848722019778,0.0394990794222505,0.38738521919140345,0.0,0.024437927663734094,-0.37165952156947074,1.0926435334579077,4,-0.03421309872922773,0.0
153,15.89253891993642,0.6436047093267672,0.0400864706831807,0.39314296577375263,0.0,0.024437927663734094,-0.3714190102838251,1.099253891993642,4,-0.024437927663734094,0.0
154,15.958187223000854,0.6503966146774542,0.0407216619453745,0.39936910644024215,0.0,-0.004887585532746819,-0.3651113440654085,1.1058187223000855,4,-0.024437927663734094,0.0
155,16.01923414939328,0.6301465134878463,0.0411838054368101,0.40389893284891354,0.0,0.004887585532746819,-0.3584218358812176,1.111923414939328,4,0.004887585532746819,0.0
156,16.078107174703625,0.6100584966347024,0.0414074864554794,0.40609137289094194,0.0,-0.024437927663734094,-0.3499628167302057,1.1178107174703624,4,-0.004887585532746819,0.0
157,16.134754429647266,0.5831714458655799,0.0416311674741488,0.40828379261492137,0.0,-0.04398826979472137,-0.3390851794379468,1.1234754429647267,4,0.024437927663734094,0.0
158,16.188745580092498,0.5536367791720179,0.0411683006681228,0.4037469599916769,0.0,-0.053763440860215006,-0.3283935658456078,1.1288745580092496,4,0.04398826979472137,0.0
159,16.246783386451046,0.5615721181329961,0.040636833898895,0.39853763174186685,0.0,-0.053763440860215006,-0.3214928585967678,1.1346783386451045,4,0.053763440860215006,0.0
160,16.297765062367024,0.5203285867425654,0.0398874554777512,0.39119218725714017,0.0,-0.053763440860215006,-0.3152801608694236,1.1397765062367022,4,0.053763440860215006,0.0
161,16.362177459107667,0.6144172950813717,0.038842985199656,0.38095387217182114,0.0,-0.06353861192570864,-0.30873307386716264,1.1462177459107665,4,0.053763440860215006,0.0
162,16.415328473100846,0.5533896763808228,0.0377985149215608,0.37071514149704193,0.0,-0.06353861192570864,-0.3025174297355405,1.1515328473100845,4,0.06353861192570864,0.0
163,16.467316446047548,0.5481855164028235,0.037194200348210596,0.36479098267884597,0.0,-0.07331378299120228,-0.2963886029481845,1.1567316446047546,4,0.06353861192570864,0.0
164,16.52661501046811,0.5612440301668543,0.0366390756856829,0.3593489202414971,0.0,-0.06353861192570864,-0.29141712746102955,1.1717106046059682,4,0.07331378299120228,0.0
165,16.571772581025545,0.4856844329930982,0.0360807461797563,0.3538753280161213,0.0,-0.09286412512218956,-0.28578355404520595,1.1915799356512398,4,0.06353861192570864,0.0
166,16.615228164170286,0.4460127223652466,0.0355180440632666,0.34835875722429543,0.0,-0.11241446725317683,-0.28128626605682433,1.210700392234926,4,0.09286412512218956,0.0
167,16.663958641891387,0.4640928268180672,0.0349553419467768,0.34284207613035905,0.0,-0.12218963831867047,-0.27751656985381923,1.2321418024322104,4,0.11241446725317683,0.0
168,16.702598208592264,0.4163787028711593,0.0348140187043751,0.34145653860989744,0.0,-0.1026392961876832,-0.2748492970608024,1.2491432117805958,4,0.12218963831867047,0.0
169,16.745956152153145,0.4331878094876107,0.0347199159991476,0.3405339489393691,0.0,-0.08308895405669592,-0.2727414394622213,1.2682207069473836,4,0.1026392961876832,0.0
170,16.782127888225556,0.3908991318579451,0.0347218992236035,0.34055339264529494,0.0,-0.07331378299120228,-0.271463221961254,1.2841362708192448,4,0.08308895405669592,0.0
171,16.81775132171195,0.3668441208091089,0.0348633073259606,0.3419397665844892,0.0,-0.09286412512218956,-0.27037119913304786,1.2998105815532575,4,0.07331378299120228,0.0
172,16.845324836512145,0.2985635113777682,0.0350047154283177,0.3433261336861698,0.0,-0.09286412512218956,-0.27018617354581037,1.3119429280653436,4,0.09286412512218956,0.0
173,16.86868355800395,0.2548839675950182,0.0352668759581737,0.34589634116862533,0.0,-0.08308895405669592,-0.2703832136078319,1.3222207655217386,4,0.09286412512218956,0.0
174,16.886282892603095,0.2023184939814372,0.03554221959531,0.34859576951390164,0.0,-0.09286412512218956,-0.273909424072621,1.329964472745362,4,0.08308895405669592,0.0
175,16.90729116310716,0.200004439948617,0.0358314533016688,0.35143134558037853,0.0,-0.09286412512218956,-0.2773719588860277,1.3392081117671506,4,0.09286412512218956,0.0
176,16.92314436274588,0.1788809507191558,0.0361412863234882,0.3544688396444616,0.0,-0.08308895405669592,-0.2824828001620744,1.3461835196081873,4,0.09286412512218956,0.0
177,16.925984561698765,0.0765739325647227,0.0364511193453075,0.3575062996807753,0.0,-0.11241446725317683,-0.2905872638727448,1.3474332071474568,4,0.08308895405669592,0.0
178,16.903532881170896,-0.0870966994578672,0.037143076362124,0.36428980276672907,0.0,-0.09286412512218956,-0.3011613056068953,1.3375544677151945,4,0.11241446725317683,0.0
179,16.903528207323355,-0.0160932611963694,0.0378743730694673,0.3714587773169129,0.0,-0.08308895405669592,-0.3079169708332586,1.337552411222276,4,0.09286412512218956,0.0
180,16.90129522811223,-0.0268634057321004,0.038773597376203,0.3802736901509575,0.0,-0.08308895405669592,-0.31471513099715903,1.3365699003693807,4,0.08308895405669592,0.0
181,16.88134817006763,-0.1449321757342763,0.03992364551866609,0.39154692891625686,0.0,-0.08308895405669592,-0.3225945398892335,1.3277931948297566,4,0.08308895405669592,0.0
182,16.874989919173856,-0.1108568881019523,0.0410736936611292,0.4028196498174439,0.0,-0.053763440860215006,-0.3278965621308022,1.3249955644364968,4,0.08308895405669592,0.0
183,16.857910170572,-0.1448545134185753,0.0419955322470584,0.4118550867942843,0.0,-0.053763440860215006,-0.33441404624926135,1.3174804750516806,4,0.053763440860215006,0.0
184,16.843245606364782,-0.1464224986055629,0.0428917200614098,0.4206387712816095,0.0,-0.06353861192570864,-0.338361163599083,1.311028066800504,4,0.053763440860215006,0.0
185,16.821951672365568,-0.1601680972648444,0.0436773757740557,0.4283388347541607,0.0,-0.053763440860215006,-0.3428504098385346,1.3016587358408498,4,0.06353861192570864,0.0
186,16.806765339253193,-0.1476905073485938,0.0443021040625329,0.4344614904172891,0.0,-0.03421309872922773,-0.34408107457593123,1.2949767492714048,4,0.053763440860215006,0.0
187,16.789279341781207,-0.1653081060972187,0.0449268323510101,0.44058397651643155,0.0,-0.04398826979472137,-0.34177936107546353,1.2872829103837309,4,0.03421309872922773,0.0
188,16.774984227572368,-0.156050874876428,0.0452346890258185,0.4436009821936749,0.0,-0.04398826979472137,-0.3390778132664528,1.2809930601318418,4,0.04398826979472137,0.0
189,16.750709168814875,-0.2177186555353859,0.04550747217746659,0.44627423105294417,0.0,-0.014662756598240456,-0.3347741948880858,1.2703120342785452,4,0.04398826979472137,0.0
190,16.724875694675823,-0.2558794523336856,0.0454363242596877,0.4455769914401512,0.0,0.014662756598240456,-0.3302535882512576,1.2589453056573623,4,0.014662756598240456,0.0
191,16.706298066203097,-0.2194199602316451,0.0448638488175871,0.43996673063431474,0.0,0.024437927663734094,-0.32618128150318937,1.2507711491293625,4,-0.014662756598240456,0.0
192,16.686058149789034,-0.2078559982988181,0.044291373375486394,0.4343563256390066,0.0,0.024437927663734094,-0.32426329399489917,1.2418655859071748,4,-0.024437927663734094,0.0
193,16.661894260786852,-0.228912266053536,0.043364016244459895,0.42526768853224645,0.0,0.04398826979472137,-0.3227694875747284,1.2312334747462148,4,-0.024437927663734094,0.0
194,16.635999927130317,-0.2493055727619592,0.042395084401967,0.41577120460542016,0.0,0.08308895405669592,-0.3221482823633433,1.2198399679373395,4,-0.04398826979472137,0.0
195,16.612079355684536,-0.245330507256218,0.0415999828470119,0.4079781362902322,0.0,0.09286412512218956,-0.3213657346175332,1.2093149165011956,4,-0.08308895405669592,0.0
196,16.587261581049813,-0.2504255088290866,0.0410606118635651,0.4026914255851659,0.0,0.08308895405669592,-0.32105635997170673,1.1983950956619174,4,-0.09286412512218956,0.0
197,16.564899112902697,-0.2357918679752055,0.0405212408801184,0.397404597728688,0.0,0.08308895405669592,-0.32102761786335315,1.1885556096771868,4,-0.08308895405669592,0.0
198,16.53927697339088,-0.25331501492123,0.0400687586679142,0.3929693504291697,0.0,0.07331378299120228,-0.3213894264628323,1.1772818682919872,4,-0.08308895405669592,0.0
199,16.517358954158993,-0.225065856430253,0.0396263102072975,0.38863237652534754,0.0,0.03421309872922773,-0.3252008033293156,1.167637939829957,4,-0.07331378299120228,0.0
200,16.494481017480783,-0.2245372513137551,0.0392304868420708,0.38475236722116046,0.0,0.053763440860215006,-0.3291186727214238,1.1594481017480782,4,-0.03421309872922773,0.0
201,16.46445901251893,-0.265944970813769,0.038904734593120494,0.38155917607279266,0.0,0.024437927663734094,-0.33091698607903003,1.1564459012518928,4,-0.053763440860215006,0.0
202,16.441577761449256,-0.2413490189109062,0.0385789823441702,0.37836594443545346,0.0,0.024437927663734094,-0.3315297088946443,1.1541577761449255,4,-0.024437927663734094,0.0
203,16.412358983912455,-0.282961772371984,0.0387167867356242,0.3797167960304891,0.0,-0.04398826979472137,-0.33232771094663544,1.1512358983912454,4,-0.024437927663734094,0.0
204,16.384669773774277,-0.295175822719139,0.0389084932238588,0.38159602033670187,0.0,-0.07331378299120228,-0.33708484448457815,1.1484669773774276,4,0.04398826979472137,0.0
205,16.368087936244894,-0.2378892273510027,0.0390198490862347,0.38268759220572396,0.0,-0.053763440860215006,-0.3420173870245474,1.1468087936244893,4,0.07331378299120228,0.0
206,16.341111081436697,-0.262122681033738,0.0390147482967029,0.3826375915438172,0.0,-0.08308895405669592,-0.33984368032866846,1.1441111081436697,4,0.053763440860215006,0.0
207,16.31236122813113,-0.2760186791918009,0.0390096475071712,0.382587590871956,0.0,-0.12218963831867047,-0.32672714088017196,1.1412361228131132,4,0.08308895405669592,0.0
208,16.332474181498892,-0.0178000777187192,0.0394731257846553,0.38713081246494374,0.0,-0.17106549364613866,-0.3122033856219669,1.143247418149889,4,0.12218963831867047,0.0
209,16.173625597922396,-1.2690143053219127,0.0399931829926314,0.3922285470122213,0.0,-0.1808406647116323,-0.30945372612237454,1.1273625597922394,4,0.17106549364613866,0.0
210,16.19025266033591,-0.2834755691096224,0.0396453417877754,0.38881892969645593,0.0,-0.21994134897360684,-0.30248628834917113,1.129025266033591,4,0.1808406647116323,0.0
211,16.18559765852404,-0.2099150020911506,0.0380186194337912,0.37287281547590123,0.0,-0.20039100684261957,-0.3013846298413542,1.1285597658524038,4,0.21994134897360684,0.0
212,16.148000407265297,-0.3031547907083194,0.036391897079807,0.3569257145499679,0.0,-0.1319648093841641,-0.3089247745160485,1.1248000407265297,4,0.20039100684261957,0.0
213,16.13372613128832,-0.1960582348127886,0.0355698390199969,0.34886654481856677,0.0,-0.11241446725317683,-0.3158581856886421,1.123372613128832,4,0.1319648093841641,0.0
214,16.11699024498177,-0.1749579835144998,0.0348199472275334,0.3415146621749365,0.0,-0.09286412512218956,-0.3224500882903979,1.121699024498177,4,0.11241446725317683,0.0
215,16.10050723083264,-0.1715777447776588,0.0346787717972372,0.34013056728527213,0.0,-0.08308895405669592,-0.3290134784421484,1.120050723083264,4,0.09286412512218956,0.0
216,16.072123220336632,-0.2505364156470239,0.0354282670674178,0.3474785989570854,0.0,-0.08308895405669592,-0.3343356615988649,1.1172123220336632,4,0.08308895405669592,0.0
217,16.03775596001897,-0.3209179392798064,0.0361777623375984,0.3548264354351817,0.0,-0.06353861192570864,-0.3374961795267249,1.113775596001897,4,0.08308895405669592,0.0
218,16.01342577098716,-0.2766007597011172,0.0368780780386676,0.3616919494846904,0.0,-0.1319648093841641,-0.34036856138798094,1.1113425770987158,4,0.06353861192570864,0.0
219,15.994190423774532,-0.2123861264860874,0.0375737521643828,0.36851178443326815,0.0,-0.17106549364613866,-0.34546125163097763,1.1094190423774533,4,0.1319648093841641,0.0
220,15.97620558994613,-0.1775977203178236,0.0380850391099998,0.37352392083352887,0.0,-0.1808406647116323,-0.35075987936698844,1.1076205589946129,4,0.17106549364613866,0.0
221,15.964371396992997,-0.1386654904136326,0.0383269167104711,0.3758950085007412,0.0,-0.19061583577712593,-0.35461131639283017,1.1064371396992996,4,0.1808406647116323,0.0
222,15.94399682036616,-0.1850461145355985,0.0385687943109424,0.3782660741763012,0.0,-0.16129032258064502,-0.3569151614859808,1.104399682036616,4,0.19061583577712593,0.0
223,15.924734676853122,-0.2024595738956475,0.039078374716492,0.38326129096295564,0.0,-0.1319648093841641,-0.35919126318572064,1.1024734676853123,4,0.16129032258064502,0.0
224,15.914869957983218,-0.1292275349885082,0.039613708792296,0.3885088536573467,0.0,-0.1808406647116323,-0.3551836231299738,1.1014869957983218,4,0.1319648093841641,0.0
225,15.891121484632825,-0.1876864352449527,0.0400060968494181,0.39235513061468635,0.0,-0.16129032258064502,-0.35109161683607737,1.0991121484632824,4,0.1808406647116323,0.0
226,15.873322807846405,-0.1711538146446021,0.0401919608599033,0.39417699085916463,0.0,-0.14173998044965774,-0.34568344019855035,1.0973322807846404,4,0.16129032258064502,0.0
227,15.851916262897888,-0.1907397411051845,0.0403778248703885,0.3959988374866291,0.0,-0.15151515151515138,-0.3387531789629955,1.0951916262897887,4,0.14173998044965774,0.0
228,15.842169883169442,-0.1277328938419903,0.0398913275427044,0.39123014199819817,0.0,-0.12218963831867047,-0.33144196085284866,1.0942169883169441,4,0.15151515151515138,0.0
229,15.843019532823876,-0.0428873649930905,0.0393464472827847,0.38588906128814854,0.0,-0.1026392961876832,-0.32230036360685616,1.0943019532823877,4,0.12218963831867047,0.0
230,15.843183431714095,0.0009128692995244,0.0386772874230891,0.3793295978625561,0.0,-0.11241446725317683,-0.31304811746044875,1.0943183431714096,4,0.1026392961876832,0.0
231,15.848679312326636,0.0417529957831536,0.0378275370417054,0.37099964497931887,0.0,-0.09286412512218956,-0.30436638814253375,1.0948679312326637,4,0.11241446725317683,0.0
232,15.852317802611394,0.052221714262536,0.0369777866603218,0.3626694242062666,0.0,-0.1026392961876832,-0.2967844557992465,1.0952317802611393,4,0.09286412512218956,0.0
233,15.861402393495144,0.0726614562816934,0.0359602387976305,0.35269391743860645,0.0,-0.08308895405669592,-0.28906366144568285,1.0961402393495143,4,0.1026392961876832,0.0
234,15.87345623228826,0.0969862960669517,0.0349280287510774,0.3425742972322471,0.0,-0.08308895405669592,-0.2849037721432473,1.0973456232288261,4,0.08308895405669592,0.0
235,15.888079447512032,0.1281020120689543,0.0339760571250111,0.33324099772237387,0.0,-0.09286412512218956,-0.2810543153262982,1.0988079447512031,4,0.08308895405669592,0.0
236,15.904645400901469,0.1650277184138055,0.0331403949772748,0.32504776787884215,0.0,-0.08308895405669592,-0.2780923291484176,1.100464540090147,4,0.09286412512218956,0.0
237,15.915583693969024,0.1388962335454711,0.0323047328295385,0.31685431104431777,0.0,-0.11241446725317683,-0.27666557031130035,1.1015583693969024,4,0.08308895405669592,0.0
238,15.927720639596522,0.1246997116236775,0.0318747047432151,0.3126379074027752,0.0,-0.09286412512218956,-0.275211720289414,1.1027720639596523,4,0.11241446725317683,0.0
239,15.946482656102598,0.1609385143054314,0.0314858049293668,0.30882471458714633,0.0,-0.08308895405669592,-0.27703098020914524,1.1046482656102599,4,0.09286412512218956,0.0
240,15.965209463571526,0.1622533507161918,0.0312008568699728,0.30603074709891115,0.0,-0.06353861192570864,-0.2792107095646827,1.1065209463571526,4,0.08308895405669592,0.0
241,15.988551237195397,0.211726223509607,0.031071592116403205,0.30476327450038004,0.0,-0.07331378299120228,-0.2816799884314589,1.1088551237195396,4,0.06353861192570864,0.0
242,16.012745200279927,0.2413082148287368,0.0309423273628335,0.3034957968094436,0.0,-0.1026392961876832,-0.28472360014079295,1.1112745200279925,4,0.07331378299120228,0.0
243,16.033121460156135,0.2140489042978925,0.031199943551810903,0.3060217918083425,0.0,-0.12218963831867047,-0.28785261397515566,1.1133121460156135,4,0.1026392961876832,0.0
244,16.059037917220273,0.2319842223463356,0.0314988372826332,0.3089524985805648,0.0,-0.1026392961876832,-0.2937514308095703,1.1159037917220274,4,0.12218963831867047,0.0
245,16.08976524799944,0.2658243666761834,0.0318445560101197,0.31234229842148387,0.0,-0.1026392961876832,-0.2997917412152801,1.1189765247999441,4,0.1026392961876832,0.0
246,16.12003451430862,0.2808098021992078,0.0322590179862383,0.31640608208710175,0.0,-0.09286412512218956,-0.30635845230115283,1.122003451430862,4,0.1026392961876832,0.0
247,16.157511881947027,0.3501491475432219,0.0326734799623568,0.3204698114008845,0.0,-0.1026392961876832,-0.3135063978076742,1.1257511881947027,4,0.09286412512218956,0.0
248,16.18652269772936,0.3293908676564915,0.0334209343825369,0.32779833546417025,0.0,-0.1319648093841641,-0.320847136061182,1.1286522697729358,4,0.1026392961876832,0.0
249,16.213204431372734,0.2900660168897058,0.0342023785249049,0.3354599207487983,0.0,-0.1808406647116323,-0.3227669132240573,1.1313204431372734,4,0.1319648093841641,0.0
250,16.24791886169854,0.3259216200339234,0.0350464440973956,0.3437352408569106,0.0,-0.12218963831867047,-0.3238785209589286,1.134791886169854,4,0.1808406647116323,0.0
251,16.27924864802109,0.310752362965815,0.0359843402612263,0.35293019983863033,0.0,-0.12218963831867047,-0.3229307662408,1.1379248648021087,4,0.12218963831867047,0.0
252,16.313872695156277,0.3217548760066104,0.0369222364250569,0.362124848365599,0.0,-0.09286412512218956,-0.31866413354424855,1.1413872695156277,4,0.12218963831867047,0.0
253,16.343587304298435,0.3066841361878594,0.037231109144189,0.3651528072986904,0.0,-0.07331378299120228,-0.3145581531366528,1.1443587304298435,4,0.09286412512218956,0.0
254,16.37357288381765,0.3161145356018531,0.0374740829467213,0.3675347176888852,0.0,-0.06353861192570864,-0.309698154377656,1.147357288381765,4,0.07331378299120228,0.0
255,16.396125695204844,0.2640206946787216,0.037467577955074,0.3674709485150038,0.0,-0.04398826979472137,-0.3049727315070156,1.1496125695204844,4,0.06353861192570864,0.0
256,16.42354950688084,0.2683327990959063,0.0370848693578909,0.36371918527863323,0.0,-0.04398826979472137,-0.2998754018345468,1.152354950688084,4,0.04398826979472137,0.0
257,16.45018421435451,0.2666046292451702,0.0367021607607078,0.3599673687698163,0.0,-0.04398826979472137,-0.29442964350151607,1.155018421435451,4,0.04398826979472137,0.0
258,16.477548905972313,0.2614497526603836,0.0362295801040731,0.3553344346235847,0.0,-0.024437927663734094,-0.28899062855214125,1.1577548905972312,4,0.04398826979472137,0.0
259,16.507053313332907,0.2733376968521182,0.035746703814386,0.350600485501461,0.0,-0.014662756598240456,-0.2801035781707868,1.1631034578664792,4,0.024437927663734094,0.0
260,16.539048835777006,0.3067240259954841,0.0352328653017889,0.34556290389361854,0.0,0.024437927663734094,-0.2690037278999913,1.1771814877418825,4,0.014662756598240456,0.0
261,16.565114404515136,0.2910082984590609,0.03467276357540419,0.3400716620609237,0.0,0.07331378299120228,-0.26020979697358415,1.1886503379866595,4,-0.024437927663734094,0.0
262,16.590603790220182,0.2725045182274501,0.0341126618490195,0.3345803135430094,0.0,0.1026392961876832,-0.2538404752205111,1.1998656676968802,4,-0.07331378299120228,0.0
263,16.61663835629076,0.2644513580999477,0.0332160403242888,0.32578944033121576,0.0,0.1319648093841641,-0.24754003213515421,1.2113208767679347,4,-0.1026392961876832,0.0
264,16.640058080374466,0.2394863668582326,0.032285548266571,0.3166662086174243,0.0,0.16129032258064502,-0.2454519778538731,1.221625555364765,3,-0.1319648093841641,0.0
265,16.66558309173999,0.23732439415825,0.0315341213225902,0.30929846312009085,0.0,0.1808406647116323,-0.2450773184300778,1.2328565603655954,3,-0.16129032258064502,0.0
266,16.693126434841133,0.2554654020732604,0.031052336832912898,0.30457447128895193,0.0,0.16129032258064502,-0.24511027736346966,1.2449756313300986,3,-0.1808406647116323,0.0
267,16.727249834834215,0.3105457411952932,0.0305705523432357,0.29985040876111774,0.0,0.14173998044965774,-0.24507287269494782,1.2599899273270545,3,-0.16129032258064502,0.0
268,16.7548145380294,0.3034496110924529,0.030804584149081996,0.30214517982332945,0.0,0.17106549364613866,-0.24634046009745994,1.2721183967329361,3,-0.14173998044965774,0.0
269,16.780322346211314,0.277977156586937,0.0311116775251618,0.3051563223060812,0.0,0.19061583577712593,-0.24775865222470494,1.283341832332978,3,-0.17106549364613866,0.0
270,16.80447939846298,0.2559857706530538,0.0314821982968935,0.30878935105673977,0.0,0.2101661779081132,-0.2490728699995343,1.2939709353237114,3,-0.19061583577712593,0.0
271,16.83153347195007,0.2534309450161666,0.0319498014648525,0.3133742311496346,0.0,0.17106549364613866,-0.25010079214694786,1.305874727658031,3,-0.2101661779081132,0.0
272,16.858080448515704,0.2602818651327256,0.0324174046328115,0.3179590427224019,0.0,0.12218963831867047,-0.2523434586848659,1.3175553973469096,4,-0.17106549364613866,0.0
273,16.883480003747927,0.2522679701568411,0.0328594353498096,0.3222930545570586,0.0,0.12218963831867047,-0.2519886486372346,1.3287312016490878,4,-0.12218963831867047,0.0
274,16.913435902976545,0.2813571867504706,0.0332987428866916,0.3266003038319533,0.0,0.11241446725317683,-0.24975822073899426,1.3419117973096797,4,-0.12218963831867047,0.0
275,16.94225811145693,0.2953101270976786,0.0336585234068622,0.3301277729651795,0.0,0.1026392961876832,-0.24741997197136784,1.354593569041049,3,-0.11241446725317683,0.0
276,16.96954521767554,0.2923376098389958,0.0338980803449895,0.33247648597543195,0.0,0.09286412512218956,-0.24532092275108786,1.3665998957772383,3,-0.1026392961876832,0.0
277,16.990975360879943,0.2541981551037396,0.0341376372831169,0.33482517990568245,0.0,0.1026392961876832,-0.24433459845912872,1.3760291587871751,3,-0.09286412512218956,0.0
278,17.011219871750477,0.2154023769545349,0.0341711250068819,0.3351535028847315,0.0,0.14173998044965774,-0.24436079141214403,1.3849367435702098,3,-0.1026392961876832,0.0
279,17.035419929034653,0.220097547728218,0.0341815331825219,0.3352555474636126,0.0,0.16129032258064502,-0.24408186147649533,1.3955847687752472,3,-0.14173998044965774,0.0
280,17.063751430488335,0.2529560783771337,0.0342790403038436,0.3362115319803171,0.0,0.16129032258064502,-0.24261507974502983,1.4080506294148674,3,-0.16129032258064502,0.0
281,17.090157184494082,0.2516195153395237,0.0345047300062801,0.33842423871457405,0.0,0.15151515151515138,-0.2412242976538266,1.419669161177396,3,-0.16129032258064502,0.0
282,17.125262086948243,0.3124610063203131,0.0347304197087165,0.34063692821090663,0.0,0.17106549364613866,-0.23844550842527373,1.4351153182572272,3,-0.15151515151515138,0.0
283,17.155276038618982,0.3158702067089927,0.0348301117560963,0.3416143157405275,0.0,0.15151515151515138,-0.2350691749041138,1.4483214569923524,3,-0.17106549364613866,0.0
284,17.189757115357096,0.3435340768508765,0.0349162375733876,0.3424586963058145,0.0,0.15151515151515138,-0.2314425945814174,1.4634931307571224,3,-0.15151515151515138,0.0
285,17.220120871980754,0.3229500625576147,0.0348895246072772,0.34219680171074307,0.0,0.1808406647116323,-0.2294215340456307,1.4768531836715317,3,-0.15151515151515138,0.0
286,17.25158809348937,0.312207846509092,0.0347119377925666,0.3404557298911162,0.0,0.20039100684261957,-0.2274896423240867,1.4906987611353233,3,-0.1808406647116323,0.0
287,17.281334463719148,0.2940441079295589,0.0345343509778559,0.33871464733450996,0.0,0.21994134897360684,-0.2261627686208797,1.503787164036425,3,-0.20039100684261957,0.0
288,17.31358217549906,0.3095611213800381,0.0345452928377216,0.33882192295809643,0.0,0.2101661779081132,-0.22533391689733007,1.517976157219587,3,-0.21994134897360684,0.0
289,17.343733587271746,0.2967109267353262,0.0345755458703025,0.33911852798363384,0.0,0.19061583577712593,-0.2246556518668636,1.5312427783995683,3,-0.2101661779081132,0.0
290,17.382758684810153,0.3443497430336607,0.0346757221707214,0.34010066843501885,0.0,0.19061583577712593,-0.21920125610224703,1.548413821316467,3,-0.19061583577712593,0.0
291,17.414404573137528,0.3187524685201655,0.0348747053531223,0.34205151326304684,0.0,0.1808406647116323,-0.21386963664904432,1.5623380121805124,3,-0.19061583577712593,0.0
292,17.44889571866575,0.3340991948850415,0.0350736885355232,0.3440023445477824,0.0,0.19061583577712593,-0.20805420778875428,1.5775141162129298,3,-0.1808406647116323,0.0
293,17.486165533065417,0.3674653842575227,0.0346057093385414,0.3394142545986499,0.0,0.19061583577712593,-0.2016692290534195,1.5939128345487836,3,-0.19061583577712593,0.0
294,17.519614862550835,0.3725680337931303,0.0340674112404733,0.33413666298803635,0.0,0.17106549364613866,-0.19645683102489908,1.6017653376295753,3,-0.19061583577712593,0.0
295,17.55197882903102,0.3610877218579573,0.033462763505285,0.32820844972425794,0.0,0.19061583577712593,-0.1957709027336419,1.604678094612792,3,-0.17106549364613866,0.0
296,17.58717415179954,0.3572894536227401,0.0327727544264391,0.32144317252180377,0.0,0.20039100684261957,-0.1954544353509262,1.6078456736619589,3,-0.19061583577712593,0.0
297,17.62277554454091,0.3511474782878518,0.0320827453475932,0.3146777422762339,0.0,0.20039100684261957,-0.19604062318174187,1.611049799008682,3,-0.20039100684261957,0.0
298,17.659505284259627,0.3610756360066806,0.0320288478215131,0.31414927917924673,0.0,0.20039100684261957,-0.1978632475483581,1.6143554755833665,3,-0.20039100684261957,0.0
299,17.69577822153528,0.3546610541066181,0.0320401980993151,0.3142605682770277,0.0,0.19061583577712593,-0.19968347127950792,1.6176200399381755,3,-0.20039100684261957,0.0
300,17.730514501660647,0.3411793554502826,0.0322003865673779,0.315831206574482,0.0,0.17106549364613866,-0.20081118608227325,1.6207463051494582,3,-0.19061583577712593,0.0
301,17.766121951385852,0.34594047876728,0.0325665735172621,0.319421617096399,0.0,0.19061583577712593,-0.20184990636025651,1.6239509756247268,3,-0.17106549364613866,0.0
302,17.802395979083375,0.350253842567129,0.0329327604671463,0.3230119847861511,0.0,0.1808406647116323,-0.2029695124920864,1.6272156381175038,3,-0.19061583577712593,0.0
303,17.836575390278604,0.3433631500633385,0.0331828464511536,0.32546398787552466,0.0,0.19061583577712593,-0.20423720988023766,1.6302917851250744,3,-0.1808406647116323,0.0
304,17.86924787847104,0.3327542216506297,0.0334205281311444,0.3277943523634983,0.0,0.2101661779081132,-0.20551718162422922,1.6332323090623937,3,-0.19061583577712593,0.0
305,17.905515914628367,0.3591247300251742,0.0336735565760372,0.330275164788209,0.0,0.20039100684261957,-0.2090617323159696,1.6364964323165532,3,-0.2101661779081132,0.0
306,17.936899379537486,0.3366632336676385,0.0339480336014242,0.3329662454846172,0.0,0.17106549364613866,-0.21288161298336478,1.6393209441583738,3,-0.20039100684261957,0.0
307,17.970667616209234,0.3321530794077791,0.0342225106268112,0.33565730109613523,0.0,0.16129032258064502,-0.2153909902363979,1.642360085458831,3,-0.17106549364613866,0.0
308,17.99599626649997,0.2867992628438354,0.0348825863752922,0.3421287790690025,0.0,0.17106549364613866,-0.216206134088365,1.6446396639849972,3,-0.16129032258064502,0.0
309,18.02448153623341,0.2801798836318679,0.0355815428548613,0.3489812867898471,0.0,0.17106549364613866,-0.21698158423529326,1.647203338261007,3,-0.17106549364613866,0.0
310,18.053436397566564,0.2888652217184095,0.036067917967724,0.3537495651317127,0.0,0.16129032258064502,-0.21616509772469855,1.6498092757809908,3,-0.17106549364613866,0.0
311,18.076324293084618,0.2491205785262501,0.036254749445106,0.3555811837185839,0.0,0.2101661779081132,-0.21525092997400613,1.6518691863776156,3,-0.16129032258064502,0.0
312,18.10785375889768,0.2920903821192753,0.0364415809224879,0.3574127898935369,0.0,0.20039100684261957,-0.21430706488887016,1.6547068383007912,3,-0.2101661779081132,0.0
313,18.13340111061389,0.2644926692372121,0.03636185363389699,0.356631183326312,0.0,0.20039100684261957,-0.213536650664474,1.65700609995525,3,-0.20039100684261957,0.0
314,18.159373314056992,0.2504380916687523,0.0362532392626063,0.3555663785631866,0.0,0.21994134897360684,-0.21276346729485723,1.6593435982651292,3,-0.20039100684261957,0.0
315,18.18363137630181,0.2246475297807407,0.0361562324917577,0.35461536576778485,0.0,0.1808406647116323,-0.21180770262241239,1.661526823867163,3,-0.21994134897360684,0.0
316,18.20541847807162,0.2099004242969745,0.0360762789198361,0.3538315327150467,0.0,0.16129032258064502,-0.2108613119813193,1.663487663026446,3,-0.1808406647116323,0.0
317,18.223219306669375,0.1889182999319059,0.0359963253479144,0.35304769740041353,0.0,0.17106549364613866,-0.20997000419584744,1.6650897376002436,3,-0.16129032258064502,0.0
318,18.242544106909985,0.1900372239655714,0.0358817235172935,0.35192417940881743,0.0,0.17106549364613866,-0.2090746056581524,1.6668289696218987,3,-0.17106549364613866,0.0
319,18.263664955014736,0.1899781278065495,0.0357635041127775,0.35076519109049514,0.0,0.17106549364613866,-0.20816090518866584,1.6687298459513262,3,-0.17106549364613866,0.0
320,18.29006808545394,0.2293881608791841,0.0356465802632132,0.34961889919038563,0.0,0.17106549364613866,-0.20609023257089001,1.6711061276908545,3,-0.17106549364613866,0.0
321,18.312902923246124,0.2399686971281402,0.0355315951513139,0.34849160952328295,0.0,0.20039100684261957,-0.20394564331315193,1.673161263092151,3,-0.17106549364613866,0.0
322,18.331537385736205,0.2091381427920378,0.035416610039414494,0.347364315248571,0.0,0.19061583577712593,-0.20201778146592334,1.6748383647162584,3,-0.20039100684261957,0.0
323,18.34325308827985,0.153360557991342,0.0351141115860425,0.34439865050644763,0.0,0.17106549364613866,-0.20040749612755746,1.6758927779451867,3,-0.19061583577712593,0.0
324,18.35097379261873,0.1057504880860321,0.034791315002804794,0.3412339501679746,0.0,0.17106549364613866,-0.1988418560718266,1.6765876413356857,3,-0.17106549364613866,0.0
325,18.36045552271424,0.0997814469647541,0.0344968651872843,0.3383471307539935,0.0,0.15151515151515138,-0.19664449909633866,1.6774409970442816,3,-0.17106549364613866,0.0
326,18.37013693319401,0.0870879089800409,0.0342433357036501,0.3358614754062515,0.0,0.15151515151515138,-0.1943763181080647,1.6783123239874609,3,-0.15151515151515138,0.0
327,18.374212270579815,0.0625941474682366,0.0339898062200158,0.33337579847027365,0.0,0.15151515151515138,-0.19262257891614196,1.6786791043521834,3,-0.15151515151515138,0.0
328,18.37878419802894,0.0447382083492194,0.0336311655859294,0.32985954462743566,0.0,0.14173998044965774,-0.19153123650564083,1.6790905778226044,3,-0.15151515151515138,0.0
329,18.38097242451365,0.0299805929381202,0.0332603797831673,0.326224170172072,0.0,0.14173998044965774,-0.1904647519542065,1.6792875182062286,3,-0.14173998044965774,0.0
330,18.381589222815094,0.0076829315693254,0.0329673881793152,0.32335149825295695,0.0,0.16129032258064502,-0.19087264603854026,1.6793430300533585,3,-0.14173998044965774,0.0
331,18.379921267912444,-0.0068537221163412,0.0327885755717778,0.32159829457533434,0.0,0.16129032258064502,-0.19147622221138283,1.6791929141121198,3,-0.16129032258064502,0.0
332,18.37997048964005,-0.0121777643980905,0.032609762964240396,0.3198450806149444,0.0,0.12218963831867047,-0.1921373174764412,1.6791973440676047,3,-0.16129032258064502,0.0
333,18.381694825993836,0.0009393803566053,0.0326807046502132,0.3205406477526644,0.0,0.12218963831867047,-0.1928934645108988,1.6793525343394453,3,-0.12218963831867047,0.0
334,18.38271087620432,0.0104475311537111,0.03278115272287739,0.3215255155583117,0.0,0.1026392961876832,-0.19365681866587356,1.6794439788583888,3,-0.12218963831867047,0.0
335,18.38185987040657,-0.0081900651322418,0.0328944612752764,0.3226364732027142,0.0,0.12218963831867047,-0.19435967111523894,1.6793673883365912,3,-0.1026392961876832,0.0
336,18.381316667017536,-0.0026675887534705,0.0330270159726551,0.32393612848389375,0.0,0.15151515151515138,-0.19505052508992665,1.6793185000315782,3,-0.12218963831867047,0.0
337,18.384369054289596,0.020746318030246,0.0331595706700337,0.3252357780732722,0.0,0.14173998044965774,-0.1957972146874595,1.6795932148860637,3,-0.15151515151515138,0.0
338,18.382046152906323,-0.0042794513945357,0.0332784451426585,0.3264012932787576,0.0,0.15151515151515138,-0.19673516827304552,1.679384153761569,3,-0.14173998044965774,0.0
339,18.38408477509133,0.0164711273588077,0.0333958051472041,0.32755195522438735,0.0,0.09286412512218956,-0.19762715172436082,1.6795676297582198,3,-0.15151515151515138,0.0
340,18.37836066232772,-0.0282306782323986,0.0335291844083806,0.3288596732826469,0.0,0.07331378299120228,-0.20065205367697925,1.6790524596094947,3,-0.09286412512218956,0.0
341,18.37410565483317,-0.0356510939752776,0.03368566938789389,0.33039392408536844,0.0,0.07331378299120228,-0.20390492950533726,1.6786695089349852,3,-0.07331378299120228,0.0
342,18.386402593920508,0.0678937693209894,0.0338421543674072,0.33192816679755277,0.0,0.053763440860215006,-0.20645653200403172,1.6797762334528457,3,-0.07331378299120228,0.0
343,18.39376290308393,0.0712472705068445,0.0343498049251967,0.33690532425202835,0.0,0.053763440860215006,-0.20830401453923594,1.6804386612775535,3,-0.053763440860215006,0.0
344,18.390472534107325,0.0066544812860191,0.0348989274944491,0.3422889878821473,0.0,0.07331378299120228,-0.21026991388842983,1.6801425280696591,3,-0.053763440860215006,0.0
345,18.38822573406492,-0.0055136479012453,0.0353591286334975,0.3468007757014693,0.0,0.06353861192570864,-0.2152783711805275,1.6799403160658428,3,-0.07331378299120228,0.0
346,18.37332603724048,-0.0870442308379316,0.0356897494270888,0.35004211933105367,0.0,0.053763440860215006,-0.220829396362222,1.6785993433516433,3,-0.06353861192570864,0.0
347,18.367015989818444,-0.0733821043560931,0.0360203702206801,0.353283424697496,0.0,0.04398826979472137,-0.22718286610388413,1.67803143908366,3,-0.053763440860215006,0.0
348,18.3632486836872,-0.0425239237013373,0.0368742900850875,0.3616548149231552,0.0,-0.03421309872922773,-0.2348187465429319,1.6776923815318479,3,-0.04398826979472137,0.0
349,18.36194446905988,-0.0261233592906638,0.0377953463210065,0.37068407972636563,0.0,-0.024437927663734094,-0.2424252788417013,1.677575002215389,3,0.03421309872922773,0.0
350,18.36361206253727,0.0099267035893953,0.038870133068774,0.3812199917434511,0.0,-0.024437927663734094,-0.2503427505259483,1.6777250856283543,3,0.024437927663734094,0.0
351,18.37437396857966,0.1052694244487421,0.0401691729723838,0.39395362211593477,0.0,-0.04398826979472137,-0.26361475374278265,1.6786936571721696,4,0.024437927663734094,0.0
352,18.37316927512333,0.0291671781021554,0.0414682128759935,0.4066865876899334,0.0,-0.053763440860215006,-0.2654866213845825,1.6785852347610997,4,0.04398826979472137,0.0
353,18.352214038508556,-0.0896887645157387,0.0428271899843267,0.4200063125625843,0.0,-0.03421309872922773,-0.26764214377415585,1.67669926346577,4,0.053763440860215006,0.0
354,18.354590611306804,0.0094286272826255,0.0441912142790143,0.4333747263253684,0.0,-0.053763440860215006,-0.26943603782409864,1.6769131550176124,4,0.03421309872922773,0.0
355,18.34581868976005,-0.0425792839310132,0.0451252432807853,0.4425284150450127,0.0,-0.053763440860215006,-0.2713895142932062,1.6761236820784047,4,0.053763440860215006,0.0
356,18.34643901519247,-0.0113996161861594,0.0454429499818156,0.4456419226827706,0.0,-0.08308895405669592,-0.26792730833677314,1.6761795113673221,4,0.053763440860215006,0.0
357,18.358436756089496,0.0748026781601851,0.045760656682846,0.4487553853385269,0.0,-0.09286412512218956,-0.25624588252069336,1.6772593080480547,4,0.08308895405669592,0.0
358,18.36329828522872,0.0568771060699925,0.0460734686442055,0.45182083626305397,0.0,-0.06353861192570864,-0.24467212417813114,1.6776968456705847,4,0.09286412512218956,0.0
359,18.376371723390896,0.1118341470739745,0.0463858876240692,0.4548823919745986,0.0,-0.07331378299120228,-0.24450064995009135,1.6788734551051807,3,0.06353861192570864,0.0
360,18.38153732997596,0.076616540563761,0.0457952371948772,0.4490942647698943,0.0,-0.053763440860215006,-0.22308409436915508,1.6793383596978364,3,0.07331378299120228,0.0
361,18.384170490748872,0.0412425177639224,0.0438255253788921,0.42979079160682127,0.0,-0.053763440860215006,-0.20067989954717858,1.6795753441673984,3,0.053763440860215006,0.0
362,18.41390110899988,0.2058837820238662,0.041855813562907,0.4104856509571722,0.0,-0.03421309872922773,-0.18457079582952018,1.682251099809989,3,0.053763440860215006,0.0
363,18.402796728450717,-0.0327531084506331,0.0381982464492031,0.3746336771125742,0.0,-0.014662756598240456,-0.17867958678340146,1.6812517055605645,3,0.03421309872922773,0.0
364,18.382418411958103,-0.0452292040250737,0.0343652765531544,0.3370570113494314,0.0,0.024437927663734094,-0.1728670509736677,1.6794176570762291,3,0.014662756598240456,0.0
365,18.38447223031738,-0.0396138173752798,0.0316560946498761,0.3104944242770153,0.0,0.024437927663734094,-0.16939435272248712,1.6796025007285644,3,-0.024437927663734094,0.0
366,18.378668183552403,-0.0761818905779197,0.030627148792406297,0.3004053600284506,0.0,-0.004887585532746819,-0.16622942288010625,1.6790801365197163,3,-0.024437927663734094,0.0
367,18.37526501420664,-0.0261521292946267,0.0295982029349365,0.29031597773187406,0.0,-0.024437927663734094,-0.1613601682130624,1.6787738512785975,3,0.004887585532746819,0.0
368,18.417412592642915,0.2552110454067532,0.0290066340622608,0.28451517844198587,0.0,-0.053763440860215006,-0.15368694638398758,1.6825671333378622,3,0.024437927663734094,0.0
369,18.43906266267256,0.2300123566050816,0.0284556771708272,0.2791125220631225,0.0,-0.04398826979472137,-0.1462079461078576,1.6845156396405303,3,0.053763440860215006,0.0
370,18.446965922267097,0.1270795523495807,0.027616887669801905,0.2708872310340051,0.0,-0.04398826979472137,-0.14462827377084922,1.6852269330040386,3,0.04398826979472137,0.0
371,18.45849456910992,0.1046200472663941,0.026362748234493198,0.25858860480875573,0.0,-0.024437927663734094,-0.14364252115524992,1.6862645112198928,3,0.04398826979472137,0.0
372,18.468098936112977,0.0669886460071898,0.0251086087991844,0.2462895718584059,0.0,-0.06353861192570864,-0.13657584814508214,1.6871289042501678,3,0.024437927663734094,0.0
373,18.4484094847478,-0.1074386899098613,0.0248477619229957,0.24373146223251665,0.0,-0.03421309872922773,-0.12067414280784429,1.6853568536273018,3,0.06353861192570864,0.0
374,18.44463257122111,-0.0406040299847853,0.0246935681868639,0.24221928572625062,0.0,-0.024437927663734094,-0.10464902564356073,1.6850169314099,3,0.03421309872922773,0.0
375,18.45340917648738,0.0773952240259689,0.0234905457359507,0.23042106102804977,0.0,0.004887585532746819,-0.10262566760165144,1.685806825883864,3,0.024437927663734094,0.0
376,18.448890869835807,-0.0643737651399452,0.0207332890347594,0.20337899363680015,0.0,0.024437927663734094,-0.10209032262264793,1.6854001782852226,3,-0.004887585532746819,0.0
377,18.490591552557703,0.2845260095723136,0.0179760323335682,0.17633538006494862,0.0,0.024437927663734094,-0.10333774310494491,1.6891532397301932,3,-0.024437927663734094,0.0
378,18.460965132791493,0.0243576109206663,0.0176366993215408,0.17300705095375252,0.0,0.024437927663734094,-0.10801308151949918,1.6864868619512343,3,-0.024437927663734094,0.0
379,18.47557665207925,0.0930876640778098,0.0175404557903478,0.17206304794940672,0.0,-0.03421309872922773,-0.1124373024823018,1.6878018986871326,3,-0.024437927663734094,0.0
380,18.499276121512533,0.0945270068932814,0.0177943420602026,0.17455328355212413,0.0,-0.04398826979472137,-0.10005555674425227,1.689934850936128,3,0.03421309872922773,0.0
381,18.49701173868837,0.0636884737969429,0.0185701440497693,0.18216264290150302,0.0,-0.04398826979472137,-0.08642208233142251,1.6897310564819534,3,0.04398826979472137,0.0
382,18.5271927825209,0.2279189547556152,0.0193459460393359,0.18977189261288843,0.0,-0.053763440860215006,-0.0813611298574619,1.6842895156706112,3,0.04398826979472137,0.0
383,18.544168461646336,0.1815020095381514,0.0172370790806692,0.16908737237192928,0.0,-0.06353861192570864,-0.08824140975856162,1.6807246230542694,3,0.053763440860215006,0.0
384,18.545140198932653,0.0354930208320215,0.014886388390331098,0.1460300764812449,0.0,-0.04398826979472137,-0.09496053208747017,1.6805205582241427,3,0.06353861192570864,0.0
385,18.58960697813091,0.2912567755737855,0.013969434768384699,0.13703569800203821,0.0,-0.1026392961876832,-0.10591722147928635,1.6711825345925089,3,0.04398826979472137,0.0
386,18.63812010146234,0.3890031290069211,0.015118772715174002,0.14830951015423582,0.0,-0.12218963831867047,-0.11748992516668207,1.6609947786929082,3,0.1026392961876832,0.0
387,18.676981040223986,0.3867989402449408,0.0162681106619633,0.15958312639289698,0.0,-0.15151515151515138,-0.12915797079864103,1.652833981552963,3,0.12218963831867047,0.0
388,18.71035375621025,0.348812179925933,0.0180445073108365,0.17700701064874988,0.0,-0.16129032258064502,-0.1410033834130311,1.6458257111958476,3,0.15151515151515138,0.0
389,18.72851429354728,0.2306772054856465,0.0198942941585599,0.19515015225087942,0.0,-0.16129032258064502,-0.15265203352930928,1.642011998355071,3,0.16129032258064502,0.0
390,18.75575234819604,0.2593693725513911,0.021762847629771,0.21347668312441917,0.0,-0.16129032258064502,-0.1660719643397749,1.6362920068788316,3,0.16129032258064502,0.0
391,18.77370526836831,0.184252623898409,0.023658373486653,0.23206699378677267,0.0,-0.1319648093841641,-0.17953720485602187,1.6325218936426549,3,0.16129032258064502,0.0
392,18.82593556099476,0.3555316306745704,0.025553899343535,0.25065647062842644,0.0,-0.1319648093841641,-0.18890520947217934,1.6215535321911,3,0.1319648093841641,0.0
393,18.841479007455124,0.2010874334107382,0.027704076657202495,0.27174222781584,0.0,-0.12218963831867047,-0.19013042744192404,1.618289408434424,3,0.1319648093841641,0.0
394,18.882299265294307,0.3397692808738276,0.029881961434196903,0.2930984176508621,0.0,-0.09286412512218956,-0.19199161631319478,1.6097171542881954,3,0.12218963831867047,0.0
395,18.93160029536357,0.4278563082442542,0.0312303475436971,0.3063199096689121,0.0,-0.12218963831867047,-0.19516501504987577,1.5993639379736504,3,0.09286412512218956,0.0
396,18.940252677626205,0.2028485061301999,0.0313696764689547,0.30768605695037543,0.0,-0.11241446725317683,-0.19743038991703743,1.597546937698497,3,0.12218963831867047,0.0
397,18.94644953424721,0.1335632102432764,0.0315090053942122,0.309052198258867,0.0,-0.07331378299120228,-0.2022703199253159,1.5962455978080856,3,0.11241446725317683,0.0
398,18.986122429066363,0.3036042637783265,0.0318239123807944,0.31213988702485607,0.0,-0.04398826979472137,-0.21198774340138038,1.5879142898960639,3,0.07331378299120228,0.0
399,19.010233741526378,0.2790925216573043,0.0321568480490574,0.31540431482058334,0.0,-0.08308895405669592,-0.2213493144232643,1.5828509142794607,3,0.04398826979472137,0.0
400,19.030527855332583,0.2595113573438036,0.0329185961093001,0.32287310774801864,0.0,-0.09286412512218956,-0.22996202625367884,1.5785891503801577,3,0.08308895405669592,0.0
401,19.09463612536553,0.4474572187582655,0.0343205361736378,0.3366183670298719,0.0,-0.12218963831867047,-0.23994213311458037,1.5651264136732388,3,0.09286412512218956,0.0
402,19.1136854005374,0.311896588373845,0.0357224762379755,0.35036296470999573,0.0,-0.11241446725317683,-0.24691298576569787,1.5611260658871462,3,0.12218963831867047,0.0
403,19.14396392515063,0.3043945376368283,0.0370130947585606,0.3630155596434944,0.0,-0.1026392961876832,-0.25185044142652746,1.5547675757183679,3,0.11241446725317683,0.0
404,19.158380149221696,0.1903990854746132,0.0382906782765345,0.37553977029073005,0.0,-0.11241446725317683,-0.2598108933256206,1.551740168663444,4,0.1026392961876832,0.0
405,19.1610364937852,0.1018409006400859,0.0393029107490563,0.38546229808485283,0.0,-0.1026392961876832,-0.2633941531697922,1.5511823363051078,4,0.11241446725317683,0.0
406,19.16081480086933,0.0426484637815654,0.0399258869933574,0.39156890026032287,0.0,-0.12218963831867047,-0.26607643685729804,1.551228891817441,4,0.1026392961876832,0.0
407,19.168892218872397,0.0692564675104073,0.0405488632376584,0.39767535046814123,0.0,-0.1026392961876832,-0.2678631266753918,1.5495326340367965,4,0.12218963831867047,0.0
408,19.18035636408169,0.0997505266156175,0.04110831509893689,0.4031589994296985,0.0,-0.12218963831867047,-0.26977767722248047,1.5471251635428453,4,0.1026392961876832,0.0
409,19.18196868500007,0.0425187315211402,0.04166060842114079,0.40857235788302365,0.0,-0.1026392961876832,-0.26538450252520496,1.5467865761499855,4,0.12218963831867047,0.0
410,19.17413850896876,-0.0372527442434344,0.04208637392992,0.41274545628487974,0.0,-0.11241446725317683,-0.2600046779169264,1.5484309131165603,4,0.1026392961876832,0.0
411,19.156060695899555,-0.1427071291949951,0.0423227924030407,0.41506265623865196,0.0,-0.06353861192570864,-0.2527358416669325,1.5522272538610935,4,0.11241446725317683,0.0
412,19.127638173479404,-0.2392399955352066,0.0425592108761614,0.41737983299303905,0.0,-0.053763440860215006,-0.24290212893983956,1.558195983569325,4,0.06353861192570864,0.0
413,19.082009877913904,-0.3793486316581,0.0418565823368495,0.41049318602422896,0.0,-0.03421309872922773,-0.24141756018184313,1.56777792563808,3,0.053763440860215006,0.0
414,19.01328723641512,-0.5770727577918917,0.0410512110014557,0.4025992808414835,0.0,0.014662756598240456,-0.23048400903566285,1.5822096803528247,3,0.03421309872922773,0.0
415,18.923055456164036,-0.7717320953450854,0.0400008256443405,0.3923034614629348,0.0,0.03421309872922773,-0.2213689059192301,1.6011583542055523,3,-0.014662756598240456,0.0
416,18.85513879978492,-0.6788778706594739,0.038591547994580394,0.37848912171449633,0.0,0.06353861192570864,-0.21332854108597002,1.6154208520451665,3,-0.03421309872922773,0.0
417,18.818762609528815,-0.4682187987965445,0.0371822703448202,0.3646740302627537,0.0,0.04398826979472137,-0.20806347855007362,1.623059851998949,3,-0.06353861192570864,0.0
418,18.78766353908676,-0.3584011609370335,0.0361390252577976,0.35444667307391825,0.0,0.06353861192570864,-0.2056636057011013,1.6295906567917802,3,-0.04398826979472137,0.0
419,18.755816225535327,-0.3250606282861531,0.0351362172805356,0.34461537360665,0.0,0.053763440860215006,-0.2032633566634306,1.6362785926375814,3,-0.06353861192570864,0.0
420,18.721458887543744,-0.3261788232412548,0.0344308063831066,0.337699478701869,0.0,0.1026392961876832,-0.20050376296079833,1.643493633615814,3,-0.053763440860215006,0.0
421,18.68529897701586,-0.3434552329620483,0.0341705117444861,0.33514749029262336,0.0,0.08308895405669592,-0.19769064443494327,1.651087214826669,3,-0.1026392961876832,0.0
422,18.646607625932425,-0.3750644196794266,0.0339102171058655,0.33259547917602894,0.0,0.06353861192570864,-0.19442474232551743,1.6592123985541907,3,-0.08308895405669592,0.0
423,18.59810373569715,-0.4471611930388888,0.0335972130027934,0.3295266579420863,0.0,0.03421309872922773,-0.19029919776618334,1.6693982155035982,3,-0.06353861192570864,0.0
424,18.53690773376567,-0.5663554136123939,0.0332787717494501,0.3264044955173798,0.0,0.04398826979472137,-0.18592859310150284,1.6822493759092092,3,-0.03421309872922773,0.0
425,18.461778051451347,-0.7087507948026162,0.032889919557654,0.32259194305220223,0.0,0.04398826979472137,-0.1832039779956167,1.6865600246306212,3,-0.04398826979472137,0.0
426,18.37995658370749,-0.7933091855632849,0.0323894693200013,0.3176851411626328,0.0,0.024437927663734094,-0.18181778026249282,1.679196092533674,3,-0.04398826979472137,0.0
427,18.27830359717385,-0.9587774620725276,0.0318890190823485,0.31277825970868045,0.0,0.004887585532746819,-0.1823551408519403,1.6700473237456464,3,-0.024437927663734094,0.0
428,18.15218936322958,-1.1776575782755752,0.0315021015993197,0.30898450564071506,0.0,0.024437927663734094,-0.18549867285299812,1.6586970426906624,3,-0.004887585532746819,0.0
429,18.017835215632665,-1.2973317231513808,0.031127116586810902,0.3053077061699241,0.0,0.024437927663734094,-0.18877048326496867,1.64660516940694,3,-0.024437927663734094,0.0
430,17.871821844249027,-1.4099944681461196,0.0310489961463516,0.30454171495104326,0.0,0.024437927663734094,-0.1947752985621222,1.6334639659824124,3,-0.024437927663734094,0.0
431,17.699707645730584,-1.6081662521306912,0.0313696808680543,0.30768610008431063,0.0,-0.004887585532746819,-0.20146020619263807,1.6179736881157527,3,-0.024437927663734094,0.0
432,17.5155301625179,-1.746564242301143,0.031690365589757095,0.3108304535755437,0.0,-0.014662756598240456,-0.20783283818758655,1.6013977146266112,3,0.004887585532746819,0.0
433,17.313516009791503,-1.8817685540343485,0.0324377403944541,0.3181584316646926,0.0,-0.024437927663734094,-0.22296713825504702,1.5179470443082612,3,0.014662756598240456,0.0
434,17.10280212289035,-1.9860705415487576,0.0332331621579824,0.32595731282206264,0.0,-0.04398826979472137,-0.24142121970661146,1.4252329340717536,3,0.024437927663734094,0.0
435,16.879236505027755,-2.135370410754463,0.0339334264744868,0.3328230320979634,0.0,-0.04398826979472137,-0.26146021423588794,1.3268640622122123,3,0.04398826979472137,0.0
436,16.635373763369287,-2.336767414166115,0.0345075930538677,0.33845230849212005,0.0,-0.09286412512218956,-0.286919963940545,1.2195644558824863,4,0.04398826979472137,0.0
437,16.38701419094212,-2.447704921693244,0.0350817596332487,0.3440814733096353,0.0,-0.14173998044965774,-0.3025518853077807,1.148701419094212,4,0.09286412512218956,0.0
438,16.147135674477045,-2.434004554802378,0.035371510102944,0.3469221619679056,0.0,-0.16129032258064502,-0.30689249235000265,1.1247135674477045,4,0.14173998044965774,0.0
439,15.910806975352658,-2.390916258460802,0.0356314614557402,0.3494706778698189,0.0,-0.21994134897360684,-0.31598712425837233,1.1010806975352658,4,0.16129032258064502,0.0
440,15.670861224156589,-2.3855189827888736,0.035677026789208,0.3499173897049733,0.0,-0.21994134897360684,-0.3260990134975174,1.077086122415659,4,0.21994134897360684,0.0
441,15.425237961576208,-2.423130685921956,0.0354347115857447,0.34754178000267694,0.0,-0.23949169110459412,-0.32699577785212763,1.0854190930640892,4,0.21994134897360684,0.0
442,15.178912537819356,-2.4687482421930738,0.0351923963822814,0.34516614989388883,0.0,-0.2590420332355814,-0.307163804433533,1.1691697371414191,4,0.23949169110459412,0.0
443,14.9407822593413,-2.430288308797333,0.0354740373381641,0.34792732319057135,0.0,-0.2590420332355814,-0.2906294150931942,1.2501340318239578,4,0.2590420332355814,0.0
444,14.707708347792726,-2.3511636690984443,0.0358116012584166,0.35123672197161265,0.0,-0.2590420332355814,-0.27628077959939873,1.3293791617504729,4,0.2590420332355814,0.0
445,14.473277897300562,-2.328878074086552,0.0361880672676919,0.3549274606320428,0.0,-0.2590420332355814,-0.26319350261869084,1.4104216200527806,4,0.2590420332355814,0.0
446,14.236516767317212,-2.366247231705044,0.036616400359383,0.3591266244889121,0.0,-0.2101661779081132,-0.24839404468213586,1.5027584607462872,4,0.2590420332355814,0.0
447,13.989481114157568,-2.437907899691534,0.037044733451073994,0.36332572245709344,0.0,-0.2101661779081132,-0.23342861614325988,1.5991023654785483,3,0.2101661779081132,0.0
448,13.748469929581278,-2.4319604516193043,0.0374482945687522,0.36728191119161585,0.0,-0.20039100684261957,-0.2201993454124634,1.6930967274633018,3,0.2101661779081132,0.0
449,13.499045348502552,-2.459553514319552,0.0378493836039574,0.3712138063508197,0.0,-0.16129032258064502,-0.20803640303323379,1.7898854418203063,3,0.20039100684261957,0.0
450,13.256447326947082,-2.4270731325540016,0.0380597742582406,0.37327625224507094,0.0,-0.14173998044965774,-0.20761613868456819,1.76077367923365,3,0.16129032258064502,0.0
451,13.00353608305542,-2.490478288007745,0.0380131083807649,0.37281879110740296,0.0,-0.12218963831867047,-0.20692832475376535,1.7304243299666504,3,0.14173998044965774,0.0
452,12.760206301692476,-2.464122654243578,0.0379664425032893,0.372361329157847,0.0,-0.1026392961876832,-0.20785467000890204,1.701224756203097,3,0.12218963831867047,0.0
453,12.526969010108926,-2.380953900529248,0.0372731592230406,0.36556503237991084,0.0,-0.09286412512218956,-0.21104982997493751,1.673236281213071,3,0.1026392961876832,0.0
454,12.282309200595924,-2.424347115013322,0.0365090078122187,0.35807380771315583,0.0,-0.07331378299120228,-0.21653970507380121,1.6286387481132254,3,0.09286412512218956,0.0
455,12.044984146569655,-2.4134809581368737,0.0360534279338525,0.35360751031156956,0.0,-0.04398826979472137,-0.2243374368875741,1.5835469878482344,3,0.07331378299120228,0.0
456,11.797789476497618,-2.448798393564333,0.0360053562003128,0.3531362326579154,0.0,-0.03421309872922773,-0.23309733651486816,1.5365800005345474,3,0.04398826979472137,0.0
457,11.551278816033166,-2.443797104046724,0.0359572844667732,0.35266495418820265,0.0,-0.024437927663734094,-0.24238929411398533,1.4897429750463016,3,0.03421309872922773,0.0
458,11.308231789549753,-2.420863051648609,0.0362208524435667,0.3552488724449114,0.0,-0.053763440860215006,-0.25217063257975686,1.443564040014453,3,0.024437927663734094,0.0
459,11.144144074099568,-1.9118703148630471,0.0365190958569799,0.35817270546661767,0.0,-0.053763440860215006,-0.2598953491845763,1.412387374078918,4,0.053763440860215006,0.0
460,10.987427186962082,-1.69941724848129,0.0368174659111155,0.3610977481327415,0.0,-0.07331378299120228,-0.26538324608622726,1.3826111655227955,4,0.053763440860215006,0.0
461,10.812036671082897,-1.7501896852088,0.0371160092229643,0.364024457139834,0.0,-0.08308895405669592,-0.2714445089015239,1.3492869675057504,4,0.07331378299120228,0.0
462,10.6087850532347,-1.92708485883072,0.037414552534813,0.36695113370211435,0.0,-0.06353861192570864,-0.27836529777750313,1.310669160114593,4,0.08308895405669592,0.0
463,10.408764626338098,-1.9831284957091584,0.0374269746938475,0.36707290977012713,0.0,-0.053763440860215006,-0.2809362970053482,1.2936494149464761,4,0.06353861192570864,0.0
464,10.204677611200273,-2.009808758160277,0.0374115642539885,0.3669218391815015,0.0,-0.06353861192570864,-0.2788061072593174,1.3018128955519892,4,0.053763440860215006,0.0
465,9.983957647812494,-2.1291401839457897,0.0373436982058507,0.3662565382618248,0.0,-0.08308895405669592,-0.2766383912420867,1.3106416940875003,4,0.06353861192570864,0.0
466,9.775118507068076,-2.087027309044252,0.03719969123756119,0.3648448110430886,0.0,-0.1026392961876832,-0.27540653309956054,1.318995259717277,4,0.08308895405669592,0.0
467,9.555125409205806,-2.135861451213645,0.0370556842692717,0.3634330762581982,0.0,-0.11241446725317683,-0.2752532908965538,1.327794983631768,4,0.1026392961876832,0.0
468,9.329777274930404,-2.21254510531338,0.0370067526117905,0.3629533857888305,0.0,-0.1026392961876832,-0.2633224052489823,1.3963868627771425,4,0.11241446725317683,0.0
469,9.06636152856413,-2.4863810722067554,0.0369680333628053,0.36257380974716924,0.0,-0.08308895405669592,-0.2462922701616755,1.4991190038599893,4,0.1026392961876832,0.0
470,8.798640228564777,-2.597822096361732,0.0370380203034967,0.3632599116534897,0.0,-0.09286412512218956,-0.23025534360197233,1.6035303108597372,3,0.08308895405669592,0.0
471,8.520701344654457,-2.695805254235932,0.03726447903654799,0.36547993888057995,0.0,-0.07331378299120228,-0.2165231372116148,1.7119264755847619,3,0.09286412512218956,0.0
472,8.267130157748422,-2.6015435509128766,0.0374909377695992,0.3676999473645578,0.0,-0.06353861192570864,-0.21139973572619605,1.7572591747602524,3,0.07331378299120228,0.0
473,8.00643141843604,-2.5980554304390187,0.0376461416099069,0.3692214227031863,0.0,-0.03421309872922773,-0.20642719891086644,1.7989709730502335,3,0.06353861192570864,0.0
474,7.759876656910221,-2.5112055168380025,0.037794082568656094,0.37067169116923554,0.0,-0.024437927663734094,-0.20192828956392064,1.8384197348943645,3,0.03421309872922773,0.0
475,7.489790960759208,-2.6429137315431435,0.0378769588005866,0.3714841251467507,0.0,-0.014662756598240456,-0.19772623232957942,1.8789790960759207,3,0.024437927663734094,0.0
476,7.232030285488815,-2.601128850556826,0.0378639437340218,0.3713565388887155,0.0,0.014662756598240456,-0.20065517578946682,1.8532030285488814,3,0.014662756598240456,0.0
477,6.970337234706926,-2.6206695712113306,0.037850928667457,0.37122895256777544,0.0,0.024437927663734094,-0.20273159756691336,1.8270337234706926,3,-0.014662756598240456,0.0
478,6.757184640899642,-2.2851198424674544,0.0378809710717849,0.37152345729313063,0.0,0.014662756598240456,-0.20290849006736322,1.8057184640899642,3,-0.024437927663734094,0.0
479,6.590208276980326,-1.8811179114325405,0.0379147692620908,0.3718547794670481,0.0,0.024437927663734094,-0.20256538204204025,1.7890208276980326,3,-0.014662756598240456,0.0
480,6.433272956258086,-1.6872899151112677,0.0377661089270812,0.3703974655678397,0.0,0.024437927663734094,-0.20285582548504066,1.7726600251883895,3,-0.024437927663734094,0.0
481,6.27407462931153,-1.63350689057761,0.0373578843257277,0.36639560703525287,0.0,0.024437927663734094,-0.2033654191189568,1.7551482092242683,3,-0.024437927663734094,0.0
482,6.118736680733107,-1.573157861245603,0.0369496597243742,0.36239368744381906,0.0,0.024437927663734094,-0.20377347773646148,1.7380610348806418,3,-0.024437927663734094,0.0
483,5.959835980956497,-1.5908557939300858,0.0366641172203054,0.35959441271392373,0.0,0.024437927663734094,-0.2041464068093606,1.7205819579052146,3,-0.024437927663734094,0.0
484,5.8042065468365776,-1.5712650126386722,0.0363929922631496,0.3569364511847798,0.0,0.014662756598240456,-0.20448376813589544,1.7034627201520234,3,-0.024437927663734094,0.0
485,5.646561486392575,-1.572997523732473,0.0361108793227325,0.35417074159586165,0.0,0.014662756598240456,-0.20466513712471898,1.6861217635031833,3,-0.014662756598240456,0.0
486,5.495232056805066,-1.5336056671526124,0.0358130193293191,0.3512506243273641,0.0,0.014662756598240456,-0.20476078474405596,1.6693324879527092,3,-0.014662756598240456,0.0
487,5.373172252676909,-1.316538595736281,0.0355151593359056,0.3483304758957081,0.0,0.014662756598240456,-0.20513650901299,1.6522441153747671,3,-0.014662756598240456,0.0
488,5.271017258322865,-1.1230856424390157,0.0351846639749717,0.345090341936352,0.0,0.014662756598240456,-0.20551806748214857,1.637942416165201,3,-0.014662756598240456,0.0
489,5.186065778527119,-0.9458931356823878,0.0348504619745047,0.34181383023194406,0.0,0.014662756598240456,-0.20560134936368665,1.6260492089937966,3,-0.014662756598240456,0.0
490,5.0936307415651365,-0.9468133560739164,0.034556886597907,0.3389355898652356,0.0,0.004887585532746819,-0.20518874510723953,1.6131083038191192,3,-0.014662756598240456,0.0
491,4.99591217196028,-0.9649428958714976,0.0343213922320515,0.33662676001731323,0.0,0.004887585532746819,-0.20479612715203413,1.5994277040744391,3,-0.004887585532746819,0.0
492,4.9023555027431005,-0.9388038262022016,0.034085897866196,0.3343179115008799,0.0,0.004887585532746819,-0.20449927178646302,1.586329770384034,3,-0.004887585532746819,0.0
493,4.802744747834601,-0.9879167350096226,0.033746636198303794,0.33099166858271273,0.0,0.004887585532746819,-0.20456753381710577,1.5723842646968442,3,-0.004887585532746819,0.0
494,4.690641924266847,-1.0878664115765375,0.0333962788292404,0.32755659945411486,0.0,-0.004887585532746819,-0.20486690425182583,1.5566898693973585,3,-0.004887585532746819,0.0
495,4.576583782005411,-1.100799203454678,0.0330746622151582,0.32440328285672204,0.0,0.004887585532746819,-0.20333053141309906,1.5407217294807576,3,0.004887585532746819,0.0
496,4.505255059851096,-0.8498220874566007,0.0327947436855559,0.32165877124185666,0.0,-0.004887585532746819,-0.20077294911484014,1.5307357083791535,3,-0.004887585532746819,0.0
497,4.462767584706464,-0.5854627476542759,0.0325148251559535,0.3189142344236159,0.0,0.004887585532746819,-0.19946037310504164,1.5203195720236806,3,0.004887585532746819,0.0
498,4.425214326025347,-0.4450881714477612,0.0319397593246627,0.3132757680150315,0.0,-0.004887585532746819,-0.1998203091597198,1.5105557247665902,3,-0.004887585532746819,0.0
499,4.368393396298946,-0.529954164027938,0.031333396207548,0.3073303224866766,0.0,0.014662756598240456,-0.20085537313631488,1.4957822830377259,3,0.004887585532746819,0.0
500,4.307398195913028,-0.5781498734731059,0.030916597652737198,0.30324350907474057,0.0,0.014662756598240456,-0.2011221568736497,1.4799235309373873,3,-0.014662756598240456,0.0
501,4.246644638937994,-0.601723192183719,0.030773430964491002,0.30183971192584463,0.0,0.004887585532746819,-0.2012746486962701,1.4641276061238784,3,-0.014662756598240456,0.0
502,4.179965046314705,-0.6476466318154753,0.030630264276244896,0.3004359085902314,0.0,-0.004887585532746819,-0.20244062698245885,1.4467909120418234,3,-0.004887585532746819,0.0
503,4.111603818368576,-0.6690854819674554,0.0303456777871702,0.2976454125501948,0.0,-0.014662756598240456,-0.2048895527560996,1.4290169927758298,3,0.004887585532746819,0.0
504,4.007729333633682,-0.9310546837397724,0.030044455566555,0.29469176956909454,0.0,-0.014662756598240456,-0.2087660741425283,1.4020096267447573,3,0.014662756598240456,0.0
505,3.882561998489932,-1.154862665449025,0.029860630990294,0.2928892593462702,0.0,-0.004887585532746819,-0.21339567189747521,1.3694661196073823,3,0.014662756598240456,0.0
506,3.726709795450761,-1.4062304379007815,0.029850574845662895,0.2927906525307062,0.0,-0.014662756598240456,-0.21953175120885268,1.3289445468171979,3,0.004887585532746819,0.0
507,3.5679698209879627,-1.512362722116381,0.0298405187010319,0.2926920456855344,0.0,-0.024437927663734094,-0.22599326505862669,1.2876721534568702,3,0.014662756598240456,0.0
508,3.412378750307652,-1.545174614057507,0.029794228710923496,0.2922381427344455,0.0,-0.024437927663734094,-0.2311412834530513,1.2542281750553774,3,0.024437927663734094,0.0
509,3.257712001878268,-1.5509216505658447,0.0297439904364697,0.29174552362223455,0.0,-0.03421309872922773,-0.2354903542359137,1.2263881603380882,3,0.024437927663734094,0.0
510,3.1016547146901927,-1.5464484961408371,0.0296684944022251,0.2910052342847911,0.0,-0.024437927663734094,-0.2415771880501253,1.1982978486442348,3,0.03421309872922773,0.0
511,2.949936640219979,-1.528343880528771,0.029556179702232097,0.2899039101252782,0.0,-0.03421309872922773,-0.24792755227525298,1.1709885952395962,3,0.024437927663734094,0.0
512,2.795198952157657,-1.5410458321000198,0.0294438650022392,0.2888025823087469,0.0,-0.04398826979472137,-0.25483360715479253,1.1431358113883783,3,0.03421309872922773,0.0
513,2.642224139569812,-1.5297780231652185,0.0295130941022093,0.2894814247219889,0.0,-0.053763440860215006,-0.2632872520547731,1.1156003451225662,4,0.04398826979472137,0.0
514,2.488455585130712,-1.537384360038069,0.0295986474138305,0.29032033615999003,0.0,-0.053763440860215006,-0.2703274781008424,1.0884992260669926,4,0.053763440860215006,0.0
515,2.3262079769218764,-1.594512495013961,0.0296995160194009,0.291309422283921,0.0,-0.06353861192570864,-0.27609779502660314,1.067407036999844,4,0.053763440860215006,0.0
516,2.1668560745275007,-1.5837744210349338,0.029822604747094302,0.29251638798723323,0.0,-0.06353861192570864,-0.2817519201442538,1.0466912896885752,4,0.06353861192570864,0.0
517,2.0135511003179536,-1.5537117924928552,0.029945693474787597,0.29372334925867694,0.0,-0.06353861192570864,-0.28705293670266663,1.026761643041334,4,0.06353861192570864,0.0
518,1.869091352737698,-1.4855551226583543,0.029999530238262097,0.2942512506974088,0.0,-0.06353861192570864,-0.2922300649981,1.0079818758559007,4,0.06353861192570864,0.0
519,1.722218001497316,-1.470214246226372,0.030046185169030303,0.29470872931153674,0.0,-0.06353861192570864,-0.29784825564183154,0.9888883401946511,4,0.06353861192570864,0.0
520,1.5795055125653763,-1.4487116892756131,0.030066434004310003,0.29490728066802147,0.0,-0.06353861192570864,-0.30353083409584913,0.9703357166334989,4,0.06353861192570864,0.0
521,1.436836757292371,-1.4396158456509531,0.030048858711947603,0.29473494492867003,0.0,-0.06353861192570864,-0.29969319073153383,0.9827387673747464,4,0.06353861192570864,0.0
522,1.290686045602684,-1.457224458240428,0.0300312834195851,0.29456260909827664,0.0,-0.06353861192570864,-0.284463472981293,1.0353530235830337,4,0.06353861192570864,0.0
523,1.1368793855824977,-1.5143482767473369,0.0300288417532965,0.29453866715152294,0.0,-0.053763440860215006,-0.2700227309034073,1.0907234211903007,4,0.06353861192570864,0.0
524,0.9761259103532192,-1.576603976317482,0.030027632469218996,0.29452680942275944,0.0,-0.03421309872922773,-0.2564177981666199,1.148594672272841,4,0.053763440860215006,0.0
525,0.8140213881956648,-1.5980426564651322,0.0300269499421119,0.2945201168501123,0.0,-0.014662756598240456,-0.2440196822933388,1.2069523002495608,4,0.03421309872922773,0.0
526,0.6655538048885637,-1.520543976411757,0.0300269499421119,0.2945201168501123,0.0,-0.004887585532746819,-0.23367182607168618,1.2604006302401172,3,0.014662756598240456,0.0
527,0.5310172516872103,-1.399009514364915,0.0300269499421119,0.2945201168501123,0.0,0.004887585532746819,-0.22502484214347143,1.3088337893926043,3,0.004887585532746819,0.0
528,0.414598325598616,-1.246559143824939,0.0300269499421119,0.2945201168501123,0.0,0.004887585532746819,-0.22312130064402447,1.32,3,-0.004887585532746819,0.0
529,0.322705504531208,-1.020645643284109,0.0300269499421119,0.2945201168501123,0.0,0.004887585532746819,-0.22312130064402447,1.32,3,-0.004887585532746819,0.0
530,0.2613690683279602,-0.7536667654528987,0.0300269499421119,0.2945201168501123,0.0,0.004887585532746819,-0.22312130064402447,1.32,3,-0.004887585532746819,0.0
531,0.2165456352354351,-0.5614454936246835,0.0300269499421119,0.2945201168501123,0.0,0.004887585532746819,-0.22312130064402447,1.32,3,-0.004887585532746819,0.0
532,0.1185065449993943,-0.9478052571516588,0.0300269499421119,0.2945201168501123,0.0,0.004887585532746819,-0.22312130064402447,1.32,3,-0.004887585532746819,0.0
533,-0.0504525863216029,-1.2798180314796377,0.0300269499421119,0.2945201168501123,0.0,0.004887585532746819,-0.22312130064402447,1.32,3,-0.004887585532746819,0.0
534,-0.0431534728304922,-0.3814371462928233,0.0300269499421119,0.2945201168501123,0.0,0.004887585532746819,-0.22312130064402447,1.32,3,-0.004887585532746819,0.0
535,-0.0095800322773845,0.0652348585951063,0.0300269499421119,0.2945201168501123,0.0,0.004887585532746819,-0.22312130064402447,1.32,3,-0.004887585532746819,0.0
536,0.0036466673091458,0.0971763634442251,0.0300269499421119,0.2945201168501123,0.0,0.004887585532746819,-0.22312130064402447,1.32,3,-0.004887585532746819,0.0
537,0.0033060520207653,0.0302679841404228,0.0300269499421119,0.2945201168501123,0.0,0.004887585532746819,-0.22312130064402447,1.32,3,-0.004887585532746819,0.0
538,0.0007781754622592,-0.0043479601038101,0.0300269499421119,0.2945201168501123,0.0,0.004887585532746819,-0.22312130064402447,1.32,3,-0.004887585532746819,0.0
539,-0.0002618839980975,-0.0073569273945546,0.0300269499421119,0.2945201168501123,0.0,0.004887585532746819,-0.22312130064402447,1.32,3,-0.004887585532746819,0.0
540,-0.0002515702184037,-0.0023764026927259,0.0300269499421119,0.2945201168501123,0.0,0.004887585532746819,-0.22312130064402447,1.32,3,-0.004887585532746819,0.0
541,-6.168714378561068e-05,0.0002961298624451,0.0300269499421119,0.2945201168501123,0.0,0.004887585532746819,-0.22312130064402447,1.32,3,-0.004887585532746819,0.0
542,1.8710177102594897e-05,0.0005576091288863,0.0300269499421119,0.2945201168501123,0.0,0.004887585532746819,-0.22312130064402447,1.32,3,-0.004887585532746819,0.0
543,1.9253067552605698e-05,0.0001881071438308,0.0300269499421119,0.2945201168501123,0.0,0.004887585532746819,-0.22312130064402447,1.32,3,-0.004887585532746819,0.0
544,4.943843643019376e-06,-1.928591109936666e-05,0.0300269499421119,0.2945201168501123,0.0,0.004887585532746819,-0.22312130064402447,1.32,3,-0.004887585532746819,0.0
545,-1.3204042896476908e-06,-4.221969999787187e-05,0.0300269499421119,0.2945201168501123,0.0,0.004887585532746819,-0.22312130064402447,1.32,3,-0.004887585532746819,0.0
546,-1.465588215108967e-06,-1.476760834722526e-05,0.0300269499421119,0.2945201168501123,0.0,0.004887585532746819,-0.22312130064402447,1.32,3,-0.004887585532746819,0.0
547,-3.94121111833741e-07,1.2190970236986656e-06,0.0300269499421119,0.2945201168501123,0.0,0.004887585532746819,-0.22312130064402447,1.32,3,-0.004887585532746819,0.0
548,9.36461045249672e-08,3.189036320040319e-06,0.0300269499421119,0.2945201168501123,0.0,0.004887585532746819,-0.22312130064402447,1.32,3,-0.004887585532746819,0.0
549,1.1173136740316492e-07,1.1635408438279287e-06,0.0300269499421119,0.2945201168501123,0.0,0.004887585532746819,-0.22312130064402447,1.32,3,-0.004887585532746819,0.0
550,3.144533931725542e-08,-7.30801241992814e-08,0.0300269499421119,0.2945201168501123,0.0,0.004887585532746819,-0.22312130064402447,1.32,3,-0.004887585532746819,0.0
551,-6.547648304255366e-09,-2.405776543016778e-07,0.0300269499421119,0.2945201168501123,0.0,0.004887585532746819,-0.22312130064402447,1.32,3,-0.004887585532746819,0.0
552,-8.48593867768795e-09,-9.087777644410286e-08,0.0300269499421119,0.2945201168501123,0.0,0.004887585532746819,-0.22312130064402447,1.32,3,-0.004887585532746819,0.0
553,-2.4903283889378675e-09,4.091636984564941e-09,0.0300269499421119,0.2945201168501123,0.0,0.004887585532746819,-0.22312130064402447,1.32,3,-0.004887585532746819,0.0
554,4.4999599162859597e-10,1.81601236984059e-08,0.0300269499421119,0.2945201168501123,0.0,0.004887585532746819,-0.22312130064402447,1.32,3,-0.004887585532746819,0.0
555,6.453113808086623e-10,7.134966725802888e-09,0.0300269499421119,0.2945201168501123,0.0,0.004887585532746819,-0.22312130064402447,1.32,3,-0.004887585532746819,0.0
556,1.968231603675408e-10,-1.98083198583042e-10,0.0300269499421119,0.2945201168501123,0.0,0.004887585532746819,-0.22312130064402447,1.32,3,-0.004887585532746819,0.0
557,-3.0966163213096104e-11,-1.365800153226589e-09,0.0300269499421119,0.2945201168501123,0.0,0.004887585532746819,-0.22312130064402447,1.32,3,-0.004887585532746819,0.0
558,-4.8928680668626646e-11,-5.55860565128815e-10,0.0300269499421119,0.2945201168501123,0.0,0.004887585532746819,-0.22312130064402447,1.32,3,-0.004887585532746819,0.0
559,-1.5575280109306097e-11,6.080089004072467e-12,0.0300269499421119,0.2945201168501123,0.0,0.004887585532746819,-0.22312130064402447,1.32,3,-0.004887585532746819,0.0
560,2.0806833889015173e-12,1.0281319617417451e-10,0.0300269499421119,0.2945201168501123,0.0,0.004887585532746819,-0.22312130064402447,1.32,3,-0.004887585532746819,0.0
561,3.709267044023083e-12,4.3380705702399296e-11,0.0300269499421119,0.2945201168501123,0.0,0.004887585532746819,-0.22312130064402447,1.32,3,-0.004887585532746819,0.0
562,1.2329908748458436e-12,2.766924043696949e-13,0.0300269499421119,0.2945201168501123,0.0,0.004887585532746819,-0.22312130064402447,1.32,3,-0.004887585532746819,0.0
563,-1.322401497377263e-13,-7.699122813694341e-12,0.0300269499421119,0.2945201168501123,0.0,0.004887585532746819,-0.22312130064402447,1.32,3,-0.004887585532746819,0.0
564,-2.807023329498872e-13,-3.3777087212679653e-12,0.0300269499421119,0.2945201168501123,0.0,0.004887585532746819,-0.22312130064402447,1.32,3,-0.004887585532746819,0.0
565,-9.652973932487065e-14,-6.856955618321478e-14,0.0300269499421119,0.2945201168501123,0.0,0.004887585532746819,-0.22312130064402447,1.32,3,-0.004887585532746819,0.0
566,8.82046047700048e-15,5.782536341789949e-13,0.0300269499421119,0.2945201168501123,0.0,0.004887585532746819,-0.22312130064402447,1.32,3,-0.004887585532746819,0.0
567,2.12030425779352e-14,2.62370596450033e-13,0.0300269499421119,0.2945201168501123,0.0,0.004887585532746819,-0.22312130064402447,1.32,3,-0.004887585532746819,0.0
568,7.604857531585085e-15,9.389777133159923e-15,0.0300269499421119,0.2945201168501123,0.0,0.004887585532746819,-0.22312130064402447,1.32,3,-0.004887585532746819,0.0
569,-5.308891969166885e-16,-4.3319626427408464e-14,0.0300269499421119,0.2945201168501123,0.0,0.004887585532746819,-0.22312130064402447,1.32,3,-0.004887585532746819,0.0
570,-1.6008446551126065e-15,-2.054446238121552e-14,0.0300269499421119,0.2945201168501123,0.0,0.004887585532746819,-0.22312130064402447,1.32,3,-0.004887585532746819,0.0
571,-5.96182817003953e-16,-1.0232747204051729e-15,0.0300269499421119,0.2945201168501123,0.0,0.004887585532746819,-0.22312130064402447,1.32,3,-0.004887585532746819,0.0
572,3.1028509868531966e-17,3.2414521276828487e-15,0.0300269499421119,0.2945201168501123,0.0,0.004887585532746819,-0.22312130064402447,1.32,3,-0.004887585532746819,0.0
573,1.2085563113288295e-16,1.5914052242218877e-15,0.0300269499421119,0.2945201168501123,0.0,0.004887585532746819,-0.22312130064402447,1.32,3,-0.004887585532746819,0.0
574,4.670783777631872e-17,1.018461504884136e-16,0.0300269499421119,0.2945201168501123,0.0,0.004887585532746819,-0.22312130064402447,1.32,3,-0.004887585532746819,0.0
575,-1.6259276412958773e-18,-2.4199638875136966e-16,0.0300269499421119,0.2945201168501123,0.0,0.004887585532746819,-0.22312130064402447,1.32,3,-0.004887585532746819,0.0
576,-9.104386025700678e-18,-1.226969845427457e-16,0.0300269499421119,0.2945201168501123,0.0,0.004887585532746819,-0.22312130064402447,1.32,3,-0.004887585532746819,0.0
577,-3.641105855090723e-18,-9.495321168143149e-18,0.0300269499421119,0.2945201168501123,0.0,0.004887585532746819,-0.22312130064402447,1.32,3,-0.004887585532746819,0.0
578,6.56543412269676e-20,1.802489419694229e-17,0.0300269499421119,0.2945201168501123,0.0,0.004887585532746819,-0.22312130064402447,1.32,3,-0.004887585532746819,0.0
579,6.861351468220189e-19,9.522891921297908e-18,0.0300269499421119,0.2945201168501123,0.0,0.004887585532746819,-0.22312130064402447,1.32,3,-0.004887585532746819,0.0
580,2.841687371557685e-19,8.610951474939835e-19,0.0300269499421119,0.2945201168501123,0.0,0.004887585532746819,-0.22312130064402447,1.32,3,-0.004887585532746819,0.0
581,-5.6602085678823575e-22,-1.3397467095302241e-18,0.0300269499421119,0.2945201168501123,0.0,0.004887585532746819,-0.22312130064402447,1.32,3,-0.004887585532746819,0.0
582,-5.1500046778370656e-20,-7.351466131139001e-19,0.0300269499421119,0.2945201168501123,0.0,0.004887585532746819,-0.22312130064402447,1.32,3,-0.004887585532746819,0.0
583,-2.2233592527732286e-20,-7.694152800881583e-20,0.0300269499421119,0.2945201168501123,0.0,0.004887585532746819,-0.22312130064402447,1.32,3,-0.004887585532746819,0.0
584,-3.1022366544624364e-22,9.953220848397404e-20,0.0300269499421119,0.2945201168501123,0.0,0.004887585532746819,-0.22312130064402447,1.32,3,-0.004887585532746819,0.0
585,3.86579167395091e-21,5.681817915386491e-20,0.0300269499421119,0.2945201168501123,0.0,0.004887585532746819,-0.22312130064402447,1.32,3,-0.004887585532746819,0.0
586,1.7274050212463633e-21,6.6310190744749044e-21,0.0300269499421119,0.2945201168501123,0.0,0.004887585532746819,-0.22312130064402447,1.32,3,-0.004887585532746819,0.0
587,5.021560235391361e-23,-7.373518278782007e-21,0.0300269499421119,0.2945201168501123,0.0,0.004887585532746819,-0.22312130064402447,1.32,3,-0.004887585532746819,0.0
588,-2.896633693581289e-22,-4.384194317916912e-21,0.0300269499421119,0.2945201168501123,0.0,0.004887585532746819,-0.22312130064402447,1.32,3,-0.004887585532746819,0.0
589,-1.3428739014572922e-22,-5.665175088052816e-22,0.0300269499421119,0.2945201168501123,0.0,0.004887585532746819,-0.22312130064402447,1.32,3,-0.004887585532746819,0.0
590,-5.8723897674031995e-24,5.451344233335592e-22,0.0300269499421119,0.2945201168501123,0.0,0.004887585532746819,-0.22312130064402447,1.32,3,-0.004887585532746819,0.0
591,2.164798726179375e-23,3.373138968184671e-22,0.0300269499421119,0.2945201168501123,0.0,0.004887585532746819,-0.22312130064402447,1.32,3,-0.004887585532746819,0.0
592,1.0429058602201565e-23,4.785367657248179e-23,0.0300269499421119,0.2945201168501123,0.0,0.004887585532746819,-0.22312130064402447,1.32,3,-0.004887585532746819,0.0
593,6.060166112075414e-25,-4.022058684681623e-23,0.0300269499421119,0.2945201168501123,0.0,0.004887585532746819,-0.22312130064402447,1.32,3,-0.004887585532746819,0.0
594,-1.6180432579238463e-24,-2.5997135844847637e-23,0.0300269499421119,0.2945201168501123,0.0,0.004887585532746819,-0.22312130064402447,1.32,3,-0.004887585532746819,0.0
595,-8.100461777270825e-25,-4.0139611273642125e-24,0.0300269499421119,0.2945201168501123,0.0,0.004887585532746819,-0.22312130064402447,1.32,3,-0.004887585532746819,0.0
596,-5.769043417215931e-26,2.9565828013916755e-24,0.0300269499421119,0.2945201168501123,0.0,0.004887585532746819,-0.22312130064402447,1.32,3,-0.004887585532746819,0.0
597,1.2063542169133655e-25,1.99867238270516e-24,0.0300269499421119,0.2945201168501123,0.0,0.004887585532746819,-0.22312130064402447,1.32,3,-0.004887585532746819,0.0
598,6.279488561683128e-26,3.3430021902037355e-25,0.0300269499421119,0.2945201168501123,0.0,0.004887585532746819,-0.22312130064402447,1.32,3,-0.004887585532746819,0.0
