t,vEgo,aEgo,roll,rollLateralAcceleration,targetLateralAcceleration,currentLateralAcceleration,steerCommand,theta_a,theta_b,theta_c,theta_d
20,33.6662993138583,-0.1427389358746498,0.0379484200761454,0.3721846564960506,1.0737234709618368,1.0737234709618368,0.3224416333145364,0.9,1.5,1.0,0.0
21,33.6629245725833,-0.0952381240838884,0.0390740330574359,0.383218731801151,1.0527911761675326,1.0527911761675326,0.3037519433958606,0.7829854750407381,1.5,0.9592412056173263,-0.10951229093213889
22,33.65764991040884,-0.0661868093852008,0.0401996460387263,0.39425232156641193,1.0243747365375606,1.0243747365375606,0.1855302560225258,0.8327922059115054,1.2715203254710172,0.9871191148341899,-0.06847728511416667
23,33.662165243010804,0.0011238148488627,0.0399067752820611,0.3913815637145757,0.7800144861106189,0.7800144861106189,0.1823100915216171,0.8167083061836296,1.1693537185715397,0.9520166164690855,-0.10429169230850724
24,33.67285350424658,0.0658829392096585,0.0395470972251954,0.3878559059749088,0.7701471502025644,0.7701471502025644,0.1788544009828539,0.8256671945577393,1.2453874127916262,0.9384800763797144,-0.12480339470988962
25,33.67554090121588,0.0439748482833553,0.0392843499435662,0.3852803571308656,0.7606936247013875,0.7606936247013875,0.1829872511575265,0.6975827993137171,1.174062742847362,0.9882102035630546,0.0022573292321352717
26,33.67382149315373,0.0294165545009753,0.0391475868832913,0.3839397430315598,0.7675926000293568,0.7675926000293568,0.1849436047777162,0.8126327213888797,1.054970274025349,0.9390496058552941,-0.12849126220460533
27,33.669148863392884,-0.0181656245146981,0.0390108238230165,0.3825991217509945,0.7701212729106445,0.7701212729106445,0.1862974566353196,0.7368227758590697,0.9766207326269587,0.96252055768273,-0.05655865961053312
28,33.66716762759941,-0.0174871773015694,0.0390769178564689,0.3832470100769736,0.7734588263379781,0.7734588263379781,0.1864954802509668,0.787287149681893,0.8997910352678724,0.9423264004873486,-0.11703413516039009
29,33.660892131542724,-0.044179291045929,0.03915942023223749,0.3840557392170013,0.7746073695177639,0.7746073695177639,0.1813171704228903,0.7459726027373671,0.8351473204142186,0.9537355873384264,-0.07879551947385019
30,33.658822105796624,-0.0399783404686168,0.0395779472558962,0.3881583079628706,0.768343857412982,0.768343857412982,0.1871975204817226,0.7768041343301783,0.7732506957195079,0.9392497750954818,-0.11699158715213097
31,33.65074046226451,-0.0664541166899483,0.0403921611277016,0.3961393614992896,0.7880037662795076,0.7880037662795076,0.1910825986379111,0.7535734756781031,0.7274726820162078,0.949653071975648,-0.09777224372640765
32,33.6548224105023,0.0206939086188863,0.0412063749995069,0.40412015241741844,0.8037960334517689,0.8037960334517689,0.191907042251222,0.7751705713530358,0.6815349751161599,0.9290431763140075,-0.12004863124540432
33,33.64386412609669,-0.0622102717520619,0.0414234390734686,0.4062477338791554,0.8074734025781413,0.8074734025781413,0.1881706260802332,0.7880524549401865,0.6451819639509282,0.906958701185095,-0.13187656956803248
34,33.647208299022104,-0.0132308830176661,0.0415926291052163,0.4079060584846122,0.8016847911581142,0.8016847911581142,0.1910793141516949,0.7958039787432211,0.6122843281330748,0.8860978886474288,-0.13892929825549294
35,33.64080758168798,-0.0352113795292076,0.0417848818107868,0.40979041887248624,0.8093308107381891,0.8093308107381891,0.2008344777981709,0.8020744001856988,0.5818642988914519,0.8653806168474198,-0.14413838096278303
36,33.63600141754381,-0.0487382558285624,0.0420044242197309,0.4119422401205079,0.8309922778751787,0.8309922778751787,0.2031680192614447,0.8073287836184565,0.5625467238314928,0.8504247175853441,-0.1478302878298126
37,33.65191450252621,0.0696080174283106,0.0422239666286751,0.4140940415133804,0.8379868484463135,0.8379868484463135,0.221073146557403,0.8092271837689446,0.5523672141487006,0.8418330318698567,-0.14876302623436233
38,33.653792114943386,0.0365611087746741,0.0426321736542009,0.4180949486042528,0.8781050023664648,0.8781050023664648,0.2469964845843575,0.807992578469308,0.5388592401598339,0.8301826963798127,-0.14672072866169694
39,33.66081964695643,0.0697003814791755,0.0430565317879911,0.42225408161117106,0.9350315270915028,0.9350315270915028,0.2705843566564013,0.8080353096742267,0.5390973304726883,0.8304340283644478,-0.14679227467891084
40,33.65520028481505,-0.0128070008909655,0.0430176467375035,0.4218729724819594,0.9829995984993009,0.9829995984993009,0.2733461859998246,0.814088730926744,0.5469614153601011,0.8390397661564369,-0.15321004450810105
41,33.645373681057464,-0.0876459384495089,0.0423857210357143,0.4156794324990337,0.9823740974924196,0.9823740974924196,0.2755280465121247,0.8260228142978611,0.554429858067415,0.8446695368987728,-0.16356852663105897
42,33.638457015861704,-0.0759239025904162,0.0417537953339251,0.4094857265228073,0.9805936345655452,0.9805936345655452,0.2774444280098906,0.8131869725941598,0.5488030255389013,0.8442550094473029,-0.15398192271013142
43,33.64081556319291,0.0028193685153314,0.0409633452156822,0.401738042119206,0.9768409063244464,0.9768409063244464,0.277689029852134,0.8065342464173023,0.545821799464534,0.8454305908282475,-0.14956719109265726
44,33.640735811082955,0.0176980742434908,0.04016223410202469,0.3938856066986994,0.9694934009967991,0.9694934009967991,0.2766767077630289,0.8040565111326721,0.5446662636533315,0.8466250597510689,-0.1482269818961673
45,33.636110075171324,-0.0445532225336679,0.0393463028655701,0.3858876456517803,0.9593378717353104,0.9593378717353104,0.2791917751286722,0.8034123698336324,0.5443457659607441,0.8471716357550487,-0.14797496053799897
46,33.636283430572995,-0.0008953036001801,0.0385107520307817,0.3776971022207102,0.9563531205207432,0.9563531205207432,0.2828452882560783,0.8041222054880884,0.5447422782868503,0.8462297391871091,-0.14811026824289172
47,33.6256753170664,-0.0337493303238202,0.0376752011959933,0.36950629510223737,0.9555821536445844,0.9555821536445844,0.2887751319895727,0.8094775685776578,0.5482993340663076,0.8354600614070473,-0.14756917271561093
48,33.62275226148448,-0.01295097505085,0.0368545900519202,0.361461688900007,0.959805023761181,0.959805023761181,0.2832280595533997,0.8168214899749155,0.553555702732381,0.8156317706462581,-0.14477448653290084
49,33.615324920203534,-0.060321615970125,0.0360346456916828,0.3534233761916704,0.9401465642115588,0.9401465642115588,0.2862563344913217,0.8265734803969149,0.560811766478654,0.7825224925529405,-0.13837302498334703
50,33.60975670261897,-0.0484105033311505,0.0350364314823387,0.3436370774016219,0.936562059691202,0.936562059691202,0.2895757471420925,0.8293986348088129,0.5627830646725885,0.771621198710705,-0.13604660602534752
51,33.61257369259475,0.0090057331139934,0.0338046287852161,0.33156025138827117,0.9314206330604492,0.9314206330604492,0.2856321351897817,0.8346421619355965,0.5693739214905518,0.7319437325819733,-0.12345675771025436
52,33.61474238948256,-0.003507277885872,0.0325728260880935,0.31948292228605346,0.9111837330570666,0.9111837330570666,0.2733471136375373,0.8390243732193551,0.5761015141990443,0.682879250849558,-0.10647484354705575
53,33.6310706438621,0.101786896216282,0.0313994755555342,0.30797824203070084,0.8744806771807574,0.8744806771807574,0.2639724072176482,0.8406138117132156,0.5796947127657034,0.6519402237894982,-0.09493921251978718
54,33.627716467924195,0.0392405693261891,0.0302290403689136,0.296501724244754,0.8436483842390793,0.8436483842390793,0.262629567644574,0.840470130727198,0.5802217041508076,0.6472032994783952,-0.09285079691310699
55,33.62939436216317,0.0579091332893275,0.0286230249096312,0.2807535348540031,0.8251624395114685,0.8251624395114685,0.2350956384595942,0.837801618218568,0.5822448364300824,0.6303372854207434,-0.08354744767779808
56,33.631312300972404,0.0218726941785735,0.0264389067203436,0.25933545919902257,0.7475194362244987,0.7475194362244987,0.2229829446426595,0.8274419013770913,0.5871468621221734,0.587577610722335,-0.056971496640084315
57,33.638276814195024,0.0401814615966941,0.0242547885310559,0.23791614641785108,0.7016215909793354,0.7016215909793354,0.2185118213719779,0.8404551615864293,0.5826025645377005,0.6388111435727041,-0.0889785243591306
58,33.639849181648785,0.0391416985204084,0.022656734159783,0.22224354701082719,0.6769279213065456,0.6769279213065456,0.2128960400293743,0.8330125107982105,0.5843483854864534,0.6245228205844843,-0.07669372518306997
59,33.63784286163287,-0.000707631657863,0.0211027176815635,0.207002295785555,0.6503341737796666,0.6503341737796666,0.1828498312683286,0.8108885671892853,0.5887527671677683,0.5921855282659969,-0.044295220654243427
60,33.633581573745865,-0.0374594188331465,0.0190949718137352,0.1873102902262196,0.5703352005306995,0.5703352005306995,0.1734298998531505,0.7964459341754608,0.5911269419099301,0.5717189253997089,-0.023523830285547574
61,33.64452909847544,0.0454970801738642,0.0165622151337077,0.16246790254427965,0.5268038680744593,0.5268038680744593,0.1273850292351077,0.8131097449859243,0.5892555594000635,0.5962355655149248,-0.047613090395522875
62,33.646022276095884,0.0423475245525191,0.0140294584536803,0.13762447265463332,0.410801538627868,0.410801538627868,0.0998412813584251,0.8037520319416108,0.5902589145580434,0.5897691018405693,-0.03691818500948038
63,33.63317401926288,-0.095262965240705,0.0123837796374648,0.12148177315438465,0.3404856491280307,0.3404856491280307,0.092487573760183,0.837066067642363,0.5882014645292664,0.6124580272736087,-0.0744714173451792
64,33.63780820117474,-0.0275535695997916,0.010806548112113,0.10601017361418419,0.3106341333067343,0.3106341333067343,0.038677762982669,0.8398390441389408,0.5878236424303965,0.6118716770064748,-0.07669482977451302
65,33.63017878050374,-0.0659619005558451,0.0091675007257309,0.08993192241460024,0.1895507567447085,0.1895507567447085,0.0382732157868508,0.8110999397715222,0.5919992807060088,0.6242912700400233,-0.056034042551221123
66,33.6328493657325,0.0136059350829016,0.007454419036918,0.07312717348821914,0.1719635090566191,0.1719635090566191,0.0021336157313992,0.8495458053689511,0.5876921678487499,0.6100770805181506,-0.08426840464269679
67,33.63904280127819,0.0399106130553594,0.0057413373481051,0.056322209959313294,0.0848772130368339,0.0848772130368339,0.004621780613079,0.8111010849900178,0.5943175769101607,0.6432228672809371,-0.06274644316235137
68,33.63986132110495,-0.0003443369318292,0.0037538976822521,0.03682564977312266,0.070218447495999,0.070218447495999,0.0081241718097686,0.8720971462824093,0.25309665760297756,0.557255999398853,-0.08965839180502787
69,33.64711250325824,0.0819410937010741,0.0017450683248043,0.017119111577626276,0.0573244859855111,0.0573244859855111,0.0001618651579725,0.8337250479134773,0.210632531442907,0.5865675405067701,-0.06803304646692154
70,33.6406897699555,0.0035113266500535,-0.00012092954732600001,-0.0011863188563766144,0.0235351491597513,0.0235351491597513,-0.0019515803597511,0.8298945985822599,0.2330123635797393,0.5917978855578943,-0.0663694754044307
71,33.641537133559986,-0.0072596200905994,-0.0018002036904848002,-0.01765998866509998,0.0029522049090667,0.0029522049090667,0.0038348039957285,0.830326790696745,0.2290760576298199,0.5915606229627497,-0.06667261492670319
72,33.65155534957935,0.0302752387419727,-0.0034794778336436,-0.03413360867334431,-0.0022688316913747,-0.0022688316913747,-0.0103056390163333,0.8289087074839252,0.24127900054672205,0.5915958055149299,-0.06549843138585772
73,33.656761358715585,0.0540876776799499,-0.0043852095510272,-0.043018767819666334,-0.0386576771595068,-0.0386576771595068,-0.0293963193895663,0.8278675467865569,0.26256746881951465,0.586596640991036,-0.06312658625197488
74,33.64438219112654,-0.0248987404874813,-0.005236051037846,-0.05136542597279242,-0.0841322823414378,-0.0841322823414378,-0.0242344716228861,0.8278448230241352,0.26206190264523377,0.5868480368001232,-0.06318461229520524
75,33.641410584877654,-0.0577570436921097,-0.005921688339333,-0.05809142309802443,-0.0808120813327486,-0.0808120813327486,-0.0196674887339397,0.828520813596055,0.2574271245054609,0.5879761644020876,-0.0640194170340739
76,33.6483523924739,0.030633569839353,-0.0063928384684771005,-0.06271331820839852,-0.0765571945884414,-0.0765571945884414,-0.0237650821521391,0.8273430320366776,0.23259341037491907,0.5829622009927965,-0.061657042682261846
77,33.656582701259424,0.0728434428629105,-0.0068639885976212005,-0.06733519939751721,-0.0891596562869796,-0.0891596562869796,-0.0336069425380152,0.8268812667976241,0.22754953041747833,0.5824706577138206,-0.06116035690582209
78,33.65813404660512,0.0333217320944878,-0.0077765070915695,-0.07628676566776557,-0.1172691492061953,-0.1172691492061953,-0.0325352769519651,0.8245467178172594,0.21304293726754966,0.5834259900748644,-0.05965277370075496
79,33.64752255765389,-0.1067355242932389,-0.0087098088437607,-0.08544214446325182,-0.1243220481657977,-0.1243220481657977,-0.0242698033339899,0.8208825175697908,0.19542893533596964,0.5870097867976954,-0.057853780995645206
80,33.66086067647546,0.0272606961004379,-0.0096709744441453,-0.0948707804392084,-0.1176822504532899,-0.1176822504532899,-0.0191073265969487,0.8210253347008071,0.19644730248751557,0.586898030282918,-0.05793860758642569
81,33.647966053584426,-0.0441577658600931,-0.0106697706863788,-0.10466846442744089,-0.1174223432750768,-0.1174223432750768,-0.0086313332833143,0.815376073112551,0.175390648577231,0.5874976605631038,-0.053811071336212254
82,33.655371822691684,0.0384482614190668,-0.0116685669286124,-0.11446604399905791,-0.1068475340975412,-0.1068475340975412,-0.008593028214652,0.8114343008903647,0.1665276497148284,0.5914503018096299,-0.051954339709893424
83,33.67287673502032,0.11575665025889,-0.0121335906288375,-0.1190276033983222,-0.1113416198618786,-0.1113416198618786,0.0057903339024859,0.8146340200049372,0.1714617530670246,0.5868307838530491,-0.05305808792047307
84,33.68253196196661,0.1006779700614573,-0.0125711010407864,-0.12331925307357891,-0.0876428685811169,-0.0876428685811169,0.0180860544189723,0.8127465971511262,0.16935758285252747,0.5900108179479561,-0.05254300700449284
85,33.66979913934625,-0.0086025014202449,-0.012841009063352199,-0.12596683703448075,-0.066367544062446,-0.066367544062446,0.0203761090171511,0.823584781605351,0.18024965498364132,0.5708416694924492,-0.05526108774925641
86,33.656275790149614,-0.1042641536888259,-0.0128893527621801,-0.12644104947309648,-0.062397650692203,-0.062397650692203,0.0225806387371725,0.8368788061672473,0.18875746512048888,0.5449766982491423,-0.05784026491172667
87,33.65854733866879,-0.0375399829123619,-0.012937696461008102,-0.12691526161620612,-0.0585800066376875,-0.0585800066376875,0.0230696482906781,0.840869625088119,0.190665153356586,0.5369326893856321,-0.05851955780495799
88,33.66787238896972,0.0497156503253693,-0.0128842839241286,-0.12639132830069671,-0.0570944247000833,-0.0570944247000833,0.0231717975113011,0.8443149162558362,0.19219414784275518,0.5299287688802548,-0.059087268300337024
89,33.662066025422725,-0.0025212404520531,-0.0128232109603532,-0.12579225201889946,-0.056302818853374,-0.056302818853374,0.0251924993512051,0.845926271488101,0.1928854543888323,0.5266501873473298,-0.05935050945660394
90,33.645824098890365,-0.1088884696052548,-0.0128241442313543,-0.12580140665464382,-0.0523984111183623,-0.0523984111183623,0.025593342354455,0.8468025711836114,0.19326432013074557,0.5248732990353138,-0.059494890619095644
91,33.653315076970905,-0.0163790024062655,-0.012898674636024102,-0.12653248945377527,-0.0523406692269776,-0.0523406692269776,0.0251860741387889,0.848923956540899,0.19416580593769187,0.5205649117606898,-0.05984210415761839
92,33.66219982163114,0.0473906463878695,-0.012973205040693898,-0.12726357155004636,-0.0538537813672364,-0.0538537813672364,0.0292098248051481,0.8495246782394953,0.19438627903546804,0.5193253703579255,-0.05993457717775156
93,33.66097991938574,0.054201521865407,-0.012852116213363001,-0.12607578918505394,-0.0448356248826344,-0.0448356248826344,0.0288623215363114,0.8495267758329296,0.19438700104431625,0.5193210037603658,-0.059934890134861106
94,33.658043036059006,0.0001378362466506,-0.0127160818069903,-0.12474140070867366,-0.0441816359107721,-0.0441816359107721,0.0318894504067564,0.8531064437268286,0.1958324553101224,0.5120174188667357,-0.060509528776975144
95,33.658115685389305,-0.0303772227556431,-0.0125182020838455,-0.12280035513776508,-0.0363480599417132,-0.0363480599417132,0.0339690911841056,0.8534810568295113,0.19596274464505253,0.5112517079262139,-0.06056784551858271
96,33.65152666923141,-0.0226048352923649,-0.0122418001357633,-0.1200890598215415,-0.0295986178301143,-0.0295986178301143,0.0359876165024561,0.8559400018426259,0.1970058603005404,0.5063949257537624,-0.06099272631121297
97,33.641082441184274,-0.0576536562215887,-0.0119653981876812,-0.11737775533075054,-0.0229754556059222,-0.0229754556059222,0.0374850358572254,0.8576915206864534,0.19777288335814014,0.5030324403001956,-0.06131314648641447
98,33.63472872718886,-0.0707489657809792,-0.0117566083371921,-0.11532967097535182,-0.0180239473645808,-0.0180239473645808,0.0374990002885833,0.8590549008310657,0.19841560856318533,0.500509323965788,-0.06158152172382712
99,33.63370196567556,-0.0429487536292697,-0.0115526989166057,-0.11332945541614449,-0.0159983567850293,-0.0159983567850293,0.0368943701489112,0.8597162829017846,0.19872508669218492,0.49930808633368384,-0.061715275589543504
100,33.63961519611496,0.0433645300577389,-0.0116007889737984,-0.11380118726440701,-0.0176365489509296,0.024437927663734094,0.6000000000000001,0.8592479929395507,0.1984927192849196,0.5001318743366067,-0.061615169196229204
101,33.62415080281644,-0.0817006007793591,-0.0119729435541613,-0.11745177007388868,-0.0173839330634307,0.04398826979472137,0.6000000000000001,0.872238265256898,0.2039531691415043,0.4764256857827693,-0.06417686214305518
102,33.64021548774281,0.028455778780371,-0.0123450981345241,-0.12110233661641315,-0.0156422164966379,0.014662756598240456,0.6000000000000001,0.8886058865692827,0.2036669770612904,0.44075624730699337,-0.06590735729652063
103,33.641139996977664,0.0077186422978103,-0.0122395547648274,-0.12006703438284518,-0.0108099962790949,0.5146627565982405,0.6000000000000001,0.8620638617547757,0.20658559412444216,0.5008343042814627,-0.06365496944542168
104,33.641143798329786,0.0221770860360803,-0.0120976185562528,-0.11867474326566384,-0.0082866032027598,1.0146627565982405,0.20000000000000018,1.1692619430667104,0.2040697401840748,-0.17519646010316858,-0.09527123726265849
105,33.64317066991678,0.0234135665338959,-0.0114915291027203,-0.11272941937435146,-0.0140975532744442,1.021505376344086,-0.19999999999999996,1.6654591099305887,0.06969627707750745,-1.3341567738942335,-0.12543705419597787
106,33.625624072350845,-0.13947571036821,-0.0102796947216696,-0.10084202916578835,-0.0134748948310591,0.9433040078201369,-0.19999999999999996,1.2544799365623058,0.4949162731123059,0.053901922718803785,-0.21669551260807166
107,33.6225970675195,-0.1038429850420977,-0.0090678603406188,-0.08895449086643001,-0.0028147993487404,0.5718475073313787,-0.19999999999999996,1.2529133284345502,0.5081150074300854,0.07575607594746758,-0.22156040289513532
108,33.606333769426726,-0.1211688398933183,-0.0088028021136827,-0.08635437346812559,0.0035162432854759,0.07184750733137868,0.20000000000000018,1.249189267897908,0.6570292462874271,0.29265252542905895,-0.2801356525701558
109,33.60975435517986,-0.0244751310128875,-0.0085852023391137,-0.0842198003579303,0.0086441537439037,-0.20039100684261957,0.40000000000000036,1.2970733295781183,0.7902505308627379,0.4000794341393963,-0.3438638144348908
110,33.622507055554145,0.0731760984202659,-0.0087572277609842,-0.08590730630065047,-0.0013565554993909,-0.1026392961876832,0.6000000000000001,1.3174012109692852,0.8199217209254461,0.4106182199559858,-0.36223548713652565
111,33.61807272156204,-0.0071206435380993,-0.0094412514504341,-0.09261730077285887,-0.0058035538579204,0.3973607038123168,0.6000000000000001,1.2484590622257077,0.7536459282367596,0.418520864971595,-0.31174318879920315
112,33.614128526398034,0.0193300347047253,-0.0101252751398839,-0.09932725191050662,-0.0191779758159189,0.8748778103616814,0.20000000000000018,1.2269325325125975,0.7949249230043727,0.4642903133858943,-0.29845656164324175
113,33.61259549576124,-0.0071388966800493,-0.0105830809382433,-0.10381808601351585,-0.0230208955750812,1.265884652981427,0.20000000000000018,1.3078283180413413,0.9070566351897486,0.4542163125920608,-0.34585029508604564
114,33.6175203568979,0.0142798156946438,-0.0110294538429782,-0.10819674850010685,-0.0307750434348402,1.265884652981427,-0.19999999999999996,1.413367549580401,0.9604028152585651,0.32651297486725617,-0.3832620570463371
115,33.61052082176148,-0.0312377848448767,-0.0114000587487559,-0.11183215397914621,-0.0377965566276282,0.8357771260997069,0.0,1.3007106292154453,0.8768370152763992,0.4118054112962455,-0.3287683308252672
116,33.608872023958966,-0.0116930586623669,-0.0116692397961094,-0.11447264437981315,-0.0404910237938746,0.3357771260997069,0.20000000000000018,1.271909787290577,0.9367924447151469,0.551749960439448,-0.3418224026339385
117,33.61431023180126,0.0485260896730091,-0.011938420843463,-0.11711312648597233,-0.044428966525305,-0.15151515151515138,0.40000000000000036,1.2647737812237474,0.9993804378337391,0.6799019459440212,-0.36559280312857934
118,33.61861532559946,0.0396959837461571,-0.0117279999209938,-0.1150490417603851,-0.0347653724038865,0.09286412512218956,0.6000000000000001,1.2976737979964756,1.07396362299091,0.7838820651619476,-0.4093503660173179
119,33.61334665880799,-0.0087278699569512,-0.0114835340230185,-0.1126509928174784,-0.0310322570936764,0.34701857282502413,0.40000000000000036,1.2245885530952871,0.9908063807154298,0.7150742153735241,-0.34577574153080437
120,33.610154984409014,-0.0376579517877831,-0.011187449236314,-0.10974658767891056,-0.0282445143787727,0.7575757575757578,0.40000000000000036,1.2282274722456656,1.0059481379324315,0.7164202036333162,-0.3486084775466471
121,33.615816691436905,0.0224406006743492,-0.0108245297366547,-0.10618656303377905,-0.0275024697448023,1.2463343108504397,0.20000000000000018,1.247838021693376,1.0403082207299008,0.6794026231833009,-0.3517464624839825
122,33.61042366898032,-0.0339715874881271,-0.0104616102369954,-0.10262652440275566,-0.0112441606541326,1.099706744868035,0.0,1.3254817851113627,1.1469728037560543,0.6734065935729691,-0.39988390306001687
123,33.631293849265575,0.1151209897947178,-0.0108632087177114,-0.10656598152901303,-0.0127477137756066,0.8846529814271751,0.20000000000000018,1.2344189305226259,1.0612666637793833,0.7021098488254279,-0.3489246606196366
124,33.62944521249889,0.0358909903410145,-0.0113228434749542,-0.11107472103166537,-0.0165518233937932,0.5425219941348978,0.20000000000000018,1.2296473239408525,1.0668865808012242,0.7180572607171462,-0.34973574627367326
125,33.628667864067594,0.0068248164726373,-0.0119348945599617,-0.117078536109255,-0.0201917348747283,0.14173998044965774,0.20000000000000018,1.1904064839693622,1.044401004812441,0.7781392558928972,-0.3363086196076524
126,33.646093398331764,0.116037103703534,-0.0127386152472432,-0.1249624358541083,-0.0221664253270645,0.3176930596285432,0.40000000000000036,1.2010446943903834,1.089588576418219,0.8693658429839851,-0.361054376354964
127,33.65494441591066,0.1096356987900176,-0.0135423359345247,-0.1328462548773632,-0.0119303690249219,0.3665689149560114,0.40000000000000036,1.119924975246812,0.9348471949234239,0.6940900278579865,-0.2751135932982429
128,33.6543284414966,0.0633617200392037,-0.013917796825877498,-0.13652917902991715,-0.0142153120055861,0.37634408602150504,0.40000000000000036,1.1199228282233222,0.9350596675507379,0.693012213081336,-0.2750695348202502
129,33.64188205843046,-0.0697121127714786,-0.0142613955752182,-0.13989954817937858,-0.0169046661833232,0.562072336265885,0.40000000000000036,1.1190891591793801,0.9320691415930955,0.7036484283760134,-0.27470086668581284
130,33.639310672746014,-0.0256700744272051,-0.014462592634718599,-0.14187308777433183,-0.0179915508790774,0.6500488758553278,0.20000000000000018,1.1226617750296979,0.9432009186655427,0.6614674846010347,-0.27676788534491276
131,33.64160582105296,0.0076972890136698,-0.014496679988105598,-0.1422074496568458,-0.0170908919146557,0.698924731182796,0.20000000000000018,1.124111545891806,0.945685850156245,0.6582524335316272,-0.27788931894687596
132,33.64423099286055,0.0206334775083905,-0.0145307673414926,-0.1425418113741222,-0.006691928457558,0.5522971652003914,0.20000000000000018,1.1266936905491198,0.925788658309363,0.5835359694923906,-0.27292272802217094
133,33.63146602512495,-0.1033444214765056,-0.0145745896131247,-0.1429716623377664,-0.0059225342779891,0.16129032258064502,0.20000000000000018,1.1239306596296723,0.9316310205784647,0.613401300306038,-0.27355370580895555
134,33.64048238624123,0.0170261633667866,-0.014619148404227502,-0.14340873751082023,-0.0073945604119056,-0.04398826979472137,0.40000000000000036,1.136122479710093,0.9896599795928407,0.756158674416153,-0.2957582778106494
135,33.64944619491993,0.0516464351077939,-0.0145999511523266,-0.14322043256726683,0.0085306351889221,0.03421309872922773,0.40000000000000036,1.1412963288786107,0.9993500791771112,0.7677188628589378,-0.3007421385166943
136,33.6606525333441,0.0783217946471781,-0.0144971605361358,-0.14221216333766348,0.0106272311172205,-0.014662756598240456,0.40000000000000036,1.1226522882856782,0.9827119695888009,0.7364231793086188,-0.2865087122884643
137,33.66382619835352,0.0531691191818991,-0.014394369919944998,-0.1412038926054591,0.0199566745601445,0.20039100684261957,0.40000000000000036,1.1304840182704452,0.9886291219050171,0.7523240704202344,-0.29245750306214374
138,33.664577483775766,0.0320800642508039,-0.0143633999473498,-0.14090010858104565,0.031023073496364,0.27859237536656867,0.40000000000000036,1.0952260887149916,0.9587256839892477,0.6940238135705956,-0.26523640490422185
139,33.676356607798176,0.1067289773716148,-0.0143357944613399,-0.14062932664417077,0.0253235638506517,0.22971652003910048,0.40000000000000036,1.0938729732075452,0.9601090851104207,0.6845430584081104,-0.2643155780762934
140,33.68939417977814,0.1129154638725034,-0.014394572620261498,-0.14120588088955915,0.0201741700373949,0.014662756598240456,0.40000000000000036,1.0926527092129494,0.9501990859647842,0.7076687487330747,-0.262957328733647
141,33.686321448047735,0.0254810017164074,-0.0145648570574688,-0.1428761961003142,0.0255928989320032,0.1026392961876832,0.40000000000000036,1.0973852228816485,0.9360493401305439,0.7690170035425321,-0.2656126071550587
142,33.68759151295785,0.0107831696397495,-0.014735141494676102,-0.1445465071681183,0.0245575124500098,0.20039100684261957,0.40000000000000036,1.08377441541696,0.9237930949982284,0.7459805948082423,-0.25525215553737474
143,33.69347629744251,0.0638125497163601,-0.0152905706617003,-0.14999465320141678,0.03128318995644,0.1808406647116323,0.40000000000000036,1.0760892835993376,0.9191148051957329,0.722843622938981,-0.24977608653567296
144,33.694228297642944,-0.0007131928818876,-0.0158683732318057,-0.15566220845138143,0.0262772578763678,0.40566959921798595,0.40000000000000036,1.0771140861687452,0.9176733740492842,0.738804916439247,-0.24990990204332253
145,33.69579465168002,-0.0084248764993705,-0.0157878675081402,-0.15487254622956195,0.0262500278429799,0.4740957966764414,0.20000000000000018,1.0694364634078637,0.9182253338073724,0.6462964334763106,-0.24856627923642596
146,33.68637039841669,-0.053581362819821,-0.0148320886694321,-0.14549745502530298,0.0586758208583235,0.4740957966764414,0.20000000000000018,1.0723256308891993,0.9234975748612657,0.6371527313027793,-0.25135065616155
147,33.68565491911126,-0.0415158965516485,-0.013876309830723901,-0.13612223090720907,0.0764351112169933,0.27859237536656867,0.20000000000000018,1.0678084979470666,0.8805129014582963,0.5615805249903082,-0.23873079627977165
148,33.68308114189493,-0.0350540927824043,-0.013392901825974,-0.13138043921633819,0.0891990488227728,0.03421309872922773,0.40000000000000036,1.0708850530783345,0.9082732752059002,0.5984135069349391,-0.24864364151584112
149,33.67087664334209,-0.083535472357618,-0.012939547052643201,-0.1269334144005804,0.0976649619433193,0.004887585532746819,0.40000000000000036,1.0937052244949859,0.9679827461559711,0.6334538847069546,-0.2769375393097347
150,33.66509058679346,-0.0906754413527643,-0.012823049379882,-0.1257906670447967,0.0889998433958899,0.42521994134897323,0.40000000000000036,1.1040907264412958,0.9724807723394587,0.6246431161270102,-0.28595124657561666
151,33.67984371142952,0.0290185391168422,-0.0131296646557312,-0.12879830964911196,0.0881486033460093,0.7771260997067451,0.20000000000000018,1.0315295271550518,0.9325678731674691,0.6874511593855337,-0.22308216814889778
152,33.68676030584716,0.056648615334199,-0.0134362799315804,-0.1318059401447212,0.0772609863964154,0.8846529814271751,0.20000000000000018,1.084932895777427,1.0457202686421427,0.7067590213997694,-0.260889382993132
153,33.69371454347548,0.0793723734990411,-0.0136963166759,-0.134356665857853,0.0529382888940667,0.698924731182796,0.20000000000000018,1.1294726498413983,1.055267253185959,0.638654371414611,-0.2781314033202177
154,33.69922742774519,0.0606209815014253,-0.0139528007667295,-0.13687253434843716,0.0537368306515305,0.35679374389051777,0.20000000000000018,1.086912517516112,1.031634767409526,0.6921486534134313,-0.25581357882239086
155,33.70566429673691,0.0508671966404326,-0.0137493504792187,-0.13487687848228253,0.0549109101431461,0.2883675464320623,0.20000000000000018,1.055250491293687,1.053844932924079,0.8038585735847134,-0.2495074760469145
156,33.700909014961326,-0.0097004618339527,-0.012998009809397701,-0.1275068858150273,0.0610454026747445,0.32746823069403685,0.20000000000000018,1.0453767361036963,1.0228869655654649,0.7785329408569902,-0.23655336885054642
157,33.69351991516,-0.0417957904454997,-0.0122466691395766,-0.12013682116850508,0.0545742582463783,0.3958944281524923,0.20000000000000018,1.012400138653755,0.9355068210167974,0.7441296966493226,-0.19440475082075864
158,33.694377455394964,-0.0038027497153037,-0.0117010799327174,-0.11478497479545133,0.0629128354011195,0.5229716520039105,0.20000000000000018,0.9859320797203558,0.8611688897977542,0.7440396786231421,-0.1544795086262942
159,33.69588839402083,-0.0124642718347127,-0.0111712480234081,-0.10958766371180934,0.0684202075055267,0.5034213098729223,0.20000000000000018,0.9663278198082093,0.7914375236971163,0.7772141576659416,-0.11259125247954875
160,33.69692801036815,-0.0073026376834893,-0.010879451705426,-0.10672531582250074,0.0322188146426746,0.5131964809384169,0.20000000000000018,0.9671900581941991,0.7853685625716719,0.7900919503376982,-0.10767109006318255
161,33.694063783444385,0.0004457967516858,-0.0108679476440568,-0.10661246765223219,0.0370216975301418,0.6109481915933532,0.20000000000000018,0.9674220349596745,0.7745180001641039,0.8161515973445316,-0.09836512575187717
162,33.700647064254284,0.0384229310651578,-0.0108564435826875,-0.1064996194678532,0.0250836574420596,0.43499511241446687,0.20000000000000018,0.9694167612067605,0.7515114583713691,0.8772338407884239,-0.07789043504389456
163,33.69124666274985,-0.0711761304067996,-0.0102422508016768,-0.10047472364788,0.0303905975959714,0.2883675464320623,0.20000000000000018,0.9533662032178458,0.7522257029103647,0.8191379312725235,-0.08560548734125892
164,33.67674057763538,-0.1118266511391075,-0.0095798689504637,-0.09397707694835174,0.0415105767148945,0.20039100684261957,0.20000000000000018,0.9621974377174605,0.7812833483654823,0.7517896885910249,-0.11073092273280585
165,33.665073961750586,-0.1088978368065464,-0.009556991927529,-0.09375266362682436,0.0045329388550814,0.14173998044965774,0.20000000000000018,0.974425374900958,0.8048654125406869,0.7110452503962267,-0.12943356646603815
166,33.667742277198215,-0.0181933209834682,-0.0103739870155376,-0.1017669872456498,-0.0175765674661185,0.1026392961876832,0.20000000000000018,0.9799866585426626,0.8146590463177994,0.698673276747231,-0.13658034791477844
167,33.66198430743114,-0.0511078188480562,-0.0111909821035461,-0.10978124293695028,-0.0427336409277055,0.014662756598240456,0.20000000000000018,0.97719343476418,0.8097219055228672,0.7008083575848121,-0.13356298387238277
168,33.65195280643182,-0.0648807694003082,-0.0120034798580147,-0.11775130968888953,-0.0492928804865466,0.03421309872922773,0.20000000000000018,0.989450044644698,0.8317665361880378,0.705470245114716,-0.1449991475067315
169,33.65163713061274,-0.0087781777517161,-0.012815772339083297,-0.12571928514031777,-0.0582424709816686,0.07331378299120228,0.20000000000000018,0.960341384371864,0.7805466507388912,0.6661104322647402,-0.12245840089804744
170,33.65052098579206,-0.0104185077410303,-0.0133777900760551,-0.13123220622989237,-0.0696861724120364,-0.024437927663734094,0.20000000000000018,0.9332006310863592,0.7292529627800306,0.5975580141767494,-0.10415679920527035
171,33.63084049226384,-0.137791917635882,-0.013608432022903601,-0.13349459775775924,-0.0654281179170978,-0.07331378299120228,0.20000000000000018,0.9467697735131304,0.7575110651387184,0.6495520165802591,-0.11212989374213578
172,33.60526470523751,-0.1880787526616705,-0.0138390739697522,-0.13575698218428753,-0.0638660084124533,-0.06353861192570864,0.20000000000000018,0.9475618629746635,0.7589688357495029,0.6521562006826167,-0.11255771584049977
173,33.60882785774765,-0.0287512336541716,-0.013381757172593102,-0.13127111996353427,-0.0620247376369843,0.024437927663734094,0.20000000000000018,0.9325081050684049,0.7324667910627376,0.6029350404309747,-0.10500950125878573
174,33.60755637393628,-0.0273524124292681,-0.0128932755144525,-0.12647952847533192,-0.0614633774243741,0.08308895405669592,0.20000000000000018,0.9034888714970692,0.6831076219115535,0.533773409594384,-0.08768416852601087
175,33.6035903109546,-0.03511876467701,-0.0119264874702961,-0.11699606842926587,-0.0564371178574156,-0.04398826979472137,0.20000000000000018,0.889857237068285,0.6571591802771467,0.5081660481701992,-0.07713800450676012
176,33.58421387901094,-0.126517680737488,-0.0103416326493481,-0.10144960793900211,-0.0338386363274118,0.08308895405669592,0.20000000000000018,0.9048802472959743,0.6854977869758768,0.4828552522162886,-0.09625986171165382
177,33.58596358521357,-0.0687226605054039,-0.0087567778284001,-0.08590289263123718,-0.0193849486068603,0.14173998044965774,0.20000000000000018,0.8768778329567929,0.6579139808060713,0.6439821180103924,-0.057404947065997115
178,33.58325737882174,-0.056898135162707,-0.0089156211059911,-0.08746108435021312,-0.0223343553912603,0.12218963831867047,0.20000000000000018,0.870811926326006,0.6541888589080603,0.7452637301202661,-0.04068590419064792
179,33.585783089960245,-0.0070453898801014,-0.0092128898502214,-0.09037717092237676,-0.0548474821555508,0.23949169110459412,0.20000000000000018,0.8727484067378217,0.6556656623177801,0.6984894443739861,-0.04823087259807157
180,33.57995247426372,-0.0212716865712015,-0.0098302065152098,-0.09643277279931703,-0.0705702373742189,0.3079178885630496,0.20000000000000018,0.86328725255029,0.6468813589950178,0.8693500218430824,-0.01877998507738423
181,33.58561183029762,0.0137953566209366,-0.0108771012522779,-0.10670225924140729,-0.0817983629603078,0.2883675464320623,0.20000000000000018,0.8638437874003725,0.6420034210577086,0.9493500744273726,-0.004886646965465478
182,33.57666909442456,-0.0578902146859073,-0.0119239959893461,-0.11697162873905051,-0.0923472608678614,0.27859237536656867,0.20000000000000018,0.86385373592688,0.6419869108903711,0.9494053115227946,-0.0048708252586457685
183,33.56062587881912,-0.1033513856180809,-0.0125301995538745,-0.12291804108829504,-0.096032410955551,0.27859237536656867,0.20000000000000018,0.8646331271869417,0.6388171551229381,0.9425018790631242,-0.004263595652643155
184,33.55186997543896,-0.0814867496381073,-0.013103440248725498,-0.12854107034621243,-0.1010512805133658,0.3176930596285432,0.20000000000000018,0.8657285996532473,0.6318248669438163,0.9168344773226766,-0.0043760506050616
185,33.556841768454795,-0.0079517016038779,-0.0136153362912076,-0.13356232235521542,-0.1075293743747903,0.26881720430107503,0.20000000000000018,0.868284570628803,0.6123651909689694,0.8246035726363696,-0.00762566802314936
186,33.55564484258417,-0.0220158963634945,-0.014054763252318898,-0.13787268825557566,-0.1122767713874517,0.27859237536656867,0.20000000000000018,0.867453719571747,0.6155713319195767,0.843611840848302,-0.00652275012946853
187,33.541878995055406,-0.0468803786433123,-0.0144941902134302,-0.14218302753326428,-0.1183690145747766,0.29814271749755594,0.20000000000000018,0.8682628957473375,0.6010886459288147,0.7579749437803273,-0.011300586497439612
188,33.54515886974022,-0.0140636611381801,-0.015282288451284001,-0.1499134142099151,-0.1282252968344198,0.24926686217008776,0.20000000000000018,0.8696886441171039,0.5831618987007583,0.6408356112104964,-0.01882739768325533
189,33.54211876342962,-0.0416779968310007,-0.0160971283325544,-0.1579060093667366,-0.1327458648118675,0.21994134897360684,0.20000000000000018,0.8691969455598921,0.5870823146097922,0.6705827343883868,-0.01658200868429592
190,33.537881935742696,-0.0585561921255978,-0.0164662728808022,-0.16152683738198675,-0.1461773138896548,0.27859237536656867,0.20000000000000018,0.869039693063215,0.5839602477646565,0.6469032844377521,-0.01833667469715776
191,33.52483446154687,-0.0883449655721743,-0.0163127316868592,-0.16002080056615778,-0.1328492785031548,0.23949169110459412,0.0,0.8642591931219469,0.5494190041803069,0.3883467471972571,-0.03708394462051166
192,33.50801675954586,-0.1658855320220567,-0.0161591904929161,-0.1585147599778538,-0.1276330086431628,0.24926686217008776,0.0,0.8639559241095912,0.5528216857686317,0.4169725678793301,-0.034742048197883055
193,33.50020122245286,-0.1261520310793112,-0.0164698753006921,-0.16156217232919112,-0.1312490280036448,0.16129032258064502,0.0,0.8459118004972235,0.3389743384967229,0.14300181443697524,-0.014100154630963205
194,33.48275692036813,-0.1639880656186217,-0.0168159653069964,-0.16495684508006167,-0.1306736603122956,-0.06353861192570864,0.0,0.84691455721118,0.35231057544809385,0.1619853113110611,-0.015118261613506507
195,33.47415567113188,-0.0738657959422667,-0.0176263131710243,-0.17290517865375896,-0.1357971671904886,-0.15151515151515138,0.20000000000000018,0.8731036586495919,0.4881237553814462,0.3745504351718487,-0.02666016366702079
196,33.48411926556322,0.0185315455447692,-0.019063008430419,-0.18699678650346668,-0.1488204511868489,-0.14173998044965774,0.20000000000000018,0.8748047499215381,0.49109165262611004,0.3803766908048626,-0.027017991032248553
197,33.484051081295604,-0.0072552459051812,-0.020499703689813596,-0.20108800837443158,-0.1533959209296475,-0.20039100684261957,0.20000000000000018,0.8780263049686237,0.48805460844784576,0.40314496694134255,-0.024504571125246667
198,33.48451502984019,0.0204434546675766,-0.0220755649020877,-0.21654370262860384,-0.156055661248099,-0.014662756598240456,0.20000000000000018,0.8932802783054931,0.46734501504809184,0.5751952065937895,-0.0031103652842768247
199,33.483711762666424,0.0181025738587464,-0.023659120093855,-0.23207431595370495,-0.1704324637567915,0.20039100684261957,0.0,0.8565381278356339,0.5200717895291848,0.10332103383307212,-0.06399615914738398
200,33.4977156896609,0.0754562153234907,-0.0250145034654402,-0.24536668843362927,-0.1845140035330653,0.17106549364613866,-0.19999999999999996,0.8766673496169021,0.5782772883332143,-0.4827758981954643,-0.15425999733086943
201,33.497894348054885,0.0187556108279327,-0.026073138881689495,-0.2557485134591226,-0.1890778782038661,0.21994134897360684,-0.19999999999999996,0.8847803809279406,0.563633958412159,-0.5612947433285129,-0.16343885243139514
202,33.49205680513515,-0.0027110869957855,-0.0271317742979389,-0.26613005186499716,-0.2045870942792645,0.20039100684261957,-0.5999999999999999,0.9008553438787015,0.38709684851568305,-0.7655584517196372,-0.1610488023722039
203,33.48660403269111,-0.0162637194594147,-0.0286791227381202,-0.28130362869253317,-0.2367686944226779,-0.20039100684261957,-0.5999999999999999,0.9055749782231958,0.3674385591140828,-0.804698921152864,-0.16367975224874956
204,33.49624116258849,0.0401665073146126,-0.030248408021260702,-0.29669163405627563,-0.2701086775899794,-0.48387096774193505,-0.3999999999999999,0.9244092225392864,0.5695379954010212,-0.9692726747639734,-0.22577631636666104
205,33.48510057456849,-0.0578492778704683,-0.0317736281946771,-0.3116468485350041,-0.2730507571386634,-0.4740957966764414,-0.3999999999999999,0.9312953899478416,0.5807180646811717,-0.9845423592868116,-0.23111518047492163
206,33.48305936712308,-0.0247309805921425,-0.0332414365974025,-0.32603844024067496,-0.3124589700951056,-0.9740957966764414,-0.3999999999999999,0.8746519810486733,0.5616706303432588,-1.0012002700511584,-0.2201718594553655
207,33.49589245776178,0.0537402110105846,-0.0347092450001279,-0.34042932950920257,-0.4509363499839485,-1.0117302052785924,-0.19999999999999996,0.9966060581192375,0.5762011965016237,-0.770547802017127,-0.2093388945790388
208,33.49638048322956,-0.0087089679402449,-0.036210422716354,-0.35514662391079654,-0.5176567079172626,-0.7771260997067451,-0.19999999999999996,0.9353790140445785,0.5717215675823573,-0.7232220511921731,-0.19118392971414044
209,33.50179791330279,0.0322597539002752,-0.0377140208923805,-0.369886845804472,-0.5549996467288785,-0.5718475073313787,-0.3999999999999999,0.8818777780126913,0.6415431400822108,-0.9504178576566528,-0.2269838416718362
210,33.500540805195,0.0229896379636862,-0.038983098928808,-0.38232734732209167,-0.6347799749575694,-0.6207233626588469,-0.5999999999999999,0.881128779662063,0.6870063836105562,-1.1764101634043636,-0.2683202517967471
211,33.50852021598404,0.0400625694631362,-0.0399396411298587,-0.39170372077380705,-0.7894249393369285,-0.4154447702834796,-0.5999999999999999,0.8786063820372492,0.6840230032344724,-1.1386590242282324,-0.2614650174364066
212,33.51736811843952,0.0570319184492765,-0.0408961833309093,-0.40107973582722717,-0.7926840641433966,-0.4936461388074287,-0.5999999999999999,0.8855117676855975,0.6103412571527467,-1.26230723264349,-0.27639121207146944
213,33.515275394231665,0.0206153882698699,-0.04118669124480769,-0.40392721861889286,-0.8014589581958288,-0.7771260997067451,-0.5999999999999999,0.8875725596720567,0.609907390685202,-1.2760798029141196,-0.2789325074887044
214,33.52153663611166,0.0924171541045983,-0.0414297908334499,-0.4063099911844586,-0.8392569452371731,-1.2170087976539588,-0.5999999999999999,0.8623755788053571,0.6200970944509961,-1.0791440180724916,-0.2431980207864408
215,33.53187674055117,0.0868882969846382,-0.0416886917870138,-0.4088476164977885,-0.9643549939269336,-1.2463343108504397,-0.3999999999999999,0.903302475540477,0.676200237581714,-1.1397600567951105,-0.2618845811990529
216,33.5330704716795,0.0538589488505528,-0.0419659325193812,-0.4115649693025527,-0.9689523331527996,-1.236559139784946,-0.3999999999999999,0.8830810152485831,0.6621898320247587,-1.0588861318212541,-0.24486196225842147
217,33.54016247961793,0.0660268618076622,-0.0422431732517486,-0.41428229047343623,-1.0274372771369291,-1.383186705767351,-0.3999999999999999,0.8978069636142463,0.6498088928736573,-1.0500551206776958,-0.24369402008234756
218,33.556289083101355,0.1193655199063212,-0.0422116548862063,-0.4139733709378933,-1.052951066102808,-1.412512218963832,-0.3999999999999999,0.9349789099936111,0.6110408492797668,-0.9988119881994993,-0.23494552327728097
219,33.55891003814067,0.0531861305698448,-0.042158414831075,-0.4134515506513809,-1.0752181732787964,-1.1876832844574778,-0.3999999999999999,0.9476968412779405,0.6064339061446881,-1.0170969313628715,-0.23891012403669556
220,33.55936496365238,0.0343627347227689,-0.0419967976882525,-0.41186748982687804,-1.068663595734196,-1.1485826001955033,-0.3999999999999999,0.9012120391432217,0.6177159122296929,-0.9277344485030692,-0.22000481875750139
221,33.564105164947456,0.0492980958998359,-0.04170959626767359,-0.4090525111865549,-1.0747969280844527,-1.129032258064516,-0.3999999999999999,0.9007683672091643,0.6188582184339845,-0.93124773465656,-0.22066550768917764
222,33.57079399928998,0.0482030755559558,-0.0414223948470947,-0.40623749880567633,-1.0815874177639655,-1.129032258064516,-0.3999999999999999,0.9011128494732559,0.617745620917041,-0.9274458535513636,-0.21995543028220993
223,33.57218098891432,0.0281590920029215,-0.0410290505183046,-0.40238206955389044,-1.0758693260321297,-1.099706744868035,-0.3999999999999999,0.9020905953487739,0.6149351896686792,-0.9177131498570309,-0.21817678400258736
224,33.575454209830184,0.0278483503123709,-0.0406267816189079,-0.3984391002661457,-1.0841135013931915,-1.021505376344086,-0.3999999999999999,0.9012109969831635,0.6160671308250657,-0.9207586347431495,-0.21866211085544884
225,33.580614586998536,0.0620741510839687,-0.040391825224235,-0.3961360689740084,-1.0917508354552163,-1.021505376344086,-0.3999999999999999,0.8970743230743582,0.619940926967734,-0.9310932904604899,-0.22000454918320253
226,33.590671825534685,0.0742069029613663,-0.0403794966938876,-0.3960152247069148,-1.0920690267497568,-1.0899315738025415,-0.3999999999999999,0.8971161843288021,0.6193756830101631,-0.928202743038221,-0.21949990869908856
227,33.59646770399934,0.0465012420722348,-0.0403671681635402,-0.3958943803796298,-1.093182432698182,-1.0606060606060606,-0.3999999999999999,0.8976759302216315,0.6127095360261436,-0.8940962422581907,-0.213564664656111
228,33.59872817863505,0.0502329559000748,-0.0402537817221439,-0.3947829629920746,-1.1016642057197734,-1.0899315738025415,-0.3999999999999999,0.8960471651717672,0.6131734815300103,-0.8936118431760316,-0.21322203848226307
229,33.60757581940112,0.062748402043995,-0.0401341645185428,-0.39361046598039995,-1.094810733691724,-1.2170087976539588,-0.3999999999999999,0.8977308578524901,0.6120310531006176,-0.8899433109831058,-0.2128836801901045
230,33.605009129217706,0.0062805303316783,-0.0401097471940623,-0.3933711247988369,-1.0946975058560462,-1.099706744868035,-0.3999999999999999,0.9092217636107706,0.614161453684424,-0.9166135938263904,-0.2197442074292071
231,33.603156264191874,-0.02334925083938,-0.0402137494077663,-0.39439056380166315,-1.043593802719396,-1.129032258064516,-0.3999999999999999,0.8850327867322273,0.596732375575323,-0.7854524716868714,-0.19249496747017242
232,33.61103718967286,0.052108477531111,-0.0403177516214704,-0.39540999853858055,-1.0499241080900523,-1.1192570869990224,-0.3999999999999999,0.8876278972973934,0.5967713774054649,-0.7895838466887363,-0.1936819941728499
233,33.63182706464103,0.1134582327281927,-0.0410372810954638,-0.4024627435519026,-1.0487645990794834,-1.021505376344086,-0.3999999999999999,0.8873239807240313,0.5967144107231014,-0.7887312178871152,-0.1934838418599162
234,33.63540166179775,0.0570929741736109,-0.0417865079121847,-0.4098063570027288,-0.94045612020118,-1.0117302052785924,-0.3999999999999999,0.8854210971551412,0.6075100023438014,-0.8285450454197423,-0.20109569509826888
235,33.64414963538487,0.0831188567552342,-0.0427387267045691,-0.41913928189252475,-0.887435875647956,-0.9726295210166178,-0.3999999999999999,0.8849749138051898,0.6064704948473358,-0.823107518569824,-0.20001066572332385
236,33.6562623715273,0.0803744596138566,-0.0439566236759772,-0.43107562733540733,-0.8856853311196446,-0.9628543499511242,-0.3999999999999999,0.8899228877060693,0.6172557351324898,-0.8789148169172394,-0.21128733260378876
237,33.656597115148664,0.0474061654047648,-0.0451745206473854,-0.4430113333755168,-0.8982714946197876,-0.9237536656891496,-0.3999999999999999,0.8837949560980973,0.6050337781869967,-0.8150091627874089,-0.19829139247492134
238,33.652340816200535,0.0038630381954091,-0.0456525169214855,-0.4476956421949697,-0.8653995780008098,-0.8748778103616814,-0.3999999999999999,0.8861163503840921,0.609633366649865,-0.8387900339824803,-0.20315627356434213
239,33.65630456737668,0.0411454708452341,-0.046084246492749,-0.4519264547301887,-0.8511563858489696,-0.9042033235581624,-0.3999999999999999,0.8913549892951559,0.6193683872721011,-0.8902110541050026,-0.213663895749734
240,33.6664411812488,0.0682133065783499,-0.0461886477442146,-0.4529495411835897,-0.8233192278958494,-0.9433040078201369,-0.3999999999999999,0.8696591116098339,0.5821962414051568,-0.6877940263046339,-0.17239789042617532
241,33.67736510210569,0.0978613992118802,-0.0458146172165327,-0.44928418337472076,-0.8075254458409006,-0.9824046920821115,-0.3999999999999999,0.8531895993782826,0.5517699090656547,-0.5276601538280568,-0.1395953769163893
242,33.6803353427017,0.0588867193488369,-0.0454405866888509,-0.4456187627115193,-0.7976218293562206,-0.9921798631476051,-0.3999999999999999,0.8429906713034151,0.5304253650231977,-0.4201944079918935,-0.11750058600818258
243,33.69280464181808,0.112583625386971,-0.0451122959065134,-0.44240153056262715,-0.7939024259740525,-1.0606060606060606,-0.3999999999999999,0.8402343412508527,0.5233006439737444,-0.3866527034836612,-0.11056393889812256
244,33.70337734533945,0.1016150723848144,-0.0447875061168643,-0.4392185610342939,-0.7389651408731288,-1.0606060606060606,-0.19999999999999996,0.832415449399265,0.501149904934376,-0.2841655816790583,-0.0894044816556737
245,33.715277127439585,0.1068386583750577,-0.0448279014071089,-0.4396144410886462,-0.7319681829427918,-0.9628543499511242,-0.19999999999999996,0.8321779255352042,0.49805820758503483,-0.2731341982549809,-0.08705168210744996
246,33.71922572280191,0.0761109342074477,-0.0452966890059978,-0.44420857898962546,-0.71862705801352,-0.913978494623656,-0.19999999999999996,0.8319486386858838,0.4846002806060806,-0.24366756153073926,-0.08103751427611108
247,33.73281135619556,0.1210571509600811,-0.0457654766048866,-0.4488026192705228,-0.7153049860041284,-0.9628543499511242,-0.19999999999999996,0.8270775540184493,0.4502286413501499,-0.1500597700275194,-0.06220711431491791
248,33.73534270450809,0.0520900845113013,-0.0462046577767223,-0.45310643204069284,-0.7297940007688593,-0.7673509286412514,-0.19999999999999996,0.8086109168412796,0.370377801742925,0.09883294976380097,-0.012278325509479757
249,33.73940033781046,0.0277177926883093,-0.046641539987014,-0.4573876291307342,-0.7422316458225315,-0.5816226783968723,-0.3999999999999999,0.8220699444285301,0.45232386576115036,-0.13602286661434052,-0.06049954994680067
250,33.74700429496951,0.0680704932648872,-0.0470180493894684,-0.46107713704681363,-0.741325032183007,-0.562072336265885,-0.3999999999999999,0.8604899745291134,0.5094076885231578,-0.4219885936140133,-0.11664008231892287
251,33.75494270040087,0.0754684432821042,-0.0473229681116112,-0.46406506246278506,-0.773226234746054,-0.5816226783968723,-0.3999999999999999,0.8897987431995776,0.49637210980243246,-0.5362184224401856,-0.13846592577184488
252,33.76998063550694,0.1040303904806803,-0.0476278868337539,-0.4670529447321085,-0.8056952854066372,-0.6500488758553278,-0.3999999999999999,0.8923295146697479,0.49531135708792307,-0.5461601698148096,-0.14037680637627284
253,33.76683205901186,0.0174537534079463,-0.0470202011924062,-0.4610982229038565,-0.8123067417599209,-0.8944281524926687,-0.3999999999999999,0.8776548073753654,0.5009319906246067,-0.4863941538585796,-0.12865374418615666
254,33.776103153629435,0.0778504008448284,-0.0463481001192952,-0.45451209496009753,-0.8139017661134169,-1.0801564027370478,-0.3999999999999999,0.8285138994322935,0.5241950305633807,-0.2843348343456862,-0.08908939909922495
255,33.78364306235327,0.0751728185645249,-0.0458065734132771,-0.4492053564506826,-0.8473133872797999,-1.1094819159335287,-0.3999999999999999,0.821503698278627,0.5331162598607597,-0.21805540737231602,-0.07292013953463078
256,33.80475310607616,0.1550794803354374,-0.0454344655028669,-0.44555877585382675,-0.8482432636900988,-1.0899315738025415,-0.3999999999999999,0.8249565592803357,0.5335245873360699,-0.21906314860695894,-0.07199751310551031
257,33.801833444174896,0.0540584932548008,-0.0450623575924566,-0.44191213356298803,-0.9402948626765328,-1.0899315738025415,-0.3999999999999999,0.8232908667475752,0.5332948945553043,-0.21704866293307445,-0.07199848349437696
258,33.81400313334894,0.1047850578987807,-0.0450577535999603,-0.44186701424071306,-0.9641397450864034,-1.0410557184750733,-0.3999999999999999,0.8236595124180904,0.5334268276859196,-0.21766234203314486,-0.07205137968232375
259,33.82750746589076,0.1277814289948649,-0.0450761759512186,-0.44204755401030876,-0.9789032243960524,-1.0801564027370478,-0.3999999999999999,0.8184899390456698,0.5315679822706024,-0.20901660722873158,-0.0712975383675479
260,33.84035526284215,0.1137614413671779,-0.0453082438829247,-0.444321816033874,-1.0105147050566716,-1.0606060606060606,-0.3999999999999999,0.8210505540613842,0.5337540349285301,-0.21209479878498994,-0.07139328062429975
261,33.84922250096917,0.0975788270582153,-0.0458208167742784,-0.4493449372112335,-1.069638443509231,-1.0801564027370478,-0.3999999999999999,0.8193937092617659,0.5332671549260865,-0.21028224010132304,-0.0714351170549892
262,33.85407024003522,0.0691304900533087,-0.0463333896656321,-0.4543679403317648,-1.0751817065116651,-1.0606060606060606,-0.3999999999999999,0.8208101861830845,0.5334532412959626,-0.20883018277586476,-0.07051782440476846
263,33.8680433115335,0.0984457597027587,-0.046518933951668,-0.456186168519779,-1.0770146164409446,-1.0899315738025415,-0.3999999999999999,0.8197031596130461,0.5339236151023067,-0.21127205789248618,-0.071647437935549
264,33.87166705479946,0.0488350063466767,-0.0466893712148168,-0.45785634266148667,-1.0857393147714602,-1.0703812316715542,-0.3999999999999999,0.8212533003495583,0.5329053783518395,-0.20298878780683488,-0.06863796758891942
265,33.88653331315114,0.119544589348982,-0.0463169762718376,-0.45420709767908163,-1.085880582504069,-1.0410557184750733,-0.3999999999999999,0.8202451423239409,0.5337056944730408,-0.20614519995953728,-0.06995740757608782
266,33.89699375061888,0.1283556733630035,-0.0452387200452389,-0.44364048604016204,-1.0823876904387235,-1.021505376344086,-0.3999999999999999,0.8185905928377722,0.5342712957027288,-0.21055953691561005,-0.07185932696223038
267,33.88843784894902,0.0099063551510556,-0.0441604638186402,-0.4330733586086748,-1.0735052037660129,-1.0606060606060606,-0.3999999999999999,0.8172564182038451,0.5325462881547143,-0.20801613619550258,-0.07150474098539887
268,33.903719267314074,0.0446720551949835,-0.0437777178202126,-0.4293222492842557,-1.0630308469863674,-1.1388074291300097,-0.3999999999999999,0.8193375241623956,0.5378649747579842,-0.22145790428951612,-0.07494675058720088
269,33.897369995743205,-0.0121020134835147,-0.0434261732924978,-0.4258768751329177,-1.045024024332901,-1.129032258064516,-0.3999999999999999,0.8287387853922968,0.5505379726794507,-0.2724545069973036,-0.08704565651358816
270,33.90160362609766,0.0348045301994671,-0.0432536554602834,-0.4241860644103769,-1.0494344165250022,-1.1681329423264906,-0.3999999999999999,0.8273754971897609,0.5497497729421459,-0.2663728842659441,-0.08573003531905526
271,33.91336217423329,0.0921537442448197,-0.0433146440429906,-0.42478380203322014,-1.0492731355071416,-1.129032258064516,-0.3999999999999999,0.8360798094111174,0.5558674409515016,-0.3080086222578087,-0.09500273103442661
272,33.92400399148314,0.0962930668783851,-0.043375632625698,-0.4253815380760365,-1.016652025183315,-1.158357771260997,-0.3999999999999999,0.8276584193090857,0.5524333091884666,-0.2724791902216417,-0.08754599288136494
273,33.917397782391184,0.0120761200838154,-0.0437464360231898,-0.4290156686591633,-1.024100238403093,-1.1192570869990224,-0.3999999999999999,0.8334414412995522,0.556467131293251,-0.29958583849067283,-0.09354415566952265
274,33.92035853194276,0.045443085463154,-0.0441405866484415,-0.43287855358704047,-0.9861940376194578,-1.1681329423264906,-0.3999999999999999,0.8264553604638583,0.5544585228270714,-0.2737342759872474,-0.08845362191682257
275,33.92515617613213,0.0464731245117837,-0.0445001382639991,-0.43640229125255225,-0.9782490427218004,-1.1485826001955033,-0.19999999999999996,0.8335024094511917,0.5576914342951717,-0.2976577975860631,-0.09303290616588165
276,33.9261077040217,0.0114518897665031,-0.0448185063568202,-0.43952236821551377,-0.9781412902876097,-1.1876832844574778,-0.19999999999999996,0.8313263870898746,0.5580655283489137,-0.2927480244692965,-0.09241266687231625
277,33.921494509926326,-0.0393193623173775,-0.04513687444964119,-0.4426424006292599,-0.9374961998375564,-1.2072336265884651,-0.19999999999999996,0.8750034117067796,0.3232562512740875,-0.07049461305773186,-0.04679006040631959
278,33.92752999363683,0.0283180523734354,-0.0454545241269733,-0.44575534780109566,-0.9447179472778824,-1.2267839687194524,0.0,0.89627019109874,0.22151528797683206,0.022480473494265824,-0.025954440595005096
279,33.93918568908819,0.0719273295403564,-0.045772122806216,-0.4488677502283588,-0.932181797650836,-1.0019550342130987,0.0,0.9095002884142454,0.1603555582601109,0.08052376847059739,-0.01197833607341715
280,33.942390420136874,0.0361290775044522,-0.0457247758709702,-0.44840376276188804,-0.92889574833471,-0.7673509286412514,-0.19999999999999996,0.8882841566208599,0.3451732032257086,-0.1266926367618907,-0.05384092366359204
281,33.943824269595446,0.0263069089794024,-0.0452464007396244,-0.44371575655112716,-0.8512335937997657,-0.7673509286412514,-0.3999999999999999,0.9060021801116254,0.4431353989962422,-0.3340624682471708,-0.08815366839405625
282,33.9431954896115,0.0072124113982188,-0.0447680256082785,-0.4390276487992261,-0.80452914913284,-0.562072336265885,-0.3999999999999999,0.8880194466462654,0.4315491134773702,-0.2506814163577389,-0.07624289320355757
283,33.94375508618801,0.0149209599112622,-0.0450621544673497,-0.44191014292849884,-0.8084280264527248,-0.4740957966764414,-0.3999999999999999,0.9824271160547883,0.3763262554405262,-0.5473876750451522,-0.11384560393852738
284,33.95745537182112,0.076003444956637,-0.045417412716640196,-0.4453916605918218,-0.8134869174150946,-0.7673509286412514,-0.5999999999999999,1.032297221988919,0.3601165075792587,-0.7138443564423596,-0.13688150957668235
285,33.94660608020648,-0.048669697537615,-0.0459662356751683,-0.4507699945704171,-0.811447884586318,-1.2673509286412514,-0.3999999999999999,0.8908347262087056,0.39399799960854376,-0.21555417595151266,-0.06148163312690717
286,33.95394205555591,0.0191545173536131,-0.0467689782438422,-0.4586364351293024,-0.8037052632727635,-1.2463343108504397,-0.19999999999999996,0.8356582113905852,0.6093389112129586,-0.0950689387468839,-0.00804022819610238
287,33.95039966952196,-0.006589229378434,-0.04757172081251619,-0.4665025801448892,-0.8129331773963641,-1.4516129032258065,-0.19999999999999996,0.8311923869295255,0.6063432594525863,-0.09515281862116264,-0.012392454615576816
288,33.951720277177465,-0.0076666268371098,-0.047760070905147,-0.46834819590993254,-0.8241185468925074,-1.7155425219941347,-0.19999999999999996,0.8670848139758265,0.4847102608960191,0.2591815236065932,0.12136834347632672
289,33.93860848047189,-0.0721763164143239,-0.0479096128550861,-0.46981352437577756,-0.817899898367146,-1.5102639296187683,0.0,0.9555898914335365,0.38888465416190127,0.4129704337735992,0.22891906460392047
290,33.9273184558313,-0.0893018092414744,-0.04808604119759259,-0.47154229313889134,-0.7604699418048128,-1.0410557184750733,0.0,0.8945636287029655,0.4102479169967798,0.46869790097319164,0.20527091063166125
291,33.910764761130146,-0.1420669667656473,-0.0482973760563058,-0.47361308112864053,-0.7596487589829534,-0.8748778103616814,-0.19999999999999996,0.8712459461048379,0.6021316330736832,0.15809948741661634,0.11762400074345351
292,33.9100612204625,-0.0546781531073699,-0.048508710915019,-0.47568384796568225,-0.7814142504826193,-0.7771260997067451,-0.19999999999999996,0.8688130319369877,0.5954221670020823,0.18073679226084172,0.12261794356925161
293,33.90474495710317,-0.0519971415662745,-0.0492786522457381,-0.4832279458122973,-0.8202016567944,-0.5718475073313787,-0.19999999999999996,0.8849836081774825,0.6122488796033717,0.038340309950985085,0.08425543895403784
294,33.89933608736096,-0.0420845753520936,-0.0500751878294174,-0.49103231996668023,-0.8239128253761675,-0.4447702834799605,-0.3999999999999999,0.9329301450211329,0.6538251746411163,-0.36450535131367745,-0.02588846209750549
295,33.893212592720175,-0.0767863675020673,-0.0505998407324934,-0.49617264555760476,-0.8393854663031624,-0.8553274682306942,-0.3999999999999999,0.953997277636701,0.6681798673391885,-0.5189339385759115,-0.06663111095889268
296,33.88347219713414,-0.0943322953369367,-0.0507693109678188,-0.4978330135974741,-0.8559886772197567,-0.9335288367546433,-0.19999999999999996,0.8599652203539879,0.7164590875590089,0.2182086706946741,0.1696665413131332
297,33.859231086460106,-0.1799750361742443,-0.0509387812031443,-0.4994933673395004,-0.8670590547877889,-0.7869012707722387,-0.19999999999999996,0.8615505376317304,0.7107489365413168,0.1712316469673655,0.14959579747226529
298,33.84250092059592,-0.1667904452246105,-0.050490315425496,-0.49509957450078096,-0.8829108125446231,-0.9042033235581624,-0.3999999999999999,0.8676325680597764,0.7300604079465033,0.017685247436884433,0.0956760137863432
299,33.82373492894554,-0.1930047879748413,-0.0500099514849766,-0.49039315258403204,-0.8825815465790546,-1.099706744868035,-0.19999999999999996,0.8469881873028483,0.6946538532977402,0.2380539378596143,0.15868709833080138
300,33.81569971831845,-0.1264568925384595,-0.0495759233510098,-0.486140613812285,-0.9104985493992868,-0.8553274682306942,-0.19999999999999996,0.8456942699661747,0.7206774712776061,0.3525975239624055,0.21272231112340106
301,33.79451204018344,-0.1778607074454039,-0.0492033997686638,-0.4824906138129278,-0.9154562492860272,-0.7086999022482896,-0.19999999999999996,0.8375056479344123,0.7498418670357576,0.1938868467280398,0.14857018658180332
302,33.78167445917356,-0.1496182877256829,-0.04883087618631779,-0.4788405468565059,-0.9102279871068788,-0.8455522971652005,-0.3999999999999999,0.8472715646214268,0.7727237076313626,0.11422403210554118,0.13265604708225712
303,33.76276122589278,-0.1821080537102782,-0.0483590031845338,-0.47421693738200693,-0.9228839154171368,-0.9433040078201369,-0.19999999999999996,0.8182711797330343,0.7314026682391956,0.21668213760914523,0.13268875312659856
304,33.7389792054079,-0.2183699454711291,-0.0478800600815309,-0.46952394412126014,-0.9443512736993692,-0.7478005865102642,-0.19999999999999996,0.818691476651915,0.7279887057840243,0.2107708069708999,0.12994863823701022
305,33.720213798217074,-0.2068101710593118,-0.0473802788560436,-0.4646266506869767,-0.9406341376159676,-0.6109481915933532,-0.3999999999999999,0.8222052156998517,0.7575853501494442,0.184612016628229,0.136270788706525
306,33.718963728608536,-0.0804592700667491,-0.04685529157584619,-0.45948224132936966,-0.965103151020304,-0.8748778103616814,-0.3999999999999999,0.8380697592668654,0.7843874418470961,0.18734710862655712,0.16499610010683008
307,33.70708553722021,-0.099054237854821,-0.0463303042956488,-0.45433770533310947,-0.9623278684449734,-0.7673509286412514,-0.3999999999999999,0.8150629813888899,0.8175853322735356,0.1729822908602089,0.1399461073822373
308,33.69934506239157,-0.0837922931564149,-0.046591025967906,-0.45689262493208316,-0.958655321227458,-0.669599217986315,-0.3999999999999999,0.814143458743948,0.7494776340167081,0.2539367315976996,0.16779716615452211
309,33.68853470558877,-0.0955267934484144,-0.0469149651490975,-0.4600669957855953,-0.9522486549907544,-0.913978494623656,-0.3999999999999999,0.828646801981409,0.69318417807088,0.2996313610250651,0.1960046270391379
310,33.67993155094141,-0.0967643030307005,-0.0472836142443649,-0.4636794328703882,-0.961515783670082,-1.1485826001955033,-0.19999999999999996,0.8093281762881084,0.7254952295931614,0.29515942471044976,0.17909729587982182
311,33.65866981926689,-0.1685510381151099,-0.0477072315818671,-0.4678304325713989,-0.9626770379253744,-1.1192570869990224,-0.19999999999999996,0.8176204366817085,0.7777892084699038,0.31877147077680756,0.20522063026750723
312,33.64127907303996,-0.1709308289255306,-0.04813084891936939,-0.4719813483194693,-0.9702396530883552,-1.099706744868035,-0.19999999999999996,0.8297878954737381,0.7611862642211571,0.329444963024051,0.21233372729551975
313,33.62994721294942,-0.1243597309745333,-0.0477363363728104,-0.46811562551736596,-0.9860437301300446,-1.1876832844574778,-0.19999999999999996,0.8388142771776765,0.7457462575823084,0.35902924716700524,0.2261191242207931
314,33.622347370161336,-0.1115338114994642,-0.047280430046251695,-0.4636482307969313,-0.9856205466115672,-0.8944281524926687,-0.19999999999999996,0.8561384220251516,0.7088498388035621,0.3805522894686331,0.23297791732472536
315,33.609580963367286,-0.1165593582091591,-0.046861014362387,-0.4595383202431029,-0.9694260792731334,-0.7771260997067451,-0.19999999999999996,0.8208527026531898,0.741678774134851,0.42454518859581036,0.2396773930211515
316,33.5980715028966,-0.1040662964902582,-0.0464900804228835,-0.4559034214223831,-0.9331499270057348,-0.7771260997067451,-0.19999999999999996,0.8266595199832887,0.7623453530034504,0.451474657179736,0.2664379986841712
317,33.59101236741969,-0.0755866668717122,-0.0461191464833799,-0.4522684598730051,-0.9112498915312902,-0.7282502443792769,-0.19999999999999996,0.8183973309743272,0.7455712650163798,0.42346916183457767,0.23899029312864595
318,33.57494704375958,-0.1394703770232207,-0.0452430657161887,-0.44368307345233526,-0.8542510477702524,-0.6891495601173023,-0.19999999999999996,0.820075325295391,0.7490472615519392,0.4318923309834748,0.24585503234244407
319,33.56052482396523,-0.147366951748244,-0.0443322276409604,-0.4347567125744079,-0.6672775886140293,-0.698924731182796,-0.19999999999999996,0.8208060386841781,0.7503853792850761,0.43724209595121377,0.24953600495949563
320,33.53846489248642,-0.2082766572237511,-0.0429476383116451,-0.4211868241448358,-0.6326528099627108,-0.7380254154447705,-0.19999999999999996,0.8122075978417403,0.7358181282319582,0.35382780778133993,0.19736003789412188
321,33.53183507775108,-0.1107254125919716,-0.0409465632359007,-0.40157354894690916,-0.598184879999715,-0.7673509286412514,-0.19999999999999996,0.8018671203921915,0.7157275436027615,0.16062117264940215,0.0906941732382191
322,33.51674821790967,-0.1482218610640956,-0.0389454881601563,-0.38195866572797127,-0.5061382869397847,-0.6793743890518087,0.0,0.798971129795161,0.7048022001576427,-0.0439719400683444,-0.010854078851090312
323,33.50954425309649,-0.1052416952237064,-0.0362155322670509,-0.35519671574047157,-0.3970527401527259,-0.7673509286412514,-0.19999999999999996,0.7974571909825702,0.7112597386820815,0.20682228726099464,0.10625615101435402
324,33.48206426355346,-0.2042428905093764,-0.033446404637188495,-0.3280480590254809,-0.3786337975196171,-0.7966764418377323,0.20000000000000018,0.7826316955743331,0.5637272411763157,-0.46595749675349807,-0.2561346008307772
325,33.461042831362505,-0.202263289923076,-0.0316253091401334,-0.31019256958800473,-0.353740148831517,-0.7282502443792769,0.20000000000000018,0.780090199997742,0.557936776195668,-0.39930839542711777,-0.22932324424696066
326,33.444847637167406,-0.1822553530081843,-0.0310441068607977,-0.30449377417382106,-0.3692479203936754,-0.5131964809384169,0.20000000000000018,0.7837883971375442,0.4774084794432417,-0.5343262300018886,-0.30801397857951496
327,33.42999023341122,-0.2073423399108671,-0.0304629045814619,-0.2987948759028332,-0.3530296051839549,-0.5816226783968723,0.20000000000000018,0.7867932569792571,0.5294012498557477,-0.44467368557493425,-0.2514414317108581
328,33.435623263299895,-0.0401257571791213,-0.0310873646844387,-0.3049179286698745,-0.3632870654672097,-0.6109481915933532,0.40000000000000036,0.7506797466781869,0.46541307038596397,-0.5022574491434126,-0.325609776794486
329,33.41394874009255,-0.164778558303932,-0.0317721708078786,-0.3116325587864191,-0.362828497602714,-0.22971652003910048,0.40000000000000036,0.7395739387684483,0.43352783241642434,-0.5275281889236606,-0.3550868695197748
330,33.39816776128469,-0.1599053007993592,-0.032010761791320695,-0.31397194616883445,-0.309722244405188,0.053763440860215006,0.20000000000000018,0.7648479234213286,0.6062121146091827,-0.7848098197308687,-0.4056467223858332
331,33.36411080130938,-0.2715094440219734,-0.0316510811788574,-0.3104452667632835,-0.2611090059767065,0.12218963831867047,0.20000000000000018,0.8255639799407154,0.6803453540695584,-0.9927074935876609,-0.4272842479828935
332,33.34792770708663,-0.2061940458645296,-0.0312914005663942,-0.3069185471953854,-0.1696478660083454,0.2883675464320623,0.20000000000000018,0.8555899152382491,0.6785911302660343,-1.0127340018200697,-0.41009218345365095
333,33.32436299965256,-0.2374513247027602,-0.0306587687681945,-0.3007154063685968,-0.1636143269916513,0.698924731182796,0.20000000000000018,0.9122349502230287,0.671982376137724,-1.047169893362539,-0.37717567212401637
334,33.31081688140651,-0.1806065369314036,-0.0300056255673254,-0.2943110189650837,-0.1538816732649584,0.48387096774193505,-0.19999999999999996,1.0375918212247262,0.6433100459766573,-1.126594051919503,-0.3101938645984914
335,33.29852714336525,-0.1253102960661863,-0.0284916238038317,-0.279465015592743,-0.1453111821025919,0.1319648093841641,0.20000000000000018,0.9031085339444807,0.6827574173512022,-0.9533638566681518,-0.33939518594749984
336,33.2822185506563,-0.1482251650572965,-0.0258670396379556,-0.2537273616516677,-0.084446551348041,0.12218963831867047,0.20000000000000018,0.8907357899366191,0.7530082147083929,-1.1520190693063352,-0.4226115678582738
337,33.263400810538585,-0.1700220224837701,-0.0232424554720795,-0.22798795992537002,-0.0372526116610442,0.17106549364613866,0.20000000000000018,0.8907838859573471,0.7548661628552141,-1.1717443319220466,-0.43068713152175736
338,33.24121172456742,-0.1910827470101532,-0.0214504939540312,-0.21041320880576428,-0.0048314297501941,-0.024437927663734094,0.20000000000000018,0.8864523421767405,0.7378466354798188,-1.0365117050283923,-0.3797703491616436
339,33.23138689429119,-0.1215728242930804,-0.0197138986653163,-0.19338081948940047,0.0052502360068257,-0.1808406647116323,0.20000000000000018,0.897024526267605,0.7802759126527594,-1.3347680697977304,-0.4897768638474687
340,33.21380496948331,-0.1675996311295788,-0.0187463834889619,-0.1838912508632509,-0.0153673587524683,0.053763440860215006,0.40000000000000036,0.9092692984626098,0.8047010370283841,-1.5150012930340442,-0.552022609499226
341,33.198536943975775,-0.1716793409062532,-0.0186929056695422,-0.18336672537167403,-0.0126860787803509,0.42521994134897323,0.20000000000000018,0.85094922232343,0.7166924819105638,-0.8351066462354346,-0.3254818876439091
342,33.16065953817271,-0.2906474536273407,-0.0186394278501224,-0.1828421993556899,-0.0226754220230471,0.024437927663734094,0.20000000000000018,0.8337755738485312,0.7567210772670403,-0.6567490627328755,-0.25987824220375244
343,33.13218279870085,-0.2932514627477296,-0.0189112441751017,-0.18550824751785666,-0.0208709550266897,0.16129032258064502,0.20000000000000018,0.8089812419227999,0.8416796088100352,-0.9461463280207086,-0.3827955789276975
344,33.11371949878182,-0.2202767055416737,-0.0192071639669096,-0.18841069342363115,-0.0202418056211715,0.661290322580645,0.20000000000000018,0.7931500302069535,0.8001383800424987,-0.699484153392899,-0.2981829384058514
345,33.092701788575894,-0.180078406848252,-0.0193444326202829,-0.1897570487499682,-0.0312962242117308,0.7380254154447705,0.0,0.783467530928059,0.6964377438790728,-0.181855634603593,-0.10670690390217105
346,33.06127488022469,-0.1973300125452555,-0.0192930675228488,-0.18925325117099787,-0.0582824567241418,0.2590420332355814,0.0,0.8125281973397028,0.6753152509919753,-0.18785559390323087,-0.09250529431219644
347,33.06595878406257,-0.0801536111734464,-0.0192417024254148,-0.18874945309270777,-0.0551906860225001,0.6011730205278596,0.0,0.7682322524800017,0.8126069343058234,-0.3576859092233897,-0.17398315574664702
348,33.0444066009928,-0.1362573682352367,-0.0193751022596469,-0.19005786153090776,-0.0550163620487485,0.4154447702834796,-0.19999999999999996,0.7421435839763684,0.5668899089790698,0.36864108542285134,0.0741129517297272
349,33.02336390419895,-0.1563370717929247,-0.0195224554653435,-0.19150312309569106,-0.0668689514991478,0.16129032258064502,0.0,0.7387893762612346,0.5793313978687479,0.3506325345366655,0.06608676570898696
350,32.999185407094224,-0.2085712700145275,-0.0195130272334464,-0.19141064975707678,-0.0650880060906096,0.34701857282502413,0.0,0.7395069586374252,0.5966962517757775,0.3130570940589784,0.05338376712783286
351,32.98306556665093,-0.1778244111458547,-0.0193026909888326,-0.18934763979402502,-0.0617637443020554,0.16129032258064502,-0.19999999999999996,0.7155713436170161,0.5310068164944408,0.5930155095679075,0.14365297166750207
352,32.96299913055307,-0.18070308667699,-0.0190923547442187,-0.1872846214539798,-0.0592217548971414,0.024437927663734094,0.0,0.716678396170426,0.5587787414212474,0.50958916329593,0.11387316687250149
353,32.93902957534799,-0.2026488730310353,-0.0194264924859202,-0.19056190477705917,-0.0768933912110594,0.11241446725317683,0.0,0.7164124123385077,0.5577051775196264,0.5127289080032454,0.1148403288188414
354,32.92994530354559,-0.1472029521744024,-0.0197862033459967,-0.19408999007309805,-0.0989319164739716,0.08308895405669592,0.0,0.7046118646906689,0.5436532447674631,0.6056903130316257,0.1432154774120269
355,32.91838115636944,-0.1476242033055695,-0.0200991434286873,-0.19715932181830195,-0.0985321716851811,-0.17106549364613866,0.0,0.7065356870081301,0.5470564201301934,0.5869061558481676,0.1371973734542793
356,32.9087381857843,-0.1100865577473806,-0.0203498125227641,-0.19961788272706812,-0.0889943577226701,-0.17106549364613866,0.0,0.7298990510144479,0.5836276400366394,0.3751953346607699,0.06978212977983578
357,32.8955978282878,-0.1443852153983929,-0.020600481616841,-0.20207643109284665,-0.0902812155352674,-0.1026392961876832,0.0,0.7386979730686717,0.5894987113814271,0.3214591620045639,0.054213268842673405
358,32.88663771734848,-0.1256133502918074,-0.0201518474123163,-0.1976762431942014,-0.0681077560422505,0.03421309872922773,0.0,0.7321648914182113,0.5851572771170576,0.3612113489882816,0.06577905149560416
359,32.8798876298621,-0.0404844896757305,-0.0196640464832211,-0.1928918643715125,-0.0442662092340483,0.014662756598240456,0.0,0.7149266858763258,0.5709383279515843,0.4756297945260901,0.09959105828602818
360,32.871268864432714,-0.0575780131932404,-0.0192848678817312,-0.18917282765531274,-0.0383352296750697,0.014662756598240456,0.0,0.7163135606367839,0.5731768471245571,0.46273627418653457,0.09553848189589349
361,32.879526893784025,0.0249110413273677,-0.0190684566836603,-0.1870502241539419,-0.0426896972060233,-0.07331378299120228,0.0,0.7166775804324685,0.573666198903446,0.4596617431944144,0.09460112231539353
362,32.88437240980505,0.0491852720121727,-0.0188520454855894,-0.1849276118922971,-0.0421097202527116,-0.024437927663734094,0.0,0.7255081598253016,0.5852606290316079,0.3857776707565786,0.0722733069564034
363,32.90021199767042,0.1319972977421786,-0.0189906748418176,-0.18628732243915522,-0.0437161110795141,-0.16129032258064502,0.0,0.7214009110214089,0.5819832132604129,0.41307081083261904,0.08006552785800881
364,32.90641289951455,0.0923125302778932,-0.0191571791050574,-0.18792043213996085,-0.0432959450134476,-0.09286412512218956,0.0,0.7371920363120277,0.598633630242948,0.2946306855210541,0.04513269771979212
365,32.927413287367855,0.1393757280170463,-0.0195814768207195,-0.19208201192558688,-0.053769888085711,-0.06353861192570864,0.0,0.7305890495720371,0.5952599497991167,0.33194530783194204,0.05540973943154343
366,32.940074586404094,0.134974199496688,-0.0203385548327747,-0.19950746764183225,-0.0596892876318032,-0.03421309872922773,0.0,0.7290547132277495,0.5941280962514269,0.3417116617447313,0.05824592938840979
367,32.95275761627868,0.1233259601879246,-0.0210956328448299,-0.2069328090069632,-0.0555991913274333,-0.06353861192570864,0.0,0.7272538240787324,0.5923860877007381,0.35427585260983474,0.06217198310484559
368,32.97032335362902,0.1424912206736667,-0.0213489020148784,-0.2094168200732972,-0.0481439968296408,-0.04398826979472137,0.0,0.7284138848506715,0.5943073086931804,0.34405459735214333,0.05848905868210348
369,32.98669251694997,0.1647863807733171,-0.0215677816340362,-0.21156353479951026,-0.0483964535490238,-0.053763440860215006,0.0,0.7274998591429042,0.5933424074272349,0.350369828734981,0.06068713485746449
370,32.99343996124179,0.1447697481604624,-0.021355356169465,-0.20948012089720253,-0.023700500237231,-0.06353861192570864,0.0,0.7278012040089519,0.5938386013471197,0.3478236692981219,0.05970205755142411
371,33.00957166368648,0.1395926694688403,-0.0205922734928811,-0.2019959264752818,0.0027279943180785,-0.004887585532746819,0.0,0.7283611400448503,0.5945302128568762,0.3436618858443582,0.05821852166747683
372,33.01584251687331,0.0838618198980222,-0.0198291908162971,-0.19451161443211315,0.0506276177416213,-0.06353861192570864,0.0,0.724217779931707,0.5906783350130106,0.37203559368350153,0.06706379245490049
373,33.03699834545618,0.1688289733806382,-0.0194927585095019,-0.19121185138893254,0.0529331433066172,-0.07331378299120228,0.0,0.7267673386871809,0.5960288059658422,0.3440614265332512,0.058145155166651454
374,33.061929948614484,0.2277600713565359,-0.0191898048133939,-0.18824043151018535,0.0469603946404753,-0.14173998044965774,0.0,0.728921153647517,0.5977882390422948,0.329531490082045,0.05403507378152235
375,33.079830824236865,0.2092717849391047,-0.0189406256375685,-0.1857964280451042,0.0470776499582825,-0.11241446725317683,0.0,0.7390180092922009,0.6051226714730973,0.2640174746924278,0.03603281699631348
376,33.1106358329921,0.2745170833500155,-0.018756529658615,-0.183990767289144,0.0543061637454898,-0.14173998044965774,0.0,0.7379809687628059,0.6047197673285769,0.26955800733476776,0.03745775284909079
377,33.1362823309613,0.255071646229065,-0.0185724336796614,-0.18218510029749113,0.0616041060913077,-0.1808406647116323,0.0,0.7455128403460509,0.608616859981322,0.22573223715004626,0.02602785050250485
378,33.16616440460128,0.2774611344341473,-0.0169186128761016,-0.16596367449133834,0.0847374508175194,-0.15151515151515138,0.20000000000000018,0.7568426736390385,0.613087749662567,0.16450653329345188,0.010524306457865885
379,33.19005884847423,0.2668008043250182,-0.015133617552284399,-0.14845512134664932,0.1033455159071119,-0.09286412512218956,0.20000000000000018,0.7562992793019657,0.612901437430938,0.16741223763752097,0.011213113378689582
380,33.20575756600274,0.176980066340484,-0.013330086756422598,-0.13076427838968324,0.1376076235101244,-0.06353861192570864,0.20000000000000018,0.7803070098089601,0.5538869437921314,0.08380529229697356,-0.008027462566084104
381,33.24367514625543,0.3260017387849943,-0.0115024103791106,-0.11283615764100248,0.1496702967631138,-0.09286412512218956,0.20000000000000018,0.7982931946091679,0.5120519175406895,0.002932126940831989,-0.026460259162550626
382,33.26673076208996,0.2638459724161475,-0.0096747340017985,-0.09490765997441858,0.1517303762242136,0.29814271749755594,0.20000000000000018,0.8213413122367541,0.4693019529850651,-0.12409945507204907,-0.054790080099477834
383,33.298675313410705,0.3400703937263558,-0.0079040346491254,-0.07753777255595519,0.1598040824323122,0.3958944281524923,0.0,0.7493328106869401,0.5432265992123312,0.2843283609940772,0.0329438272714483
384,33.33465457299592,0.3362146100673236,-0.0061363282941098,-0.060197002781967164,0.1682604072381624,0.35679374389051777,0.0,0.7555962001093965,0.5518268549849102,0.3178244900235415,0.041892962964082736
385,33.38056720925458,0.4492829671052742,-0.0041543135548846,-0.04075369874977865,0.2035287857857839,0.2883675464320623,0.0,0.7595776068593161,0.5279321323064103,0.36630511782514363,0.05379779360305163
386,33.38908714926463,0.2334119624802293,-0.0018909463543016,-0.018550172680786337,0.2398031646009544,0.3079178885630496,0.0,0.7593044559758899,0.5407943381421272,0.3355506503266146,0.04671733470915611
387,33.432465664083004,0.3041205995317833,0.0003724208462813,0.0036534484175656545,0.2551461282230001,0.1026392961876832,0.0,0.7544061303960635,0.5149967974197764,0.4103333250221942,0.0628412602582252
388,33.47157576599018,0.3870956194941798,0.0022207848764874,0.021785881730752174,0.2792775707105803,0.11241446725317683,0.20000000000000018,0.7757517936865979,0.6032726029883172,0.1374207808092739,0.005598519803412728
389,33.49895317210671,0.3466502572199579,0.0040497926107816,0.039728356915286665,0.2902907986208684,0.19061583577712593,0.20000000000000018,0.7684790731925687,0.5942102576396279,0.17630282170535122,0.013167010827129604
390,33.53588463564872,0.3571368403432018,0.0059444798446391,0.05831500382982763,0.3090508164948137,0.27859237536656867,0.20000000000000018,0.7771989215291017,0.5827198789868395,0.13657804835304183,0.006129125786104439
391,33.562742293309206,0.2743429995404663,0.0079263796963878,0.0777569706029814,0.3247853704481524,0.22971652003910048,0.20000000000000018,0.7772294720114128,0.5826729724213324,0.1364010581171986,0.006097813440536726
392,33.60637568012739,0.3596836136041514,0.0099082795481366,0.0971986319525301,0.3774125832666289,0.5816226783968723,0.40000000000000036,0.7865552126180647,0.5611211058954343,0.04514136640617622,-0.010041353432667727
393,33.625536670568444,0.2591816052709689,0.0122959026170762,0.12061976521851198,0.4572263633899228,0.7575757575757578,0.20000000000000018,0.7434365973942505,0.5908741677208832,0.29195250018387997,0.03214799403710543
394,33.66322954853364,0.3302800105184106,0.0147109872725868,0.14430957993094326,0.5456743365412291,0.7966764418377323,0.20000000000000018,0.7478230879698704,0.6066015555673917,0.28882405746457496,0.031225177838800473
395,33.687081773482845,0.2742254077899981,0.0168769338877704,0.16555486198787048,0.5931783979546498,0.7184750733137832,0.20000000000000018,0.7584617123189513,0.6015910945359981,0.2953991028714957,0.03282297733421718
396,33.707118840977095,0.2223938990761489,0.0187226387564024,0.18365835591378232,0.6028871600994657,1.0410557184750733,0.20000000000000018,0.7375058658422236,0.6154978550468586,0.27630400581816134,0.028805252616872813
397,33.7210889843562,0.1733280464434601,0.0205683436250344,0.20176122418445652,0.6542665630432414,1.0019550342130987,0.0,0.7640755079993482,0.5580024380536982,0.4214483074739851,0.05417872012516173
398,33.737439151341576,0.1627000798363768,0.022717007061419,0.2228346720188796,0.6910700432796505,0.7869012707722387,0.0,0.7489860272968417,0.5647173286211126,0.4275206496549386,0.05486664986392835
399,33.76521805999509,0.228105287775695,0.0248875992421603,0.24412214550279407,0.7658190472736555,0.8357771260997069,0.20000000000000018,0.7338567380188603,0.6584331414931487,0.3676351402720539,0.04160797752378283
400,33.776220052487304,0.185352996978406,0.0268425045158241,0.26329334861947273,0.8873102764047206,0.8944281524926687,0.20000000000000018,0.7165271737582798,0.568983063771503,0.49084964210635373,0.06398061336973028
401,33.802183790997546,0.2379093013178992,0.0285371383370869,0.2799113316593625,0.9000777756998426,0.6891495601173023,0.0,0.7172811661498577,0.5687291101133456,0.4845175131908833,0.06315906400741013
402,33.83068259361999,0.2616376744261982,0.0302317721583497,0.2965285108546202,0.9125776199152704,0.34701857282502413,0.20000000000000018,0.7260117346929202,0.5670996205863217,0.3617354108743044,0.0481000662761449
403,33.85090783028862,0.224385270260963,0.031739120491127,0.31130849864231547,0.9162703433628318,0.5718475073313787,0.40000000000000036,0.8183516615866003,0.767436316149362,0.0075921253944437606,-0.012717388746711668
404,33.859330885247,0.1250573833015532,0.0332314604469687,0.3259406282543654,0.9200320431610784,0.8357771260997069,0.20000000000000018,0.7468392975925129,0.7745329021411784,0.18652898297485207,0.012823629299633325
405,33.861415822434004,0.0586563798215018,0.0343143769067346,0.3365579801974273,0.9631387609763036,0.591397849462366,0.20000000000000018,0.7415652892007284,0.7898534445365682,0.1988296247638012,0.013559811475162388
406,33.85664867874812,-0.0061258135333948,0.0349249657947892,0.3425442679561335,0.9745417318906922,0.6207233626588469,0.20000000000000018,0.7474371518413891,0.806340755758402,0.09843318575205809,0.0024595919214648095
407,33.86118920364372,0.0198863914148308,0.0355355546828438,0.348530428007904,0.9706620301763488,1.1094819159335287,0.20000000000000018,0.7519315165047884,0.8085431606709256,0.08483463682584771,0.0005106893181831063
408,33.87699100986468,0.1080106200016809,0.03532710662277069,0.3464868359550712,0.9603211869025328,1.129032258064516,0.20000000000000018,0.664058904653153,0.7605537599097731,0.3644777116701694,0.0397328350613498
409,33.88599851350786,0.1161325228124824,0.0350615690451374,0.34388352544277084,0.947303880449797,0.6500488758553278,0.20000000000000018,0.6830907255057368,0.7612884244905013,0.3524638280145302,0.036072051334723555
410,33.895919262899696,0.0966905767827828,0.03496698943411,0.34295626815804464,0.945847622062064,0.5522971652003914,0.20000000000000018,0.57752099912798,0.7539814319108468,0.4301755682323566,0.05736172250141286
411,33.8961100849581,0.0363439544226835,0.0350984178003417,0.3442447893305266,0.9461325743111296,0.591397849462366,0.20000000000000018,0.611542617804142,0.7704662097136968,0.32748602448150554,0.04261777290247469
412,33.899697419361495,0.0295230030615839,0.0352298461665734,0.34553330455672526,0.9501918336900744,0.6304985337243405,0.40000000000000036,0.6256122099206364,0.7762913248437164,0.29096627996776425,0.03713466322143639
413,33.89876922000308,0.0133894687259005,0.0358928766198878,0.35203352089710443,0.955036569078305,0.5327468230694041,0.40000000000000036,0.6320440533077047,0.7791915856359423,0.27326355435772537,0.03453199111934167
414,33.89543551822663,-0.0316891147972437,0.036580091638033,0.35877067445096883,0.9607734057540048,0.5327468230694041,0.40000000000000036,0.6635619707673627,0.5380449598215781,0.24603837498794542,0.04608359813850087
415,33.890369912636416,-0.0638612826497959,0.037031557708190194,0.3631965570661798,0.9660234645973416,0.591397849462366,0.40000000000000036,0.6925166113315628,0.43583224248687424,0.20822766689464492,0.0468782644131268
416,33.88870491956584,-0.0230237135145715,0.037165828868632,0.3645128508132541,0.9684514240496,0.6598240469208214,0.40000000000000036,0.7037160001718908,0.39859533252325197,0.1929590460071506,0.0470335007828621
417,33.88214405351649,-0.0414227296074293,0.0373001000290738,0.36582913798861927,0.9715992745244534,0.8944281524926687,0.40000000000000036,0.7064596186766123,0.3829558401978691,0.1896210742542095,0.047635327078799014
418,33.880803533304174,-0.0293785259005117,0.0370059685392842,0.36294569930375675,0.970222006348313,0.9726295210166178,0.40000000000000036,0.7046431620069546,0.45674400050755626,0.18785312755740585,0.04175488272689395
419,33.8781315177803,-0.0325272017438451,0.036688755755727,0.35983595419920744,0.9656087094503384,1.0312805474095796,0.40000000000000036,0.7157079031021704,0.4847318453817878,0.16804088761690034,0.036372011624943155
420,33.8722443821004,-0.0466619232688162,0.0366762881744865,0.35971372950659647,0.9718383039523488,1.1094819159335287,0.40000000000000036,0.7277114467412878,0.5083347883519655,0.1468177290249229,0.03113089343578417
421,33.86234793750266,-0.0807088233579675,0.0370752119626822,0.3636245113539255,0.9701210672757749,1.0410557184750733,0.40000000000000036,0.748158256538014,0.5425664507160571,0.11118292814263743,0.022706209960021005
422,33.84742701419747,-0.1335826188657717,0.0374741357508778,0.36753523533398086,0.9929621534535495,1.0019550342130987,0.40000000000000036,0.727161301023978,0.5138549105277778,0.14669804051590155,0.030863645562716854
423,33.83832469527153,-0.1211330070874267,0.0381129864738911,0.37379788551833254,0.9958599670372142,1.099706744868035,0.40000000000000036,0.7177217035794967,0.4977763128301111,0.1624996819872835,0.03483882301318939
424,33.835434180474095,-0.0722712818382112,0.0387692355485394,0.3802309327786457,0.9966345202795084,1.1485826001955033,0.40000000000000036,0.7305014585289569,0.5244815725798417,0.1421803115804068,0.028901736374249313
425,33.81690233376409,-0.1440831875355007,0.0391737108010311,0.3841958221831207,0.9926411515010396,1.1485826001955033,0.40000000000000036,0.7417953142098629,0.5387847528941024,0.12499751860330148,0.024440648939908115
426,33.806581400843555,-0.1355713356686444,0.0392604235689759,0.3850458203778483,0.987434574080585,1.2756598240469206,0.40000000000000036,0.7437972399842141,0.5408160210715331,0.1220113089165255,0.02369084852207577
427,33.79545667822943,-0.1023397300347009,0.03934713633692069,0.3858958156773763,0.985110335328182,1.2756598240469206,0.20000000000000018,0.7723280910252075,0.5696532491278089,0.07979754809085501,0.012983166352511032
428,33.77677982296721,-0.1418519611185891,0.0394351030150065,0.38675809937063954,0.989757848476072,1.3343108504398824,0.20000000000000018,0.7778496946476814,0.5728619405674399,0.07136705204969676,0.011153992566178692
429,33.76697090783047,-0.1005929355963579,0.0395231659533127,0.38762132364642937,0.990135195845081,1.2463343108504397,0.20000000000000018,0.8274467436357869,0.44334206517920605,0.08944297948821205,0.013380558892811999
430,33.76393558533195,-0.0695579393031722,0.0397776556506393,0.3901159053504604,0.9919272842418254,1.1974584555229715,0.20000000000000018,0.828862045628005,0.440248142068008,0.08945999116640133,0.013369076035654327
431,33.76414831553322,-0.0308732059474626,0.0402287092314272,0.39453720098082207,0.9847052380983284,1.1485826001955033,0.20000000000000018,0.8331722846530082,0.42583708062813375,0.09373095243691654,0.013911293254314765
432,33.76757734256588,0.0116285851917557,0.0406797628122152,0.39895841634285584,0.986508461678091,1.0117302052785924,0.20000000000000018,0.8345408351032884,0.4185647960864133,0.0974021086824689,0.01437767975686529
433,33.77307273775743,0.0338808663041618,0.0418077814478435,0.41001486812026744,0.9869274139874074,1.050830889540567,0.20000000000000018,0.831566834710052,0.4588627936733888,0.0683953564316272,0.010691572521695345
434,33.75848713415803,-0.0381873070317215,0.0429877565534921,0.42158002085349683,0.991143078338762,1.0606060606060606,0.20000000000000018,0.82296734103267,0.4175613555861594,0.1199395941209253,0.017292793526556556
435,33.74982777710272,-0.1819253798095409,0.0440260368989888,0.43175591226548077,1.0069168336926992,1.0606060606060606,0.20000000000000018,0.819127188943437,0.39559819556673875,0.14649382041185616,0.02035873589520796
436,33.73480130372314,-0.2232583019045304,0.0448956592465209,0.44027847672015147,1.007031589872207,1.0606060606060606,0.20000000000000018,0.8165008188759981,0.38179657506090675,0.1638288396581466,0.02220849643709383
437,33.79291066860866,0.2471551391619225,0.0457652815940529,0.44880070821731405,1.0128197977411508,1.1485826001955033,0.20000000000000018,0.8141016050425971,0.37093298904842426,0.17825078735225464,0.023664699576662136
438,33.7981782752166,0.1239952628263776,0.0466238332707382,0.457214115077644,1.006435968147566,1.1485826001955033,0.0,0.8023006609273423,0.32429612138162367,0.2436782747114665,0.029917071935983284
439,33.76406798206998,-0.1523647009355097,0.0474814750660327,0.4656182690440278,1.0026387024721408,1.2170087976539588,0.0,0.8018016283665158,0.31595563192574394,0.2526954407945992,0.030472044734044055
440,33.72916697283546,-0.2593923392210297,0.0480241039669903,0.47093539033896903,1.007517754959196,1.1388074291300097,-0.19999999999999996,0.7916391236962718,0.17991066596780375,0.3466814471167857,0.047255581893339615
441,33.72794494271839,-0.0910738252879115,0.0481555008236182,0.47222290329567745,0.989063380009529,1.0801564027370478,-0.19999999999999996,0.791446782350739,0.20495645540823693,0.33294757130394603,0.04485254351216128
442,33.7470312428988,0.086911530206689,0.048286897680246,0.4735104080993933,0.990932698561669,1.0410557184750733,-0.19999999999999996,0.7898631139567501,0.1906398635376149,0.34169170523602604,0.047049888104716234
443,33.76246809217157,0.265762958442243,0.0469933407093578,0.4608350126326475,0.954595706955306,0.8455522971652005,-0.19999999999999996,0.7876728624326649,0.180568582993533,0.3498961963103058,0.04888905278778986
444,33.754780271965295,-0.0078402797808602,0.0456171816386346,0.44734936395241404,0.9273792744290752,0.5425219941348978,0.0,0.8053700202832363,0.24962993600194616,0.29184385001211144,0.034359677668825944
445,33.747133990825844,0.0144249825539883,0.04371130871972889,0.42867139923314873,0.8907525276857388,0.35679374389051777,0.20000000000000018,0.8810545345558705,0.33908374097966987,0.12374090225295237,-0.0016207270550028172
446,33.750678516116096,0.007639392245246,0.0411124528713935,0.40319955668117824,0.867181414917866,0.4447702834799605,0.40000000000000036,0.9731884270316541,0.34440589764971485,-0.058387335441938,-0.02945041050469287
447,33.72309557077104,-0.174553557196792,0.038513597023058,0.37772499090007994,0.8582947932106019,0.3372434017595305,0.40000000000000036,0.9321601039589043,0.3588181897901327,0.01930300239889801,-0.019210201014934817
448,33.709115507826674,-0.1126068166745752,0.0367563283256658,0.36049839419396246,0.8350712046863158,0.5034213098729223,0.40000000000000036,0.9999966014232416,0.29222834180345236,-0.10822949309281704,-0.03171828943770328
449,33.71427381809535,0.0193859403420449,0.0350378023139746,0.34365051700652205,0.8346661134961686,0.8162267839687196,0.40000000000000036,0.9641786162738756,0.32193884045183363,-0.04633144474093724,-0.023067809606438037
450,33.72220441136631,0.0388203681347348,0.0337995875885904,0.33151082549940036,0.8033656224980579,1.2072336265884651,0.20000000000000018,0.9264487394578564,0.3781217849307669,0.010151781903409894,-0.010343250363506803
451,33.7299412305926,0.0625525242344065,0.0331800142335053,0.32543621911421555,0.797319755496796,1.480938416422287,0.0,0.9430390766734745,0.45676612026226526,-0.03611157666872174,-0.006643383066555521
452,33.72768005388617,0.001088940106437,0.0325604408784201,0.31936148780346046,0.7868021709838108,1.451612903225806,0.0,1.0140116323562258,0.4699733998036754,-0.18622910434916717,-0.0012782314570331296
453,33.73139785559986,0.0109060799585404,0.0329673408748903,0.32335103444870494,0.804014644017308,1.4222873900293251,0.0,1.017350186753099,0.468530538639867,-0.19328007262547114,-0.0008741669805446058
454,33.720012431117546,-0.0839873470145311,0.0334545341872667,0.3281277652979228,0.8008462899583415,1.1681329423264906,0.0,1.01949294308003,0.46750854201225545,-0.19779101870116428,-0.0005815211824104465
455,33.718790805854354,-0.0463323125920504,0.0341259722712462,0.3347108127892907,0.8011869627420719,0.7771260997067451,0.0,0.9772251979744575,0.4904983265911086,-0.10968446496768576,-0.007180774428331932
456,33.711569850696755,-0.0589340710743084,0.035036919264566,0.3436418596085261,0.847063966194045,0.43499511241446687,0.20000000000000018,0.9538924932940195,0.5432317218071179,-0.04036471023356805,-0.03404699296054518
457,33.70418257381366,-0.0572281162233202,0.0359478662578859,0.35257262126537375,0.8881305153009085,0.4447702834799605,0.40000000000000036,0.9822010106847608,0.6108553704168955,-0.05541694533564427,-0.07815076746943164
458,33.67908905954975,-0.2069160347264008,0.0373361268219969,0.3661823147600628,0.8990989420920295,0.45454545454545414,0.40000000000000036,0.9836194626438814,0.6111979985606266,-0.05717139775520197,-0.07922246999972392
459,33.68281995765675,-0.076848885026269,0.0387621760745017,0.38016173136816045,0.9395032597413,0.4936461388074287,0.40000000000000036,1.000696268238862,0.5814429664241816,-0.08823421927360975,-0.08489475040080662
460,33.68202015621608,-0.0255413125185874,0.0396404463663807,0.38877094334397394,0.9651437343404522,0.6598240469208214,0.40000000000000036,1.0099568736133986,0.5657872018232639,-0.10919852849781284,-0.08647562620146473
461,33.66734700559255,-0.1054926082747177,0.0398864914372848,0.39118273754226063,0.9612327222019682,1.1388074291300097,0.40000000000000036,1.0035875324007475,0.5785212570931599,-0.09162623542386264,-0.08655155109422943
462,33.65911273369865,-0.1311999221090284,0.0401325365081889,0.3935945080590576,0.9635923551234762,1.5004887585532742,0.20000000000000018,0.9962365525890773,0.6704529232850157,-0.025610883217744823,-0.10390069543029848
463,33.655167788223615,-0.0670932606034648,0.04029586303903919,0.39519544594821465,0.9893042728861604,1.4907135874877806,0.0,1.036604018384359,0.7546549718942295,-0.04372721534517973,-0.1386750552989707
464,33.65261863489165,-0.0224102529880164,0.0404532046738464,0.3967377095055184,0.9991869679918336,1.5004887585532742,0.0,1.0218526799664558,0.7438219146010845,-0.033396384985667146,-0.13008237169397352
465,33.64487041244963,-0.0552328458710239,0.0403298864570748,0.39552894450660897,1.0373845452249664,1.5395894428152497,0.0,1.040463919003955,0.7281074334818328,-0.04009150964633094,-0.13565099685187554
466,33.64114978965094,-0.0624259689982259,0.0398589540980602,0.3909128109559401,1.0382175655899453,1.4711632453567933,0.0,1.0590289048941706,0.7134208072012274,-0.04824359984417265,-0.14104515472649615
467,33.63316359649233,-0.0526056817000564,0.0393880217390455,0.38629659070968925,1.037162188032383,1.050830889540567,0.0,1.059116465390067,0.7133700463413535,-0.04830899430923912,-0.14106782224784467
468,33.61204112695411,-0.1566352794149091,0.0393520385989186,0.38594386964041977,1.0405068602895706,0.6402737047898341,0.20000000000000018,1.0203215354167072,0.7498699018812748,-0.016299762978610084,-0.137502559024829
469,33.60334332623114,-0.1084534245762263,0.0393490822827004,0.3859148906293198,1.044351012451599,0.5816226783968723,0.20000000000000018,1.0399161084910704,0.8348704191545309,-0.06928181840746266,-0.16545164613767907
470,33.59872069576042,-0.0801400927422546,0.0394153893401589,0.38656485849969136,1.0827347558464824,0.5522971652003914,0.20000000000000018,1.048616010259352,0.8409438538618687,-0.08913312631598458,-0.17058139774423092
471,33.58423703811213,-0.1015029501980351,0.039574701875117,0.38812649570723284,1.0843361069140822,0.5425219941348978,0.20000000000000018,1.0519975627952542,0.8435153962907002,-0.09654655955711121,-0.17254406381016507
472,33.58124008887233,-0.0356789449202106,0.039734014410075,0.38968812306393524,1.0864563369773153,0.6207233626588469,0.20000000000000018,1.0515326560652036,0.8431489416664429,-0.09552097294378671,-0.17228590591628
473,33.57602972994812,-0.0893847531275587,0.0389759195022039,0.3822569706462105,1.08366045691458,0.913978494623656,0.20000000000000018,1.0370438880054265,0.8315890378500188,-0.06278592777385575,-0.16464273328499313
474,33.58643545507476,0.0216753402202182,0.0381613787842324,0.3742722688913539,1.0881176831799582,0.9530791788856305,0.20000000000000018,1.0030007931157388,0.8081379138195367,0.0051519964771800375,-0.14052419401244548
475,33.595980684482406,0.0661124757882849,0.0374474512979978,0.36727364450526967,1.082502714946079,0.9335288367546433,0.20000000000000018,1.003246130204006,0.8091860200290893,0.004828768108862565,-0.14013829376133724
476,33.59460686826095,0.0301450990338888,0.0368634055482992,0.3615481101808756,1.0841532508949048,0.913978494623656,0.20000000000000018,1.0013639061104067,0.8044093477944192,0.01049694436181555,-0.142029098005059
477,33.59483196145344,0.0059372806148304,0.0362793597986006,0.3558224525290125,1.0882037548844576,1.0019550342130987,0.20000000000000018,0.9998504050904846,0.8002808112365963,0.01803309094665075,-0.1449225515586141
478,33.59744598371752,0.0012586115059601,0.0362718130010846,0.3557484671514371,1.0906745985282604,1.0410557184750733,0.20000000000000018,1.0017484842484377,0.8059983376465976,0.0029903878310254227,-0.13871608334635877
479,33.596913112400614,0.0416823106068954,0.0362895158087347,0.3559220174108627,1.094525589962482,0.9921798631476051,0.20000000000000018,1.0027823675139322,0.8079260076784255,-0.0009487018982358257,-0.13784843346475878
480,33.58952024629836,-0.0353742623203451,0.036194372561064,0.35498927505551603,1.1034647901182215,0.9628543499511242,0.20000000000000018,0.995657310015722,0.7957569181946447,0.022001383070591105,-0.14138831994818488
481,33.59012122923366,-0.0222434322570586,0.0359510985431042,0.3526043094959486,1.105169954513511,0.9530791788856305,0.20000000000000018,0.9923074603948514,0.7892893734674925,0.03609104085291086,-0.14487778884701602
482,33.599668142260626,0.0546342625855945,0.0357078245251444,0.3502193230684658,1.1057137034072748,0.9628543499511242,0.20000000000000018,0.9909115617678772,0.7862697027821544,0.04415809378641872,-0.14742420137963042
483,33.60468334241696,0.043252685358668,0.0358383581490022,0.35149903864574894,1.085190177763424,1.0801564027370478,0.20000000000000018,0.9906034197385869,0.7855787799048793,0.046298140394099616,-0.1481445776838304
484,33.605691060030445,0.0299571927946889,0.0359865340377256,0.35295170685329846,1.0893484496200732,1.1779081133919842,0.20000000000000018,0.9956583355116577,0.7963580480834282,0.016215773162341615,-0.13869294471295793
485,33.604211530777974,-0.0031850921763783,0.0361258690540535,0.35431769495494636,1.0963835037588308,1.2463343108504397,0.20000000000000018,1.0053600832425695,0.8111532402672333,-0.011304515920814356,-0.136597886907865
486,33.61269904567695,0.0590596635543232,0.0362536277864512,0.35557018747768365,1.1039524387078297,1.3049853372434015,0.20000000000000018,1.0128955455413864,0.8216291632630568,-0.027361915833255097,-0.13777926227700463
487,33.6251668597119,0.1107088726330356,0.0363813865188488,0.3568226741966989,1.0298634791069443,1.2170087976539588,0.0,1.0184922614727239,0.8291126307094195,-0.0375935094535829,-0.13953282413803983
488,33.63662075261148,0.1032699330605843,0.0358990795436281,0.352094332379508,0.9362397250097042,1.1974584555229715,0.20000000000000018,0.9891212978139917,0.7908425661941304,0.00995786217994156,-0.1272074555888693
489,33.63289348514681,-0.0310845206646959,0.0353710125560065,0.3469172840854633,0.9321696019335688,1.1876832844574778,0.0,0.9923905223597317,0.7241023069670419,-0.02937107526690305,-0.09854771937924321
490,33.65151457036325,0.097827597996421,0.0352445901445237,0.34567785319372313,0.909557715164764,1.129032258064516,0.0,0.9862379236651708,0.7145591047774389,-0.011701486359559452,-0.098943480173304
491,33.64738639532733,0.0222177907690268,0.0355888188435541,0.34905261905087837,0.8905739471767803,1.050830889540567,0.0,0.9864516487356628,0.6802938223947335,-0.03571530249473018,-0.08166459529238851
492,33.6383077501368,-0.0578422458927657,0.0359330475425845,0.35242734354760336,0.8971604717688325,0.8260019550342133,0.20000000000000018,0.9852295757161227,0.6628627719348568,-0.043735158946826794,-0.0731744153730076
493,33.6356163891467,-0.0470394675110106,0.0363375030458369,0.3563924618555557,0.9084613410415324,0.6207233626588469,0.20000000000000018,0.9966341547499511,0.7318149895589887,-0.030125344848671423,-0.10622196576979856
494,33.63542403218132,-0.0068660970778034,0.0367466532500116,0.3604035457924073,0.8680757228471027,0.4936461388074287,0.20000000000000018,1.0231582827068748,0.7236583148021385,-0.025643166104495352,-0.14502128179189655
495,33.648176973057865,0.0843490698512861,0.0371804269105521,0.36465595867134315,0.8554704903724377,0.5522971652003914,0.20000000000000018,1.0580941708147589,0.7413912394729868,-0.0552207860417194,-0.17836333716392605
496,33.659369250242435,0.0825478964691386,0.03764370954836829,0.36919758108293543,0.8272783297596099,0.7966764418377323,0.20000000000000018,1.0327102183781205,0.7242996965944971,-0.025450556271324594,-0.15785593611705473
497,33.67008954459104,0.0856230891056289,0.0381069921861844,0.3737391242533551,0.8259684370151046,0.7673509286412514,0.20000000000000018,0.9708651626105702,0.6868109543740911,0.07689704314017626,-0.11790802321728043
498,33.678742796275586,0.1046458265670385,0.0388586183342146,0.38110711749597803,0.7833480908955823,0.7184750733137832,0.20000000000000018,0.9750850054404602,0.6840183563646757,0.05570380320686745,-0.11644974144429276
499,33.646722292825274,-0.1965970990510085,0.0396294926649114,0.3886635719243343,0.792691803834911,0.6793743890518087,0.20000000000000018,0.9822625521087833,0.6827485130449005,0.011984904651981869,-0.11059710066733887
500,33.66517219376388,0.0121100013094939,0.0399289425874082,0.39159885174778497,0.7991377496735905,0.7282502443792769,0.20000000000000018,0.9899666261850125,0.6846906488652262,-0.035634181020739904,-0.10348756155569036
501,33.66213772894212,0.0075708601491473,0.0396132385158537,0.3885042438647205,0.7606725632785644,0.7086999022482896,0.20000000000000018,0.984273738787808,0.6821120713131199,-0.0033171234531459773,-0.10790673589630484
502,33.67483280853585,0.0996406415254905,0.0392975344442991,0.3854095972598022,0.7577499616693333,0.7478005865102642,0.20000000000000018,0.9882669327708152,0.6827206717045364,-0.02965296614398919,-0.10369546475168143
503,33.67993037503651,0.0626162827682046,0.0392172119377412,0.3846222405744944,0.7505722885018427,0.7771260997067451,0.20000000000000018,0.985042981168118,0.6818366953190191,-0.01347587531617378,-0.10533193995578082
504,33.68736849794754,0.0468466309310534,0.0391525086921843,0.38398798897925746,0.7555100845768821,0.7575757575757578,0.20000000000000018,0.983744747353584,0.6819964910010222,-0.00506578834317856,-0.10658377773624968
505,33.68362369431246,-0.0145969725655691,0.0391435513312388,0.38390018459448055,0.7530481534589526,0.8357771260997069,0.20000000000000018,0.9858829504966112,0.6803998645594012,-0.02375801390133682,-0.10301110669281531
506,33.68887197920714,0.0198888825831875,0.0392044272440067,0.38449691913084705,0.763947300638844,0.913978494623656,0.20000000000000018,0.9808005682857088,0.6817633012004243,0.010455015292587848,-0.10824719792106316
507,33.68377547129158,-0.0322094851294244,0.0392653031567746,0.3850936522423155,0.7845502445959904,0.9335288367546433,0.20000000000000018,0.9806627914505995,0.6893898770564814,0.043961468549363926,-0.1187997378997557
508,33.68917939386613,-0.0011606436849764,0.039379819127679,0.3862161854905048,0.8051102026057725,0.8944281524926687,0.20000000000000018,0.9807558751493116,0.6896666152273051,0.044629967932211356,-0.11911769076889155
509,33.68971554757764,-0.0111481100489647,0.0394970072857485,0.3873649073868015,0.8366083307841136,0.8357771260997069,0.20000000000000018,0.9753017388650511,0.6754274901299372,0.011174823806307015,-0.10220104775935529
510,33.687028690780494,-0.00830234670449,0.0395516376106789,0.38790041232644273,0.8705946602353081,0.8651026392961878,0.20000000000000018,0.9715618502088234,0.66175668413502,-0.035787714554090674,-0.08262965546801627
511,33.67525832836849,-0.0881531798907228,0.0395257010420023,0.38764617344389346,0.873539614222662,0.8846529814271751,0.20000000000000018,0.9712501089818528,0.663322688859253,-0.024260230770539647,-0.08608870522481187
512,33.677428135574345,-0.0191299011011428,0.0394997644733257,0.38739193430057234,0.8886756156981477,0.806451612903226,0.20000000000000018,0.971380757974066,0.6643260574913991,-0.01961268606729998,-0.08776382859646217
513,33.67555669284243,0.0020791107781117,0.0389838058935386,0.38233427737692716,0.9310572793849912,0.7673509286412514,0.20000000000000018,0.9674935017820986,0.6488604885589973,-0.07523033285250258,-0.06518929544784055
514,33.6710323419547,-0.0154573567725484,0.0384418871190468,0.3770220374372652,0.9282222870013388,0.8553274682306942,0.20000000000000018,0.9705068320491212,0.6468289971094386,-0.09265143068753592,-0.06333041549764971
515,33.66086699964916,-0.0647217301325963,0.037862147804981,0.3713389334520349,0.9275021975053592,0.806451612903226,0.20000000000000018,0.9613615166903952,0.6453926356037798,-0.08779514732532885,-0.05300195104324665
516,33.66013672588994,-0.0489172988959198,0.037231984413963595,0.36516138774468637,0.927197169425868,0.7673509286412514,0.20000000000000018,0.9602799115555101,0.6349213543625679,-0.06936784157701657,-0.060013551142615966
517,33.645372782122045,-0.1185229452420662,0.0366018210229462,0.35898369702960137,0.9272851957594364,0.7869012707722387,0.20000000000000018,0.9630124160582451,0.6304961501976681,-0.036109224997134336,-0.07645346410157809
518,33.6351436135719,-0.0851028293350541,0.0365703565826908,0.3586752374289589,0.9385894400401128,0.7282502443792769,0.20000000000000018,0.9617170688709407,0.6307478595942456,-0.04793532372519391,-0.07040243533038583
519,33.62418110668546,-0.1293060515176763,0.0365855531107701,0.3588242156513591,0.9402730559341956,0.6891495601173023,0.20000000000000018,0.9670411684585704,0.6261810852867062,0.023036250368111022,-0.10394816257259418
520,33.60612765309254,-0.1633893480445523,0.0365538699521864,0.3585136116736127,1.0355471799287643,0.7086999022482896,0.20000000000000018,0.9750355042276241,0.6295768465943334,0.06651529507367801,-0.12979660241593172
521,33.61412004003585,0.0242814456798525,0.0364658586938803,0.3576507966028544,1.0619504836288989,0.7673509286412514,0.20000000000000018,0.9710125313076745,0.6267493321959517,0.05113671606576518,-0.11932681538752367
522,33.61987903798626,0.0423654300189083,0.0363778474355743,0.35678797876174073,1.0672196224742845,0.8357771260997069,0.20000000000000018,0.9603805896352554,0.6208374317324912,-0.0019433342497003833,-0.08690336736646714
523,33.6322194467042,0.075002574251564,0.0357960864409411,0.3510846191557384,1.060113401871723,0.8455522971652005,0.20000000000000018,0.9556748649154629,0.6246040290478977,-0.07016144989927683,-0.05532321593341808
524,33.64037678614985,0.074453482507067,0.0351787205099906,0.34503207262495783,1.0504923193099382,0.8846529814271751,0.20000000000000018,0.9558084314414012,0.6251245615499863,-0.07317017536667353,-0.05432829138521332
525,33.62022101470146,-0.1145101041618879,0.0350572532573096,0.3438412135815773,1.0465083060116402,0.8455522971652005,0.20000000000000018,0.9588124726553374,0.6350123234161248,-0.1362154338140401,-0.033935490654507364
526,33.61106980479305,-0.100070360528866,0.0355301056030848,0.348477006277877,1.054249373596434,0.7966764418377323,0.20000000000000018,0.9502402818742344,0.6144004633919842,-0.03602408086839459,-0.0620795796848978
527,33.59415486196302,-0.1553899919434843,0.0360029579488599,0.35311272105843305,1.0556985868988469,0.7184750733137832,0.20000000000000018,0.9460683400971074,0.5996461608755039,0.050020648601908066,-0.09003497979330208
528,33.59992851650009,-0.0179717776223545,0.0360745415940223,0.3538145006378991,1.067263445212116,0.6891495601173023,0.20000000000000018,0.95010769759279,0.5927445224431532,0.14071595155007022,-0.12936297066269775
529,33.59126566259922,-0.0392610956106507,0.0361195810023582,0.3542560494088282,1.0423140898340817,0.6793743890518087,0.20000000000000018,0.9580099817499789,0.5991774774253186,0.17028673167917352,-0.14954542902564996
530,33.57265662699106,-0.1480270498904515,0.0361075268408126,0.35413787518671164,1.0233608693282472,0.5816226783968723,0.20000000000000018,0.9615246047965503,0.602572119057514,0.1793191210051517,-0.15694432749699602
531,33.55592852980228,-0.1734529610006795,0.0360220153195508,0.35329955264853724,0.9956436639574222,0.5816226783968723,0.20000000000000018,0.9927655697806,0.6339150466881837,0.2527556594357434,-0.2200394623746107
532,33.55330248876701,-0.0838213390092254,0.035936503798289,0.35246122752695874,1.0039730121132182,0.5522971652003914,0.20000000000000018,0.9873126239152461,0.6273070433540109,0.23991909446507934,-0.21173848263873887
533,33.54749105111796,-0.0344252941635125,0.0358318711171559,0.3514354417193667,0.992831939854014,0.5718475073313787,0.20000000000000018,1.0146802009989722,0.6604166501363463,0.3515763920190447,-0.25477488448374863
534,33.553006945515946,0.0110188823017273,0.03572587503322,0.3503962856176821,0.9435382759984624,0.5425219941348978,0.40000000000000036,0.8801879641168768,0.49570020024065875,-0.16938870386953003,-0.045549930844214354
535,33.56212296981497,0.0488585199931272,0.0357775687865474,0.3509030772782766,0.9121637639560376,0.6011730205278596,0.6000000000000001,0.7093270785211396,0.2866664347871072,-0.4407242238431954,0.22146771875238527
536,33.55920021669422,-0.0046513534981908,0.0360351222775322,0.3534280484637083,0.8710563371560625,0.7966764418377323,0.40000000000000036,0.6892212812033189,0.2501216583046255,-0.5293416843940353,0.31008517930322516
537,33.548608836146975,-0.049400518158614,0.0362926757685169,0.3559529962049134,0.8410066442153392,1.021505376344086,0.20000000000000018,0.9396537750107458,0.5693800664361881,-0.17851059738369718,-0.04074590770711295
538,33.53679827554985,-0.1179279429848874,0.0365951199834885,0.35891800385338746,0.6593740162225851,1.4027370478983379,-0.19999999999999996,0.9932936955554975,0.3662597691671354,-0.39263977628000996,0.17338327118919983
539,33.54107440485671,-0.0131360893544307,0.03689963244801579,0.3619032543882792,0.6507115815905864,0.9027370478983379,0.20000000000000018,0.9085083754354698,-0.23318275831351903,-1.0167915511182324,0.7975350460274223
540,33.541731619417455,0.0187888781272701,0.0373830408063644,0.3666422198063164,0.6481594479037053,0.40273704789833786,0.20000000000000018,1.496384329550962,1.4411169838538878,0.8226802097798589,-1.041936714870669
541,33.54699712875677,0.0470540610731159,0.03810057538855519,0.3736762211607019,0.6606010750007884,0.024437927663734094,0.40000000000000036,1.7616614658093124,1.8375851169924846,1.5046641795163773,-1.7239206846071875
542,33.553527125169815,0.0822670853717737,0.038818109970746,0.3807100301256973,0.6624492110268961,0.5244379276637341,0.6000000000000001,1.6031435503179978,1.640041276992318,1.1992555114329788,-1.418512016523789
543,33.56787841446459,0.1271617301162592,0.0389415957894476,0.3819205105226954,0.6651569121030895,0.7869012707722387,0.40000000000000036,0.9373362011568362,1.0055492324413202,0.023401083770385078,-0.24265758886119526
544,33.57398104916698,0.1064473218602335,0.0390359568152351,0.38284548869868024,0.6851431596545754,1.0117302052785924,0.40000000000000036,0.9097322130197043,0.9275692163316787,-0.0283551560524003,-0.19090134903840988
545,33.5756591319331,0.0399439773906429,0.0390041871153951,0.38253406517519795,0.6772766888567989,1.480938416422287,0.20000000000000018,0.9543123508795697,0.9994556592999604,0.03136033956146215,-0.25061684465227235
546,33.586534573525995,0.0634055793793879,0.0388054867016915,0.3805862891137942,0.7050188373643642,1.1388074291300097,0.20000000000000018,1.1361352159438112,1.2467821235870464,0.3040237892853072,-0.5232802943761174
547,33.598348767237475,0.1218352215508771,0.0386067862879879,0.3786384980261381,0.721621605299617,0.9335288367546433,0.20000000000000018,0.9365706457687093,1.1080316870872622,0.046870962177690156,-0.2661274672685004
548,33.60079725735284,0.0753080652641849,0.0388690787419608,0.38120965660973066,0.7816699159576166,0.7184750733137832,0.20000000000000018,0.9185913321602713,1.1120036657759755,0.0426240002007337,-0.26188050529154394
549,33.59638995638119,-0.0191760844656807,0.0391673681045439,0.3841336480589419,0.7997423428813045,0.4154447702834796,0.40000000000000036,0.9210394773247479,1.1419983007824765,0.07847561581650253,-0.29773212090731277
550,33.60242711067007,0.0115353613093722,0.0392108353628737,0.3845597344649178,0.8786341706651603,0.7673509286412514,0.40000000000000036,0.9639434849970427,1.2387858415731627,0.21138752915605888,-0.43064403424686915
551,33.60609222410667,0.0460040474722939,0.0389399406553622,0.38190428596641884,0.8914861761298699,0.3079178885630496,0.40000000000000036,0.912778730121737,1.2324530844762773,0.11148738233448793,-0.3307438874252982
552,33.59907848555827,-0.0485095093422622,0.0386690459478506,0.37924880944227696,0.8925956968485035,0.5425219941348978,0.40000000000000036,0.8492128659335444,1.0021196684302942,8.955015941178313e-05,-0.21934605525022205
553,33.60946831732615,0.0515903433607973,0.0384351537621243,0.37695603199806665,0.889568709270206,0.8162267839687196,0.40000000000000036,0.8179055188157892,0.983121304962246,-0.06066104370161757,-0.1585954613891927
554,33.61619710144976,0.0684368429840029,0.03820407423026,0.3746908059345174,0.9183394090604396,0.6011730205278596,0.40000000000000036,0.8040774422974588,0.9993251814183627,-0.08957185148023517,-0.1296846536105751
555,33.621741456752474,0.0873084607318871,0.03776171585625,0.3703544002692361,0.9248781243175658,0.5327468230694041,0.40000000000000036,0.7538071995569421,0.8724568141068019,-0.17909943159171926,-0.04015707349909099
556,33.61645441933916,0.0253347668180979,0.0370664554684209,0.36353866916318994,0.9305566595937932,0.5425219941348978,0.40000000000000036,0.762817481396155,0.853536851829765,-0.15845899198841853,-0.06079751310239173
557,33.6149294033516,-0.0212917447894003,0.0363711950805919,0.3567227623272827,0.9207577179953732,0.7380254154447705,0.40000000000000036,0.7745695695389371,0.8546084937191644,-0.1338436572193547,-0.08541284787145556
558,33.61373601193371,0.0031760421768497,0.0345432094246978,0.3388014968696752,0.9113804605619188,0.7966764418377323,0.40000000000000036,0.7602173494283407,0.8516407404833922,-0.1646195702557225,-0.05463693483508776
559,33.609654978415854,-0.0090682157208725,0.0326244237549764,0.3199888264743564,0.9003175608569776,0.8260019550342133,0.40000000000000036,0.7605067423453417,0.8526753104840944,-0.16436351312154632,-0.05489299196926394
560,33.59707456030063,-0.0948784538071579,0.030592828060549797,0.30006883136939205,0.8863057401949301,0.9530791788856305,0.20000000000000018,0.7594448195695974,0.8501449231753956,-0.16536741497888513,-0.05388909011192513
561,33.59590511419735,-0.0428969250220873,0.028414753604232304,0.2787112241665397,0.8712307162866442,1.1094819159335287,0.20000000000000018,0.7653104851971206,0.8615935170188678,-0.16288983445549476,-0.05636667063531549
562,33.58020298446092,-0.1004304613986372,0.0262366791479149,0.25735229475583987,0.8137611314845854,1.021505376344086,0.0,0.7183176908553638,0.6016715826807967,-0.39166739970231,0.17241089461149978
563,33.564454964817095,-0.1250197400566749,0.0240181520230036,0.23559541843572068,0.803064215352512,0.8944281524926687,0.0,0.7185875259780754,0.583003446426357,-0.4046673967173021,0.18541089162649188
564,33.55323351843786,-0.1400848294404943,0.0217967317066793,0.213809007082822,0.7823033293149423,0.7282502443792769,-0.19999999999999996,0.6964413545936745,0.5033603713519743,-0.4761930904351481,0.25693658534433794
565,33.55674636176806,-0.0612745158172419,0.0193192569873003,0.18951012193837308,0.7084974170573058,0.4447702834799605,-0.19999999999999996,0.7134092508009356,0.5468834538777927,-0.43197422187683515,0.21271771678602497
566,33.57328449877188,0.0900400222920978,0.0165096115291872,0.161951931734639,0.6858562083470258,0.2883675464320623,0.0,0.7488142078393405,0.6198360719965854,-0.3536472775976453,0.13439077250683512
567,33.57320826368646,0.0423074863933312,0.013699966071074,0.1343924630657698,0.6491634245581275,-0.07331378299120228,0.0,0.7480123035638525,0.6188118095552599,-0.35508490068162385,0.13582839559081364
568,33.57336073897682,-0.0078138715336684,0.0111091042634459,0.10897807125492055,0.4754981050428726,-0.24926686217008776,0.20000000000000018,0.880766105234444,0.6893827709139678,-0.1578280773886546,-0.06142842770215562
569,33.57186482669357,-0.0056998781794053,0.008529137096711,0.08366982046682721,0.417659632941555,-0.024437927663734094,0.20000000000000018,0.9183648052188251,0.6991279393021524,-0.10934724852584049,-0.10990925656496972
570,33.565436556858835,-0.0416970353392442,0.0062410585623524,0.06122438703827288,0.3487872878830541,0.06353861192570864,0.20000000000000018,0.8627122338542746,0.7166661712767327,-0.16916752893900153,-0.05008897615180869
571,33.56025734387723,-0.0474010886644386,0.0043410993196577,0.04258605056884368,0.3237907666344696,0.23949169110459412,0.0,0.862377623170236,0.7167541968507284,-0.16956640686971947,-0.049690098221090745
572,33.56788771435078,0.0139156428161347,0.002441140076963,0.023947560370413724,0.2348147669441911,0.3079178885630496,0.0,0.8477944154562588,0.7198347440343276,-0.18825706300556433,-0.030999442085245882
573,33.57449398653973,0.0537330896402519,0.0007040093773295,0.006906331421105772,0.2035873091846645,0.43499511241446687,0.0,0.8379449449302977,0.6901534220447051,-0.21445127147294185,-0.004805233617868346
574,33.576278834203464,0.0434252012765838,-0.0010256853030363,-0.010061971058536078,0.1704003959330346,0.37634408602150504,0.0,0.8290816719431301,0.6531755022170447,-0.24423851683051206,0.024982011739701854
575,33.57336809371367,-0.0084824742318026,-0.002500812651919,-0.024532946543537427,0.1626783262479726,0.004887585532746819,-0.19999999999999996,0.829237243679616,0.6555965257310366,-0.24264305925973556,0.02338655416892535
576,33.579180657791234,0.0433185748170441,-0.0036353196282145005,-0.0356624070029498,0.1426656610864348,-0.15151515151515138,0.0,0.8394046958485224,0.7166853300630789,-0.19717148971016418,-0.022085015380646035
577,33.58324473296909,0.0556941996768264,-0.0047698266045099,-0.046791821561065254,0.1102206467363459,-0.23949169110459412,0.0,0.8391600458769952,0.7158560292451938,-0.19764456418966939,-0.021611940901140846
578,33.58970251356627,0.0694227037455104,-0.0051200593571289,-0.05022756284010456,0.0612989283882432,-0.29814271749755594,0.0,0.855181467784071,0.7167461096485468,-0.18191808228144535,-0.03733842280936488
579,33.58848323579935,0.0027433078964194,-0.0054105727574455,-0.053077459782097304,0.0577849956098794,-0.32746823069403685,0.0,0.8656153601347123,0.7160095766296056,-0.1726083021909307,-0.046648202899879525
580,33.58500923599286,-0.0446554794709303,-0.0060735812640513,-0.05958146588804795,0.0242443865739157,-0.12218963831867047,0.0,0.870500309249848,0.7152751533243574,-0.1685255222264166,-0.05073098286439365
581,33.589112328644504,0.0124966350129817,-0.0072297750291432,-0.07092347517462544,-0.0061575045383918,-0.1319648093841641,0.0,0.8416652187766864,0.7207500220625047,-0.19181849286669111,-0.027438012224119134
582,33.59602355856811,0.0457514449140071,-0.0083859687942351,-0.08226538965184504,-0.0650408923125361,-0.12218963831867047,0.0,0.8429090577415033,0.7212075198917987,-0.1903225182701579,-0.02893398682065237
583,33.59601976559024,-0.0009728362207279,-0.01004720214488,-0.09856139478753305,-0.0813003258056816,-0.11241446725317683,0.0,0.842725366775399,0.7211473739472485,-0.19053819215941575,-0.02871831293139452
584,33.61332535707759,0.10968932167986,-0.0117467569312358,-0.11523303535609321,-0.0993208875391126,-0.1026392961876832,0.0,0.8426893899827668,0.7211333293633913,-0.19058203666392085,-0.02867446842688942
585,33.61607431167936,0.0704877051355349,-0.013094649402612898,-0.12845483954433204,-0.1070447296232771,-0.14173998044965774,0.0,0.8427687573314355,0.72117026204272,-0.19048109969909532,-0.028775405391714942
586,33.60360468261652,-0.0702203021124162,-0.0140349479017624,-0.13767831883865347,-0.1228441956265212,-0.11241446725317683,0.0,0.8458569674950709,0.7228756137453686,-0.18636362587401464,-0.03289287921679562
587,33.60883200895444,0.0012405988492278,-0.0149752464009118,-0.146901676403146,-0.1351782627837211,-0.004887585532746819,0.0,0.84483690936418,0.7226075781566031,-0.1875145794555358,-0.03174192563527447
588,33.608143049679306,0.0164363216912715,-0.015021544350446902,-0.14735580820435917,-0.1230195526583041,-0.1026392961876832,0.0,0.8394285813300145,0.7198499722339161,-0.19456331550634154,-0.024693189584468717
589,33.60862959703372,0.0269282799930393,-0.0149962513717062,-0.14710771202948497,-0.120302874341952,-0.04398826979472137,0.0,0.8415224310684017,0.7272816189568896,-0.1873278309745397,-0.03192867411627054
590,33.60585488935858,-0.0290378303056069,-0.014949494848752201,-0.14664908195358484,-0.1172626030409855,0.024437927663734094,0.0,0.8390427660305696,0.7259929523049825,-0.1905768367398769,-0.02867966835093332
591,33.616222863228394,0.0466422318151902,-0.0148769599682586,-0.1459375939024505,-0.1059996753706135,0.08308895405669592,0.0,0.8371551697343615,0.7226590396864081,-0.19471626049110602,-0.024540244599704216
592,33.6068430715418,-0.0294289085724217,-0.014804425087764998,-0.1452261050834934,-0.104323868195667,0.11241446725317683,0.0,0.836936681875009,0.717621584064113,-0.19848929184721814,-0.020767213243592087
593,33.60751963059336,-0.0180914697852422,-0.01486308771043,-0.14580152209847516,-0.1010366316501477,0.15151515151515138,0.0,0.8376258088536149,0.713658082548318,-0.2006466262604258,-0.018609878830384452
594,33.60045467365087,-0.0637857276279737,-0.0149324591100623,-0.14648198001009072,-0.0907965743393215,0.024437927663734094,0.0,0.8391033023670321,0.7077256808265454,-0.20345535444618099,-0.015801150644629253
595,33.60844251280096,0.0146984833883799,-0.0151820964559123,-0.1489306447576832,-0.0843445621699874,-0.014662756598240456,0.0,0.8334965004176752,0.7247487680158613,-0.1966838489866446,-0.02257265610416564
596,33.60966428302471,0.0401463472446607,-0.0156664099118544,-0.15368119456209997,-0.0780381443305064,-0.053763440860215006,0.0,0.8339920573524551,0.7276038643856507,-0.194195137877361,-0.025061367213449225
597,33.59398710452802,-0.0631408218462625,-0.0161507233677964,-0.1584317083191287,-0.0737710686737255,-0.06353861192570864,0.0,0.8354184820352655,0.7295948875446433,-0.19144119028611892,-0.027815314804691307
598,33.594516054136754,-0.0355015712128873,-0.0166350368237385,-0.16318218491449313,-0.0686594329638674,-0.1808406647116323,0.0,0.8364794003979689,0.7299484908375657,-0.19019114328594908,-0.029065361804861158
599,33.584256613276445,-0.0956168389316679,-0.0171193502796805,-0.16793262323392175,-0.0629770739841099,-0.19061583577712593,0.0,0.843531289995552,0.7312258170019992,-0.18264198753838978,-0.03661451755242045
