t,vEgo,aEgo,roll,rollLateralAcceleration,targetLateralAcceleration,currentLateralAcceleration,steerCommand,sp_gain,sp_cost,sp_action
20,33.6662993138583,-0.1427389358746498,0.0379484200761454,0.3721846564960506,1.0737234709618368,1.0737234709618368,0.3224416333145364,1.0,0.08683066071174075,0.40663537394996424
21,33.6629245725833,-0.0952381240838884,0.0390740330574359,0.383218731801151,1.0527911761675326,1.0527911761675326,0.3037519433958606,1.4383151902930331,0.06029917943370668,0.37257287191253136
22,33.65764991040884,-0.0661868093852008,0.0401996460387263,0.39425232156641193,1.0243747365375606,1.0243747365375606,0.1855302560225258,1.5534597549016822,0.07133039595378024,0.3990147298492458
23,33.662165243010804,0.0011238148488627,0.0399067752820611,0.3913815637145757,0.7800144861106189,0.7800144861106189,0.1823100915216171,1.563024281793463,0.05369368665900897,0.27871625879445283
24,33.67285350424658,0.0658829392096585,0.0395470972251954,0.3878559059749088,0.7701471502025644,0.7701471502025644,0.1788544009828539,1.543314973287364,0.007649894709332441,0.2539095371093656
25,33.67554090121588,0.0439748482833553,0.0392843499435662,0.3852803571308656,0.7606936247013875,0.7606936247013875,0.1829872511575265,1.5406521799978234,0.00757551809882064,0.24571923198843543
26,33.67382149315373,0.0294165545009753,0.0391475868832913,0.3839397430315598,0.7675926000293568,0.7675926000293568,0.1849436047777162,1.5400279920982765,0.007857497073775262,0.24844040929980574
27,33.669148863392884,-0.0181656245146981,0.0390108238230165,0.3825991217509945,0.7701212729106445,0.7701212729106445,0.1862974566353196,1.5408071355974104,0.00820152638644233,0.2508928360211743
28,33.66716762759941,-0.0174871773015694,0.0390769178564689,0.3832470100769736,0.7734588263379781,0.7734588263379781,0.1864954802509668,1.5408991493581738,0.008456400743557939,0.25276771986800955
29,33.660892131542724,-0.044179291045929,0.03915942023223749,0.3840557392170013,0.7746073695177639,0.7746073695177639,0.1813171704228903,1.5408736421753386,0.008477268089074862,0.25332247692745463
30,33.658822105796624,-0.0399783404686168,0.0395779472558962,0.3881583079628706,0.768343857412982,0.768343857412982,0.1871975204817226,1.5397838831684099,0.008589238777364379,0.24819120214270385
31,33.65074046226451,-0.0664541166899483,0.0403921611277016,0.3961393614992896,0.7880037662795076,0.7880037662795076,0.1910825986379111,1.537175933102028,0.009454673446009223,0.2535781519723984
32,33.6548224105023,0.0206939086188863,0.0412063749995069,0.40412015241741844,0.8037960334517689,0.8037960334517689,0.191907042251222,1.53566636011301,0.009307812276491238,0.25892537772784613
33,33.64386412609669,-0.0622102717520619,0.0414234390734686,0.4062477338791554,0.8074734025781413,0.8074734025781413,0.1881706260802332,1.5356477650091733,0.010923371644979585,0.26080471030359026
34,33.647208299022104,-0.0132308830176661,0.0415926291052163,0.4079060584846122,0.8016847911581142,0.8016847911581142,0.1910793141516949,1.5354230472004176,0.01576274955110246,0.2573310980728949
35,33.64080758168798,-0.0352113795292076,0.0417848818107868,0.40979041887248624,0.8093308107381891,0.8093308107381891,0.2008344777981709,1.534691413731068,0.02264392759291992,0.2597376093107574
36,33.63600141754381,-0.0487382558285624,0.0420044242197309,0.4119422401205079,0.8309922778751787,0.8309922778751787,0.2031680192614447,1.5344202107437839,0.025528944978240767,0.2704274583596217
37,33.65191450252621,0.0696080174283106,0.0422239666286751,0.4140940415133804,0.8379868484463135,0.8379868484463135,0.221073146557403,1.5348500285726163,0.025849906798760702,0.27502841067601547
38,33.653792114943386,0.0365611087746741,0.0426321736542009,0.4180949486042528,0.8781050023664648,0.8781050023664648,0.2469964845843575,1.5343686838214112,0.02651107752888565,0.2948489785281077
39,33.66081964695643,0.0697003814791755,0.0430565317879911,0.42225408161117106,0.9350315270915028,0.9350315270915028,0.2705843566564013,1.5351272115914318,0.02268040506845751,0.3261932240226778
40,33.65520028481505,-0.0128070008909655,0.0430176467375035,0.4218729724819594,0.9829995984993009,0.9829995984993009,0.2733461859998246,1.537981464966629,0.018114440203647768,0.3571155698776303
41,33.645373681057464,-0.0876459384495089,0.0423857210357143,0.4156794324990337,0.9823740974924196,0.9823740974924196,0.2755280465121247,1.5422370507754124,0.01687066881698796,0.3653829379641721
42,33.638457015861704,-0.0759239025904162,0.0417537953339251,0.4094857265228073,0.9805936345655452,0.9805936345655452,0.2774444280098906,1.5443521290578646,0.01705319068943291,0.3689199498918943
43,33.64081556319291,0.0028193685153314,0.0409633452156822,0.401738042119206,0.9768409063244464,0.9768409063244464,0.277689029852134,1.5463019279364547,0.01727451016447924,0.3713211546498178
44,33.640735811082955,0.0176980742434908,0.04016223410202469,0.3938856066986994,0.9694934009967991,0.9694934009967991,0.2766767077630289,1.5480858283878927,0.01748703219650897,0.37171946693455227
45,33.636110075171324,-0.0445532225336679,0.0393463028655701,0.3858876456517803,0.9593378717353104,0.9593378717353104,0.2791917751286722,1.549656476338729,0.017608898610254067,0.3703838144090885
46,33.636283430572995,-0.0008953036001801,0.0385107520307817,0.3776971022207102,0.9563531205207432,0.9563531205207432,0.2828452882560783,1.5510579008861372,0.01779617728591789,0.372534231410589
47,33.6256753170664,-0.0337493303238202,0.0376752011959933,0.36950629510223737,0.9555821536445844,0.9555821536445844,0.2887751319895727,1.5526391592013087,0.01823817703266517,0.3764834414589803
48,33.62275226148448,-0.01295097505085,0.0368545900519202,0.361461688900007,0.959805023761181,0.959805023761181,0.2832280595533997,1.5542594666636997,0.019401688809508395,0.3832727232819124
49,33.615324920203534,-0.060321615970125,0.0360346456916828,0.3534233761916704,0.9401465642115588,0.9401465642115588,0.2862563344913217,1.5560173668355453,0.02095732684609116,0.37830834391344387
50,33.60975670261897,-0.0484105033311505,0.0350364314823387,0.3436370774016219,0.936562059691202,0.936562059691202,0.2895757471420925,1.557243137699874,0.02133000406330361,0.3802640615293269
51,33.61257369259475,0.0090057331139934,0.0338046287852161,0.33156025138827117,0.9314206330604492,0.9314206330604492,0.2856321351897817,1.5591800682648742,0.026437598836288993,0.3838352904847865
52,33.61474238948256,-0.003507277885872,0.0325728260880935,0.31948292228605346,0.9111837330570666,0.9111837330570666,0.2733471136375373,1.5611553520260093,0.03117868062701393,0.37997880957479757
53,33.6310706438621,0.101786896216282,0.0313994755555342,0.30797824203070084,0.8744806771807574,0.8744806771807574,0.2639724072176482,1.5625577371147765,0.03237329957684151,0.36603429127955833
54,33.627716467924195,0.0392405693261891,0.0302290403689136,0.296501724244754,0.8436483842390793,0.8436483842390793,0.262629567644574,1.5633489743321562,0.030789961418015904,0.3531938190574485
55,33.62939436216317,0.0579091332893275,0.0286230249096312,0.2807535348540031,0.8251624395114685,0.8251624395114685,0.2350956384595942,1.5646748842266172,0.03446423483572955,0.3489886805363583
56,33.631312300972404,0.0218726941785735,0.0264389067203436,0.25933545919902257,0.7475194362244987,0.7475194362244987,0.2229829446426595,1.5670358592758502,0.03739508361102936,0.31902443970093314
57,33.638276814195024,0.0401814615966941,0.0242547885310559,0.23791614641785108,0.7016215909793354,0.7016215909793354,0.2185118213719779,1.5680770693031518,0.03186545753835457,0.26368374417852314
58,33.639849181648785,0.0391416985204084,0.022656734159783,0.22224354701082719,0.6769279213065456,0.6769279213065456,0.2128960400293743,1.5739155744003621,0.051119830188233455,0.2838466668979597
59,33.63784286163287,-0.000707631657863,0.0211027176815635,0.207002295785555,0.6503341737796666,0.6503341737796666,0.1828498312683286,1.5761102225833181,0.03123364265080555,0.33531807174102335
60,33.633581573745865,-0.0374594188331465,0.0190949718137352,0.1873102902262196,0.5703352005306995,0.5703352005306995,0.1734298998531505,1.5689115734845462,0.0702634516046606,0.248257152155129
61,33.64452909847544,0.0454970801738642,0.0165622151337077,0.16246790254427965,0.5268038680744593,0.5268038680744593,0.1273850292351077,1.5704068884114537,0.06322858444839108,0.23525222890878794
62,33.646022276095884,0.0423475245525191,0.0140294584536803,0.13762447265463332,0.410801538627868,0.410801538627868,0.0998412813584251,1.5719318873820034,0.022959313411432914,0.12075015477980944
63,33.63317401926288,-0.095262965240705,0.0123837796374648,0.12148177315438465,0.3404856491280307,0.3404856491280307,0.092487573760183,1.5759391308179587,0.02519512158943549,-0.016287282032714304
64,33.63780820117474,-0.0275535695997916,0.010806548112113,0.10601017361418419,0.3106341333067343,0.3106341333067343,0.038677762982669,1.574497371867582,0.036212714029240256,0.10071170269079442
65,33.63017878050374,-0.0659619005558451,0.0091675007257309,0.08993192241460024,0.1895507567447085,0.1895507567447085,0.0382732157868508,1.5766624480139655,0.03228502672749355,0.07068903020180509
66,33.6328493657325,0.0136059350829016,0.007454419036918,0.07312717348821914,0.1719635090566191,0.1719635090566191,0.0021336157313992,1.5767862903542298,0.013887902510879834,0.06428351629825328
67,33.63904280127819,0.0399106130553594,0.0057413373481051,0.056322209959313294,0.0848772130368339,0.0848772130368339,0.004621780613079,1.5771159317522205,0.012096441791753025,0.027341372396583512
68,33.63986132110495,-0.0003443369318292,0.0037538976822521,0.03682564977312266,0.070218447495999,0.070218447495999,0.0081241718097686,1.5771653207956031,0.004895553594063256,0.022406408881628464
69,33.64711250325824,0.0819410937010741,0.0017450683248043,0.017119111577626276,0.0573244859855111,0.0573244859855111,0.0001618651579725,1.5773140500276708,0.007289380326833809,0.024873098818558724
70,33.6406897699555,0.0035113266500535,-0.00012092954732600001,-0.0011863188563766144,0.0235351491597513,0.0235351491597513,-0.0019515803597511,1.5774968724084517,0.007472691614775429,0.017511680697916594
71,33.641537133559986,-0.0072596200905994,-0.0018002036904848002,-0.01765998866509998,0.0029522049090667,0.0029522049090667,0.0038348039957285,1.5775893169293242,0.005401910997534268,0.013954837739574873
72,33.65155534957935,0.0302752387419727,-0.0034794778336436,-0.03413360867334431,-0.0022688316913747,-0.0022688316913747,-0.0103056390163333,1.5776727923726357,0.004543451533638012,0.01894883102177191
73,33.656761358715585,0.0540876776799499,-0.0043852095510272,-0.043018767819666334,-0.0386576771595068,-0.0386576771595068,-0.0293963193895663,1.5777560867316867,0.005049901545224858,0.006001053840933754
74,33.64438219112654,-0.0248987404874813,-0.005236051037846,-0.05136542597279242,-0.0841322823414378,-0.0841322823414378,-0.0242344716228861,1.5777641199157662,0.002777102641048101,-0.01541411374587039
75,33.641410584877654,-0.0577570436921097,-0.005921688339333,-0.05809142309802443,-0.0808120813327486,-0.0808120813327486,-0.0196674887339397,1.5777753042818985,0.001091533374796059,-0.014603174562547222
76,33.6483523924739,0.030633569839353,-0.0063928384684771005,-0.06271331820839852,-0.0765571945884414,-0.0765571945884414,-0.0237650821521391,1.5777442608708279,0.0011593802510842916,-0.009940214307411797
77,33.656582701259424,0.0728434428629105,-0.0068639885976212005,-0.06733519939751721,-0.0891596562869796,-0.0891596562869796,-0.0336069425380152,1.5777160706312239,0.0013325468097325076,-0.013054397471526081
78,33.65813404660512,0.0333217320944878,-0.0077765070915695,-0.07628676566776557,-0.1172691492061953,-0.1172691492061953,-0.0325352769519651,1.577670917028434,0.0008213572782712834,-0.023392087081307272
79,33.64752255765389,-0.1067355242932389,-0.0087098088437607,-0.08544214446325182,-0.1243220481657977,-0.1243220481657977,-0.0242698033339899,1.5776166465245833,0.0006113715416777665,-0.024394184887755375
80,33.66086067647546,0.0272606961004379,-0.0096709744441453,-0.0948707804392084,-0.1176822504532899,-0.1176822504532899,-0.0191073265969487,1.577513941311331,0.0013444327015783,-0.016447150596443923
81,33.647966053584426,-0.0441577658600931,-0.0106697706863788,-0.10466846442744089,-0.1174223432750768,-0.1174223432750768,-0.0086313332833143,1.5774128012503454,0.0015926265169600798,-0.009757681847702027
82,33.655371822691684,0.0384482614190668,-0.0116685669286124,-0.11446604399905791,-0.1068475340975412,-0.1068475340975412,-0.008593028214652,1.5773539250475639,0.0017780635211487694,0.0019124080657768488
83,33.67287673502032,0.11575665025889,-0.0121335906288375,-0.1190276033983222,-0.1113416198618786,-0.1113416198618786,0.0057903339024859,1.577362601514379,0.0016305863886039954,0.004280625783209622
84,33.68253196196661,0.1006779700614573,-0.0125711010407864,-0.12331925307357891,-0.0876428685811169,-0.0876428685811169,0.0180860544189723,1.5773739022740254,0.0017633418633441651,0.018950191219750515
85,33.66979913934625,-0.0086025014202449,-0.012841009063352199,-0.12596683703448075,-0.066367544062446,-0.066367544062446,0.0203761090171511,1.5774562647939794,0.0007734235741723399,0.03401555729113262
86,33.656275790149614,-0.1042641536888259,-0.0128893527621801,-0.12644104947309648,-0.062397650692203,-0.062397650692203,0.0225806387371725,1.5775709685778256,0.0003142423196517807,0.03928007765829719
87,33.65854733866879,-0.0375399829123619,-0.012937696461008102,-0.12691526161620612,-0.0585800066376875,-0.0585800066376875,0.0230696482906781,1.5776246575885249,0.00028884766026480014,0.04250824014025415
88,33.66787238896972,0.0497156503253693,-0.0128842839241286,-0.12639132830069671,-0.0570944247000833,-0.0570944247000833,0.0231717975113011,1.5776420574711787,0.0003277840324815715,0.04364112888681559
89,33.662066025422725,-0.0025212404520531,-0.0128232109603532,-0.12579225201889946,-0.056302818853374,-0.056302818853374,0.0251924993512051,1.577638357420575,0.0003532238278078456,0.04396541830056727
90,33.645824098890365,-0.1088884696052548,-0.0128241442313543,-0.12580140665464382,-0.0523984111183623,-0.0523984111183623,0.025593342354455,1.5776417776627039,0.00043471486680952476,0.04601471233428763
91,33.653315076970905,-0.0163790024062655,-0.012898674636024102,-0.12653248945377527,-0.0523406692269776,-0.0523406692269776,0.0251860741387889,1.577682752517223,0.0005217827433755262,0.04682359597703792
92,33.66219982163114,0.0473906463878695,-0.012973205040693898,-0.12726357155004636,-0.0538537813672364,-0.0538537813672364,0.0292098248051481,1.577711739399807,0.0006580993321022656,0.04658814263813941
93,33.66097991938574,0.054201521865407,-0.012852116213363001,-0.12607578918505394,-0.0448356248826344,-0.0448356248826344,0.0288623215363114,1.5776758958947208,0.0008032602621455947,0.050512484588401844
94,33.658043036059006,0.0001378362466506,-0.0127160818069903,-0.12474140070867366,-0.0441816359107721,-0.0441816359107721,0.0318894504067564,1.577682495027326,0.0007341176104844027,0.050952168535038964
95,33.658115685389305,-0.0303772227556431,-0.0125182020838455,-0.12280035513776508,-0.0363480599417132,-0.0363480599417132,0.0339690911841056,1.5776263356412334,0.0007551640879945852,0.05402960816445646
96,33.65152666923141,-0.0226048352923649,-0.0122418001357633,-0.1200890598215415,-0.0295986178301143,-0.0295986178301143,0.0359876165024561,1.5775749495365747,0.000638387086274187,0.05669429835591646
97,33.641082441184274,-0.0576536562215887,-0.0119653981876812,-0.11737775533075054,-0.0229754556059222,-0.0229754556059222,0.0374850358572254,1.577514072806206,0.0005709241631140559,0.059212815968459606
98,33.63472872718886,-0.0707489657809792,-0.0117566083371921,-0.11532967097535182,-0.0180239473645808,-0.0180239473645808,0.0374990002885833,1.5774729504224956,0.0005461037142591459,0.061190210560810115
99,33.63370196567556,-0.0429487536292697,-0.0115526989166057,-0.11332945541614449,-0.0159983567850293,-0.0159983567850293,0.0368943701489112,1.5774229074811648,0.0005584746403739629,0.061600124110341645
100,33.63961519611496,0.0433645300577389,-0.0116007889737984,-0.11380118726440701,-0.0176365489509296,-0.07331378299120228,0.061089706361669466,1.5774495182691144,0.0005770273642844274,0.061089706361669466
101,33.62415080281644,-0.0817006007793591,-0.0119729435541613,-0.11745177007388868,-0.0173839330634307,-0.04398826979472137,0.06303847417855946,1.5752347531672515,0.003098091937772078,0.06303847417855946
102,33.64021548774281,0.028455778780371,-0.0123450981345241,-0.12110233661641315,-0.0156422164966379,0.004887585532746819,0.06620036645083682,1.5742468802770013,0.0013215732663781638,0.06620036645083682
103,33.641139996977664,0.0077186422978103,-0.0122395547648274,-0.12006703438284518,-0.0108099962790949,-0.014662756598240456,0.06872749262141573,1.5752332967804248,0.0007595951834418107,0.06872749262141573
104,33.641143798329786,0.0221770860360803,-0.0120976185562528,-0.11867474326566384,-0.0082866032027598,-0.014662756598240456,0.06981495652207617,1.575019898601468,0.0006878236250223622,0.06981495652207617
105,33.64317066991678,0.0234135665338959,-0.0114915291027203,-0.11272941937435146,-0.0140975532744442,-0.053763440860215006,0.06408071041455231,1.5744031109341918,0.0006404485026594994,0.06408071041455231
106,33.625624072350845,-0.13947571036821,-0.0102796947216696,-0.10084202916578835,-0.0134748948310591,-0.004887585532746819,0.05728351496695229,1.571797543561797,0.0023128208144367565,0.05728351496695229
107,33.6225970675195,-0.1038429850420977,-0.0090678603406188,-0.08895449086643001,-0.0028147993487404,0.014662756598240456,0.055306681790552426,1.5715344705847782,0.0006126126606252018,0.055306681790552426
108,33.606333769426726,-0.1211688398933183,-0.0088028021136827,-0.08635437346812559,0.0035162432854759,0.053763440860215006,0.05679279961124148,1.5721450460686672,0.0008627996174871013,0.05679279961124148
109,33.60975435517986,-0.0244751310128875,-0.0085852023391137,-0.0842198003579303,0.0086441537439037,0.11241446725317683,0.058547062291685416,1.574348825479654,0.003225218374769187,0.058547062291685416
110,33.622507055554145,0.0731760984202659,-0.0087572277609842,-0.08590730630065047,-0.0013565554993909,0.19061583577712593,0.054536508254102806,1.5793879875388428,0.012026173853412913,0.054536508254102806
111,33.61807272156204,-0.0071206435380993,-0.0094412514504341,-0.09261730077285887,-0.0058035538579204,0.15151515151515138,0.054635029542602104,1.588259918371012,0.032660239833964454,0.054635029542602104
112,33.614128526398034,0.0193300347047253,-0.0101252751398839,-0.09932725191050662,-0.0191779758159189,0.2101661779081132,-0.061687062521939166,1.5957904342403624,0.006430875905510002,-0.061687062521939166
113,33.61259549576124,-0.0071388966800493,-0.0105830809382433,-0.10381808601351585,-0.0230208955750812,0.1026392961876832,0.028727146469749942,1.5740520284524715,0.04292318390040852,0.028727146469749942
114,33.6175203568979,0.0142798156946438,-0.0110294538429782,-0.10819674850010685,-0.0307750434348402,0.04398826979472137,0.044991070278793135,1.5781972850471173,0.01430450825564397,0.044991070278793135
115,33.61052082176148,-0.0312377848448767,-0.0114000587487559,-0.11183215397914621,-0.0377965566276282,0.21994134897360684,0.04644705472412096,1.581583750635358,0.005261531665980405,0.04644705472412096
116,33.608872023958966,-0.0116930586623669,-0.0116692397961094,-0.11447264437981315,-0.0404910237938746,0.23949169110459412,0.006084382931109975,1.5925382618147672,0.04656001126117735,0.006084382931109975
117,33.61431023180126,0.0485260896730091,-0.011938420843463,-0.11711312648597233,-0.044428966525305,0.20039100684261957,-0.15826968050300755,1.5944848303208417,0.044965502189126316,-0.15826968050300755
118,33.61861532559946,0.0396959837461571,-0.0117279999209938,-0.1150490417603851,-0.0347653724038865,0.19061583577712593,0.010827951801999365,1.5118663189464023,0.038789566545205115,0.010827951801999365
119,33.61334665880799,-0.0087278699569512,-0.0114835340230185,-0.1126509928174784,-0.0310322570936764,0.1026392961876832,0.045270844431048785,1.5147802741638876,0.034487286568071984,0.045270844431048785
120,33.610154984409014,-0.0376579517877831,-0.011187449236314,-0.10974658767891056,-0.0282445143787727,0.053763440860215006,0.051921805766512424,1.5209996021513827,0.011928419074296821,0.051921805766512424
121,33.615816691436905,0.0224406006743492,-0.0108245297366547,-0.10618656303377905,-0.0275024697448023,0.22971652003910048,0.05165889953227198,1.5250873081418825,0.0044675734203863515,0.05165889953227198
122,33.61042366898032,-0.0339715874881271,-0.0104616102369954,-0.10262652440275566,-0.0112441606541326,0.15151515151515138,0.057863395174114214,1.5380476886220864,0.04394242234843739,0.057863395174114214
123,33.631293849265575,0.1151209897947178,-0.0108632087177114,-0.10656598152901303,-0.0127477137756066,0.024437927663734094,0.06006093733425091,1.5478925586322911,0.021039920135092722,0.06006093733425091
124,33.62944521249889,0.0358909903410145,-0.0113228434749542,-0.11107472103166537,-0.0165518233937932,-0.06353861192570864,0.06078225986742944,1.5505065788952899,0.0019919561275015063,0.06078225986742944
125,33.628667864067594,0.0068248164726373,-0.0119348945599617,-0.117078536109255,-0.0201917348747283,-0.14173998044965774,0.06222928736446756,1.5479339322889858,0.002248613086591442,0.06222928736446756
126,33.646093398331764,0.116037103703534,-0.0127386152472432,-0.1249624358541083,-0.0221664253270645,-0.053763440860215006,0.06582918169708873,1.5404962058238099,0.012077933951143899,0.06582918169708873
127,33.65494441591066,0.1096356987900176,-0.0135423359345247,-0.1328462548773632,-0.0119303690249219,-0.07331378299120228,0.07602341691414598,1.5389187397525168,0.002016669378003775,0.07602341691414598
128,33.6543284414966,0.0633617200392037,-0.013917796825877498,-0.13652917902991715,-0.0142153120055861,0.03421309872922773,0.0789733708361958,1.534469306601651,0.0034309242971866482,0.0789733708361958
129,33.64188205843046,-0.0697121127714786,-0.0142613955752182,-0.13989954817937858,-0.0169046661833232,0.08308895405669592,0.07972633647883097,1.5390794176018725,0.0026815466445196012,0.07972633647883097
130,33.639310672746014,-0.0256700744272051,-0.014462592634718599,-0.14187308777433183,-0.0179915508790774,-0.014662756598240456,0.07995891820703033,1.5481889894638792,0.007757700678235241,0.07995891820703033
131,33.64160582105296,0.0076972890136698,-0.014496679988105598,-0.1422074496568458,-0.0170908919146557,-0.024437927663734094,0.08062942788062347,1.5485286843579427,0.001303162838570537,0.08062942788062347
132,33.64423099286055,0.0206334775083905,-0.0145307673414926,-0.1425418113741222,-0.006691928457558,0.07331378299120228,0.08633687698445643,1.5479044541785896,0.001756577606167557,0.08633687698445643
133,33.63146602512495,-0.1033444214765056,-0.0145745896131247,-0.1429716623377664,-0.0059225342779891,-0.024437927663734094,0.0877215332646133,1.556179305324607,0.0053114095163385245,0.0877215332646133
134,33.64048238624123,0.0170261633667866,-0.014619148404227502,-0.14340873751082023,-0.0073945604119056,-0.08308895405669592,0.08754758328857275,1.5543749794094366,0.002415939564381294,0.08754758328857275
135,33.64944619491993,0.0516464351077939,-0.0145999511523266,-0.14322043256726683,0.0085306351889221,-0.07331378299120228,0.0960103876620616,1.5464905376429323,0.00855558221406154,0.0960103876620616
136,33.6606525333441,0.0783217946471781,-0.0144971605361358,-0.14221216333766348,0.0106272311172205,-0.053763440860215006,0.09873614446138614,1.5373477087887273,0.007777303395281111,0.09873614446138614
137,33.66382619835352,0.0531691191818991,-0.014394369919944998,-0.1412038926054591,0.0199566745601445,-0.004887585532746819,0.1040317784990256,1.5296807580278038,0.005920937792204515,0.1040317784990256
138,33.664577483775766,0.0320800642508039,-0.0143633999473498,-0.14090010858104565,0.031023073496364,0.053763440860215006,0.11089172825250784,1.5267578050083928,0.00230822762982842,0.11089172825250784
139,33.676356607798176,0.1067289773716148,-0.0143357944613399,-0.14062932664417077,0.0253235638506517,0.09286412512218956,0.1089422824669601,1.5301554685871963,0.0021916433506631266,0.1089422824669601
140,33.68939417977814,0.1129154638725034,-0.014394572620261498,-0.14120588088955915,0.0201741700373949,0.07331378299120228,0.10566752205769717,1.539168800617918,0.005024555607491563,0.10566752205769717
141,33.686321448047735,0.0254810017164074,-0.0145648570574688,-0.1428761961003142,0.0255928989320032,0.014662756598240456,0.1083011548646367,1.5461616244706875,0.003647691658039341,0.1083011548646367
142,33.68759151295785,0.0107831696397495,-0.014735141494676102,-0.1445465071681183,0.0245575124500098,0.11241446725317683,0.10921921142567523,1.5450524320290535,0.0031818934544126957,0.10921921142567523
143,33.69347629744251,0.0638125497163601,-0.0152905706617003,-0.14999465320141678,0.03128318995644,0.053763440860215006,0.11493631868453603,1.5578302365068308,0.007386717194054976,0.11493631868453603
144,33.694228297642944,-0.0007131928818876,-0.0158683732318057,-0.15566220845138143,0.0262772578763678,0.06353861192570864,0.11615777903907452,1.5622063760209084,0.00405488456571179,0.11615777903907452
145,33.69579465168002,-0.0084248764993705,-0.0157878675081402,-0.15487254622956195,0.0262500278429799,0.12218963831867047,0.11566443906829227,1.5676029368218278,0.0037615512139578576,0.11566443906829227
146,33.68637039841669,-0.053581362819821,-0.0148320886694321,-0.14549745502530298,0.0586758208583235,0.1319648093841641,0.1264983906076813,1.5802043843620364,0.0042448474527933735,0.1264983906076813
147,33.68565491911126,-0.0415158965516485,-0.013876309830723901,-0.13612223090720907,0.0764351112169933,0.1319648093841641,0.132173926981326,1.5910836849244028,0.004036405361358263,0.132173926981326
148,33.68308114189493,-0.0350540927824043,-0.013392901825974,-0.13138043921633819,0.0891990488227728,0.12218963831867047,0.13673086747583693,1.5999080575136053,0.004192180694074496,0.13673086747583693
149,33.67087664334209,-0.083535472357618,-0.012939547052643201,-0.1269334144005804,0.0976649619433193,0.14173998044965774,0.13928747071569064,1.6051154090268802,0.003803043359113874,0.13928747071569064
150,33.66509058679346,-0.0906754413527643,-0.012823049379882,-0.1257906670447967,0.0889998433958899,0.07331378299120228,0.13440295617358447,1.6127613985422165,0.005530063379409335,0.13440295617358447
151,33.67984371142952,0.0290185391168422,-0.0131296646557312,-0.12879830964911196,0.0881486033460093,0.08308895405669592,0.13465959996402183,1.6103092099501468,0.0023732525864843534,0.13465959996402183
152,33.68676030584716,0.056648615334199,-0.0134362799315804,-0.1318059401447212,0.0772609863964154,0.1319648093841641,0.13081719121306007,1.609983198468061,0.0023082644781500165,0.13081719121306007
153,33.69371454347548,0.0793723734990411,-0.0136963166759,-0.134356665857853,0.0529382888940667,0.15151515151515138,0.11871043689260805,1.6190256408876227,0.005933333690875809,0.11871043689260805
154,33.69922742774519,0.0606209815014253,-0.0139528007667295,-0.13687253434843716,0.0537368306515305,0.06353861192570864,0.11710767385549124,1.63323016278153,0.008120571543832408,0.11710767385549124
155,33.70566429673691,0.0508671966404326,-0.0137493504792187,-0.13487687848228253,0.0549109101431461,0.004887585532746819,0.11632525414944449,1.6342750528858923,0.002094413546740984,0.11632525414944449
156,33.700909014961326,-0.0097004618339527,-0.012998009809397701,-0.1275068858150273,0.0610454026747445,-0.053763440860215006,0.11604094425108714,1.6258731145492997,0.004005292942563011,0.11604094425108714
157,33.69351991516,-0.0417957904454997,-0.0122466691395766,-0.12013682116850508,0.0545742582463783,-0.03421309872922773,0.11012605670843295,1.6080567434063637,0.010379028154192144,0.11012605670843295
158,33.694377455394964,-0.0038027497153037,-0.0117010799327174,-0.11478497479545133,0.0629128354011195,-0.04398826979472137,0.11117228877386837,1.5946484422375249,0.007379535530439724,0.11117228877386837
159,33.69588839402083,-0.0124642718347127,-0.0111712480234081,-0.10958766371180934,0.0684202075055267,-0.04398826979472137,0.11242686199098471,1.5789167411582827,0.007688598701105532,0.11242686199098471
160,33.69692801036815,-0.0073026376834893,-0.010879451705426,-0.10672531582250074,0.0322188146426746,-0.07331378299120228,0.09362470741179538,1.562501313104666,0.005614460566711317,0.09362470741179538
161,33.694063783444385,0.0004457967516858,-0.0108679476440568,-0.10661246765223219,0.0370216975301418,-0.1026392961876832,0.09291021733566725,1.5489237025028209,0.00956968485027708,0.09291021733566725
162,33.700647064254284,0.0384229310651578,-0.0108564435826875,-0.1064996194678532,0.0250836574420596,-0.1319648093841641,0.0872906884724991,1.532072441826057,0.013793507496604629,0.0872906884724991
163,33.69124666274985,-0.0711761304067996,-0.0102422508016768,-0.10047472364788,0.0303905975959714,-0.19061583577712593,0.08664398900096928,1.5132032780998892,0.01877706711928043,0.08664398900096928
164,33.67674057763538,-0.1118266511391075,-0.0095798689504637,-0.09397707694835174,0.0415105767148945,-0.2101661779081132,0.09021467483071714,1.4871210630449732,0.030195886923294262,0.09021467483071714
165,33.665073961750586,-0.1088978368065464,-0.009556991927529,-0.09375266362682436,0.0045329388550814,-0.3079178885630496,0.07201029842501558,1.456963559938339,0.027166673713389627,0.07201029842501558
166,33.667742277198215,-0.0181933209834682,-0.0103739870155376,-0.1017669872456498,-0.0175765674661185,-0.35679374389051777,0.06161106997224288,1.4266839193159246,0.05323358420675592,0.06161106997224288
167,33.66198430743114,-0.0511078188480562,-0.0111909821035461,-0.10978124293695028,-0.0427336409277055,-0.3372434017595305,0.1335839544018398,1.3983701828088,0.05239879649847241,0.1335839544018398
168,33.65195280643182,-0.0648807694003082,-0.0120034798580147,-0.11775130968888953,-0.0492928804865466,-0.3079178885630496,0.27061870889981676,1.3242295452137545,0.03971554125431118,0.27061870889981676
169,33.65163713061274,-0.0087781777517161,-0.012815772339083297,-0.12571928514031777,-0.0582424709816686,-0.23949169110459412,0.10150886188121244,1.1392068060938898,0.04407168170911278,0.10150886188121244
170,33.65052098579206,-0.0104185077410303,-0.0133777900760551,-0.13123220622989237,-0.0696861724120364,-0.11241446725317683,0.06464892803152092,1.110258963100475,0.022540771805140105,0.06464892803152092
171,33.63084049226384,-0.137791917635882,-0.013608432022903601,-0.13349459775775924,-0.0654281179170978,0.014662756598240456,0.062163136470217366,1.1060222982393422,0.002695654850238511,0.062163136470217366
172,33.60526470523751,-0.1880787526616705,-0.0138390739697522,-0.13575698218428753,-0.0638660084124533,-0.19061583577712593,0.06412093295202059,1.112684547991009,0.004889882826481598,0.06412093295202059
173,33.60882785774765,-0.0287512336541716,-0.013381757172593102,-0.13127111996353427,-0.0620247376369843,-0.32746823069403685,0.06311551174171125,1.1015240838170708,0.015224432080382504,0.06311551174171125
174,33.60755637393628,-0.0273524124292681,-0.0128932755144525,-0.12647952847533192,-0.0614633774243741,-0.35679374389051777,0.06085258374834258,1.0784466125477745,0.058431806335034885,0.06085258374834258
175,33.6035903109546,-0.03511876467701,-0.0119264874702961,-0.11699606842926587,-0.0564371178574156,-0.3861192570869987,0.307574829083378,1.0529425594788535,0.06012540879584871,0.307574829083378
176,33.58421387901094,-0.126517680737488,-0.0103416326493481,-0.10144960793900211,-0.0338386363274118,-0.43499511241446687,0.12735492728460207,0.8215189693818591,0.09098201177009302,0.12735492728460207
177,33.58596358521357,-0.0687226605054039,-0.0087567778284001,-0.08590289263123718,-0.0193849486068603,-0.4740957966764414,0.09641616908508666,0.7500770665194905,0.11573297249932948,0.09641616908508666
178,33.58325737882174,-0.056898135162707,-0.0089156211059911,-0.08746108435021312,-0.0223343553912603,0.025904203323558583,0.17946915472098968,0.6948970401129023,0.12399720815741681,0.17946915472098968
179,33.585783089960245,-0.0070453898801014,-0.0092128898502214,-0.09037717092237676,-0.0548474821555508,-0.20039100684261957,0.07690653567141309,0.6930474642556159,0.008011240998496176,0.07690653567141309
180,33.57995247426372,-0.0212716865712015,-0.0098302065152098,-0.09643277279931703,-0.0705702373742189,-0.06353861192570864,0.04589428660711869,0.678073026545888,0.010347260294933528,0.04589428660711869
181,33.58561183029762,0.0137953566209366,-0.0108771012522779,-0.10670225924140729,-0.0817983629603078,-0.08308895405669592,0.03853067144014489,0.6787695283260957,0.0010338720766417794,0.03853067144014489
182,33.57666909442456,-0.0578902146859073,-0.0119239959893461,-0.11697162873905051,-0.0923472608678614,-0.1808406647116323,0.03671216296555398,0.6791517210425717,0.0005674104237341309,0.03671216296555398
183,33.56062587881912,-0.1033513856180809,-0.0125301995538745,-0.12291804108829504,-0.096032410955551,-0.17106549364613866,0.03919860477752313,0.6751754097034811,0.004660108862452823,0.03919860477752313
184,33.55186997543896,-0.0814867496381073,-0.013103440248725498,-0.12854107034621243,-0.1010512805133658,-0.1808406647116323,0.04058634710229293,0.6715755011737048,0.0031377943795336117,0.04058634710229293
185,33.556841768454795,-0.0079517016038779,-0.0136153362912076,-0.13356232235521542,-0.1075293743747903,-0.11241446725317683,0.03931894836962479,0.667475568166393,0.0035844152129279393,0.03931894836962479
186,33.55564484258417,-0.0220158963634945,-0.014054763252318898,-0.13787268825557566,-0.1122767713874517,-0.1808406647116323,0.03854362769178278,0.6674329076503038,0.0007292749407337299,0.03854362769178278
187,33.541878995055406,-0.0468803786433123,-0.0144941902134302,-0.14218302753326428,-0.1183690145747766,-0.16129032258064502,0.03640265180901822,0.6639457489046806,0.002646887927500386,0.03640265180901822
188,33.54515886974022,-0.0140636611381801,-0.015282288451284001,-0.1499134142099151,-0.1282252968344198,-0.16129032258064502,0.03348602191673041,0.6620938158717448,0.0011135253943945986,0.03348602191673041
189,33.54211876342962,-0.0416779968310007,-0.0160971283325544,-0.1579060093667366,-0.1327458648118675,-0.014662756598240456,0.03715530140393288,0.6608461333053922,0.0010377453467532113,0.03715530140393288
190,33.537881935742696,-0.0585561921255978,-0.0164662728808022,-0.16152683738198675,-0.1461773138896548,-0.024437927663734094,0.025824919391318202,0.6675933919073417,0.011313307616732061,0.025824919391318202
191,33.52483446154687,-0.0883449655721743,-0.0163127316868592,-0.16002080056615778,-0.1328492785031548,-0.03421309872922773,0.03750150100765488,0.6722188899757862,0.008943307148038891,0.03750150100765488
192,33.50801675954586,-0.1658855320220567,-0.0161591904929161,-0.1585147599778538,-0.1276330086431628,-0.014662756598240456,0.04394187224254528,0.6779455353887408,0.007808388263321709,0.04394187224254528
193,33.50020122245286,-0.1261520310793112,-0.0164698753006921,-0.16156217232919112,-0.1312490280036448,-0.04398826979472137,0.04413830926089232,0.6860130178215204,0.011840768626134434,0.04413830926089232
194,33.48275692036813,-0.1639880656186217,-0.0168159653069964,-0.16495684508006167,-0.1306736603122956,-0.004887585532746819,0.048438701768461365,0.6923965609632641,0.008146943884799598,0.048438701768461365
195,33.47415567113188,-0.0738657959422667,-0.0176263131710243,-0.17290517865375896,-0.1357971671904886,-0.04398826979472137,0.051918539255597446,0.7029563717128032,0.016706926747723158,0.051918539255597446
196,33.48411926556322,0.0185315455447692,-0.019063008430419,-0.18699678650346668,-0.1488204511868489,-0.004887585532746819,0.05327465237232787,0.7120633176588715,0.011131484982241523,0.05327465237232787
197,33.484051081295604,-0.0072552459051812,-0.020499703689813596,-0.20108800837443158,-0.1533959209296475,-0.053763440860215006,0.06319626539256809,0.7261648379375658,0.02070866722785958,0.06319626539256809
198,33.48451502984019,0.0204434546675766,-0.0220755649020877,-0.21654370262860384,-0.156055661248099,-0.04398826979472137,0.0781480405663177,0.7386861360151541,0.013606828022823366,0.0781480405663177
199,33.483711762666424,0.0181025738587464,-0.023659120093855,-0.23207431595370495,-0.1704324637567915,-0.04398826979472137,0.08084852313815338,0.7561223877875153,0.01987064112269475,0.08084852313815338
200,33.4977156896609,0.0754562153234907,-0.0250145034654402,-0.24536668843362927,-0.1845140035330653,-0.12218963831867047,0.07892853461577884,0.775701967828984,0.02340463134381708,0.07892853461577884
201,33.497894348054885,0.0187556108279327,-0.026073138881689495,-0.2557485134591226,-0.1890778782038661,-0.09286412512218956,0.0836738747858155,0.7856524911985682,0.012930000274514462,0.0836738747858155
202,33.49205680513515,-0.0027110869957855,-0.0271317742979389,-0.26613005186499716,-0.2045870942792645,-0.1319648093841641,0.0368308238054396,0.801456916764354,0.0405132548108051,0.0368308238054396
203,33.48660403269111,-0.0162637194594147,-0.0286791227381202,-0.28130362869253317,-0.2367686944226779,-0.22971652003910048,0.05138672368463015,0.8093479112285956,0.05695229760402275,0.05138672368463015
204,33.49624116258849,0.0401665073146126,-0.030248408021260702,-0.29669163405627563,-0.2701086775899794,-0.3665689149560114,0.03647659316065495,0.8117166122130363,0.05230804442435803,0.03647659316065495
205,33.48510057456849,-0.0578492778704683,-0.0317736281946771,-0.3116468485350041,-0.2730507571386634,-0.48387096774193505,0.045603263649838674,0.8060174750381375,0.055946284620326275,0.045603263649838674
206,33.48305936712308,-0.0247309805921425,-0.0332414365974025,-0.32603844024067496,-0.3124589700951056,-0.5522971652003914,0.02288340535029913,0.789346173410615,0.08733227100534419,0.02288340535029913
207,33.49589245776178,0.0537402110105846,-0.0347092450001279,-0.34042932950920257,-0.4509363499839485,-0.5034213098729232,-0.1656090987876428,0.7792696673118307,0.07069111720581102,-0.1656090987876428
208,33.49638048322956,-0.0087089679402449,-0.036210422716354,-0.35514662391079654,-0.5176567079172626,-0.5425219941348978,-0.19870057400765925,0.7851736039080041,0.07622323119539698,-0.19870057400765925
209,33.50179791330279,0.0322597539002752,-0.0377140208923805,-0.369886845804472,-0.5549996467288785,-0.6402737047898341,-0.3381595309025496,0.7909895066413166,0.07464907189255912,-0.3381595309025496
210,33.500540805195,0.0229896379636862,-0.038983098928808,-0.38232734732209167,-0.6347799749575694,-0.9726295210166178,-0.3245211903774254,0.7861834437343463,0.08790722963014708,-0.3245211903774254
211,33.50852021598404,0.0400625694631362,-0.0399396411298587,-0.39170372077380705,-0.7894249393369285,-1.1094819159335287,-0.4089545470315795,0.924797817551447,0.0674651958033756,-0.4089545470315795
212,33.51736811843952,0.0570319184492765,-0.0408961833309093,-0.40107973582722717,-0.7926840641433966,-1.3147605083088956,-0.37391747906810213,1.072423720360815,0.10037422092037862,-0.37391747906810213
213,33.515275394231665,0.0206153882698699,-0.04118669124480769,-0.40392721861889286,-0.8014589581958288,-1.3245356793743892,-0.327909503082544,1.2563916094314063,0.1788560298271712,-0.327909503082544
214,33.52153663611166,0.0924171541045983,-0.0414297908334499,-0.4063099911844586,-0.8392569452371731,-1.3245356793743892,-0.20857135109228447,1.4042053577885454,0.13577135294559456,-0.20857135109228447
215,33.53187674055117,0.0868882969846382,-0.0416886917870138,-0.4088476164977885,-0.9643549939269336,-1.2658846529814274,-0.11808935417226235,1.5177459874329013,0.06443790996434921,-0.11808935417226235
216,33.5330704716795,0.0538589488505528,-0.0419659325193812,-0.4115649693025527,-0.9689523331527996,-1.099706744868035,-0.30442191712759736,1.5879753050805068,0.06651320647633274,-0.30442191712759736
217,33.54016247961793,0.0660268618076622,-0.0422431732517486,-0.41428229047343623,-1.0274372771369291,-0.9335288367546433,-0.3601660633454479,1.639004397001621,0.02167469593356224,-0.3601660633454479
218,33.556289083101355,0.1193655199063212,-0.0422116548862063,-0.4139733709378933,-1.052951066102808,-1.3538611925708701,-0.38766321433605483,1.6195613643575686,0.03331279323422419,-0.38766321433605483
219,33.55891003814067,0.0531861305698448,-0.042158414831075,-0.4134515506513809,-1.0752181732787964,-1.2463343108504397,-0.3882190461641825,1.70401180252452,0.07524435129928896,-0.3882190461641825
220,33.55936496365238,0.0343627347227689,-0.0419967976882525,-0.41186748982687804,-1.068663595734196,-1.1485826001955033,-0.37838557491403213,1.7471363963555664,0.03931659345524835,-0.37838557491403213
221,33.564105164947456,0.0492980958998359,-0.04170959626767359,-0.4090525111865549,-1.0747969280844527,-1.158357771260997,-0.37744445915737757,1.764921035359658,0.021493530415358543,-0.37744445915737757
222,33.57079399928998,0.0482030755559558,-0.0414223948470947,-0.40623749880567633,-1.0815874177639655,-1.1876832844574778,-0.3784773924304211,1.7831697707952934,0.022050754070076947,-0.3784773924304211
223,33.57218098891432,0.0281590920029215,-0.0410290505183046,-0.40238206955389044,-1.0758693260321297,-1.2170087976539588,-0.3741392284990258,1.8053311726555759,0.025505608557796038,-0.3741392284990258
224,33.575454209830184,0.0278483503123709,-0.0406267816189079,-0.3984391002661457,-1.0841135013931915,-1.1485826001955033,-0.3742051330088272,1.832268325470614,0.029158439080294474,-0.3742051330088272
225,33.580614586998536,0.0620741510839687,-0.040391825224235,-0.3961360689740084,-1.0917508354552163,-1.2170087976539588,-0.3765869952338907,1.8442394299670513,0.0195258268610334,-0.3765869952338907
226,33.590671825534685,0.0742069029613663,-0.0403794966938876,-0.3960152247069148,-1.0920690267497568,-1.0899315738025415,-0.3737318379645184,1.8660056921299668,0.02949864766744842,-0.3737318379645184
227,33.59646770399934,0.0465012420722348,-0.0403671681635402,-0.3958943803796298,-1.093182432698182,-1.0703812316715542,-0.37377775877989833,1.8654578024084811,0.017955872120690254,-0.37377775877989833
228,33.59872817863505,0.0502329559000748,-0.0402537817221439,-0.3947829629920746,-1.1016642057197734,-1.0801564027370478,-0.37845541676955086,1.8620521749553263,0.017890039888193987,-0.37845541676955086
229,33.60757581940112,0.062748402043995,-0.0401341645185428,-0.39361046598039995,-1.094810733691724,-1.1094819159335287,-0.3774003061670755,1.8592743335407955,0.023562815415380377,-0.3774003061670755
230,33.605009129217706,0.0062805303316783,-0.0401097471940623,-0.3933711247988369,-1.0946975058560462,-1.099706744868035,-0.3768998245715341,1.8613945503513472,0.03127957645326366,-0.3768998245715341
231,33.603156264191874,-0.02334925083938,-0.0402137494077663,-0.39439056380166315,-1.043593802719396,-1.0312805474095796,-0.35431812277128466,1.8619273717312037,0.03196010589487097,-0.35431812277128466
232,33.61103718967286,0.052108477531111,-0.0403177516214704,-0.39540999853858055,-1.0499241080900523,-1.021505376344086,-0.3525518654959706,1.8588326083143878,0.025721108286762478,-0.3525518654959706
233,33.63182706464103,0.1134582327281927,-0.0410372810954638,-0.4024627435519026,-1.0487645990794834,-1.0703812316715542,-0.34934982085404975,1.854262331191484,0.02397726700198242,-0.34934982085404975
234,33.63540166179775,0.0570929741736109,-0.0417865079121847,-0.4098063570027288,-0.94045612020118,-1.1681329423264906,-0.2986203235597236,1.855821392774324,0.030365107046381012,-0.2986203235597236
235,33.64414963538487,0.0831188567552342,-0.0427387267045691,-0.41913928189252475,-0.887435875647956,-1.1388074291300097,-0.2594349101604166,1.875898497966184,0.06896300470198442,-0.2594349101604166
236,33.6562623715273,0.0803744596138566,-0.0439566236759772,-0.43107562733540733,-0.8856853311196446,-1.1094819159335287,-0.24374309015106455,1.8956277524500067,0.06033505492756042,-0.24374309015106455
237,33.656597115148664,0.0474061654047648,-0.0451745206473854,-0.4430113333755168,-0.8982714946197876,-1.0899315738025415,-0.15090590361820916,1.9127614228553234,0.012739006726846561,-0.15090590361820916
238,33.652340816200535,0.0038630381954091,-0.0456525169214855,-0.4476956421949697,-0.8653995780008098,-1.050830889540567,-0.2032029809325937,1.9313355209639242,0.05215096898527681,-0.2032029809325937
239,33.65630456737668,0.0411454708452341,-0.046084246492749,-0.4519264547301887,-0.8511563858489696,-0.9042033235581624,-0.20476209000056855,1.9460214349309286,0.04605940446380103,-0.20476209000056855
240,33.6664411812488,0.0682133065783499,-0.0461886477442146,-0.4529495411835897,-0.8233192278958494,-0.806451612903226,-0.1929125809326844,1.949825162409724,0.014726421384178639,-0.1929125809326844
241,33.67736510210569,0.0978613992118802,-0.0458146172165327,-0.44928418337472076,-0.8075254458409006,-0.7771260997067451,-0.18566434194602122,1.9485276885370955,0.006980630402976483,-0.18566434194602122
242,33.6803353427017,0.0588867193488369,-0.0454405866888509,-0.4456187627115193,-0.7976218293562206,-0.7086999022482896,-0.18180250851105467,1.9465207287346307,0.006105413890472848,-0.18180250851105467
243,33.69280464181808,0.112583625386971,-0.0451122959065134,-0.44240153056262715,-0.7939024259740525,-0.7966764418377323,-0.1812505802772598,1.9407865541565459,0.0063911635418084515,-0.1812505802772598
244,33.70337734533945,0.1016150723848144,-0.0447875061168643,-0.4392185610342939,-0.7389651408731288,-0.7771260997067451,-0.15978302713985418,1.9411609567528905,0.006046682795138973,-0.15978302713985418
245,33.715277127439585,0.1068386583750577,-0.0448279014071089,-0.4396144410886462,-0.7319681829427918,-0.7575757575757578,-0.152343285838137,1.942764703590631,0.0046286328633740915,-0.152343285838137
246,33.71922572280191,0.0761109342074477,-0.0452966890059978,-0.44420857898962546,-0.71862705801352,-0.7869012707722387,-0.14341266089725074,1.9437489018421905,0.004209862026023673,-0.14341266089725074
247,33.73281135619556,0.1210571509600811,-0.0457654766048866,-0.4488026192705228,-0.7153049860041284,-0.7771260997067451,-0.1381882173089815,1.9469481710898726,0.006956094722781197,-0.1381882173089815
248,33.73534270450809,0.0520900845113013,-0.0462046577767223,-0.45310643204069284,-0.7297940007688593,-0.7478005865102642,-0.1411597388312337,1.94984116759111,0.0061343689633474715,-0.1411597388312337
249,33.73940033781046,0.0277177926883093,-0.046641539987014,-0.4573876291307342,-0.7422316458225315,-0.6891495601173023,-0.14505106696881492,1.9506671074817366,0.005934079873911306,-0.14505106696881492
250,33.74700429496951,0.0680704932648872,-0.0470180493894684,-0.46107713704681363,-0.741325032183007,-0.698924731182796,-0.14412769616809623,1.9475609673332985,0.012698268177772004,-0.14412769616809623
251,33.75494270040087,0.0754684432821042,-0.0473229681116112,-0.46406506246278506,-0.773226234746054,-0.6500488758553278,-0.15599009808047754,1.9449518015822977,0.01377777090509678,-0.15599009808047754
252,33.76998063550694,0.1040303904806803,-0.0476278868337539,-0.4670529447321085,-0.8056952854066372,-0.7282502443792769,-0.1710276625986877,1.9374566562638638,0.033959453964949544,-0.1710276625986877
253,33.76683205901186,0.0174537534079463,-0.0470202011924062,-0.4610982229038565,-0.8123067417599209,-0.7380254154447705,-0.1795554401470541,1.9330374519759763,0.025033877443401086,-0.1795554401470541
254,33.776103153629435,0.0778504008448284,-0.0463481001192952,-0.45451209496009753,-0.8139017661134169,-0.7478005865102642,-0.18500364197367947,1.9284111065005196,0.029131607675093124,-0.18500364197367947
255,33.78364306235327,0.0751728185645249,-0.0458065734132771,-0.4492053564506826,-0.8473133872797999,-0.698924731182796,-0.20253224772867714,1.9240228443791618,0.034275233988638854,-0.20253224772867714
256,33.80475310607616,0.1550794803354374,-0.0454344655028669,-0.44555877585382675,-0.8482432636900988,-0.6500488758553278,-0.20892954845706996,1.9127280779853757,0.06046933574209297,-0.20892954845706996
257,33.801833444174896,0.0540584932548008,-0.0450623575924566,-0.44191213356298803,-0.9402948626765328,-0.669599217986315,-0.2520379475930867,1.8963249406281448,0.0957715638557195,-0.2520379475930867
258,33.81400313334894,0.1047850578987807,-0.0450577535999603,-0.44186701424071306,-0.9641397450864034,-0.698924731182796,-0.40715945029937606,1.8706243145536239,0.05801104396394442,-0.40715945029937606
259,33.82750746589076,0.1277814289948649,-0.0450761759512186,-0.44204755401030876,-0.9789032243960524,-0.7282502443792769,-0.37181571257322615,1.7906700937827256,0.05442228708850293,-0.37181571257322615
260,33.84035526284215,0.1137614413671779,-0.0453082438829247,-0.444321816033874,-1.0105147050566716,-0.7869012707722387,-0.622011084846986,1.7372379690202215,0.07714322365402215,-0.622011084846986
261,33.84922250096917,0.0975788270582153,-0.0458208167742784,-0.4493449372112335,-1.069638443509231,-0.7869012707722387,-0.43793495184629333,1.582720876763433,0.07971191866201374,-0.43793495184629333
262,33.85407024003522,0.0691304900533087,-0.0463333896656321,-0.4543679403317648,-1.0751817065116651,-1.050830889540567,-0.6421893483320198,1.5321553639922987,0.05355322582986144,-0.6421893483320198
263,33.8680433115335,0.0984457597027587,-0.046518933951668,-0.456186168519779,-1.0770146164409446,-1.2463343108504397,-0.4685778475821852,1.460171666324699,0.023317580806564632,-0.4685778475821852
264,33.87166705479946,0.0488350063466767,-0.0466893712148168,-0.45785634266148667,-1.0857393147714602,-1.4613880742913001,-0.4345724905542569,1.4736575574249389,0.04292819265978297,-0.4345724905542569
265,33.88653331315114,0.119544589348982,-0.0463169762718376,-0.45420709767908163,-1.085880582504069,-1.6177908113391983,-0.19932408708151667,1.5162807548640047,0.12927357614928162,-0.19932408708151667
266,33.89699375061888,0.1283556733630035,-0.0452387200452389,-0.44364048604016204,-1.0823876904387235,-2.1177908113391983,-0.2332756027386244,1.563196317712694,0.14618753083006986,-0.2332756027386244
267,33.88843784894902,0.0099063551510556,-0.0441604638186402,-0.4330733586086748,-1.0735052037660129,-1.8328445747800588,-0.18286048428562557,1.6467675633477956,0.3867023195570225,-0.18286048428562557
268,33.903719267314074,0.0446720551949835,-0.0437777178202126,-0.4293222492842557,-1.0630308469863674,-1.520039100684262,-0.1570992250518127,1.702079735755235,0.26071011956239787,-0.1570992250518127
269,33.897369995743205,-0.0121020134835147,-0.0434261732924978,-0.4258768751329177,-1.045024024332901,-1.0410557184750733,-0.28082142244459923,1.738196136053385,0.15102529863093594,-0.28082142244459923
270,33.90160362609766,0.0348045301994671,-0.0432536554602834,-0.4241860644103769,-1.0494344165250022,-0.913978494623656,-0.342281453331948,1.7482302223049162,0.01590373616490331,-0.342281453331948
271,33.91336217423329,0.0921537442448197,-0.0433146440429906,-0.42478380203322014,-1.0492731355071416,-0.8651026392961878,-0.35591056266651905,1.7379858831213062,0.02346709035473639,-0.35591056266651905
272,33.92400399148314,0.0962930668783851,-0.043375632625698,-0.4253815380760365,-1.016652025183315,-0.9237536656891496,-0.34606513055478544,1.7207916046994851,0.028343444992101872,-0.34606513055478544
273,33.917397782391184,0.0120761200838154,-0.0437464360231898,-0.4290156686591633,-1.024100238403093,-1.1192570869990224,-0.3473733286566757,1.71148669108489,0.017629631790713654,-0.3473733286566757
274,33.92035853194276,0.045443085463154,-0.0441405866484415,-0.43287855358704047,-0.9861940376194578,-1.158357771260997,-0.32684597857330655,1.7198979262219753,0.02840529388449591,-0.32684597857330655
275,33.92515617613213,0.0464731245117837,-0.0445001382639991,-0.43640229125255225,-0.9782490427218004,-1.1779081133919842,-0.3154201696212881,1.7335561401863053,0.039857913964542586,-0.3154201696212881
276,33.9261077040217,0.0114518897665031,-0.0448185063568202,-0.43952236821551377,-0.9781412902876097,-1.1876832844574778,-0.11618673942066264,1.7492629595164517,0.03575504345315041,-0.11618673942066264
277,33.921494509926326,-0.0393193623173775,-0.04513687444964119,-0.4426424006292599,-0.9374961998375564,-1.2072336265884651,-0.24741950292817505,1.7658989819634063,0.0675120143000569,-0.24741950292817505
278,33.92752999363683,0.0283180523734354,-0.0454545241269733,-0.44575534780109566,-0.9447179472778824,-1.0899315738025415,-0.21428504994230807,1.7872022756238948,0.06694244276593046,-0.21428504994230807
279,33.93918568908819,0.0719273295403564,-0.045772122806216,-0.4488677502283588,-0.932181797650836,-0.9237536656891496,-0.2574260635447233,1.801989762874164,0.04440204897108704,-0.2574260635447233
280,33.942390420136874,0.0361290775044522,-0.0457247758709702,-0.44840376276188804,-0.92889574833471,-0.7380254154447705,-0.26470776525411166,1.8027811029831442,0.014743957368059992,-0.26470776525411166
281,33.943824269595446,0.0263069089794024,-0.0452464007396244,-0.44371575655112716,-0.8512335937997657,-0.8651026392961878,-0.23509375285783574,1.7897904617364844,0.011447031765163146,-0.23509375285783574
282,33.9431954896115,0.0072124113982188,-0.0447680256082785,-0.4390276487992261,-0.80452914913284,-0.9042033235581624,-0.21035979380206243,1.7901269300348188,0.007272117850331152,-0.21035979380206243
283,33.94375508618801,0.0149209599112622,-0.0450621544673497,-0.44191014292849884,-0.8084280264527248,-0.9237536656891496,-0.2054198110443654,1.7950300706107647,0.011237278412687256,-0.2054198110443654
284,33.95745537182112,0.076003444956637,-0.045417412716640196,-0.4453916605918218,-0.8134869174150946,-0.8944281524926687,-0.20457232409163859,1.8012059211271672,0.013796794512070673,-0.20457232409163859
285,33.94660608020648,-0.048669697537615,-0.0459662356751683,-0.4507699945704171,-0.811447884586318,-0.8455522971652005,-0.20073096885307884,1.8054600415360043,0.011525476214875091,-0.20073096885307884
286,33.95394205555591,0.0191545173536131,-0.0467689782438422,-0.4586364351293024,-0.8037052632727635,-0.8553274682306942,-0.1929301560887777,1.8068327220098106,0.007596286629721475,-0.1929301560887777
287,33.95039966952196,-0.006589229378434,-0.04757172081251619,-0.4665025801448892,-0.8129331773963641,-0.7869012707722387,-0.19178748354362746,1.809019911976233,0.008120781719491321,-0.19178748354362746
288,33.951720277177465,-0.0076666268371098,-0.047760070905147,-0.46834819590993254,-0.8241185468925074,-0.7869012707722387,-0.19582412253590792,1.8074704991673762,0.0070030092504082715,-0.19582412253590792
289,33.93860848047189,-0.0721763164143239,-0.0479096128550861,-0.46981352437577756,-0.817899898367146,-0.7771260997067451,-0.1934073200823735,1.8053980399801266,0.006674032289479625,-0.1934073200823735
290,33.9273184558313,-0.0893018092414744,-0.04808604119759259,-0.47154229313889134,-0.7604699418048128,-0.7673509286412514,-0.16688332135573317,1.8029545260102557,0.006222765148867539,-0.16688332135573317
291,33.910764761130146,-0.1420669667656473,-0.0482973760563058,-0.47361308112864053,-0.7596487589829534,-0.7673509286412514,-0.16031993300164385,1.8026047743363003,0.0072721596467396525,-0.16031993300164385
292,33.9100612204625,-0.0546781531073699,-0.048508710915019,-0.47568384796568225,-0.7814142504826193,-0.7380254154447705,-0.16773823576097266,1.802732084582622,0.007968994824423026,-0.16773823576097266
293,33.90474495710317,-0.0519971415662745,-0.0492786522457381,-0.4832279458122973,-0.8202016567944,-0.7282502443792769,-0.183286022691465,1.8003331999216345,0.01290519606536366,-0.183286022691465
294,33.89933608736096,-0.0420845753520936,-0.0500751878294174,-0.49103231996668023,-0.8239128253761675,-0.6500488758553278,-0.18500190889955434,1.7951729754980885,0.01618909948024008,-0.18500190889955434
295,33.893212592720175,-0.0767863675020673,-0.0505998407324934,-0.49617264555760476,-0.8393854663031624,-0.6207233626588469,-0.1908154231686109,1.7850676638482335,0.0390745932263435,-0.1908154231686109
296,33.88347219713414,-0.0943322953369367,-0.0507693109678188,-0.4978330135974741,-0.8559886772197567,-0.6598240469208214,-0.1998384176926978,1.7722216832750124,0.0538920112819847,-0.1998384176926978
297,33.859231086460106,-0.1799750361742443,-0.0509387812031443,-0.4994933673395004,-0.8670590547877889,-0.698924731182796,-0.20702849776169846,1.760152740341832,0.04415978097136003,-0.20702849776169846
298,33.84250092059592,-0.1667904452246105,-0.050490315425496,-0.49509957450078096,-0.8829108125446231,-0.7380254154447705,-0.21871868381653062,1.7497251637974365,0.03582373240385244,-0.21871868381653062
299,33.82373492894554,-0.1930047879748413,-0.0500099514849766,-0.49039315258403204,-0.8825815465790546,-0.7184750733137832,-0.22401750553103572,1.7404124701040915,0.028794930230265855,-0.22401750553103572
300,33.81569971831845,-0.1264568925384595,-0.0495759233510098,-0.486140613812285,-0.9104985493992868,-0.7478005865102642,-0.24112466314405234,1.7292397057234106,0.037543170601268355,-0.24112466314405234
301,33.79451204018344,-0.1778607074454039,-0.0492033997686638,-0.4824906138129278,-0.9154562492860272,-0.7966764418377323,-0.24988036676294526,1.7176452986041701,0.03234615922634929,-0.24988036676294526
302,33.78167445917356,-0.1496182877256829,-0.04883087618631779,-0.4788405468565059,-0.9102279871068788,-0.7869012707722387,-0.251934160517828,1.708819671667492,0.023299841043359314,-0.251934160517828
303,33.76276122589278,-0.1821080537102782,-0.0483590031845338,-0.47421693738200693,-0.9228839154171368,-0.8162267839687196,-0.2615979189086506,1.6994069196724688,0.02781631093501536,-0.2615979189086506
304,33.7389792054079,-0.2183699454711291,-0.0478800600815309,-0.46952394412126014,-0.9443512736993692,-0.7673509286412514,-0.27691672536663736,1.6913031972799324,0.023668415173820453,-0.27691672536663736
305,33.720213798217074,-0.2068101710593118,-0.0473802788560436,-0.4646266506869767,-0.9406341376159676,-0.806451612903226,-0.2824798905479346,1.676846245051194,0.036250442835876376,-0.2824798905479346
306,33.718963728608536,-0.0804592700667491,-0.04685529157584619,-0.45948224132936966,-0.965103151020304,-0.8846529814271751,-0.2993462148042319,1.6656221268639468,0.028407854282222946,-0.2993462148042319
307,33.70708553722021,-0.099054237854821,-0.0463303042956488,-0.45433770533310947,-0.9623278684449734,-0.8944281524926687,-0.30479240883358877,1.6592637492716598,0.015126616690984413,-0.30479240883358877
308,33.69934506239157,-0.0837922931564149,-0.046591025967906,-0.45689262493208316,-0.958655321227458,-1.021505376344086,-0.30381715168066276,1.652854959547198,0.014574546898535124,-0.30381715168066276
309,33.68853470558877,-0.0955267934484144,-0.0469149651490975,-0.4600669957855953,-0.9522486549907544,-1.050830889540567,-0.29819386452839214,1.6583608108356134,0.01400773073581807,-0.29819386452839214
310,33.67993155094141,-0.0967643030307005,-0.0472836142443649,-0.4636794328703882,-0.961515783670082,-1.0606060606060606,-0.29858877906231374,1.6667464757405517,0.016416715760654083,-0.29858877906231374
311,33.65866981926689,-0.1685510381151099,-0.0477072315818671,-0.4678304325713989,-0.9626770379253744,-1.050830889540567,-0.2960191998074062,1.6753062426975762,0.018127513502804046,-0.2960191998074062
312,33.64127907303996,-0.1709308289255306,-0.04813084891936939,-0.4719813483194693,-0.9702396530883552,-1.021505376344086,-0.2960948154012212,1.6826586284056477,0.0175780303696148,-0.2960948154012212
313,33.62994721294942,-0.1243597309745333,-0.0477363363728104,-0.46811562551736596,-0.9860437301300446,-1.0117302052785924,-0.3047522972853633,1.6875202914159118,0.0181958247253338,-0.3047522972853633
314,33.622347370161336,-0.1115338114994642,-0.047280430046251695,-0.4636482307969313,-0.9856205466115672,-0.9921798631476051,-0.21852309932723443,1.6905635692653904,0.043986066002056394,-0.21852309932723443
315,33.609580963367286,-0.1165593582091591,-0.046861014362387,-0.4595383202431029,-0.9694260792731334,-0.9726295210166178,-0.28348797483988136,1.7011614808188644,0.059222091313892423,-0.28348797483988136
316,33.5980715028966,-0.1040662964902582,-0.0464900804228835,-0.4559034214223831,-0.9331499270057348,-0.9824046920821115,-0.28074993240175017,1.7040536547829332,0.06602717277014168,-0.28074993240175017
317,33.59101236741969,-0.0755866668717122,-0.0461191464833799,-0.4522684598730051,-0.9112498915312902,-0.9726295210166178,-0.2210157618977856,1.7083376066502518,0.07284506512152124,-0.2210157618977856
318,33.57494704375958,-0.1394703770232207,-0.0452430657161887,-0.44368307345233526,-0.8542510477702524,-0.9628543499511242,-0.12231671633871202,1.7182631873000336,0.07626864771494278,-0.12231671633871202
319,33.56052482396523,-0.147366951748244,-0.0443322276409604,-0.4347567125744079,-0.6672775886140293,-0.806451612903226,-0.022894658473156044,1.7299823167585306,0.03995071432561053,-0.022894658473156044
320,33.53846489248642,-0.2082766572237511,-0.0429476383116451,-0.4211868241448358,-0.6326528099627108,-0.669599217986315,0.049705289429713084,1.7324154641157612,0.06883880236157058,0.049705289429713084
321,33.53183507775108,-0.1107254125919716,-0.0409465632359007,-0.40157354894690916,-0.598184879999715,-0.6207233626588469,-0.035494220758751235,1.7268972530939009,0.024004616622283727,-0.035494220758751235
322,33.51674821790967,-0.1482218610640956,-0.0389454881601563,-0.38195866572797127,-0.5061382869397847,-0.45454545454545414,-0.06455910080770352,1.728911472920789,0.037115574312309496,-0.06455910080770352
323,33.50954425309649,-0.1052416952237064,-0.0362155322670509,-0.35519671574047157,-0.3970527401527259,-0.4447702834799605,-0.032282284820374874,1.7286533967853086,0.005213385319045866,-0.032282284820374874
324,33.48206426355346,-0.2042428905093764,-0.033446404637188495,-0.3280480590254809,-0.3786337975196171,-0.6109481915933532,-0.029858079688057468,1.7293070345004704,0.004945564087733684,-0.029858079688057468
325,33.461042831362505,-0.202263289923076,-0.0316253091401334,-0.31019256958800473,-0.353740148831517,-0.6304985337243405,-0.026087956718862725,1.7318290524924633,0.04902375485383904,-0.026087956718862725
326,33.444847637167406,-0.1822553530081843,-0.0310441068607977,-0.30449377417382106,-0.3692479203936754,-0.5718475073313787,-0.03508637472707872,1.7343631413135032,0.06126712374562562,-0.03508637472707872
327,33.42999023341122,-0.2073423399108671,-0.0304629045814619,-0.2987948759028332,-0.3530296051839549,-0.43499511241446687,-0.005599876485557082,1.7369898721033767,0.05345388687251569,-0.005599876485557082
328,33.435623263299895,-0.0401257571791213,-0.0310873646844387,-0.3049179286698745,-0.3632870654672097,-0.4447702834799605,-0.027999111889419864,1.7372324917322741,0.02797751445675556,-0.027999111889419864
329,33.41394874009255,-0.164778558303932,-0.0317721708078786,-0.3116325587864191,-0.362828497602714,-0.43499511241446687,-0.02916389807112102,1.738101319407603,0.03593890540431901,-0.02916389807112102
330,33.39816776128469,-0.1599053007993592,-0.032010761791320695,-0.31397194616883445,-0.309722244405188,-0.45454545454545414,-0.0038776237117179786,1.7388697272474174,0.03973921322980244,-0.0038776237117179786
331,33.36411080130938,-0.2715094440219734,-0.0316510811788574,-0.3104452667632835,-0.2611090059767065,-0.4740957966764414,0.021919900486267872,1.7390733256455646,0.05905283404577322,0.021919900486267872
332,33.34792770708663,-0.2061940458645296,-0.0312914005663942,-0.3069185471953854,-0.1696478660083454,-0.48387096774193505,0.22649851244722405,1.7373183495244926,0.038039064697077615,0.22649851244722405
333,33.32436299965256,-0.2374513247027602,-0.0306587687681945,-0.3007154063685968,-0.1636143269916513,-0.5229716520039105,0.16246712539519576,1.6863820135230707,0.04284052945051482,0.16246712539519576
334,33.31081688140651,-0.1806065369314036,-0.0300056255673254,-0.2943110189650837,-0.1538816732649584,-0.40566959921798595,0.2671312430002197,1.6542227362507804,0.07894144274417231,0.2671312430002197
335,33.29852714336525,-0.1253102960661863,-0.0284916238038317,-0.279465015592743,-0.1453111821025919,-0.23949169110459412,0.29701686244918934,1.594940264960952,0.03592784199626565,0.29701686244918934
336,33.2822185506563,-0.1482251650572965,-0.0258670396379556,-0.2537273616516677,-0.084446551348041,0.04398826979472137,0.14720534714665853,1.5423872728627896,0.033098400229786044,0.14720534714665853
337,33.263400810538585,-0.1700220224837701,-0.0232424554720795,-0.22798795992537002,-0.0372526116610442,0.1026392961876832,0.1282060063538051,1.5449640668342304,0.005257119427205293,0.1282060063538051
338,33.24121172456742,-0.1910827470101532,-0.0214504939540312,-0.21041320880576428,-0.0048314297501941,0.32746823069403685,0.13169411228412997,1.5507865052730494,0.010823607809080742,0.13169411228412997
339,33.23138689429119,-0.1215728242930804,-0.0197138986653163,-0.19338081948940047,0.0052502360068257,0.17106549364613866,0.05317649982108427,1.5674755509497664,0.06612923808297334,0.05317649982108427
340,33.21380496948331,-0.1675996311295788,-0.0187463834889619,-0.1838912508632509,-0.0153673587524683,-0.1319648093841641,0.002554172995521603,1.5733674557575341,0.023659151308928043,0.002554172995521603
341,33.198536943975775,-0.1716793409062532,-0.0186929056695422,-0.18336672537167403,-0.0126860787803509,-0.14173998044965774,0.08729294312235833,1.5734178345813095,0.01080624020485643,0.08729294312235833
342,33.16065953817271,-0.2906474536273407,-0.0186394278501224,-0.1828421993556899,-0.0226754220230471,-0.12218963831867047,0.09907947717030396,1.5698606588209822,0.011350417131417032,0.09907947717030396
343,33.13218279870085,-0.2932514627477296,-0.0189112441751017,-0.18550824751785666,-0.0208709550266897,-0.29814271749755594,0.10392556808843367,1.5659296943665604,0.00787285205438241,0.10392556808843367
344,33.11371949878182,-0.2202767055416737,-0.0192071639669096,-0.18841069342363115,-0.0202418056211715,-0.42521994134897323,0.10738319700303142,1.5535575959956591,0.05089646663396767,0.10738319700303142
345,33.092701788575894,-0.180078406848252,-0.0193444326202829,-0.1897570487499682,-0.0312962242117308,-0.2101661779081132,0.31594424222863765,1.534396509756034,0.10065284854303004,0.31594424222863765
346,33.06127488022469,-0.1973300125452555,-0.0192930675228488,-0.18925325117099787,-0.0582824567241418,-0.20039100684261957,0.13469854761999478,1.4652087306666888,0.017699570983097525,0.13469854761999478
347,33.06595878406257,-0.0801536111734464,-0.0192417024254148,-0.18874945309270777,-0.0551906860225001,-0.17106549364613866,0.1004818574460435,1.4528677319762962,0.015610068448828666,0.1004818574460435
348,33.0444066009928,-0.1362573682352367,-0.0193751022596469,-0.19005786153090776,-0.0550163620487485,-0.12218963831867047,0.09474692922406475,1.4471854312119126,0.009787009372612445,0.09474692922406475
349,33.02336390419895,-0.1563370717929247,-0.0195224554653435,-0.19150312309569106,-0.0668689514991478,0.07331378299120228,0.08798548523541067,1.444278256700206,0.0035892103138248444,0.08798548523541067
350,32.999185407094224,-0.2085712700145275,-0.0195130272334464,-0.19141064975707678,-0.0650880060906096,-0.17106549364613866,0.08729951329209518,1.4498509575039888,0.016403047210236468,0.08729951329209518
351,32.98306556665093,-0.1778244111458547,-0.0193026909888326,-0.18934763979402502,-0.0617637443020554,-0.27859237536656867,0.08807366421303243,1.4454281169349117,0.008607118823931741,0.08807366421303243
352,32.96299913055307,-0.18070308667699,-0.0190923547442187,-0.1872846214539798,-0.0592217548971414,-0.26881720430107503,0.08894552269312098,1.4362702762744157,0.030571451510396825,0.08894552269312098
353,32.93902957534799,-0.2026488730310353,-0.0194264924859202,-0.19056190477705917,-0.0768933912110594,-0.27859237536656867,0.08149520842702776,1.4274112730562498,0.025259328705583034,0.08149520842702776
354,32.92994530354559,-0.1472029521744024,-0.0197862033459967,-0.19408999007309805,-0.0989319164739716,-0.26881720430107503,0.06993327899094119,1.4193631289214599,0.02774071941817691,0.06993327899094119
355,32.91838115636944,-0.1476242033055695,-0.0200991434286873,-0.19715932181830195,-0.0985321716851811,-0.35679374389051777,0.243051503324217,1.4133801330020446,0.02237012688632107,0.243051503324217
356,32.9087381857843,-0.1100865577473806,-0.0203498125227641,-0.19961788272706812,-0.0889943577226701,-0.40566959921798595,0.1140175532419948,1.3530429198066263,0.06059495087996254,0.1140175532419948
357,32.8955978282878,-0.1443852153983929,-0.020600481616841,-0.20207643109284665,-0.0902812155352674,-0.27859237536656867,0.12323492242229488,1.3325348045295982,0.08403348873215406,0.12323492242229488
358,32.88663771734848,-0.1256133502918074,-0.0201518474123163,-0.1976762431942014,-0.0681077560422505,-0.2883675464320623,0.10334257688306914,1.3171613118626373,0.03933572872499868,0.10334257688306914
359,32.8798876298621,-0.0404844896757305,-0.0196640464832211,-0.1928918643715125,-0.0442662092340483,-0.2590420332355814,0.34300891083184804,1.3048012630146573,0.04459322437947159,0.34300891083184804
360,32.871268864432714,-0.0575780131932404,-0.0192848678817312,-0.18917282765531274,-0.0383352296750697,-0.3176930596285432,0.16777721686531147,1.2167335464724909,0.03604311466980147,0.16777721686531147
361,32.879526893784025,0.0249110413273677,-0.0190684566836603,-0.1870502241539419,-0.0426896972060233,-0.4154447702834796,0.1307112414744323,1.1886930457597296,0.05601115308082812,0.1307112414744323
362,32.88437240980505,0.0491852720121727,-0.0188520454855894,-0.1849276118922971,-0.0421097202527116,-0.20039100684261957,0.452817845975318,1.1632200912709307,0.06381388433586259,0.452817845975318
363,32.90021199767042,0.1319972977421786,-0.0189906748418176,-0.18628732243915522,-0.0437161110795141,-0.06353861192570864,0.1992844505866545,1.0490806147615976,0.019400447192049326,0.1992844505866545
364,32.90641289951455,0.0923125302778932,-0.0191571791050574,-0.18792043213996085,-0.0432959450134476,-0.004887585532746819,0.15097791403989225,1.0412034160325951,0.002807495437390347,0.15097791403989225
365,32.927413287367855,0.1393757280170463,-0.0195814768207195,-0.19208201192558688,-0.053769888085711,-0.1319648093841641,0.13624921179666052,1.043337225958662,0.004986140038717805,0.13624921179666052
366,32.940074586404094,0.134974199496688,-0.0203385548327747,-0.19950746764183225,-0.0596892876318032,0.1808406647116323,0.13495837599709978,1.038492868022871,0.009781661912233326,0.13495837599709978
367,32.95275761627868,0.1233259601879246,-0.0210956328448299,-0.2069328090069632,-0.0555991913274333,0.04398826979472137,0.14179050963855036,1.0546003775658284,0.04274149171118168,0.14179050963855036
368,32.97032335362902,0.1424912206736667,-0.0213489020148784,-0.2094168200732972,-0.0481439968296408,0.024437927663734094,0.14987016736026154,1.06177323326415,0.012685652146631617,0.14987016736026154
369,32.98669251694997,0.1647863807733171,-0.0215677816340362,-0.21156353479951026,-0.0483964535490238,0.09286412512218956,0.15226120670336613,1.067435459919223,0.0102673538884805,0.15226120670336613
370,32.99343996124179,0.1447697481604624,-0.021355356169465,-0.20948012089720253,-0.023700500237231,0.1808406647116323,0.16832350993989773,1.0779888952788907,0.012832114672382251,0.16832350993989773
371,33.00957166368648,0.1395926694688403,-0.0205922734928811,-0.2019959264752818,0.0027279943180785,0.21994134897360684,0.18324917345252031,1.0948939754987357,0.022747793067005643,0.18324917345252031
372,33.01584251687331,0.0838618198980222,-0.0198291908162971,-0.19451161443211315,0.0506276177416213,0.2101661779081132,0.21261375832487617,1.1144976861648017,0.026381069201541433,0.21261375832487617
373,33.03699834545618,0.1688289733806382,-0.0194927585095019,-0.19121185138893254,0.0529331433066172,0.22971652003910048,0.21507211952658115,1.1319426908193253,0.023771274306106843,0.21507211952658115
374,33.061929948614484,0.2277600713565359,-0.0191898048133939,-0.18824043151018535,0.0469603946404753,0.2590420332355814,0.20654501331391395,1.1506144605789324,0.028220372904974488,0.20654501331391395
375,33.079830824236865,0.2092717849391047,-0.0189406256375685,-0.1857964280451042,0.0470776499582825,0.08308895405669592,0.20028401330638423,1.1718776532769977,0.03501948618315081,0.20028401330638423
376,33.1106358329921,0.2745170833500155,-0.018756529658615,-0.183990767289144,0.0543061637454898,-0.03421309872922773,0.20228779623048251,1.1750994100050527,0.008612621842019084,0.20228779623048251
377,33.1362823309613,0.255071646229065,-0.0185724336796614,-0.18218510029749113,0.0616041060913077,0.17106549364613866,0.20771110764621833,1.1660820770418825,0.02067710454030512,0.20771110764621833
378,33.16616440460128,0.2774611344341473,-0.0169186128761016,-0.16596367449133834,0.0847374508175194,0.1319648093841641,0.21210869674362734,1.1758518196204897,0.00986156709981371,0.21210869674362734
379,33.19005884847423,0.2668008043250182,-0.015133617552284399,-0.14845512134664932,0.1033455159071119,0.19061583577712593,0.2132633028844057,1.1791071542197529,0.006662664648692484,0.2132633028844057
380,33.20575756600274,0.176980066340484,-0.013330086756422598,-0.13076427838968324,0.1376076235101244,0.12218963831867047,0.22360779520675458,1.1864682478283335,0.007627147990616669,0.22360779520675458
381,33.24367514625543,0.3260017387849943,-0.0115024103791106,-0.11283615764100248,0.1496702967631138,0.1319648093841641,0.22221947156772962,1.1831415960572682,0.009333596924700706,0.22221947156772962
382,33.26673076208996,0.2638459724161475,-0.0096747340017985,-0.09490765997441858,0.1517303762242136,0.22971652003910048,0.2117663524116898,1.1792226291773233,0.010423478435283582,0.2117663524116898
383,33.298675313410705,0.3400703937263558,-0.0079040346491254,-0.07753777255595519,0.1598040824323122,0.24926686217008776,0.2025607646123155,1.1851722980984156,0.010811087073717215,0.2025607646123155
384,33.33465457299592,0.3362146100673236,-0.0061363282941098,-0.060197002781967164,0.1682604072381624,0.20039100684261957,0.19383461767510096,1.1920361984199008,0.010468601713560554,0.19383461767510096
385,33.38056720925458,0.4492829671052742,-0.0041543135548846,-0.04075369874977865,0.2035287857857839,0.2101661779081132,0.20257850445484454,1.192992501086349,0.009567941896886848,0.20257850445484454
386,33.38908714926463,0.2334119624802293,-0.0018909463543016,-0.018550172680786337,0.2398031646009544,0.32746823069403685,0.21394959524147855,1.1917086368809042,0.009695512455262335,0.21394959524147855
387,33.432465664083004,0.3041205995317833,0.0003724208462813,0.0036534484175656545,0.2551461282230001,0.3861192570869987,0.2106061348859692,1.1988957255415658,0.010679551674267837,0.2106061348859692
388,33.47157576599018,0.3870956194941798,0.0022207848764874,0.021785881730752174,0.2792775707105803,0.42521994134897323,0.212311743890107,1.2103691493531905,0.020427344452476053,0.212311743890107
389,33.49895317210671,0.3466502572199579,0.0040497926107816,0.039728356915286665,0.2902907986208684,0.32746823069403685,0.20627759355025896,1.2236343060938153,0.034198036421091926,0.20627759355025896
390,33.53588463564872,0.3571368403432018,0.0059444798446391,0.05831500382982763,0.3090508164948137,0.2883675464320623,0.20495960706116317,1.2253124045489183,0.03931189067978228,0.20495960706116317
391,33.562742293309206,0.2743429995404663,0.0079263796963878,0.0777569706029814,0.3247853704481524,0.20039100684261957,0.20280819897342256,1.2212783710922215,0.051416561960117686,0.20280819897342256
392,33.60637568012739,0.3596836136041514,0.0099082795481366,0.0971986319525301,0.3774125832666289,0.21994134897360684,0.4516076793158675,1.207046936936434,0.09343921547695265,0.4516076793158675
393,33.625536670568444,0.2591816052709689,0.0122959026170762,0.12061976521851198,0.4572263633899228,0.40566959921798595,0.47619744029403105,1.116438587399132,0.08133057477014888,0.47619744029403105
394,33.66322954853364,0.3302800105184106,0.0147109872725868,0.14430957993094326,0.5456743365412291,0.7673509286412514,0.39732869091677714,1.062903944432572,0.06391831346093081,0.39732869091677714
395,33.687081773482845,0.2742254077899981,0.0168769338877704,0.16555486198787048,0.5931783979546498,0.8455522971652005,0.29601803081274236,1.0912690660526523,0.06209030480627679,0.29601803081274236
396,33.707118840977095,0.2223938990761489,0.0187226387564024,0.18365835591378232,0.6028871600994657,0.7478005865102642,0.35584924508612875,1.1305847763868384,0.07696846034949167,0.35584924508612875
397,33.7210889843562,0.1733280464434601,0.0205683436250344,0.20176122418445652,0.6542665630432414,0.6207233626588469,0.3859415514693131,1.1500534141633334,0.05685317807983186,0.3859415514693131
398,33.737439151341576,0.1627000798363768,0.022717007061419,0.2228346720188796,0.6910700432796505,0.7771260997067451,0.40475748193867306,1.143539531292615,0.07492119700360299,0.40475748193867306
399,33.76521805999509,0.228105287775695,0.0248875992421603,0.24412214550279407,0.7658190472736555,0.9433040078201369,0.4427502358654585,1.153562674151843,0.047347784822240876,0.4427502358654585
400,33.776220052487304,0.185352996978406,0.0268425045158241,0.26329334861947273,0.8873102764047206,1.0899315738025415,0.5120506964129837,1.1787786940213607,0.03541904766959403,0.5120506964129837
401,33.802183790997546,0.2379093013178992,0.0285371383370869,0.2799113316593625,0.9000777756998426,1.2267839687194524,0.5117367118130338,1.2120717014908489,0.05471948440237572,0.5117367118130338
402,33.83068259361999,0.2616376744261982,0.0302317721583497,0.2965285108546202,0.9125776199152704,1.3636363636363633,0.4937694174275405,1.2590993677777684,0.0953239815677804,0.4937694174275405
403,33.85090783028862,0.224385270260963,0.031739120491127,0.31130849864231547,0.9162703433628318,1.3538611925708697,0.2909893107608596,1.319001881198248,0.10115959239931852,0.2909893107608596
404,33.859330885247,0.1250573833015532,0.0332314604469687,0.3259406282543654,0.9200320431610784,1.265884652981427,0.3091190667204719,1.3716019572510676,0.13775856043781204,0.3091190667204719
405,33.861415822434004,0.0586563798215018,0.0343143769067346,0.3365579801974273,0.9631387609763036,0.9628543499511242,0.20315135108096338,1.4151441468358568,0.07483956410261192,0.20315135108096338
406,33.85664867874812,-0.0061258135333948,0.0349249657947892,0.3425442679561335,0.9745417318906922,0.913978494623656,0.39317161748300655,1.434152263464845,0.022289323269973807,0.39317161748300655
407,33.86118920364372,0.0198863914148308,0.0355355546828438,0.348530428007904,0.9706620301763488,0.9433040078201369,0.42563099855616343,1.4343229128905184,0.02327956602350204,0.42563099855616343
408,33.87699100986468,0.1080106200016809,0.03532710662277069,0.3464868359550712,0.9603211869025328,1.1974584555229715,0.4278660533721479,1.4327702935994127,0.02156610248668461,0.4278660533721479
409,33.88599851350786,0.1161325228124824,0.0350615690451374,0.34388352544277084,0.947303880449797,1.2854349951124142,0.41633810644903213,1.4594544045404931,0.06560237465073429,0.41633810644903213
410,33.895919262899696,0.0966905767827828,0.03496698943411,0.34295626815804464,0.945847622062064,1.2170087976539588,0.09168808941473908,1.494720371231495,0.07937809571067427,0.09168808941473908
411,33.8961100849581,0.0363439544226835,0.0350984178003417,0.3442447893305266,0.9461325743111296,0.9628543499511242,0.19926756842847335,1.5120948605116524,0.0642665183669184,0.19926756842847335
412,33.899697419361495,0.0295230030615839,0.0352298461665734,0.34553330455672526,0.9501918336900744,0.5131964809384169,0.3563304870107298,1.5284739936193452,0.018872642137474263,0.3563304870107298
413,33.89876922000308,0.0133894687259005,0.0358928766198878,0.35203352089710443,0.955036569078305,0.7966764418377323,0.7026286424060725,1.4933884831406277,0.1501036001509223,0.7026286424060725
414,33.89543551822663,-0.0316891147972437,0.036580091638033,0.35877067445096883,0.9607734057540048,1.099706744868035,0.4860754644735896,1.393727544485972,0.04334154886650932,0.4860754644735896
415,33.890369912636416,-0.0638612826497959,0.037031557708190194,0.3631965570661798,0.9660234645973416,1.3343108504398824,0.4416475571544692,1.4001628071308498,0.03509697713274358,0.4416475571544692
416,33.88870491956584,-0.0230237135145715,0.037165828868632,0.3645128508132541,0.9684514240496,0.9824046920821115,0.24123758103694912,1.4341514802786421,0.054302588140092395,0.24123758103694912
417,33.88214405351649,-0.0414227296074293,0.0373001000290738,0.36582913798861927,0.9715992745244534,0.7184750733137832,0.38279963970486297,1.4485518853157946,0.021709358780347698,0.38279963970486297
418,33.880803533304174,-0.0293785259005117,0.0370059685392842,0.36294569930375675,0.970222006348313,0.6304985337243405,0.4158312788641649,1.4319542287130227,0.06955459972708675,0.4158312788641649
419,33.8781315177803,-0.0325272017438451,0.036688755755727,0.35983595419920744,0.9656087094503384,0.7086999022482896,0.4285732465179123,1.4030353096083326,0.10999369360590061,0.4285732465179123
420,33.8722443821004,-0.0466619232688162,0.0366762881744865,0.35971372950659647,0.9718383039523488,1.0019550342130987,0.4404872460681357,1.3803198556555758,0.07808283262236175,0.4404872460681357
421,33.86234793750266,-0.0807088233579675,0.0370752119626822,0.3636245113539255,0.9701210672757749,0.9042033235581624,0.4389097178975738,1.3830680624644938,0.024171769468588004,0.4389097178975738
422,33.84742701419747,-0.1335826188657717,0.0374741357508778,0.36753523533398086,0.9929621534535495,0.8553274682306942,0.45118196291882207,1.3768340887964705,0.02957741996307669,0.45118196291882207
423,33.83832469527153,-0.1211330070874267,0.0381129864738911,0.37379788551833254,0.9958599670372142,0.8455522971652005,0.45498110064868674,1.36437802718313,0.03781503003701331,0.45498110064868674
424,33.835434180474095,-0.0722712818382112,0.0387692355485394,0.3802309327786457,0.9966345202795084,0.9433040078201369,0.4560871362086811,1.3506851260414872,0.03977701618283952,0.4560871362086811
425,33.81690233376409,-0.1440831875355007,0.0391737108010311,0.3841958221831207,0.9926411515010396,1.1681329423264906,0.4529139795350326,1.3457586487018238,0.025683997201641256,0.4529139795350326
426,33.806581400843555,-0.1355713356686444,0.0392604235689759,0.3850458203778483,0.987434574080585,1.158357771260997,0.44482505398068867,1.360399534439373,0.04706395579443433,0.44482505398068867
427,33.79545667822943,-0.1023397300347009,0.03934713633692069,0.3858958156773763,0.985110335328182,1.1485826001955033,0.4378447033119808,1.374031295039839,0.04390593444762138,0.4378447033119808
428,33.77677982296721,-0.1418519611185891,0.0394351030150065,0.38675809937063954,0.989757848476072,1.1094819159335287,0.4354481290390987,1.3866877220662512,0.04054629792833718,0.4354481290390987
429,33.76697090783047,-0.1005929355963579,0.0395231659533127,0.38762132364642937,0.990135195845081,1.0410557184750733,0.432411617379722,1.3958308753080324,0.031926716975893284,0.432411617379722
430,33.76393558533195,-0.0695579393031722,0.0397776556506393,0.3901159053504604,0.9919272842418254,1.1779081133919842,0.430515394164649,1.399426811350724,0.023006290134500382,0.430515394164649
431,33.76414831553322,-0.0308732059474626,0.0402287092314272,0.39453720098082207,0.9847052380983284,1.1094819159335287,0.4202557137078782,1.412930440816947,0.046168373066044606,0.4202557137078782
432,33.76757734256588,0.0116285851917557,0.0406797628122152,0.39895841634285584,0.986508461678091,1.1388074291300097,0.4147515090469237,1.4213471896616605,0.029724563100139,0.4147515090469237
433,33.77307273775743,0.0338808663041618,0.0418077814478435,0.41001486812026744,0.9869274139874074,1.129032258064516,0.40543578455095136,1.4311653125284178,0.03384329372450469,0.40543578455095136
434,33.75848713415803,-0.0381873070317215,0.0429877565534921,0.42158002085349683,0.991143078338762,1.1094819159335287,0.3975415121783622,1.4398615105236325,0.03020660462418352,0.3975415121783622
435,33.74982777710272,-0.1819253798095409,0.0440260368989888,0.43175591226548077,1.0069168336926992,1.1779081133919842,0.397523899094233,1.4468747507242383,0.025325072977450094,0.397523899094233
436,33.73480130372314,-0.2232583019045304,0.0448956592465209,0.44027847672015147,1.007031589872207,1.2561094819159333,0.3905608679615411,1.457622942630365,0.03842126226266858,0.3905608679615411
437,33.79291066860866,0.2471551391619225,0.0457652815940529,0.44880070821731405,1.0128197977411508,1.2561094819159333,0.38443388598041683,1.4730110644177294,0.06185739013707103,0.38443388598041683
438,33.7981782752166,0.1239952628263776,0.0466238332707382,0.457214115077644,1.006435968147566,1.2561094819159333,0.3722172671140193,1.4877484630118225,0.06406922858824922,0.3722172671140193
439,33.76406798206998,-0.1523647009355097,0.0474814750660327,0.4656182690440278,1.0026387024721408,1.1876832844574778,0.3604294975161231,1.5022283625920698,0.06718891048599353,0.3604294975161231
440,33.72916697283546,-0.2593923392210297,0.0480241039669903,0.47093539033896903,1.007517754959196,1.1974584555229715,0.35587976731099785,1.512597488494513,0.048555979596987334,0.35587976731099785
441,33.72794494271839,-0.0910738252879115,0.0481555008236182,0.47222290329567745,0.989063380009529,1.129032258064516,0.3425711677337426,1.5235065308019162,0.05812192655633155,0.3425711677337426
442,33.7470312428988,0.086911530206689,0.048286897680246,0.4735104080993933,0.990932698561669,1.1779081133919842,0.33888194712056846,1.5310179862019688,0.04261000846653122,0.33888194712056846
443,33.76246809217157,0.265762958442243,0.0469933407093578,0.4608350126326475,0.954595706955306,1.158357771260997,0.32393357559819597,1.5420553346868917,0.06650733505210854,0.32393357559819597
444,33.754780271965295,-0.0078402797808602,0.0456171816386346,0.44734936395241404,0.9273792744290752,1.1388074291300097,0.31201105002697055,1.5533419415417782,0.0669396972821627,0.31201105002697055
445,33.747133990825844,0.0144249825539883,0.04371130871972889,0.42867139923314873,0.8907525276857388,1.0606060606060606,0.29861306899111595,1.5649784448919728,0.0680161433804831,0.29861306899111595
446,33.750678516116096,0.007639392245246,0.0411124528713935,0.40319955668117824,0.867181414917866,1.021505376344086,0.2954832532499968,1.5744166942051352,0.04590983188399229,0.2954832532499968
447,33.72309557077104,-0.174553557196792,0.038513597023058,0.37772499090007994,0.8582947932106019,0.9530791788856305,0.3019254067016156,1.5832385261929058,0.038149724048277794,0.3019254067016156
448,33.709115507826674,-0.1126068166745752,0.0367563283256658,0.36049839419396246,0.8350712046863158,0.9237536656891496,0.29930671280230975,1.5890492881314842,0.024660147295154866,0.29930671280230975
449,33.71427381809535,0.0193859403420449,0.0350378023139746,0.34365051700652205,0.8346661134961686,0.913978494623656,0.30624234479018775,1.594329407043562,0.02057874882816889,0.30624234479018775
450,33.72220441136631,0.0388203681347348,0.0337995875885904,0.33151082549940036,0.8033656224980579,0.913978494623656,0.2972907782069769,1.599221083711806,0.020208045577283992,0.2972907782069769
451,33.7299412305926,0.0625525242344065,0.0331800142335053,0.32543621911421555,0.797319755496796,0.8846529814271751,0.2946721258314697,1.6049507127531777,0.021349153567861084,0.2946721258314697
452,33.72768005388617,0.001088940106437,0.0325604408784201,0.31936148780346046,0.7868021709838108,0.8846529814271751,0.2912590456078878,1.6096122134343118,0.019073487613445825,0.2912590456078878
453,33.73139785559986,0.0109060799585404,0.0329673408748903,0.32335103444870494,0.804014644017308,0.9237536656891496,0.29646181605500005,1.6142516118659755,0.018887154374917288,0.29646181605500005
454,33.720012431117546,-0.0839873470145311,0.0334545341872667,0.3281277652979228,0.8008462899583415,0.9237536656891496,0.29269646622778805,1.6202578054128467,0.02431496871385631,0.29269646622778805
455,33.718790805854354,-0.0463323125920504,0.0341259722712462,0.3347108127892907,0.8011869627420719,0.9628543499511242,0.2880332703058027,1.6261033284732356,0.02334225520445414,0.2880332703058027
456,33.711569850696755,-0.0589340710743084,0.035036919264566,0.3436418596085261,0.847063966194045,0.9530791788856305,0.3041248001664412,1.6337040158350766,0.02163244523951102,0.3041248001664412
457,33.70418257381366,-0.0572281162233202,0.0359478662578859,0.35257262126537375,0.8881305153009085,1.0117302052785924,0.32219381923183865,1.6392401012966737,0.017320804019967724,0.32219381923183865
458,33.67908905954975,-0.2069160347264008,0.0373361268219969,0.3661823147600628,0.8990989420920295,1.0019550342130987,0.3234671394971136,1.6458942028822692,0.020597842431538532,0.3234671394971136
459,33.68281995765675,-0.076848885026269,0.0387621760745017,0.38016173136816045,0.9395032597413,1.0703812316715542,0.33572675047539907,1.650989695457375,0.0171542491589107,0.33572675047539907
460,33.68202015621608,-0.0255413125185874,0.0396404463663807,0.38877094334397394,0.9651437343404522,1.0899315738025415,0.34516272815261245,1.6585230607482508,0.024176684703488133,0.34516272815261245
461,33.66734700559255,-0.1054926082747177,0.0398864914372848,0.39118273754226063,0.9612327222019682,1.0703812316715542,0.3427336283850506,1.666197236555219,0.02690996311658166,0.3427336283850506
462,33.65911273369865,-0.1311999221090284,0.0401325365081889,0.3935945080590576,0.9635923551234762,1.099706744868035,0.34117965453002314,1.6725722735325976,0.02293187842714984,0.34117965453002314
463,33.655167788223615,-0.0670932606034648,0.04029586303903919,0.39519544594821465,0.9893042728861604,1.1094819159335287,0.3510432900446252,1.6806035847086653,0.023967944757227775,0.3510432900446252
464,33.65261863489165,-0.0224102529880164,0.0404532046738464,0.3967377095055184,0.9991869679918336,1.099706744868035,0.355700844378611,1.6881702190089345,0.023506207824786886,0.355700844378611
465,33.64487041244963,-0.0552328458710239,0.0403298864570748,0.39552894450660897,1.0373845452249664,1.099706744868035,0.3741468009923143,1.694631160340759,0.02152009541560029,0.3741468009923143
466,33.64114978965094,-0.0624259689982259,0.0398589540980602,0.3909128109559401,1.0382175655899453,1.0606060606060606,0.37953148627874683,1.6995083374336577,0.02189268507872853,0.37953148627874683
467,33.63316359649233,-0.0526056817000564,0.0393880217390455,0.38629659070968925,1.037162188032383,1.0019550342130987,0.3819372810110472,1.7014371272763034,0.02035415329864628,0.3819372810110472
468,33.61204112695411,-0.1566352794149091,0.0393520385989186,0.38594386964041977,1.0405068602895706,1.0410557184750733,0.3845608147796018,1.6992072090093246,0.023039711081916478,0.3845608147796018
469,33.60334332623114,-0.1084534245762263,0.0393490822827004,0.3859148906293198,1.044351012451599,1.0606060606060606,0.3868886458833959,1.6993189047217676,0.02151037653931922,0.3868886458833959
470,33.59872069576042,-0.0801400927422546,0.0394153893401589,0.38656485849969136,1.0827347558464824,1.0117302052785924,0.40490722720712263,1.7004145312910606,0.020970612932515134,0.40490722720712263
471,33.58423703811213,-0.1015029501980351,0.039574701875117,0.38812649570723284,1.0843361069140822,0.9921798631476051,0.4093889877086174,1.6959649742524179,0.024841395486448894,0.4093889877086174
472,33.58124008887233,-0.0356789449202106,0.039734014410075,0.38968812306393524,1.0864563369773153,1.050830889540567,0.41177649465111626,1.6896537513328465,0.02781864369494032,0.41177649465111626
473,33.57602972994812,-0.0893847531275587,0.0389759195022039,0.3822569706462105,1.08366045691458,1.0606060606060606,0.4148153767291765,1.687789982874336,0.022782395426958705,0.4148153767291765
474,33.58643545507476,0.0216753402202182,0.0381613787842324,0.3742722688913539,1.0881176831799582,1.0606060606060606,0.4215098950679058,1.686845949105969,0.02281302558410763,0.4215098950679058
475,33.595980684482406,0.0661124757882849,0.0374474512979978,0.36727364450526967,1.082502714946079,1.0606060606060606,0.4237503931108143,1.685626541736468,0.023295609691902475,0.4237503931108143
476,33.59460686826095,0.0301450990338888,0.0368634055482992,0.3615481101808756,1.0841532508949048,1.1192570869990224,0.42791201129903356,1.6845811190705728,0.02385482507110609,0.42791201129903356
477,33.59483196145344,0.0059372806148304,0.0362793597986006,0.3558224525290125,1.0882037548844576,1.1485826001955033,0.4327843438318202,1.6875050848839594,0.023914271513506734,0.4327843438318202
478,33.59744598371752,0.0012586115059601,0.0362718130010846,0.3557484671514371,1.0906745985282604,1.1681329423264906,0.43408014239151643,1.6918029660817107,0.025503226658293236,0.43408014239151643
479,33.596913112400614,0.0416823106068954,0.0362895158087347,0.3559220174108627,1.094525589962482,1.1388074291300097,0.4349844831975498,1.6971177314664165,0.026891710667383408,0.4349844831975498
480,33.58952024629836,-0.0353742623203451,0.036194372561064,0.35498927505551603,1.1034647901182215,1.1485826001955033,0.43917764134259385,1.7002076946454967,0.0243427499752578,0.43917764134259385
481,33.59012122923366,-0.0222434322570586,0.0359510985431042,0.3526043094959486,1.105169954513511,1.1681329423264906,0.4412468624130545,1.7035461453758207,0.024959666782437842,0.4412468624130545
482,33.599668142260626,0.0546342625855945,0.0357078245251444,0.3502193230684658,1.1057137034072748,1.1485826001955033,0.44210910048923285,1.708008728983528,0.02909688282739729,0.44210910048923285
483,33.60468334241696,0.043252685358668,0.0358383581490022,0.35149903864574894,1.085190177763424,1.2072336265884651,0.4315058700571325,1.7108137535504622,0.035575639597070816,0.4315058700571325
484,33.605691060030445,0.0299571927946889,0.0359865340377256,0.35295170685329846,1.0893484496200732,1.1681329423264906,0.3464103107964768,1.7183252183086322,0.04816269783493273,0.3464103107964768
485,33.604211530777974,-0.0031850921763783,0.0361258690540535,0.35431769495494636,1.0963835037588308,1.1779081133919842,0.41249246853621946,1.7297046826463067,0.04480293132597143,0.41249246853621946
486,33.61269904567695,0.0590596635543232,0.0362536277864512,0.35557018747768365,1.1039524387078297,1.099706744868035,0.4272926202550859,1.7364153124605015,0.05099250037462734,0.4272926202550859
487,33.6251668597119,0.1107088726330356,0.0363813865188488,0.3568226741966989,1.0298634791069443,0.913978494623656,0.3955309033745023,1.7364740616463386,0.034572639159142576,0.3955309033745023
488,33.63662075261148,0.1032699330605843,0.0358990795436281,0.352094332379508,0.9362397250097042,0.913978494623656,0.3493617070714524,1.7291646921530601,0.01359847101517191,0.3493617070714524
489,33.63289348514681,-0.0310845206646959,0.0353710125560065,0.3469172840854633,0.9321696019335688,1.050830889540567,0.3409406287780089,1.7272468824442488,0.013624006980999144,0.3409406287780089
490,33.65151457036325,0.097827597996421,0.0352445901445237,0.34567785319372313,0.909557715164764,1.0117302052785924,0.32846977973536673,1.7331374788785645,0.030265912786883554,0.32846977973536673
491,33.64738639532733,0.0222177907690268,0.0355888188435541,0.34905261905087837,0.8905739471767803,1.0019550342130987,0.31499675081779904,1.7377144236403903,0.024571068414735626,0.31499675081779904
492,33.6383077501368,-0.0578422458927657,0.0359330475425845,0.35242734354760336,0.8971604717688325,0.9628543499511242,0.31308624311456623,1.742540352414057,0.023483869562428143,0.31308624311456623
493,33.6356163891467,-0.0470394675110106,0.0363375030458369,0.3563924618555557,0.9084613410415324,1.0019550342130987,0.31565454979435714,1.745415009186889,0.020092422063721454,0.31565454979435714
494,33.63542403218132,-0.0068660970778034,0.0367466532500116,0.3604035457924073,0.8680757228471027,1.021505376344086,0.29524295748427326,1.7497486492996857,0.029285560081636314,0.29524295748427326
495,33.648176973057865,0.0843490698512861,0.0371804269105521,0.36465595867134315,0.8554704903724377,1.0606060606060606,0.2826458986431815,1.756065984747822,0.03675776054863587,0.2826458986431815
496,33.659369250242435,0.0825478964691386,0.03764370954836829,0.36919758108293543,0.8272783297596099,1.0899315738025415,0.2642115336503999,1.7645437468384586,0.05444158797011534,0.2642115336503999
497,33.67008954459104,0.0856230891056289,0.0381069921861844,0.3737391242533551,0.8259684370151046,1.1094819159335287,0.03800216116675977,1.7747946358177642,0.06693496798869178,0.03800216116675977
498,33.678742796275586,0.1046458265670385,0.0388586183342146,0.38110711749597803,0.7833480908955823,1.158357771260997,0.18850774694177427,1.778771517549379,0.08510834759038925,0.18850774694177427
499,33.646722292825274,-0.1965970990510085,0.0396294926649114,0.3886635719243343,0.792691803834911,1.0117302052785924,0.11121914480007603,1.7919258364575643,0.09239029023740815,0.11121914480007603
500,33.66517219376388,0.0121100013094939,0.0399289425874082,0.39159885174778497,0.7991377496735905,0.9335288367546433,0.20341422592234443,1.7995827343052968,0.0480401552417527,0.20341422592234443
501,33.66213772894212,0.0075708601491473,0.0396132385158537,0.3885042438647205,0.7606725632785644,0.7086999022482896,0.20557634088428994,1.8056179491341708,0.027725058446430792,0.20557634088428994
502,33.67483280853585,0.0996406415254905,0.0392975344442991,0.3854095972598022,0.7577499616693333,0.698924731182796,0.2062362523032636,1.8039638820199484,0.0073860037081827,0.2062362523032636
503,33.67993037503651,0.0626162827682046,0.0392172119377412,0.3846222405744944,0.7505722885018427,0.7478005865102642,0.203716822251978,1.801937649702785,0.009240875211315933,0.203716822251978
504,33.68736849794754,0.0468466309310534,0.0391525086921843,0.38398798897925746,0.7555100845768821,0.8455522971652005,0.2056972589789081,1.8018227294822997,0.008547810426380684,0.2056972589789081
505,33.68362369431246,-0.0145969725655691,0.0391435513312388,0.38390018459448055,0.7530481534589526,0.8846529814271751,0.20474241522532857,1.8050918449209623,0.013726395846983316,0.20474241522532857
506,33.68887197920714,0.0198888825831875,0.0392044272440067,0.38449691913084705,0.763947300638844,0.9237536656891496,0.20867805866344377,1.8098197893081451,0.01661496354761947,0.20867805866344377
507,33.68377547129158,-0.0322094851294244,0.0392653031567746,0.3850936522423155,0.7845502445959904,0.8748778103616814,0.21772367242572163,1.8158349641703342,0.01898218221244181,0.21772367242572163
508,33.68917939386613,-0.0011606436849764,0.039379819127679,0.3862161854905048,0.8051102026057725,0.8455522971652005,0.22772306302379403,1.8195149035783027,0.01334612081349082,0.22772306302379403
509,33.68971554757764,-0.0111481100489647,0.0394970072857485,0.3873649073868015,0.8366083307841136,0.806451612903226,0.24286867401502316,1.8213426996650839,0.012662647458070603,0.24286867401502316
510,33.687028690780494,-0.00830234670449,0.0395516376106789,0.38790041232644273,0.8705946602353081,0.7478005865102642,0.26071499643420337,1.8202748270556248,0.01678541216300536,0.26071499643420337
511,33.67525832836849,-0.0881531798907228,0.0395257010420023,0.38764617344389346,0.873539614222662,0.7380254154447705,0.2663437726450819,1.814721518175412,0.02890550128869766,0.2663437726450819
512,33.677428135574345,-0.0191299011011428,0.0394997644733257,0.38739193430057234,0.8886756156981477,0.8260019550342133,0.2750638496372253,1.8080965447969362,0.034659599461067024,0.2750638496372253
513,33.67555669284243,0.0020791107781117,0.0389838058935386,0.38233427737692716,0.9310572793849912,0.8162267839687196,0.29817192308328366,1.8053130877829378,0.01948556644399312,0.29817192308328366
514,33.6710323419547,-0.0154573567725484,0.0384418871190468,0.3770220374372652,0.9282222870013388,0.8260019550342133,0.30464974436544257,1.7997247197211437,0.02132737817100241,0.30464974436544257
515,33.66086699964916,-0.0647217301325963,0.037862147804981,0.3713389334520349,0.9275021975053592,0.8651026392961878,0.3088965485676438,1.7943167014861032,0.02723169752778675,0.3088965485676438
516,33.66013672588994,-0.0489172988959198,0.037231984413963595,0.36516138774468637,0.927197169425868,0.8651026392961878,0.31281010984727753,1.7911293160256991,0.02793528452063852,0.31281010984727753
517,33.645372782122045,-0.1185229452420662,0.0366018210229462,0.35898369702960137,0.9272851957594364,0.8748778103616814,0.31684898247560256,1.787906065175047,0.032382945259189756,0.31684898247560256
518,33.6351436135719,-0.0851028293350541,0.0365703565826908,0.3586752374289589,0.9385894400401128,0.8846529814271751,0.323293992226397,1.784871780727025,0.03442528806709465,0.323293992226397
519,33.62418110668546,-0.1293060515176763,0.0365855531107701,0.3588242156513591,0.9402730559341956,0.8651026392961878,0.32573198141804166,1.7817190832457093,0.036126651735159554,0.32573198141804166
520,33.60612765309254,-0.1633893480445523,0.0365538699521864,0.3585136116736127,1.0355471799287643,0.9335288367546433,0.5455367116523081,1.7771439092603913,0.043004436687321075,0.5455367116523081
521,33.61412004003585,0.0242814456798525,0.0364658586938803,0.3576507966028544,1.0619504836288989,1.0312805474095796,0.43335066596086425,1.737706557261569,0.03158335744604465,0.43335066596086425
522,33.61987903798626,0.0423654300189083,0.0363778474355743,0.35678797876174073,1.0672196224742845,1.2267839687194524,0.4149003611482032,1.731544710276259,0.020640200074466524,0.4149003611482032
523,33.6322194467042,0.075002574251564,0.0357960864409411,0.3510846191557384,1.060113401871723,1.236559139784946,0.40836670425930094,1.7432278106652002,0.04127529047190487,0.40836670425930094
524,33.64037678614985,0.074453482507067,0.0351787205099906,0.34503207262495783,1.0504923193099382,1.1094819159335287,0.4030246620531383,1.7562342524009504,0.044449890018598816,0.4030246620531383
525,33.62022101470146,-0.1145101041618879,0.0350572532573096,0.3438412135815773,1.0465083060116402,0.9921798631476051,0.39993908017131813,1.7603306063130906,0.02208648803580575,0.39993908017131813
526,33.61106980479305,-0.100070360528866,0.0355301056030848,0.348477006277877,1.054249373596434,0.9530791788856305,0.40150133167002544,1.7561249104516443,0.022416007719029886,0.40150133167002544
527,33.59415486196302,-0.1553899919434843,0.0360029579488599,0.35311272105843305,1.0556985868988469,0.9628543499511242,0.4016979176143144,1.7488263851129355,0.026003198231487452,0.4016979176143144
528,33.59992851650009,-0.0179717776223545,0.0360745415940223,0.3538145006378991,1.067263445212116,0.806451612903226,0.40791305731423133,1.7423851481420318,0.02359720233516912,0.40791305731423133
529,33.59126566259922,-0.0392610956106507,0.0361195810023582,0.3542560494088282,1.0423140898340817,0.8846529814271751,0.400784894958462,1.7244439053261449,0.0516782577864238,0.400784894958462
530,33.57265662699106,-0.1480270498904515,0.0361075268408126,0.35413787518671164,1.0233608693282472,0.8357771260997069,0.39259098942886733,1.713572714328051,0.029377646237947044,0.39259098942886733
531,33.55592852980228,-0.1734529610006795,0.0360220153195508,0.35329955264853724,0.9956436639574222,0.7771260997067451,0.3806139903038217,1.701034247891787,0.035910457363658846,0.3806139903038217
532,33.55330248876701,-0.0838213390092254,0.035936503798289,0.35246122752695874,1.0039730121132182,0.7380254154447705,0.38510447894117666,1.686861907747649,0.047480150256554735,0.38510447894117666
533,33.54749105111796,-0.0344252941635125,0.0358318711171559,0.3514354417193667,0.992831939854014,0.7771260997067451,0.38427452124411954,1.6700118598971319,0.06970538850248838,0.38427452124411954
534,33.553006945515946,0.0110188823017273,0.03572587503322,0.3503962856176821,0.9435382759984624,0.7282502443792769,0.3633398623999711,1.6563298658573011,0.05354392071858356,0.3633398623999711
535,33.56212296981497,0.0488585199931272,0.0357775687865474,0.3509030772782766,0.9121637639560376,0.6793743890518087,0.3459787562300524,1.6428497375091706,0.05028833711390068,0.3459787562300524
536,33.55920021669422,-0.0046513534981908,0.0360351222775322,0.3534280484637083,0.8710563371560625,0.6500488758553278,0.3234051358331673,1.6289824690240984,0.041318397924777685,0.3234051358331673
537,33.548608836146975,-0.049400518158614,0.0362926757685169,0.3559529962049134,0.8410066442153392,0.669599217986315,0.3047314558060981,1.6165058342434713,0.027754400960942345,0.3047314558060981
538,33.53679827554985,-0.1179279429848874,0.0365951199834885,0.35891800385338746,0.6593740162225851,0.7282502443792769,0.21049445202754258,1.6072735933557465,0.004104817765347908,0.21049445202754258
539,33.54107440485671,-0.0131360893544307,0.03689963244801579,0.3619032543882792,0.6507115815905864,0.6109481915933532,0.18576063108043853,1.6082685666787626,0.00802067869211942,0.18576063108043853
540,33.541731619417455,0.0187888781272701,0.0373830408063644,0.3666422198063164,0.6481594479037053,0.562072336265885,0.17733789559069718,1.6065381206853222,0.0060473775356578345,0.17733789559069718
541,33.54699712875677,0.0470540610731159,0.03810057538855519,0.3736762211607019,0.6606010750007884,0.4154447702834796,0.1786109181471623,1.6035666390702894,0.013172004423878688,0.1786109181471623
542,33.553527125169815,0.0822670853717737,0.038818109970746,0.3807100301256973,0.6624492110268961,0.29814271749755594,0.28499744331204807,1.595646939055192,0.04976746221657933,0.28499744331204807
543,33.56787841446459,0.1271617301162592,0.0389415957894476,0.3819205105226954,0.6651569121030895,0.34701857282502413,0.4213299186435106,1.5684522530827754,0.04634512919535344,0.4213299186435106
544,33.57398104916698,0.1064473218602335,0.0390359568152351,0.38284548869868024,0.6851431596545754,0.42521994134897323,0.45103959157695256,1.5170325603028856,0.07930692210872572,0.45103959157695256
545,33.5756591319331,0.0399439773906429,0.0390041871153951,0.38253406517519795,0.6772766888567989,0.669599217986315,0.30681397922521864,1.4671217341649652,0.06782781904915422,0.30681397922521864
546,33.586534573525995,0.0634055793793879,0.0388054867016915,0.3805862891137942,0.7050188373643642,0.7380254154447705,0.23930919730578956,1.458563008129786,0.028904093538411467,0.23930919730578956
547,33.598348767237475,0.1218352215508771,0.0386067862879879,0.3786384980261381,0.721621605299617,0.5816226783968723,0.23592714669183376,1.4589957598199017,0.02496864100941548,0.23592714669183376
548,33.60079725735284,0.0753080652641849,0.0388690787419608,0.38120965660973066,0.7816699159576166,0.32746823069403685,0.2882861608092101,1.4530004164732824,0.06198996531698772,0.2882861608092101
549,33.59638995638119,-0.0191760844656807,0.0391673681045439,0.3841336480589419,0.7997423428813045,0.23949169110459412,0.6260931686624137,1.4286449928051033,0.16519899441424246,0.6260931686624137
550,33.60242711067007,0.0115353613093722,0.0392108353628737,0.3845597344649178,0.8786341706651603,0.34701857282502413,0.6038818539394601,1.3184867834125975,0.17271276909988512,0.6038818539394601
551,33.60609222410667,0.0460040474722939,0.0389399406553622,0.38190428596641884,0.8914861761298699,0.8470185728250241,0.7720339262441941,1.2369430190748407,0.12586906347092142,0.7720339262441941
552,33.59907848555827,-0.0485095093422622,0.0386690459478506,0.37924880944227696,0.8925956968485035,1.2854349951124142,0.5023819144378757,1.1801921329322402,0.028750877127289853,0.5023819144378757
553,33.60946831732615,0.0515903433607973,0.0384351537621243,0.37695603199806665,0.889568709270206,1.373411534701857,0.265635708740266,1.203687699044983,0.07351680777571287,0.265635708740266
554,33.61619710144976,0.0684368429840029,0.03820407423026,0.3746908059345174,0.9183394090604396,1.2072336265884651,0.12843506339644747,1.230675050917212,0.11974204588129335,0.12843506339644747
555,33.621741456752474,0.0873084607318871,0.03776171585625,0.3703544002692361,0.9248781243175658,0.7072336265884651,0.14030828048916857,1.243953152298189,0.057226664948807904,0.14030828048916857
556,33.61645441933916,0.0253347668180979,0.0370664554684209,0.36353866916318994,0.9305566595937932,0.3958944281524923,0.39164240344671875,1.2476303975171794,0.05791719946568164,0.39164240344671875
557,33.6149294033516,-0.0212917447894003,0.0363711950805919,0.3567227623272827,0.9207577179953732,0.3079178885630496,0.6999339364775772,1.2204604259720242,0.12428053811793845,0.6999339364775772
558,33.61373601193371,0.0031760421768497,0.0345432094246978,0.3388014968696752,0.9113804605619188,0.6011730205278596,0.9213277843737642,1.1298726419576783,0.17589109782025145,0.9213277843737642
559,33.609654978415854,-0.0090682157208725,0.0326244237549764,0.3199888264743564,0.9003175608569776,1.1011730205278596,0.6318915189338531,1.0371672486789318,0.09368157978952873,0.6318915189338531
560,33.59707456030063,-0.0948784538071579,0.030592828060549797,0.30006883136939205,0.8863057401949301,1.6011730205278596,0.3241308668932017,1.0489738692153427,0.05479683522445601,0.3241308668932017
561,33.59590511419735,-0.0428969250220873,0.028414753604232304,0.2787112241665397,0.8712307162866442,1.2170087976539588,0.2293756024793458,1.090071994371294,0.3028888037476357,0.2293756024793458
562,33.58020298446092,-0.1004304613986372,0.0262366791479149,0.25735229475583987,0.8137611314845854,0.7170087976539588,0.3307221979153679,1.1113600831470365,0.1415492809729952,0.3307221979153679
563,33.564454964817095,-0.1250197400566749,0.0240181520230036,0.23559541843572068,0.803064215352512,0.22971652003910048,0.47281794797189447,1.1163132787577281,0.061341293740615414,0.47281794797189447
564,33.55323351843786,-0.1400848294404943,0.0217967317066793,0.213809007082822,0.7823033293149423,0.35679374389051777,0.5671132455623528,1.0847732895356175,0.18964556804388072,0.5671132455623528
565,33.55674636176806,-0.0612745158172419,0.0193192569873003,0.18951012193837308,0.7084974170573058,0.6500488758553278,0.6089714206745938,1.0523824979457892,0.11085884251983327,0.6089714206745938
566,33.57328449877188,0.0900400222920978,0.0165096115291872,0.161951931734639,0.6858562083470258,0.9726295210166178,0.5718605042622404,1.0408341795034757,0.039013745687543636,0.5718605042622404
567,33.57320826368646,0.0423074863933312,0.013699966071074,0.1343924630657698,0.6491634245581275,1.0703812316715542,0.19627644014538415,1.057737078459089,0.06106902347836666,0.19627644014538415
568,33.57336073897682,-0.0078138715336684,0.0111091042634459,0.10897807125492055,0.4754981050428726,0.9530791788856305,0.057509538379691236,1.0760114914691985,0.20500228530156017,0.057509538379691236
569,33.57186482669357,-0.0056998781794053,0.008529137096711,0.08366982046682721,0.417659632941555,0.45307917888563054,0.22013410977403988,1.0818622618177653,0.20121969217368305,0.22013410977403988
570,33.565436556858835,-0.0416970353392442,0.0062410585623524,0.06122438703827288,0.3487872878830541,-0.04692082111436946,0.21727871584637046,1.0861849447850862,0.03189367241154808,0.21727871584637046
571,33.56025734387723,-0.0474010886644386,0.0043410993196577,0.04258605056884368,0.3237907666344696,-0.004887585532746819,0.252331693538578,1.0770209421178107,0.07615927239019238,0.252331693538578
572,33.56788771435078,0.0139156428161347,0.002441140076963,0.023947560370413724,0.2348147669441911,0.14173998044965774,0.20855606156224643,1.0670761021843815,0.03653338304087413,0.20855606156224643
573,33.57449398653973,0.0537330896402519,0.0007040093773295,0.006906331421105772,0.2035873091846645,-0.03421309872922773,0.18950233922689108,1.0646429558787784,0.009421141206951478,0.18950233922689108
574,33.576278834203464,0.0434252012765838,-0.0010256853030363,-0.010061971058536078,0.1704003959330346,-0.06353861192570864,0.1742450100897251,1.0588608184589245,0.030674885967765457,0.1742450100897251
575,33.57336809371367,-0.0084824742318026,-0.002500812651919,-0.024532946543537427,0.1626783262479726,-0.32746823069403685,0.17701017479289535,1.0535156351748827,0.03374102546707651,0.17701017479289535
576,33.579180657791234,0.0433185748170441,-0.0036353196282145005,-0.0356624070029498,0.1426656610864348,-0.19061583577712593,0.40792760389012817,1.041710467737376,0.12225094460178762,0.40792760389012817
577,33.58324473296909,0.0556941996768264,-0.0047698266045099,-0.046791821561065254,0.1102206467363459,-0.2590420332355814,0.20601813929589086,1.0094617965456918,0.0562338045572042,0.20601813929589086
578,33.58970251356627,0.0694227037455104,-0.0051200593571289,-0.05022756284010456,0.0612989283882432,0.004887585532746819,0.13066130481601324,0.9973564708787267,0.06890107859929277,0.13066130481601324
579,33.58848323579935,0.0027433078964194,-0.0054105727574455,-0.053077459782097304,0.0577849956098794,-0.20039100684261957,0.11517842409368817,0.9959998409321443,0.009335462479560436,0.11517842409368817
580,33.58500923599286,-0.0446554794709303,-0.0060735812640513,-0.05958146588804795,0.0242443865739157,-0.43499511241446687,0.09065773545338289,0.9916984377166059,0.028692960181956873,0.09065773545338289
581,33.589112328644504,0.0124966350129817,-0.0072297750291432,-0.07092347517462544,-0.0061575045383918,-0.4936461388074287,0.25577962422350675,0.9855681301542439,0.10656745803293992,0.25577962422350675
582,33.59602355856811,0.0457514449140071,-0.0083859687942351,-0.08226538965184504,-0.0650408923125361,-0.6109481915933532,0.2543096282649686,0.9600289420428108,0.07230557240891362,0.2543096282649686
583,33.59601976559024,-0.0009728362207279,-0.01004720214488,-0.09856139478753305,-0.0813003258056816,-0.20039100684261957,0.27500528771478944,0.9307744726146175,0.11665825525097052,0.27500528771478944
584,33.61332535707759,0.10968932167986,-0.0117467569312358,-0.11523303535609321,-0.0993208875391126,0.04398826979472137,0.06889225149676614,0.9163876262842516,0.0062306004851636725,0.06889225149676614
585,33.61607431167936,0.0704877051355349,-0.013094649402612898,-0.12845483954433204,-0.1070447296232771,-0.1026392961876832,0.032445339077623724,0.9175652215157669,0.019627077328140362,0.032445339077623724
586,33.60360468261652,-0.0702203021124162,-0.0140349479017624,-0.13767831883865347,-0.1228441956265212,-0.37634408602150504,0.019422149416418965,0.91759249155942,0.000751505687991375,0.019422149416418965
587,33.60883200895444,0.0012405988492278,-0.0149752464009118,-0.146901676403146,-0.1351782627837211,-0.48387096774193505,0.26748971390715515,0.9168107416269817,0.041839107349882707,0.26748971390715515
588,33.608143049679306,0.0164363216912715,-0.015021544350446902,-0.14735580820435917,-0.1230195526583041,-0.19061583577712593,0.07534215056909487,0.8912662169345812,0.09850220776642829,0.07534215056909487
589,33.60862959703372,0.0269282799930393,-0.0149962513717062,-0.14710771202948497,-0.120302874341952,-0.1026392961876832,0.03916615842990771,0.8898710230586124,0.005080949487557387,0.03916615842990771
590,33.60585488935858,-0.0290378303056069,-0.014949494848752201,-0.14664908195358484,-0.1172626030409855,-0.35679374389051777,0.03425005516323886,0.8899322490578367,0.0007648890451852951,0.03425005516323886
591,33.616222863228394,0.0466422318151902,-0.0148769599682586,-0.1459375939024505,-0.1059996753706135,-0.21994134897360684,0.1958632075477033,0.8884926451493176,0.03645911320037981,0.1958632075477033
592,33.6068430715418,-0.0294289085724217,-0.014804425087764998,-0.1452261050834934,-0.104323868195667,0.014662756598240456,0.07636101244696678,0.8798930602612158,0.012426789801635627,0.07636101244696678
593,33.60751963059336,-0.0180914697852422,-0.01486308771043,-0.14580152209847516,-0.1010366316501477,0.34701857282502413,0.05591331028522261,0.8811746111491854,0.00914652623304241,0.05591331028522261
594,33.60045467365087,-0.0637857276279737,-0.0149324591100623,-0.14648198001009072,-0.0907965743393215,0.2101661779081132,-0.09220864812853011,0.8857323454973604,0.12274071767279773,-0.09220864812853011
595,33.60844251280096,0.0146984833883799,-0.0151820964559123,-0.1489306447576832,-0.0843445621699874,0.3079178885630496,-0.0926470784729379,0.8781344981676446,0.04392412161155951,-0.0926470784729379
596,33.60966428302471,0.0401463472446607,-0.0156664099118544,-0.15368119456209997,-0.0780381443305064,0.3079178885630496,-0.3080028658724263,0.8685544569611559,0.07531024489720721,-0.3080028658724263
597,33.59398710452802,-0.0631408218462625,-0.0161507233677964,-0.1584317083191287,-0.0737710686737255,-0.06353861192570864,-0.0850903234854518,0.82542403566839,0.10286301374753044,-0.0850903234854518
598,33.594516054136754,-0.0355015712128873,-0.0166350368237385,-0.16318218491449313,-0.0686594329638674,-0.4447702834799605,0.07490627707658237,0.8226134677872424,0.001963307177554745,0.07490627707658237
599,33.584256613276445,-0.0956168389316679,-0.0171193502796805,-0.16793262323392175,-0.0629770739841099,-0.3665689149560114,0.31398666272417947,0.8175890509762243,0.07342745791936298,0.31398666272417947
