t,vEgo,aEgo,roll,targetLateralAcceleration,currentLateralAcceleration,steerCommand,ff_u_ff,ff_u_pid,ff_gain,ff_turning_lataccel,ff_roll_lataccel,ff_error
20,33.6662993138583,-0.1427389358746498,0.03793931258879211,1.0737234709618368,1.0737234709618368,0.3224416333145364,0.374807875897987,0.0006327822436309429,1.8717291166440884,0.7015388144657863,0.3721846564960506,0.00521760770880797
21,33.6629245725833,-0.0952381240838884,0.03906409090735484,1.0527911761675326,1.0527911761675326,0.3037519433958606,0.3576197377167936,-0.00211148372528816,1.872302822660839,0.6695724443663815,0.383218731801151,-0.02093229479430425
22,33.65764991040884,-0.0661868093852008,0.04018881973154046,1.0243747365375606,1.0243747365375606,0.1855302560225258,0.336388307731124,-0.004874767505760205,1.8731995152304968,0.6301224149711486,0.39425232156641193,-0.02841643962997198
23,33.662165243010804,0.0011238148488627,0.03989618386489049,0.7800144861106189,0.7800144861106189,0.1823100915216171,0.20755516961272127,-0.032785683972807636,1.8724319086881631,0.38863292239604313,0.3913815637145757,-0.24436025042694176
24,33.67285350424658,0.0658829392096585,0.039536789599888766,0.7701471502025644,0.7701471502025644,0.1788544009828539,0.20436661942196582,-0.023543122711830154,1.8706149042780809,0.3822912442276556,0.3878559059749088,-0.009867335908054442
25,33.67554090121588,0.0439748482833553,0.03927424639458365,0.7606936247013875,0.7606936247013875,0.1829872511575265,0.20073879221824645,-0.017380771883250948,1.8701580467932999,0.37541326757052185,0.3852803571308656,-0.009453525501176951
26,33.67382149315373,0.0294165545009753,0.0391375884843588,0.7675926000293568,0.7675926000293568,0.1849436047777162,0.20511255900731948,-0.015887186403115625,1.8704503461638655,0.383652856997797,0.3839397430315598,0.006898975327969348
27,33.669148863392884,-0.0181656245146981,0.03900092984209933,0.7701212729106445,0.7701212729106445,0.1862974566353196,0.20709325325708475,-0.015578759951334276,1.8712446932232096,0.38752215115965,0.3825991217509945,0.0025286728812876635
28,33.66716762759941,-0.0174871773015694,0.03906697350427865,0.7734588263379781,0.7734588263379781,0.1864954802509668,0.2084930929116838,-0.01546649969149659,1.8715815033081,0.39021181626100454,0.3832470100769736,0.0033375534273336616
29,33.660892131542724,-0.044179291045929,0.039149412764220314,0.7746073695177639,0.7746073695177639,0.1813171704228903,0.20855577763918354,-0.015521918063223703,1.872648337637737,0.39055163030076256,0.3840557392170013,0.0011485431797857437
30,33.658822105796624,-0.0399783404686168,0.039567615490608624,0.768343857412982,0.768343857412982,0.1871975204817226,0.202982114428981,-0.01641793372098458,1.873000242014574,0.38018554945011135,0.3881583079628706,-0.006263512104781932
31,33.65074046226451,-0.0664541166899483,0.040381178542231354,0.7880037662795076,0.7880037662795076,0.1910825986379111,0.20906413522418102,-0.013810139137705868,1.8743741214150336,0.39186440478021806,0.3961393614992896,0.019659908866525688
32,33.6548224105023,0.0206939086188863,0.04119471482338618,0.8037960334517689,0.8037960334517689,0.191907042251222,0.21331061892081593,-0.01250127423113764,1.8736801902146092,0.3996758810343504,0.40412015241741844,0.015792267172261232
33,33.64386412609669,-0.0622102717520619,0.04141159366759994,0.8074734025781413,0.8074734025781413,0.1881706260802332,0.21392505936348555,-0.013222426105431971,1.875543098563563,0.40122566869898585,0.4062477338791554,0.0036773691263723984
34,33.647208299022104,-0.0132308830176661,0.04158063796988911,0.8016847911581142,0.8016847911581142,0.1910793141516949,0.21001817035216797,-0.01451878892302339,1.8749745891662422,0.393778732673502,0.4079060584846122,-0.005788611420027068
35,33.64080758168798,-0.0352113795292076,0.04177272363633906,0.8093308107381891,0.8093308107381891,0.2008344777981709,0.21296750343098117,-0.01346077453620592,1.8760627111130432,0.3995403918657029,0.40979041887248624,0.007646019580074936
36,33.63600141754381,-0.0487382558285624,0.0419920734067796,0.8309922778751787,0.8309922778751787,0.2031680192614447,0.22326951726200162,-0.01097305944863715,1.8768797590175523,0.4190500377546708,0.4119422401205079,0.021661467136989576
37,33.65191450252621,0.0696080174283106,0.04221142115324979,0.8379868484463135,0.8379868484463135,0.221073146557403,0.2261757371653039,-0.011213221005957454,1.874174534570544,0.42389280693293313,0.4140940415133804,0.006994570571134839
38,33.653792114943386,0.0365611087746741,0.04261926081592791,0.8781050023664648,0.8781050023664648,0.2469964845843575,0.2454885624465438,-0.007244085499789696,1.8738553404596243,0.46001005376221205,0.4180949486042528,0.04011815392015128
39,33.66081964695643,0.0697003814791755,0.043043229522035785,0.9350315270915028,0.9350315270915028,0.2705843566564013,0.2738229388957023,-0.002131460815900122,1.8726606600174063,0.5127774454803318,0.42225408161117106,0.05692652472503801
40,33.65520028481505,-0.0128070008909655,0.04300438047726395,0.9829995984993009,0.9829995984993009,0.2733461859998246,0.2994886041313418,0.0002980463543626524,1.873615951581441,0.5611266260173415,0.4218729724819594,0.04796807140779802
41,33.645373681057464,-0.0876459384495089,0.042373030835783254,0.9823740974924196,0.9823740974924196,0.2755280465121247,0.3021909840356658,-0.0032796628695778035,1.875286474220231,0.5666946649933858,0.4156794324990337,-0.0006255010068813016
42,33.638457015861704,-0.0759239025904162,0.04174166427347679,0.9805936345655452,0.9805936345655452,0.2774444280098906,0.30435351982285436,-0.00482316813857655,1.8764623073035103,0.5711079080427379,0.4094857265228073,-0.0017804629268743932
43,33.64081556319291,0.0028193685153314,0.04095189012428196,0.9768409063244464,0.9768409063244464,0.277689029852134,0.3065480043604132,-0.005190372208513141,1.8760613542572053,0.5751028642052405,0.401738042119206,-0.003752728241098735
44,33.640735811082955,0.0176980742434908,0.040151437991712474,0.9694934009967991,0.9694934009967991,0.2766767077630289,0.30681493077955546,-0.005881041278127178,1.8760749121158975,0.5756077942980997,0.3938856066986994,-0.007347505327647275
45,33.636110075171324,-0.0445532225336679,0.03933615144258718,0.9593378717353104,0.9593378717353104,0.2791917751286722,0.30553681829766716,-0.00671118810756519,1.876861287220875,0.5734502260835301,0.3858876456517803,-0.010155529261488772
46,33.636283430572995,-0.0008953036001801,0.038501233661642216,0.9563531205207432,0.9563531205207432,0.2828452882560783,0.3083153285870032,-0.0064643942092834,1.8768318168025908,0.578656018300033,0.3776971022207102,-0.002984751214567205
47,33.6256753170664,-0.0337493303238202,0.03766628900124744,0.9555821536445844,0.9555821536445844,0.2887751319895727,0.311968954781337,-0.006147268821786654,1.8786351960987115,0.5860758585423471,0.36950629510223737,-0.0007709668761587407
48,33.62275226148448,-0.01295097505085,0.03684624759429225,0.959805023761181,0.959805023761181,0.2832280595533997,0.3184147244946627,-0.005520974604699323,1.8791321155476386,0.598343334861174,0.361461688900007,0.004222870116596611
49,33.615324920203534,-0.060321615970125,0.036026847725960286,0.9401465642115588,0.9401465642115588,0.2862563344913217,0.31202128371566407,-0.008034877805191212,1.880394763565399,0.5867231880198884,0.3534233761916704,-0.019658459549622198
50,33.60975670261897,-0.0484105033311505,0.03502926375143954,0.936562059691202,0.936562059691202,0.2895757471420925,0.3151607649314299,-0.007809061712259231,1.8813413605547755,0.5929249822895801,0.3436370774016219,-0.003584504520356857
51,33.61257369259475,0.0090057331139934,0.03379819076333039,0.9314206330604492,0.9314206330604492,0.2856321351897817,0.3189283589414984,-0.007736590609661301,1.8808624722588922,0.599860381672178,0.33156025138827117,-0.005141426630752788
52,33.61474238948256,-0.003507277885872,0.03256706649195244,0.9111837330570666,0.9111837330570666,0.2733471136375373,0.3146518285386749,-0.009877615652237628,1.880493793787965,0.5917008107710131,0.31948292228605346,-0.02023690000338263
53,33.6310706438621,0.101786896216282,0.03139431621108062,0.8744806771807574,0.8744806771807574,0.2639724072176482,0.30169729320540906,-0.013386654721470086,1.8777179905434425,0.5665024351500565,0.30797824203070084,-0.036703055876309176
54,33.627716467924195,0.0392405693261891,0.030224436722197146,0.8436483842390793,0.8436483842390793,0.262629567644574,0.2913006959541135,-0.01509177934440391,1.8782882004528867,0.5471466599943253,0.296501724244754,-0.030832292941678108
55,33.62939436216317,0.0579091332893275,0.02861911670275261,0.8251624395114685,0.8251624395114685,0.2350956384595942,0.2898871390021306,-0.015077808452500847,1.8780029584322613,0.5444089046574654,0.2807535348540031,-0.01848594472761078
56,33.631312300972404,0.0218726941785735,0.02643582662579231,0.7475194362244987,0.7475194362244987,0.2229829446426595,0.2599935988606522,-0.022868183013184124,1.8776769088346912,0.4881839770254761,0.25933545919902257,-0.07764300328696983
57,33.638276814195024,0.0401814615966941,0.024252410440147917,0.7016215909793354,0.7016215909793354,0.2185118213719779,0.247112810437408,-0.024850896965421004,1.8764929415868459,0.4637054445614843,0.23791614641785108,-0.04589784524516327
58,33.639849181648785,0.0391416985204084,0.022654795821694922,0.6769279213065456,0.6769279213065456,0.2128960400293743,0.24233992160401807,-0.023838537918110535,1.8762256391197065,0.4546843742957184,0.22224354701082719,-0.024693669672789853
59,33.63784286163287,-0.000707631657863,0.021101151456223752,0.6503341737796666,0.6503341737796666,0.1828498312683286,0.23624626548019434,-0.024781074416810128,1.8765667135224122,0.4433318779941116,0.207002295785555,-0.02659374752687893
60,33.633581573745865,-0.0374594188331465,0.01909381143998161,0.5703352005306995,0.5703352005306995,0.1734298998531505,0.20403063951083128,-0.032699459040873936,1.877291132463203,0.38302491030447994,0.1873102902262196,-0.0799989732489671
61,33.64452909847544,0.0454970801738642,0.01656145795558406,0.5268038680744593,0.5268038680744593,0.1273850292351077,0.19426795731305804,-0.034092780059101845,1.8754300532591754,0.36433596553017966,0.16246790254427965,-0.04353133245624019
62,33.646022276095884,0.0423475245525191,0.01402899823186884,0.410801538627868,0.410801538627868,0.0998412813584251,0.14568074406560044,-0.04416112381626124,1.8751762130636995,0.27317706597323466,0.13762447265463332,-0.11600232944659133
63,33.63317401926288,-0.095262965240705,0.012383463114616172,0.3404856491280307,0.3404856491280307,0.092487573760183,0.11665521123304373,-0.04681054423898982,1.8773604167253102,0.21900387597364607,0.12148177315438465,-0.0703158894998373
64,33.63780820117474,-0.0275535695997916,0.010806337779223667,0.3106341333067343,0.3106341333067343,0.038677762982669,0.10904132302692601,-0.04439213137287525,1.8765726058002936,0.2046239596925501,0.10601017361418419,-0.029851515821296415
65,33.63017878050374,-0.0659619005558451,0.009167372315453642,0.1895507567447085,0.1895507567447085,0.0382732157868508,0.053048855970664645,-0.05583733258386176,1.877869607314364,0.09961883433010826,0.08993192241460024,-0.12108337656202578
66,33.6328493657325,0.0136059350829016,0.007454349998799096,0.1719635090566191,0.1719635090566191,0.0021336157313992,0.05264488862052105,-0.052361999348497036,1.8774156078254753,0.09883633556839998,0.07312717348821914,-0.01758724768808939
67,33.63904280127819,0.0399106130553594,0.005741305806250081,0.0848772130368339,0.0848772130368339,0.004621780613079,0.01521827454552834,-0.05881322803147981,1.876362723782708,0.02855500307752061,0.056322209959313294,-0.08708629601978521
68,33.63986132110495,-0.0003443369318292,0.0037538888657617387,0.070218447495999,0.070218447495999,0.0081241718097686,0.01779787769458168,-0.05665954733837354,1.8762235754121581,0.03339279772287634,0.03682564977312266,-0.014658765540834909
69,33.64711250325824,0.0819410937010741,0.0017450674391056346,0.0573244859855111,0.0573244859855111,0.0001618651579725,0.021442970712997264,-0.05521764762872946,1.8749908744460988,0.040205374407884825,0.017119111577626276,-0.012893961510487897
70,33.6406897699555,0.0035113266500535,-0.00012092954703125529,0.0235351491597513,0.0235351491597513,-0.0019515803597511,0.013177173639947077,-0.05835120960514235,1.876082739107565,0.024721468016127915,-0.0011863188563766144,-0.0337893368257598
71,33.641537133559986,-0.0072596200905994,-0.0018002027181549419,0.0029522049090667,0.0029522049090667,0.0038348039957285,0.010987669114010596,-0.059149179745319226,1.8759386872948023,0.02061219357416668,-0.01765998866509998,-0.0205829442506846
72,33.65155534957935,0.0302752387419727,-0.0034794708127771972,-0.0022688316913747,-0.0022688316913747,-0.0103056390163333,0.017001478972156897,-0.058067106256794926,1.874235590571511,0.03186477698196961,-0.03413360867334431,-0.0052210366004414
73,33.656761358715585,0.0540876776799499,-0.004385195496398199,-0.0386576771595068,-0.0386576771595068,-0.0293963193895663,0.002327962919639104,-0.06171533201930943,1.8733505690183505,0.004361090660159536,-0.043018767819666334,-0.0363888454681321
74,33.64438219112654,-0.0248987404874813,-0.005236027112415129,-0.0841322823414378,-0.0841322823414378,-0.0242344716228861,-0.017471416743154656,-0.06556686053449308,1.8754550275084882,-0.032766856368645375,-0.05136542597279242,-0.045474605181931
75,33.641410584877654,-0.0577570436921097,-0.005921653730685467,-0.0808120813327486,-0.0808120813327486,-0.0196674887339397,-0.012111482017481474,-0.06232556691210252,1.8759602005707987,-0.02272065823472417,-0.05809142309802443,0.003320201008689197
76,33.6483523924739,0.030633569839353,-0.006392794924403519,-0.0765571945884414,-0.0765571945884414,-0.0237650821521391,-0.007384266789299349,-0.060695099613050495,1.8747800932794363,-0.013843876380042877,-0.06271331820839852,0.004254886744307199
77,33.656582701259424,0.0728434428629105,-0.006863934699033355,-0.0891596562869796,-0.0891596562869796,-0.0336069425380152,-0.011649769896936635,-0.06252949042127286,1.873380940785898,-0.021824456889462385,-0.06733519939751721,-0.012602461698538195
78,33.65813404660512,0.0333217320944878,-0.007776428712310456,-0.1172691492061953,-0.1172691492061953,-0.0325352769519651,-0.021879241338551212,-0.06556735292635182,1.8731172120771296,-0.04098238353842973,-0.07628676566776557,-0.028109492919215703
79,33.64752255765389,-0.1067355242932389,-0.008709698722044018,-0.1243220481657977,-0.1243220481657977,-0.0242698033339899,-0.02073682052569,-0.06489249505142126,1.874921165198838,-0.038879903702545876,-0.08544214446325182,-0.007052898959602399
80,33.66086067647546,0.0272606961004379,-0.009670823694108908,-0.1176822504532899,-0.1176822504532899,-0.0191073265969487,-0.012181360705832582,-0.06309194361586111,1.872653684999172,-0.0228114700140815,-0.0948707804392084,0.006639797712507806
81,33.647966053584426,-0.0441577658600931,-0.01066956823929061,-0.1174223432750768,-0.1174223432750768,-0.0086313332833143,-0.006802628272499001,-0.06304940118154882,1.8748457708906474,-0.012753878847635902,-0.10466846442744089,0.0002599071782131007
82,33.655371822691684,0.0384482614190668,-0.011668302140576748,-0.1068475340975412,-0.1068475340975412,-0.008593028214652,0.004066270077052375,-0.06200863739022937,1.8735867901424137,0.007618509901516704,-0.11446604399905791,0.010574809177535588
83,33.67287673502032,0.11575665025889,-0.012133292905027748,-0.1113416198618786,-0.1113416198618786,0.0057903339024859,0.004108809218564828,-0.06307833919117414,1.870610955046546,0.007685983536443605,-0.1190276033983222,-0.004494085764337394
84,33.68253196196661,0.1006779700614573,-0.012570769936144638,-0.0876428685811169,-0.0876428685811169,0.0180860544189723,0.01908879905408412,-0.06037729042836189,1.8689695664656762,0.03567638449246201,-0.12331925307357891,0.023698751280761696
85,33.66979913934625,-0.0086025014202449,-0.012840656170691207,-0.066367544062446,-0.066367544062446,0.0203761090171511,0.03185196159747941,-0.05853633792944694,1.8711341463111368,0.059599292972034756,-0.12596683703448075,0.02127532451867091
86,33.656275790149614,-0.1042641536888259,-0.012888995868817173,-0.062397650692203,-0.062397650692203,0.0225806387371725,0.03418504682396063,-0.05949429515495672,1.8734331156745656,0.06404339878089348,-0.12644104947309648,0.003969893370242991
87,33.65854733866879,-0.0375399829123619,-0.012937335536820195,-0.0585800066376875,-0.0585800066376875,0.0230696482906781,0.03648347143140141,-0.05980274103669722,1.8730469524263058,0.06833525497851861,-0.12691526161620612,0.003817644054515505
88,33.66787238896972,0.0497156503253693,-0.012883927451651041,-0.0570944247000833,-0.0570944247000833,0.0231717975113011,0.03702822442340435,-0.05993658599662976,1.8714616938751476,0.06929690360061341,-0.12639132830069671,0.0014855819376041954
89,33.662066025422725,-0.0025212404520531,-0.012822859533017273,-0.056302818853374,-0.056302818853374,0.0251924993512051,0.03711152693101512,-0.0599757920665912,1.8724487756781367,0.06948943316552546,-0.12579225201889946,0.0007916058467093007
90,33.645824098890365,-0.1088884696052548,-0.012823792727282754,-0.0523984111183623,-0.0523984111183623,0.025593342354455,0.03914388219231663,-0.059488067098638485,1.8752099031886378,0.07340299553628152,-0.12580140665464382,0.003904407735011703
91,33.653315076970905,-0.0163790024062655,-0.012898316967765062,-0.0523406692269776,-0.0523406692269776,0.0251860741387889,0.03959142837786929,-0.059698068842724966,1.873936436914946,0.07419182022679766,-0.12653248945377527,5.7741891384695265e-05
92,33.66219982163114,0.0473906463878695,-0.012972841136600036,-0.0538537813672364,-0.0538537813672364,0.0292098248051481,0.039205709060858365,-0.06004246232585218,1.8724260303227058,0.07340979018280996,-0.12726357155004636,-0.0015131121402587946
93,33.66097991938574,0.054201521865407,-0.012851762404184907,-0.0448356248826344,-0.0448356248826344,0.0288623215363114,0.04338284455883497,-0.05888447630832482,1.8726334137044245,0.08124016430241954,-0.12607578918505394,0.009018156484601997
94,33.658043036059006,0.0001378362466506,-0.012715739114034012,-0.0441816359107721,-0.0441816359107721,0.0318894504067564,0.04300803968219794,-0.059102983988589104,1.873132683869969,0.08055976479790156,-0.12474140070867366,0.0006539889718623002
95,33.658115685389305,-0.0303772227556431,-0.01251787514146433,-0.0363480599417132,-0.0363480599417132,0.0339690911841056,0.04615415979989881,-0.0584350427461956,1.873120333483818,0.08645229519605188,-0.12280035513776508,0.007833575969058898
96,33.65152666923141,-0.0226048352923649,-0.012241494375284556,-0.0295986178301143,-0.0295986178301143,0.0359876165024561,0.04828112700683235,-0.057910439663094705,1.8742404662306604,0.0904904419914272,-0.1200890598215415,0.006749442111598902
97,33.641082441184274,-0.0576536562215887,-0.01196511267387875,-0.0229754556059222,-0.0229754556059222,0.0374850358572254,0.050320626519019286,-0.05754176441710028,1.8760159849986733,0.09440229972482833,-0.11737775533075054,0.006623162224192101
98,33.63472872718886,-0.0707489657809792,-0.011756337510229543,-0.0180239473645808,-0.0180239473645808,0.0374990002885833,0.05183843425052486,-0.057361533582520004,1.877096116377894,0.09730572361077103,-0.11532967097535182,0.0049515082413413986
99,33.63370196567556,-0.0429487536292697,-0.011552441938444902,-0.0159983567850293,-0.0159983567850293,0.0368943701489112,0.051847131264800776,-0.05749343662992562,1.8772706658351541,0.09733109863111519,-0.11332945541614449,0.0020255905795515013
100,33.63961519611496,0.0433645300577389,-0.011600528773130173,-0.0176365489509296,0.024437927663734094,0.0,0.05125321687410289,-0.057942194296929185,1.8762654166604567,0.09616463831347741,-0.11380118726440701,-0.0016381921659003006
101,33.62415080281644,-0.0817006007793591,-0.011972657499886715,-0.0173839330634307,0.04398826979472137,0.0,0.053258894674058456,-0.06290647845084188,1.8788943635212056,0.10006783701045799,-0.11745177007388868,-0.04182186072716479
102,33.64021548774281,0.028455778780371,-0.012344784568441706,-0.0156422164966379,0.024437927663734094,0.0,0.05621052088001309,-0.06851701112766381,1.8761633670837226,0.10546012011977525,-0.12110233661641315,-0.059630486291359266
103,33.641139996977664,0.0077186422978103,-0.012239249172563218,-0.0108099962790949,0.04398826979472137,0.0,0.05823916683954838,-0.0692541263430419,1.876006200513797,0.10925703810375027,-0.12006703438284518,-0.035247923942828996
104,33.641143798329786,0.0221770860360803,-0.012097323472544733,-0.0082866032027598,-0.004887585532746819,0.0,0.05884211793020983,-0.0725044785423608,1.8760055542839362,0.11038814006290404,-0.11867474326566384,-0.05227487299748117
105,33.64317066991678,0.0234135665338959,-0.011491276184949181,-0.0140975532744442,-0.014662756598240456,0.0,0.0525851243002315,-0.07057404698529846,1.8756609861141478,0.09863186609990726,-0.11272941937435146,-0.009209967741697382
106,33.625624072350845,-0.13947571036821,-0.010279513676431025,-0.0134748948310591,-0.07331378299120228,0.0,0.04650542552349645,-0.06848090557890266,1.8786439077003563,0.08736713433472926,-0.10084202916578835,0.0011878617671813568
107,33.6225970675195,-0.1038429850420977,-0.009067736072011213,-0.0028147993487404,-0.03421309872922773,0.0,0.045839502939988744,-0.059732981726414024,1.879158498521685,0.0861396915176896,-0.08895449086643001,0.07049898364246188
108,33.606333769426726,-0.1211688398933183,-0.008802688426924117,0.0035162432854759,-0.03421309872922773,0.0,0.04775466603878773,-0.057899842911534896,1.8819232591974564,0.08987061675360149,-0.08635437346812559,0.03772934201470363
109,33.60975435517986,-0.0244751310128875,-0.008585096876445493,0.0086441537439037,-0.004887585532746819,0.0,0.0493604915890558,-0.05621673025066374,1.8813417596194237,0.092863954101834,-0.0842198003579303,0.042857252473131435
110,33.622507055554145,0.0731760984202659,-0.008757115830851219,-0.0013565554993909,0.04398826979472137,0.0,0.04499357684544791,-0.058606835711247154,1.8791738005557952,0.08455075080125957,-0.08590730630065047,0.003531030033355919
111,33.61807272156204,-0.0071206435380993,-0.00944111118989387,-0.0058035538579204,0.07331378299120228,0.0,0.046179302432104004,-0.06594291307431455,1.8799276373344538,0.08681374691493847,-0.09261730077285887,-0.049791823652641766
112,33.614128526398034,0.0193300347047253,-0.010125102131550113,-0.0191779758159189,0.09286412512218956,0.0,0.04261903377537223,-0.07522398319220747,1.8805981505123341,0.08014927609458772,-0.09932725191050662,-0.09249175880712118
113,33.61259549576124,-0.0071388966800493,-0.010582883385679495,-0.0230208955750812,0.08308895405669592,0.0,0.0429576063397189,-0.08415763556694099,1.880858765720589,0.08079719043843464,-0.10381808601351585,-0.11588502069727076
114,33.6175203568979,0.0142798156946438,-0.01102923022427185,-0.0307750434348402,0.07331378299120228,0.0,0.04118128619577782,-0.09077459788128914,1.8800215393273572,0.07742170506526666,-0.10819674850010685,-0.11386399749153611
115,33.61052082176148,-0.0312377848448767,-0.011399811822542936,-0.0377965566276282,0.1026392961876832,0.0,0.03935527659378062,-0.09638066121167554,1.8812114603005479,0.07403559735151802,-0.11183215397914621,-0.11111033961883049
116,33.608872023958966,-0.0116930586623669,-0.011668974962264336,-0.0404910237938746,0.053763440860215006,0.0,0.03932072535151194,-0.10605735020157167,1.8814917559269757,0.07398162058593855,-0.11447264437981315,-0.14313031998155779
117,33.61431023180126,0.0485260896730091,-0.011938137256470166,-0.044428966525305,0.053763440860215006,0.0,0.03865012514240913,-0.10919854831087324,1.8805672605937853,0.07268415996066732,-0.11711312648597233,-0.09819240738552001
118,33.61861532559946,0.0396959837461571,-0.011727731066298175,-0.0347653724038865,0.08308895405669592,0.0,0.042707818772360025,-0.11203061234125845,1.8798353946480924,0.08028366935649861,-0.1150490417603851,-0.0885288132641015
119,33.61334665880799,-0.0087278699569512,-0.011483281632770478,-0.0310322570936764,0.12218963831867047,0.0,0.04339734537935934,-0.1195010277360079,1.8807310680026414,0.08161873572380199,-0.1126509928174784,-0.11412121115037233
120,33.610154984409014,-0.0376579517877831,-0.011187215869409843,-0.0282445143787727,0.08308895405669592,0.0,0.04332281653193418,-0.13063535499437062,1.8812736526504674,0.08150207330013787,-0.10974658767891056,-0.15043415269744317
121,33.615816691436905,0.0224406006743492,-0.01082431835206718,-0.0275024697448023,0.1026392961876832,0.0,0.04184631504618292,-0.1349162618577408,1.880311162455726,0.07868409328897674,-0.10618656303377905,-0.11059142380149822
122,33.61042366898032,-0.0339715874881271,-0.010461419409047467,-0.0112441606541326,0.1319648093841641,0.0,0.04857591153287476,-0.14000393665124672,1.881227976273346,0.09138236374862306,-0.10262652440275566,-0.11388345684181579
123,33.631293849265575,0.1151209897947178,-0.010862995059022735,-0.0127477137756066,0.12218963831867047,0.0,0.04996499162464375,-0.1501535602741078,1.8776800456248521,0.09381826775340643,-0.10656598152901303,-0.1447125231597707
124,33.62944521249889,0.0358909903410145,-0.011322601532279854,-0.0165518233937932,0.14173998044965774,0.0,0.050331833775804566,-0.15798243029623393,1.8779943138751891,0.09452289763787217,-0.11107472103166537,-0.13874146171246365
125,33.628667864067594,0.0068248164726373,-0.011934611224185016,-0.0201917348747283,0.12218963831867047,0.0,0.05158694216691257,-0.16799293310139973,1.8781264631085088,0.0968868012345267,-0.117078536109255,-0.16193171532438605
126,33.646093398331764,0.116037103703534,-0.0127382707292669,-0.0221664253270645,0.14173998044965774,0.0,0.05481974047256057,-0.1754217411728099,1.8751641222836,0.10279601052704379,-0.1249624358541083,-0.14435606364573497
127,33.65494441591066,0.1096356987900176,-0.013541922005847421,-0.0119303690249219,0.1319648093841641,0.0,0.06453461214519327,-0.18389841075662897,1.8736594492951872,0.12091588585244131,-0.1328462548773632,-0.15367034947457964
128,33.6543284414966,0.0633617200392037,-0.013917347505598077,-0.0142153120055861,0.1319648093841641,0.0,0.06527708732645317,-0.1914453334398542,1.8737641649455774,0.12231386702433106,-0.13652917902991715,-0.1461801213897502
129,33.64188205843046,-0.0697121127714786,-0.01426091214876438,-0.0169046661833232,0.08308895405669592,0.0,0.06556649610494772,-0.19913582362644927,1.8758800500668216,0.12299488199605538,-0.13989954817937858,-0.1488694755674873
130,33.639310672746014,-0.0256700744272051,-0.0144620884581378,-0.0179915508790774,0.04398826979472137,0.0,0.06602377137714574,-0.20131793743699106,1.8763171856331775,0.12388153689525443,-0.14187308777433183,-0.10108050493577332
131,33.64160582105296,0.0076972890136698,-0.014496172238210581,-0.0170908919146557,0.053763440860215006,0.0,0.06669585599394477,-0.2005575024171765,1.8759270104209962,0.1251165577421901,-0.1422074496568458,-0.061079161709377064
132,33.64423099286055,0.0206334775083905,-0.01453025600143957,-0.006691928457558,-0.004887585532746819,0.0,0.07243469935766801,-0.2026560303757615,1.8754807312137065,0.1358498829165642,-0.1425418113741222,-0.060455369317773004
133,33.63146602512495,-0.1033444214765056,-0.014574073632799837,-0.0059225342779891,-0.06353861192570864,0.0,0.07298967935429071,-0.1984402665902785,1.8776507757287584,0.1370491280597773,-0.1429716623377664,-0.001034948745242281
134,33.64048238624123,0.0170261633667866,-0.014618627676943958,-0.0073945604119056,-0.11241446725317683,0.0,0.07249766672955785,-0.19006059379013987,1.8761179943389905,0.13601417709891464,-0.14340873751082023,0.05614405151380304
135,33.64944619491993,0.0516464351077939,-0.014599432473727504,0.0085306351889221,-0.09286412512218956,0.0,0.08095142514452211,-0.17775653991884882,1.8745941468636116,0.15175106775618893,-0.14322043256726683,0.12094510244209893
136,33.6606525333441,0.0783217946471781,-0.014496652735745512,0.0106272311172205,-0.12218963831867047,0.0,0.08161493381784052,-0.17176070977870564,1.8726890693315033,0.15283939445488398,-0.14221216333766348,0.10349135623941005
137,33.66382619835352,0.0531691191818991,-0.014393872844593179,0.0199566745601445,-0.17106549364613866,0.0,0.08608316973707653,-0.16208942395325623,1.8721495462799018,0.1611605671656036,-0.1412038926054591,0.14214631287881496
138,33.664577483775766,0.0320800642508039,-0.014362906073501085,0.031023073496364,-0.20039100684261957,0.0,0.09183823581977138,-0.14614434604689966,1.8720218277581198,0.17192318207740964,-0.14090010858104565,0.20208856714250265
139,33.676356607798176,0.1067289773716148,-0.01433530342957908,0.0253235638506517,-0.22971652003910048,0.0,0.08874394167506293,-0.13092725661613494,1.8700193766743098,0.16595289049482248,-0.14062932664417077,0.22571457069327128
140,33.68939417977814,0.1129154638725034,-0.014394075523910208,0.0201741700373949,-0.37634408602150504,0.0,0.08640100258943047,-0.11538952109416743,1.867802989437716,0.16138005092695407,-0.14120588088955915,0.2498906900764954
141,33.686321448047735,0.0254810017164074,-0.014564342110123772,0.0255928989320032,-0.37634408602150504,0.0,0.09017117638894738,-0.08282282304849233,1.868325353831885,0.1684690950323174,-0.1428761961003142,0.40193698495350827
142,33.68759151295785,0.0107831696397495,-0.014734608274018174,0.0245575124500098,-0.35679374389051777,0.0,0.0905214736053818,-0.0571288053794168,1.8681094427971652,0.1691040196181281,-0.1445465071681183,0.40090159847151485
143,33.69347629744251,0.0638125497163601,-0.015289974842142381,0.03128318995644,-0.3861192570869987,0.0,0.09709012184078757,-0.037276224470002235,1.8671090294347734,0.18127784315785678,-0.14999465320141678,0.38807693384695774
144,33.694228297642944,-0.0007131928818876,-0.01586770728352512,0.0262772578763678,-0.2883675464320623,0.0,0.09745115128136442,-0.01389957454605615,1.8669811894006996,0.18193946632774924,-0.15566220845138143,0.4123965149633665
145,33.69579465168002,-0.0084248764993705,-0.015787211644195918,0.0262500278429799,-0.27859237536656867,0.0,0.09702744279723298,-0.0030092835446774153,1.8667149092143969,0.18112257407254184,-0.15487254622956195,0.3146175742750422
146,33.68637039841669,-0.053581362819821,-0.014831544854770945,0.0586758208583235,-0.27859237536656867,0.0,0.10928192183510102,0.013811194700396353,1.8683170322691622,0.2041732758836265,-0.14549745502530298,0.3372681962248922
147,33.68565491911126,-0.0415158965516485,-0.013875864516535073,0.0764351112169933,-0.34701857282502413,0.0,0.1137620122340389,0.03466121369056247,1.8684386637510861,0.21255734212420235,-0.13612223090720907,0.355027486583562
148,33.68308114189493,-0.0350540927824043,-0.01339250144916801,0.0891990488227728,-0.3861192570869987,0.0,0.11802787543945364,0.06401521038293488,1.8688762058778616,0.22057948803911098,-0.13138043921633819,0.4362176216477969
149,33.67087664334209,-0.083535472357618,-0.012939185973555596,0.0976649619433193,-0.3861192570869987,0.0,0.12004503585043166,0.09533064373553023,1.8709509706318446,0.2245983763438997,-0.1269334144005804,0.483784219030318
150,33.66509058679346,-0.0906754413527643,-0.012822697965830446,0.0889998433958899,-0.2883675464320623,0.0,0.11474252915276092,0.1214206041451588,1.8719346002451116,0.2147905104406866,-0.1257906670447967,0.4751191004828886
151,33.67984371142952,0.0290185391168422,-0.013129287426005295,0.0881486033460093,-0.20039100684261957,0.0,0.11604997841908202,0.1347799497491733,1.8694265690569816,0.21694691299512125,-0.12879830964911196,0.3765161497780716
152,33.68676030584716,0.056648615334199,-0.013435875651857408,0.0772609863964154,-0.14173998044965774,0.0,0.11190517480818751,0.14020854233455451,1.868250748005983,0.2090669265411366,-0.1318059401447212,0.277651993239035
153,33.69371454347548,0.0793723734990411,-0.01369588846665168,0.0529382888940667,-0.11241446725317683,0.0,0.10031498682683916,0.14227387686546883,1.8670685276091683,0.1872949547519197,-0.134356665857853,0.19467826934372445
154,33.69922742774519,0.0606209815014253,-0.013952348047750984,0.0537368306515305,-0.15151515151515138,0.0,0.10214145231463376,0.14695089748985302,1.8661313372833173,0.19060936499996767,-0.13687253434843716,0.16615129790470734
155,33.70566429673691,0.0508671966404326,-0.013748917276481398,0.0549109101431461,-0.16129032258064502,0.0,0.10176086669995263,0.16003716569303983,1.8650370695547247,0.1897877886254286,-0.13487687848228253,0.20642606165829747
156,33.700909014961326,-0.0097004618339527,-0.012997643813968125,0.0610454026747445,-0.12218963831867047,0.0,0.10105461131612185,0.17411083311638814,1.8658454674565745,0.18855228848977182,-0.1275068858150273,0.22233572525538953
157,33.69351991516,-0.0417957904454997,-0.012246363014118763,0.0545742582463783,-0.07331378299120228,0.0,0.09357341778577702,0.18081280942662759,1.8671016144227994,0.17471107941488337,-0.12013682116850508,0.17676389656504876
158,33.694377455394964,-0.0038027497153037,-0.01170081292512246,0.0629128354011195,0.014662756598240456,0.0,0.095180511019767,0.1840723829572624,1.8669558325828561,0.17769781019657083,-0.11478497479545133,0.13622661839232178
159,33.69588839402083,-0.0124642718347127,-0.01117101566888984,0.0684202075055267,0.024437927663734094,0.0,0.09535970919279359,0.1802158242541094,1.8666989730164594,0.17800787121733602,-0.10958766371180934,0.053757450907286244
160,33.69692801036815,-0.0073026376834893,-0.010879237086901196,0.0322188146426746,0.03421309872922773,0.0,0.0744401152146906,0.17517974688987215,1.866522238237415,0.13894413046517534,-0.10672531582250074,0.007780886978940506
161,33.694063783444385,0.0004457967516858,-0.010867733705630192,0.0370216975301418,0.1026392961876832,0.0,0.07693275882344723,0.1736410951541177,1.8670091568144545,0.14363416518237399,-0.10661246765223219,0.0028085988009140667
162,33.700647064254284,0.0384229310651578,-0.010856230322920815,0.0250836574420596,0.024437927663734094,0.0,0.0705203827530129,0.16397759861889416,1.8658899990767717,0.1315832769099128,-0.1064996194678532,-0.0775556387456236
163,33.69124666274985,-0.0711761304067996,-0.01024207172761264,0.0303905975959714,-0.04398826979472137,0.0,0.07007558630924812,0.16755431234851856,1.8674880673325258,0.1308653212438514,-0.10047472364788,0.005952669932237305
164,33.67674057763538,-0.1118266511391075,-0.009579722420830961,0.0415105767148945,-0.08308895405669592,0.0,0.07245506910179411,0.17967492787839492,1.8699541018019856,0.13548765366324622,-0.09397707694835174,0.08549884650961587
165,33.665073961750586,-0.1088978368065464,-0.009556846445140097,0.0045329388550814,-0.1026392961876832,0.0,0.05250474780321388,0.1865615949420658,1.8719374265024002,0.09828560248190575,-0.09375266362682436,0.08762189291177731
166,33.667742277198215,-0.0181933209834682,-0.010373800942471947,-0.0175765674661185,-0.12218963831867047,0.0,0.04498591930118708,0.1910384743589437,1.8714838128763034,0.08419041977953129,-0.1017669872456498,0.0850627287215647
167,33.66198430743114,-0.0511078188480562,-0.011190748515489325,-0.0427336409277055,-0.17106549364613866,0.0,0.03580717691439315,0.1947292877129062,1.872462667736706,0.06704760200924478,-0.10978124293695028,0.07945599739096497
168,33.65195280643182,-0.0648807694003082,-0.01200319160946886,-0.0492928804865466,-0.16129032258064502,0.0,0.03652737020673997,0.20375848464386218,1.8741680229065902,0.06845842920234294,-0.11775130968888953,0.12177261315959206
169,33.65163713061274,-0.0087781777517161,-0.012815421522968171,-0.0582424709816686,-0.15151515151515138,0.0,0.03600257888276004,0.20917864729968583,1.874221687795834,0.06747681415864917,-0.12571928514031777,0.10304785159897642
170,33.65052098579206,-0.0104185077410303,-0.013377391052996164,-0.0696861724120364,-0.22971652003910048,0.0,0.03283485832059204,0.21155592591670747,1.8744114324153491,0.06154603381785598,-0.13123220622989237,0.08182897910311498
171,33.63084049226384,-0.137791917635882,-0.013608012003849056,-0.0654281179170978,-0.26881720430107503,0.0,0.03624882006797185,0.22490631464390684,1.8777571163151465,0.06806647984066144,-0.13349459775775924,0.16428840212200269
172,33.60526470523751,-0.1880787526616705,-0.013838632230814222,-0.0638660084124533,-0.27859237536656867,0.0,0.03819711108978879,0.24034210451472487,1.8821050001096233,0.07189097377183423,-0.13575698218428753,0.20495119588862173
173,33.60882785774765,-0.0287512336541716,-0.013381357794447938,-0.0620247376369843,-0.23949169110459412,0.0,0.03680383173395627,0.25385939058969204,1.8814992641828996,0.06924638232654998,-0.13127111996353427,0.21656763772958437
174,33.60755637393628,-0.0273524124292681,-0.012892918295140868,-0.0614633774243741,-0.21994134897360684,0.0,0.03455153233227905,0.2610172935519459,1.8817154164308316,0.06501615105095782,-0.12647952847533192,0.17802831368022
175,33.6035903109546,-0.03511876467701,-0.01192620473285075,-0.0564371178574156,-0.3079178885630496,0.0,0.03217131514930166,0.26754479150950944,1.8823896471377177,0.06055895057185027,-0.11699606842926587,0.16350423111619125
176,33.58421387901094,-0.126517680737488,-0.010341448311824883,-0.0338386363274118,-0.24926686217008776,0.0,0.03585488581277595,0.28865113452910124,1.8856836405681403,0.06761097161159031,-0.10144960793900211,0.2740792522356378
177,33.58596358521357,-0.0687226605054039,-0.008756665915518571,-0.0193849486068603,-0.22971652003910048,0.0,0.03528080578878823,0.30102073014684844,1.885386190513693,0.06651794402437688,-0.08590289263123718,0.22988191356322746
178,33.58325737882174,-0.056898135162707,-0.00891550299186678,-0.0223343553912603,-0.23949169110459412,0.0,0.03453448504134102,0.30918672104920364,1.8858462456003038,0.06512672895895281,-0.08746108435021312,0.20738216464784018
179,33.585783089960245,-0.0070453898801014,-0.009212759523178059,-0.0548474821555508,-0.17106549364613866,0.0,0.01884447373069786,0.3168863283891393,1.8854168747067583,0.03552968876682597,-0.09037717092237676,0.18464420894904332
180,33.57995247426372,-0.0212716865712015,-0.009830048195649034,-0.0705702373742189,-0.14173998044965774,0.0,0.013709936735250066,0.3157430963141328,1.8864080793751674,0.02586253542509813,-0.09643277279931703,0.10049525627191976
181,33.58561183029762,0.0137953566209366,-0.010876886772824392,-0.0817983629603078,-0.15151515151515138,0.0,0.013208490950354469,0.31398633879024257,1.885445988849404,0.024903896281099486,-0.10670225924140729,0.05994161748934994
182,33.57666909442456,-0.0578902146859073,-0.011923713429057136,-0.0923472608678614,-0.16129032258064502,0.0,0.013049712902745947,0.3156778584034787,1.8869662539478247,0.024624367871189115,-0.11697162873905051,0.059167890647289986
183,33.56062587881912,-0.1033513856180809,-0.01252987167057034,-0.096032410955551,-0.17106549364613866,0.0,0.014227507636262762,0.31906319735552263,1.88969360060075,0.026885630132744046,-0.12291804108829504,0.06525791162509402
184,33.55186997543896,-0.0814867496381073,-0.013103065274843263,-0.1010512805133658,-0.15151515151515138,0.0,0.014535770919233167,0.3230042858368092,1.8911821041753765,0.027489789832846626,-0.12854107034621243,0.07001421313277285
185,33.556841768454795,-0.0079517016038779,-0.013614915632539798,-0.1075293743747903,-0.19061583577712593,0.0,0.013771591714261072,0.3238602470680382,1.8903368993626848,0.026032947980425117,-0.13356232235521542,0.043985777140361074
186,33.55564484258417,-0.0220158963634945,-0.01405430053573656,-0.1122767713874517,-0.19061583577712593,0.0,0.013538942189629822,0.3295471758973833,1.8905403767606905,0.025595916868123972,-0.13787268825557566,0.07833906438967424
187,33.541878995055406,-0.0468803786433123,-0.014493682725103391,-0.1183690145747766,-0.1808406647116323,0.0,0.012580832264505985,0.3335096483455251,1.892880570840581,0.023814012958487688,-0.14218302753326428,0.07224682120234933
188,33.54515886974022,-0.0140636611381801,-0.015281693599379725,-0.1282252968344198,-0.21994134897360684,0.0,0.011461107572825521,0.33490022025761,1.8923229921441624,0.02168811737549531,-0.1499134142099151,0.05261536787721249
189,33.54211876342962,-0.0416779968310007,-0.01609643316684369,-0.1327458648118675,-0.24926686217008776,0.0,0.013292273555882755,0.34118584126338247,1.8928398102169646,0.02516014455486909,-0.1579060093667366,0.08719548416173933
190,33.537881935742696,-0.0585561921255978,-0.016465528785115875,-0.1461773138896548,-0.2101661779081132,0.0,0.00810617192875426,0.3485341713178068,1.8935600709237415,0.015349523492331957,-0.16152683738198675,0.10308954828043296
191,33.52483446154687,-0.0883449655721743,-0.016312008212656246,-0.1328492785031548,-0.24926686217008776,0.0,0.014332648672155921,0.35092257079835065,1.8957781415370325,0.027171522063002967,-0.16002080056615778,0.0773168994049584
192,33.50801675954586,-0.1658855320220567,-0.01615848725564259,-0.1276330086431628,-0.22971652003910048,0.0,0.016265220197773492,0.3590454484219489,1.8986371508772035,0.03088175133469101,-0.1585147599778538,0.12163385352692496
193,33.50020122245286,-0.1261520310793112,-0.016469130716533244,-0.1312490280036448,-0.24926686217008776,0.0,0.015954573735097236,0.3636646775076856,1.899965792183014,0.030313144325546326,-0.16156217232919112,0.09846749203545568
194,33.48275692036813,-0.1639880656186217,-0.016815172791035848,-0.1306736603122956,-0.26881720430107503,0.0,0.01808481275493751,0.3714416393186205,1.895689230092033,0.03428318476776607,-0.16495684508006167,0.11859320185779215
195,33.47415567113188,-0.0738657959422667,-0.01762540047438929,-0.1357971671904886,-0.23949169110459412,0.0,0.019597173902672082,0.38041932114930416,1.8935389177829705,0.03710801146327036,-0.17290517865375896,0.13302003711058644
196,33.48411926556322,0.0185315455447692,-0.01906185387395175,-0.1488204511868489,-0.22971652003910048,0.0,0.020134881311776254,0.38226837596317353,1.8960298163908056,0.03817633531661779,-0.18699678650346668,0.09067123991774523
197,33.484051081295604,-0.0072552459051812,-0.020498267928076613,-0.1533959209296475,-0.3079178885630496,0.0,0.025153885137934342,0.38415209663493555,1.896012770323901,0.04769208744478409,-0.20108800837443158,0.07632059910945299
198,33.48451502984019,0.0204434546675766,-0.02207377192952129,-0.156055661248099,-0.34701857282502413,0.0,0.031900809026034385,0.396796210994203,1.8961287574600472,0.06048804138050484,-0.21654370262860384,0.15186222731495058
199,33.483711762666424,0.0181025738587464,-0.023656912941254327,-0.1704324637567915,-0.35679374389051777,0.0,0.03251276109958075,0.40992009244213107,1.8959279406666059,0.061641852196913455,-0.23207431595370495,0.17658610906823263
200,33.4977156896609,0.0754562153234907,-0.02501189484542602,-0.1845140035330653,-0.3861192570869987,0.0,0.03203735827249937,0.41863655873628214,1.899428922415225,0.060852684900563975,-0.24536668843362927,0.17227974035745247
201,33.497894348054885,0.0187556108279327,-0.026070184858218406,-0.1890778782038661,-0.34701857282502413,0.0,0.03509953268688167,0.43053560822036857,1.8994735870137212,0.06667063525525649,-0.2557485134591226,0.19704137888313258
202,33.49205680513515,-0.0027110869957855,-0.027128445653924277,-0.2045870942792645,-0.32746823069403685,0.0,0.032424919446917715,0.4354082666389412,1.8980142012837873,0.061542957585732666,-0.26613005186499716,0.14243147854575963
203,33.48660403269111,-0.0162637194594147,-0.028675191507903482,-0.2367686944226779,-0.3665689149560114,0.0,0.023480827035628427,0.43551330324773563,1.8966510081727779,0.044534934269855275,-0.28130362869253317,0.09069953627135896
204,33.49624116258849,0.0401665073146126,-0.030243795520517393,-0.2701086775899794,-0.3665689149560114,0.0,0.013997952880810238,0.43898163192516815,1.8990602906471223,0.026582956466296215,-0.29669163405627563,0.09646023736603199
205,33.48510057456849,-0.0578492778704683,-0.031768282215596744,-0.2730507571386634,-0.3079178885630496,0.0,0.02035363461138358,0.44452202897656706,1.8962751436421228,0.03859609139634068,-0.3116468485350041,0.09351815781734801
206,33.48305936712308,-0.0247309805921425,-0.033235315009243115,-0.3124589700951056,-0.35679374389051777,0.0,0.007163056222106963,0.4377507664945583,1.8957648417807706,0.013579470145569372,-0.32603844024067496,-0.004541081532056013
207,33.49589245776178,0.0537402110105846,-0.03470227619869547,-0.4509363499839485,-0.32746823069403685,0.0,-0.05819304108858233,0.4233244339036812,1.898973114440444,-0.11050702047474592,-0.34042932950920257,-0.09414260609343073
208,33.49638048322956,-0.0087089679402449,-0.036202510082650005,-0.5176567079172626,-0.35679374389051777,0.0,-0.08557237719476411,0.4043589792304752,1.8990951208073894,-0.16251008400646605,-0.35514662391079654,-0.19018847722322574
209,33.50179791330279,0.0322597539002752,-0.03770508112176065,-0.5549996467288785,-0.3079178885630496,0.0,-0.0974434652935974,0.39058226822311204,1.8996943547385259,-0.18511280092440646,-0.369886845804472,-0.1982059028383607
210,33.500540805195,0.0229896379636862,-0.03897322602671678,-0.6347799749575694,-0.3665689149560114,0.0,-0.13287623361170567,0.36451051287166164,1.8999080631168497,-0.25245262763547777,-0.38232734732209167,-0.32686208639451986
211,33.50852021598404,0.0400625694631362,-0.03992902352434322,-0.7894249393369285,-0.3958944281524923,0.0,-0.20948665617247544,0.3324854928424663,1.8985515632827128,-0.3977212185631214,-0.39170372077380705,-0.4228560243809171
212,33.51736811843952,0.0570319184492765,-0.04088478448799461,-0.7926840641433966,-0.48387096774193505,0.0,-0.20642832868351768,0.3108960983484183,1.8970474198652814,-0.3916043283161695,-0.40107973582722717,-0.39678963599090433
213,33.515275394231665,0.0206153882698699,-0.041175047769509976,-0.8014589581958288,-0.4740957966764414,0.0,-0.2095135831660492,0.3001291316724585,1.8974031829806168,-0.39753173957693594,-0.40392721861889286,-0.31758799045389374
214,33.52153663611166,0.0924171541045983,-0.041417939978028395,-0.8392569452371731,-0.4740957966764414,0.0,-0.22830675640715378,0.28006902505987263,1.8963387718610174,-0.4329469540527145,-0.4063099911844586,-0.3651611485607317
215,33.53187674055117,0.0868882969846382,-0.04167661737999882,-0.9643549939269336,-0.43499511241446687,0.0,-0.29320857270582307,0.24473538632650294,1.8945809541063012,-0.555507377429145,-0.4088476164977885,-0.49025919725049216
216,33.5330704716795,0.0538589488505528,-0.04195361562717153,-0.9689523331527996,-0.42521994134897323,0.0,-0.29423238552188835,0.21014572061582465,1.8943780198144846,-0.5573873638502469,-0.4115649693025527,-0.5339572207383327
217,33.54016247961793,0.0660268618076622,-0.04223061064968769,-1.0274372771369291,-0.5034213098729232,0.0,-0.3238769980157115,0.17266714556800847,1.8931723784649512,-0.6131549866634929,-0.41428229047343623,-0.6022173357879559
218,33.556289083101355,0.1193655199063212,-0.04219912038102888,-1.052951066102808,-0.5327468230694041,0.0,-0.33800638260843086,0.14547436669617386,1.8904308558727696,-0.6389776951649148,-0.4139733709378933,-0.5495297562298849
219,33.55891003814067,0.0531861305698448,-0.04214592769127226,-1.0752181732787964,-0.591397849462366,0.0,-0.3501437947150793,0.11875804355264302,1.8899852935160866,-0.6617666226274155,-0.4134515506513809,-0.5424713502093923
220,33.55936496365238,0.0343627347227689,-0.04198445360110887,-1.068663595734196,-0.6402737047898341,0.0,-0.34752809191575096,0.09808921529067544,1.8899079561790957,-0.6567961059073179,-0.41186748982687804,-0.47726574627182994
221,33.564105164947456,0.0492980958998359,-0.041697503688741575,-1.0747969280844527,-0.6109481915933532,0.0,-0.3524131433442806,0.07983235090232196,1.8891021219589323,-0.6657444168978979,-0.4090525111865549,-0.43452322329461857
222,33.57079399928998,0.0482030755559558,-0.04141055033697006,-1.0815874177639655,-0.591397849462366,0.0,-0.35771315239469437,0.05372247957196887,1.887965020120703,-0.6753499189582892,-0.40623749880567633,-0.47063922617061227
223,33.57218098891432,0.0281590920029215,-0.041017540219560694,-1.0758693260321297,-0.5718475073313787,0.0,-0.3567711116100484,0.026120361852268632,1.8877292318845658,-0.6734872564782393,-0.40238206955389044,-0.48447147656976375
224,33.575454209830184,0.0278483503123709,-0.04061560655108519,-1.0841135013931915,-0.5131964809384169,-0.0,-0.36333419325506583,-0.0032755038829657824,1.8871727843288686,-0.6856744011270458,-0.3984391002661457,-0.5122659940618128
225,33.580614586998536,0.0620741510839687,-0.04038084291274295,-1.0917508354552163,-0.5131964809384169,-0.0,-0.3687729515487976,-0.039192484765694736,1.886295520210249,-0.695614766481208,-0.3961360689740084,-0.5785543545167995
226,33.590671825534685,0.0742069029613663,-0.04036852443495564,-1.0920690267497568,-0.5718475073313787,-0.0,-0.3693404703899146,-0.07182987219890896,1.8845857896591036,-0.696053802042842,-0.3960152247069148,-0.57887254581134
227,33.59646770399934,0.0465012420722348,-0.0403562059510326,-1.093182432698182,-0.5522971652003914,-0.0,-0.3701889311995508,-0.09567455318898412,1.8836004903201125,-0.6972880523185523,-0.3958943803796298,-0.5213349253668034
228,33.59872817863505,0.0502329559000748,-0.040242911619987214,-1.1016642057197734,-0.5718475073313787,-0.0,-0.3753585165167069,-0.1251369454475589,1.8832162096320415,-0.7068812427276988,-0.3947829629920746,-0.549367040519382
229,33.60757581940112,0.062748402043995,-0.0401233910275637,-1.094810733691724,-0.669599217986315,-0.0,-0.37263950405771806,-0.15203636241938542,1.8817121107018095,-0.7012002677113242,-0.39361046598039995,-0.5229632263603454
230,33.605009129217706,0.0062805303316783,-0.040098993353602126,-1.0946975058560462,-0.591397849462366,-0.0,-0.3726201202621168,-0.16723986049496026,1.88214844803299,-0.7013263810572092,-0.3933711247988369,-0.42509828786973114
231,33.603156264191874,-0.02334925083938,-0.04020291170251408,-1.043593802719396,-0.6109481915933532,-0.0,-0.34486897690397783,-0.1903061670640638,1.8824634350873815,-0.6492032389177329,-0.39439056380166315,-0.4521959532570301
232,33.61103718967286,0.052108477531111,-0.04030682961657294,-1.0499241080900523,-0.6109481915933532,-0.0,-0.34793784018091695,-0.21364848519469753,1.8811236777556144,-0.6545141095514717,-0.39540999853858055,-0.4389759164966991
233,33.63182706464103,0.1134582327281927,-0.04102576386869547,-1.0487645990794834,-0.5327468230694041,-0.0,-0.3442189521670738,-0.23691705204910277,1.8775893990110248,-0.6463018555275808,-0.4024627435519026,-0.43781640748613015
234,33.63540166179775,0.0570929741736109,-0.04177434831832098,-0.94045612020118,-0.5327468230694041,-0.0,-0.2827144016654703,-0.25664545030092695,1.8769817174943824,-0.5306497631984511,-0.4098063570027288,-0.40770929713177584
235,33.64414963538487,0.0831188567552342,-0.04272571680861618,-0.887435875647956,-0.5034213098729232,-0.0,-0.24969232289316737,-0.271319621905656,1.875494561984572,-0.46829659375543126,-0.41913928189252475,-0.3546890525785519
236,33.6562623715273,0.0803744596138566,-0.04394246965702419,-0.8856853311196446,-0.4936461388074287,-0.0,-0.24266099837280694,-0.2923916279962625,1.8734353968403592,-0.4546097037842373,-0.43107562733540733,-0.38226402124672143
237,33.656597115148664,0.0474061654047648,-0.04515915732676012,-0.8982714946197876,-0.4643206256109478,-0.0,-0.2430155804452818,-0.3162952532374397,1.873378490424727,-0.4552601612442708,-0.4430113333755168,-0.4046253558123589
238,33.652340816200535,0.0038630381954091,-0.0456366607742069,-0.8653995780008098,-0.4154447702834796,-0.0,-0.2228821708504761,-0.3379663199098635,1.874102061245909,-0.4177039358058401,-0.4476956421949697,-0.401078952389862
239,33.65630456737668,0.0411454708452341,-0.04606793626199681,-0.8511563858489696,-0.43499511241446687,-0.0,-0.21310126862673784,-0.3635927539748193,1.8734282235459645,-0.39922993111878086,-0.4519264547301887,-0.43571161556549
240,33.6664411812488,0.0682133065783499,-0.04617222642034553,-0.8233192278958494,-0.4643206256109478,-0.0,-0.19787823768862906,-0.3824398917936588,1.871704999187704,-0.3703696867122597,-0.4529495411835897,-0.38832411548138257
241,33.67736510210569,0.0978613992118802,-0.0457985915774435,-0.8075254458409006,-0.4936461388074287,-0.0,-0.1915884474947633,-0.39676673082838926,1.8698479326420328,-0.3582412624661798,-0.44928418337472076,-0.3432048202299528
242,33.6803353427017,0.0588867193488369,-0.045424950327371996,-0.7976218293562206,-0.4936461388074287,-0.0,-0.18830309269082832,-0.4091906095870428,1.8693429917407105,-0.3520030666447013,-0.4456187627115193,-0.3039756905487919
243,33.69280464181808,0.112583625386971,-0.04509699597988044,-0.7939024259740525,-0.5522971652003914,-0.0,-0.1882479252406627,-0.424369038639784,1.8672232108909266,-0.3515008954114253,-0.44240153056262715,-0.3002562871666238
244,33.70337734533945,0.1016150723848144,-0.04477253425426034,-0.7389651408731288,-0.5522971652003914,-0.0,-0.16068533607550373,-0.42694576791043665,1.8654258512922939,-0.2997465798388349,-0.4392185610342939,-0.1866679756727374
245,33.715277127439585,0.1068386583750577,-0.044812888999862,-0.7319681829427918,-0.4643206256109478,-0.0,-0.15689239492127702,-0.43334374182991625,1.8634028883352705,-0.29235374185414553,-0.4396144410886462,-0.17967101774240035
246,33.71922572280191,0.0761109342074477,-0.045281200712500046,-0.71862705801352,-0.43499511241446687,-0.0,-0.14732045938771976,-0.4520417595528185,1.8627316271236753,-0.27441847902389455,-0.44420857898962546,-0.2543064324025722
247,33.73281135619556,0.1210571509600811,-0.04574950247405941,-0.7153049860041284,-0.4740957966764414,-0.0,-0.14324833655239164,-0.4715712622820482,1.8604220694467544,-0.2665023667336056,-0.4488026192705228,-0.28030987358966153
248,33.73534270450809,0.0520900845113013,-0.04618821937213994,-0.7297940007688593,-0.4447702834799605,-0.0,-0.1487574179729492,-0.48448812160811305,1.8599917402336243,-0.2766875687281664,-0.45310643204069284,-0.25569820409241784
249,33.73940033781046,0.0277177926883093,-0.04662463090017678,-0.7422316458225315,-0.45454545454545414,-0.0,-0.15319944016071663,-0.5028174939610445,1.859301942572222,-0.2848440166917973,-0.4573876291307342,-0.29746136234257103
250,33.74700429496951,0.0680704932648872,-0.04700072752770781,-0.741325032183007,-0.42521994134897323,-0.0,-0.1508323449635084,-0.5190632670254177,1.8580092698551838,-0.2802478951361934,-0.46107713704681363,-0.2867795776375529
251,33.75494270040087,0.0754684432821042,-0.04730530708081397,-0.773226234746054,-0.4447702834799605,-0.0,-0.16651471751528463,-0.5420673628228821,1.8566597409318524,-0.30916117228326895,-0.46406506246278506,-0.3480062933970808
252,33.76998063550694,0.1040303904806803,-0.04760988223568894,-0.8056952854066372,-0.5034213098729232,-0.0,-0.18264480848628833,-0.5649161220290659,1.85410329196382,-0.33864234067452864,-0.4670529447321085,-0.36092500192667665
253,33.76683205901186,0.0174537534079463,-0.04700287695248282,-0.8123067417599209,-0.5131964809384169,-0.0,-0.18936763654682326,-0.5706543061827507,1.8546385499679836,-0.3512085188560644,-0.4610982229038565,-0.3088854318869977
254,33.776103153629435,0.0778504008448284,-0.0463315081508764,-0.8139017661134169,-0.5229716520039105,-0.0,-0.19394363555356736,-0.5690906376126463,1.853062463882996,-0.3593896711533194,-0.45451209496009753,-0.30070528517500006
255,33.78364306235327,0.0751728185645249,-0.04579055621311749,-0.8473133872797999,-0.5522971652003914,-0.0,-0.21498659925435734,-0.5708714818413959,1.8517806793999438,-0.3981080308291173,-0.4492053564506826,-0.3243417352758894
256,33.80475310607616,0.1550794803354374,-0.04541883545910568,-0.8482432636900988,-0.5327468230694041,-0.0,-0.21788022778158173,-0.5707065513087395,1.8481919719670523,-0.4026844878362721,-0.44555877585382675,-0.29594609848970743
257,33.801833444174896,0.0540584932548008,-0.04504710841620673,-0.9402948626765328,-0.5425219941348978,-0.0,-0.2695872122992037,-0.5774060104579513,1.8486883144902675,-0.4983827291135448,-0.44191213356298803,-0.4075480396071287
258,33.81400313334894,0.1047850578987807,-0.045042509096912646,-0.9641397450864034,-0.4936461388074287,-0.0,-0.2828263971464811,-0.5822236359417136,1.8466194673306802,-0.5222727308456904,-0.44186701424071306,-0.42161775095150567
259,33.82750746589076,0.1277814289948649,-0.04506091274315074,-0.9789032243960524,-0.5327468230694041,-0.0,-0.29108537802812495,-0.5877348822057596,1.8443237307985705,-0.5368556703857437,-0.44204755401030876,-0.4852570855886237
260,33.84035526284215,0.1137614413671779,-0.045292743734339856,-1.0105147050566716,-0.5229716520039105,-0.0,-0.307356124035679,-0.5897463706947056,1.842139605316834,-0.5661928890227976,-0.444321816033874,-0.4777678819872675
261,33.84922250096917,0.0975788270582153,-0.045804784629075786,-1.069638443509231,-0.5327468230694041,-0.0,-0.33700025174965836,-0.5947675995419857,1.8406321748352412,-0.6202935062979975,-0.4493449372112335,-0.5466667915053205
262,33.85407024003522,0.0691304900533087,-0.046316813489476534,-1.0751817065116651,-0.5131964809384169,-0.0,-0.33743398561471016,-0.5967266882328494,1.8398080591940125,-0.6208137661799003,-0.4543679403317648,-0.542434883442261
263,33.8680433115335,0.0984457597027587,-0.04650215785114974,-1.0770146164409446,-0.5425219941348978,-0.0,-0.33787820865178486,-0.598854036795757,1.8374326370393053,-0.6208284479211656,-0.456186168519779,-0.5638181355025278
264,33.87166705479946,0.0488350063466767,-0.04667241005723615,-1.0857393147714602,-0.5229716520039105,-0.0,-0.34183215236411135,-0.5982475117511575,1.8368166006840918,-0.6278829721099736,-0.45785634266148667,-0.5432173206365625
265,33.88653331315114,0.119544589348982,-0.046300417704289665,-1.085880582504069,-0.4936461388074287,-0.0,-0.34436959980330145,-0.5998399108115388,1.834289336764306,-0.6316734848249873,-0.45420709767908163,-0.5629089305001584
266,33.89699375061888,0.1283556733630035,-0.04522329113559246,-1.0823876904387235,-0.4740957966764414,-0.0,-0.34856390092610096,-0.6027818183701151,1.8325110623947898,-0.6387472043985615,-0.44364048604016204,-0.5887415516312948
267,33.88843784894902,0.0099063551510556,-0.044146111988651864,-1.0735052037660129,-0.5034213098729232,-0.0,-0.34920603589432364,-0.6037890338072202,1.8339655656786669,-0.6404318451573381,-0.4330733586086748,-0.5994094070895715
268,33.903719267314074,0.0446720551949835,-0.04376373591072943,-1.0630308469863674,-0.562072336265885,-0.0,-0.3460302315066402,-0.6021942480482249,1.8313677245566073,-0.6337085977021117,-0.4293222492842557,-0.5596095371134442
269,33.897369995743205,-0.0121020134835147,-0.043412525497749,-1.045024024332901,-0.5522971652003914,-0.0,-0.33787995787462277,-0.5953755333077156,1.8324471007236551,-0.6191471491999833,-0.4258768751329177,-0.48295168806701594
270,33.90160362609766,0.0348045301994671,-0.043240169664666345,-1.0494344165250022,-0.591397849462366,-0.0,-0.34134356330813953,-0.5943749491083019,1.8317273835633976,-0.6252483521146254,-0.4241860644103769,-0.49713725132461084
271,33.91336217423329,0.0921537442448197,-0.04330110112469114,-1.0492731355071416,-0.5522971652003914,-0.0,-0.34130165061932755,-0.592710053383419,1.8297284303803403,-0.6244893334739214,-0.42478380203322014,-0.4578752860447757
272,33.92400399148314,0.0962930668783851,-0.04336203242365306,-1.016652025183315,-0.5816226783968723,-0.0,-0.32346640257565773,-0.5926084618002652,1.8279193214478662,-0.5912704871072786,-0.4253815380760365,-0.4643548599829237
273,33.917397782391184,0.0120761200838154,-0.04373248406311552,-1.024100238403093,-0.5425219941348978,-0.0,-0.325353079419682,-0.5909132950087611,1.8290423769934987,-0.5950845697439298,-0.4290156686591633,-0.44247756000622074
274,33.92035853194276,0.045443085463154,-0.044126254188281394,-0.9861940376194578,-0.5816226783968723,-0.0,-0.3025997635449003,-0.5905248020035195,1.8285390495697307,-0.5533154840324173,-0.43287855358704047,-0.44367204348456
275,33.92515617613213,0.0464731245117837,-0.044485452727069545,-0.9782490427218004,-0.562072336265885,-0.0,-0.29645992201511134,-0.587553968594177,1.8277234500575383,-0.5418467514692481,-0.43640229125255225,-0.39662636432492804
276,33.9261077040217,0.0114518897665031,-0.04480350338588315,-0.9781412902876097,-0.591397849462366,-0.0,-0.29471996755352914,-0.5875927254111563,1.8275616903163103,-0.5386189220720958,-0.43952236821551377,-0.4160689540217246
277,33.921494509926326,-0.0393193623173775,-0.04512154950349234,-0.9374961998375564,-0.6109481915933532,-0.0,-0.2706565481903854,-0.5830440102379603,1.8283459333125245,-0.4948537992082965,-0.4426424006292599,-0.34609835037519043
278,33.92752999363683,0.0283180523734354,-0.045438873374219736,-0.9447179472778824,-0.6304985337243405,-0.0,-0.2730570597854324,-0.5804850978276367,1.8273199010817387,-0.49896259947678673,-0.44575534780109566,-0.33376975568452916
279,33.93918568908819,0.0719273295403564,-0.04575614171542903,-0.932181797650836,-0.6011730205278596,-0.0,-0.2647805134232159,-0.5785248108309714,1.8253384328550075,-0.4833140474224772,-0.4488677502283588,-0.30168326392649547
280,33.942390420136874,0.0361290775044522,-0.04570884431823527,-0.92889574833471,-0.591397849462366,-0.0,-0.26331305526728915,-0.5795778672487306,1.8247936285767312,-0.48049198557282197,-0.44840376276188804,-0.3277227278068504
281,33.943824269595446,0.0263069089794024,-0.04523096397055323,-0.8512335937997657,-0.6011730205278596,-0.0,-0.22335253369508187,-0.5756863426839116,1.8245498741687742,-0.40751783724863855,-0.44371575655112716,-0.25983574433739975
282,33.9431954896115,0.0072124113982188,-0.04475307327209237,-0.80452914913284,-0.6011730205278596,-0.0,-0.20031246807114048,-0.569749632762582,1.8246567667660454,-0.3655015003336139,-0.4390276487992261,-0.20335612860498042
283,33.94375508618801,0.0149209599112622,-0.045046905497298555,-0.8084280264527248,-0.6402737047898341,-0.0,-0.2008799683296597,-0.5684100994322911,1.8245616353480378,-0.366517883524226,-0.44191014292849884,-0.20725500592486523
284,33.95745537182112,0.076003444956637,-0.045401800264202014,-0.8134869174150946,-0.6793743890518087,-0.0,-0.20200234563449312,-0.5668774671277668,1.8222325867904097,-0.3680952568232728,-0.4453916605918218,-0.17321321262526046
285,33.94660608020648,-0.048669697537615,-0.04595005041492529,-0.811447884586318,-0.806451612903226,-0.0,-0.19773172769933922,-0.5624508467132214,1.8240769663648986,-0.3606778900159009,-0.4507699945704171,-0.1320734955345093
286,33.95394205555591,0.0191545173536131,-0.04675193018647323,-0.8037052632727635,-0.7478005865102642,-0.0,-0.18930391557846374,-0.5520956734335505,1.8228298505554947,-0.34506882814346107,-0.4586364351293024,0.002746349630462497
287,33.95039966952196,-0.006589229378434,-0.047553779831283303,-0.8129331773963641,-0.8748778103616814,-0.0,-0.18998821265487076,-0.5528729623320291,1.8234320561812674,-0.34643059725147485,-0.4665025801448892,-0.0651325908860999
288,33.951720277177465,-0.0076666268371098,-0.04774191599489628,-0.8241185468925074,-0.8944281524926687,-0.0,-0.19513431173572152,-0.5440574623238409,1.8232075528798308,-0.35577035098257487,-0.46834819590993254,0.05075926346917403
289,33.93860848047189,-0.0721763164143239,-0.047891286888458465,-0.817899898367146,-0.8944281524926687,-0.0,-0.1906866455615222,-0.5340431660358734,1.8254365583197782,-0.3480863739913685,-0.46981352437577756,0.07652825412552267
290,33.9273184558313,-0.0893018092414744,-0.04806751204270044,-0.7604699418048128,-0.8748778103616814,-0.0,-0.15811241509864862,-0.5214128000430506,1.8273558625086794,-0.2889276486659214,-0.47154229313889134,0.13395821068785596
291,33.910764761130146,-0.1420669667656473,-0.04827860154216519,-0.7596487589829534,-0.8162267839687196,-0.0,-0.1562891312403765,-0.5139515193503412,1.8301699906078752,-0.28603567785431283,-0.47361308112864053,0.11522905137872808
292,33.9100612204625,-0.0546781531073699,-0.048489688885390646,-0.7814142504826193,-0.7282502443792769,-0.0,-0.16703936020079108,-0.5181381903084714,1.8302895925213745,-0.305730402516937,-0.47568384796568225,0.03481253348610036
293,33.90474495710317,-0.0519971415662745,-0.049258710072609305,-0.8202016567944,-0.7673509286412514,-0.0,-0.1840186398886573,-0.5340228933959323,1.8311933572924612,-0.33697371098210277,-0.4832279458122973,-0.09195141241512317
294,33.89933608736096,-0.0420845753520936,-0.05005426299354538,-0.8239128253761675,-0.7771260997067451,-0.0,-0.1816921390279529,-0.5380560357910191,1.8321128651486371,-0.33288050540948727,-0.49103231996668023,-0.05656189673491607
295,33.893212592720175,-0.0767863675020673,-0.050578251331050435,-0.8393854663031624,-0.8455522971652005,-0.0,-0.1872253215495527,-0.540518326572277,1.8331538592375702,-0.3432128207455576,-0.49617264555760476,-0.06225936659641729
296,33.88347219713414,-0.0943322953369367,-0.05074750393450297,-0.8559886772197567,-0.8260019550342133,-0.0,-0.19520043874412166,-0.5371768672977872,1.8348097264871963,-0.35815566362228257,-0.4978330135974741,-0.01043638005455616
297,33.859231086460106,-0.1799750361742443,-0.05091675508047914,-0.8670590547877889,-0.7282502443792769,-0.0,-0.19988011749967877,-0.5388268605267753,1.838930715301782,-0.3675656874482885,-0.4994933673395004,-0.04105709975357563
298,33.84250092059592,-0.1667904452246105,-0.05046886590222028,-0.8829108125446231,-0.6011730205278596,-0.0,-0.2105638696351958,-0.5548006706959145,1.841774843498694,-0.38781123804384215,-0.49509957450078096,-0.15466056816534623
299,33.82373492894554,-0.1930047879748413,-0.049989108316415086,-0.8825815465790546,-0.6011730205278596,-0.0,-0.21257226061128226,-0.5658296270091746,1.844965062079258,-0.3921883939950226,-0.49039315258403204,-0.28140852605119504
300,33.81569971831845,-0.1264568925384595,-0.04955561812561519,-0.9104985493992868,-0.6304985337243405,-0.0,-0.2298384875631657,-0.5709696510029945,1.8463310478858637,-0.42435793558700174,-0.486140613812285,-0.30932552887142717
301,33.79451204018344,-0.1778607074454039,-0.04918354880865727,-0.9154562492860272,-0.6109481915933532,-0.0,-0.23404396074541914,-0.5689848819134294,1.849932953168815,-0.4329656354730994,-0.4824906138129278,-0.2849577155616867
302,33.78167445917356,-0.1496182877256829,-0.04881147266631049,-0.9102279871068788,-0.5327468230694041,-0.0,-0.23291607735315253,-0.568599195259418,1.852115341940495,-0.4313874402503729,-0.4788405468565059,-0.29927979551352557
303,33.76276122589278,-0.1821080537102782,-0.04834015671580091,-0.9228839154171368,-0.591397849462366,-0.0,-0.24182589349137887,-0.57424226427087,1.8553305915982272,-0.44866697803512984,-0.47421693738200693,-0.39013709234773264
304,33.7389792054079,-0.2183699454711291,-0.047861768004205926,-0.9443512736993692,-0.591397849462366,-0.0,-0.2553695213035888,-0.5730437325635644,1.8593735350806568,-0.4748273295781091,-0.46952394412126014,-0.35295342423700327
305,33.720213798217074,-0.2068101710593118,-0.04736255358684778,-0.9406341376159676,-0.5131964809384169,-0.0,-0.2555657552048041,-0.5707507164246831,1.8625636543030974,-0.47600748692899086,-0.4646266506869767,-0.34923628815360164
306,33.718963728608536,-0.0804592700667491,-0.04683814896323849,-0.965103151020304,-0.4740957966764414,-0.0,-0.2714340664662929,-0.5775796845221568,1.862776166136549,-0.5056209096909343,-0.45948224132936966,-0.4519066700818871
307,33.70708553722021,-0.099054237854821,-0.04631373143049026,-0.9623278684449734,-0.4936461388074287,-0.0,-0.2724106607774944,-0.5823461879309652,1.8647954586725644,-0.507990163111864,-0.45433770533310947,-0.488232071768532
308,33.69934506239157,-0.0837922931564149,-0.0465741717565834,-0.958655321227458,-0.5229716520039105,-0.0,-0.2688814357981821,-0.5813867817360383,1.8661113393934328,-0.5017626962953748,-0.45689262493208316,-0.4650091824200293
309,33.68853470558877,-0.0955267934484144,-0.04689775696081501,-0.9522486549907544,-0.5522971652003914,-0.0,-0.2634877252233526,-0.5777264840989281,1.8679491000499087,-0.4921816592051591,-0.4600669957855953,-0.4292770029868439
310,33.67993155094141,-0.0967643030307005,-0.047265997234494206,-0.961515783670082,-0.5816226783968723,-0.0,-0.2663064362723161,-0.5748987675117428,1.86941163633996,-0.49783635079969374,-0.4636794328703882,-0.40921861846969054
311,33.65866981926689,-0.1685510381151099,-0.04768913685743108,-0.9626770379253744,-0.591397849462366,-0.0,-0.2641963169849271,-0.5713120991136543,1.8730261307246285,-0.4948466053539755,-0.4678304325713989,-0.3810543595285021
312,33.64127907303996,-0.1709308289255306,-0.04811226792247393,-0.9702396530883552,-0.5816226783968723,-0.0,-0.2655985807302936,-0.5694662702470932,1.8759825575832065,-0.49825830476888594,-0.4719813483194693,-0.3788418036259893
313,33.62994721294942,-0.1243597309745333,-0.04771820851349296,-0.9860437301300446,-0.6304985337243405,-0.0,-0.27580043113858893,-0.5705495336097156,1.877908973798599,-0.5179281046126787,-0.46811562551736596,-0.40442105173317233
314,33.622347370161336,-0.1115338114994642,-0.04726281659499809,-0.9856205466115672,-0.6011730205278596,-0.0,-0.2777629058924042,-0.5675469741753739,1.8792009470725728,-0.5219723158146359,-0.4636482307969313,-0.35512201288722667
315,33.609580963367286,-0.1165593582091591,-0.04684386546820621,-0.9694260792731334,-0.6207233626588469,-0.0,-0.27101921684124064,-0.5663898674672755,1.8813712362275614,-0.5098877590300305,-0.4595383202431029,-0.3682530587452738
316,33.5980715028966,-0.1040662964902582,-0.046473335517062495,-0.9331499270057348,-0.6207233626588469,-0.0,-0.2534059627351469,-0.5624063749041504,1.8833278445075776,-0.47724650558335174,-0.4559034214223831,-0.312426564346888
317,33.59101236741969,-0.0755866668717122,-0.046102799171560155,-0.9112498915312902,-0.562072336265885,-0.0,-0.243552473942016,-0.5590023254381555,1.8845278975386532,-0.4589814316582851,-0.4522684598730051,-0.29052652887244335
318,33.57494704375958,-0.1394703770232207,-0.045227632360074946,-0.8542510477702524,-0.5327468230694041,-0.0,-0.2175472331888769,-0.5576895386182411,1.8872590025608715,-0.41056797431791714,-0.44368307345233526,-0.29217871150436736
319,33.56052482396523,-0.147366951748244,-0.04431770770381324,-0.6672775886140293,-0.5425219941348978,-0.0,-0.12304574779889746,-0.5464174147190833,1.8897107799259105,-0.2325208760396214,-0.4347567125744079,-0.13453076554462517
320,33.53846489248642,-0.2082766572237511,-0.0429344367120118,-0.6326528099627108,-0.5718475073313787,-0.0,-0.11168225242597367,-0.5379444103940042,1.8934609682773091,-0.21146598581787496,-0.4211868241448358,-0.09013081582781302
321,33.53183507775108,-0.1107254125919716,-0.04093512221681031,-0.598184879999715,-0.591397849462366,-0.0,-0.10377524149615229,-0.5321060621072548,1.8945880367823158,-0.19661133105280587,-0.40157354894690916,-0.026337372668336356
322,33.51674821790967,-0.1482218610640956,-0.03893564380509391,-0.5061382869397847,-0.5327468230694041,-0.0,-0.06545578248540039,-0.5176398856902754,1.8971528029553557,-0.12417962121181342,-0.38195866572797127,0.08525956252258127
323,33.50954425309649,-0.1052416952237064,-0.03620761628343237,-0.3970527401527259,-0.6109481915933532,-0.0,-0.02204831490045986,-0.5036683914077315,1.8983774769735962,-0.04185602441225433,-0.35519671574047157,0.13569408291667823
324,33.48206426355346,-0.2042428905093764,-0.033440169115747286,-0.3786337975196171,-0.6402737047898341,-0.0,-0.02668705341224759,-0.48428894807416284,1.8955160658883652,-0.05058573849413622,-0.3280480590254809,0.2323143940737361
325,33.461042831362505,-0.202263289923076,-0.03162003767461822,-0.353740148831517,-0.6109481915933532,-0.0,-0.02303786935996762,-0.4641250872544845,1.8902607078406262,-0.04354757924351227,-0.31019256958800473,0.28653355595831714
326,33.444847637167406,-0.1822553530081843,-0.031039120710888997,-0.3692479203936754,-0.5522971652003914,-0.0,-0.034330260508303775,-0.4538024578299426,1.8862119092918515,-0.06475414621985431,-0.30449377417382106,0.24170027119967785
327,33.42999023341122,-0.2073423399108671,-0.03045819326226638,-0.3530296051839549,-0.5718475073313787,-0.0,-0.028809986520554824,-0.44823748062330643,1.8824975583528043,-0.05423472928112166,-0.2987948759028332,0.19926756001643653
328,33.435623263299895,-0.0401257571791213,-0.031082357662576398,-0.3632870654672097,-0.6500488758553278,-0.0,-0.030983044007311476,-0.4373990724087111,1.8839058158249737,-0.058369136797335186,-0.3049179286698745,0.208560441864169
329,33.41394874009255,-0.164778558303932,-0.03176682556436484,-0.362828497602714,-0.6304985337243405,-0.0,-0.02725381318779895,-0.41779059773198796,1.8784871850231375,-0.05119593881629492,-0.3116325587864191,0.28722037825261376
330,33.39816776128469,-0.1599053007993592,-0.03200529522618088,-0.309722244405188,-0.5718475073313787,0.0,0.0022670614469785387,-0.397060242604771,1.8745419403211723,0.004249701763646474,-0.31397194616883445,0.32077628931915253
331,33.36411080130938,-0.2715094440219734,-0.0316457968158291,-0.2611090059767065,-0.5229716520039105,0.0,0.026439189931597617,-0.38194961581824793,1.8660277003273449,0.04933626078657699,-0.3104452667632835,0.3107385013546722
332,33.34792770708663,-0.2061940458645296,-0.03128629431145621,-0.1696478660083454,-0.4936461388074287,0.0,0.07372288592781494,-0.36118495383327054,1.8619819267716582,0.13727068118704003,-0.3069185471953854,0.35332378599556513
333,33.32436299965256,-0.2374513247027602,-0.030653965990682645,-0.1636143269916513,-0.42521994134897323,0.0,0.07386550435821175,-0.34492803530358324,1.8560907499131392,0.1371010793769455,-0.3007154063685968,0.3300318118157774
334,33.31081688140651,-0.1806065369314036,-0.030001123238030957,-0.1538816732649584,-0.4740957966764414,0.0,0.07579695893037532,-0.335602659485359,1.8527042203516273,0.1404293457001253,-0.2943110189650837,0.27133826808401484
335,33.29852714336525,-0.1253102960661863,-0.02848776917357217,-0.1453111821025919,-0.4936461388074287,0.0,0.07253002166003042,-0.31612187810666703,1.849631785841312,0.13415383349015111,-0.279465015592743,0.32878461457384955
336,33.2822185506563,-0.1482251650572965,-0.025864155112300478,-0.084446551348041,-0.5229716520039105,0.0,0.0917235430742305,-0.2874646712985298,1.8455546376640757,0.1692808103036267,-0.2537273616516677,0.40919958745938767
337,33.263400810538585,-0.1700220224837701,-0.023240362887397555,-0.0372526116610442,-0.48387096774193505,0.0,0.1036126394159303,-0.2542194299657738,1.840850202634646,0.1907353482643258,-0.22798795992537002,0.4857190403428663
338,33.24121172456742,-0.1910827470101532,-0.02144884901180064,-0.0048314297501941,-0.45454545454545414,0.0,0.11201517502490178,-0.22713890665634887,1.8353029311418552,0.20558177905557018,-0.21041320880576428,0.4790395379917409
339,33.23138689429119,-0.1215728242930804,-0.019712621762426143,0.0052502360068257,-0.37634408602150504,0.0,0.10837297682428755,-0.20388345056400142,1.8328467235727977,0.19863105549622617,-0.19338081948940047,0.45979569055227987
340,33.21380496948331,-0.1675996311295788,-0.01874528551103475,-0.0153673587524683,-0.3958944281524923,0.0,0.09216756137957999,-0.1920529056197209,1.8284512423708281,0.16852389211078259,-0.1838912508632509,0.36097672726903673
341,33.198536943975775,-0.1716793409062532,-0.018691817061332723,-0.0126860787803509,-0.34701857282502413,0.0,0.09354238960574324,-0.17277573870539603,1.8246342359939436,0.17068064659132312,-0.18336672537167403,0.38320834937214143
342,33.16065953817271,-0.2906474536273407,-0.0186383485581743,-0.0226754220230471,-0.3861192570869987,0.0,0.08823814227375383,-0.15927799155861255,1.8151648845431771,0.1601667773326428,-0.1828421993556899,0.324343150801977
343,33.13218279870085,-0.2932514627477296,-0.018910116974297314,-0.0208709550266897,-0.3958944281524923,0.0,0.09105814776736088,-0.1385561705166739,1.8080456996752132,0.16463729249116696,-0.18550824751785666,0.365248302060309
344,33.11371949878182,-0.2202767055416737,-0.019205983019738138,-0.0202418056211715,-0.27859237536656867,0.0,0.09324947432783232,-0.11614607655973724,1.8034298746954547,0.16816888780245964,-0.18841069342363115,0.3756526225313208
345,33.092701788575894,-0.180078406848252,-0.01934322617226995,-0.0312962242117308,-0.2590420332355814,0.0,0.08812311656791853,-0.11149164136307423,1.7981754471439735,0.1584608245382374,-0.1897570487499682,0.24729615115483788
346,33.06127488022469,-0.1973300125452555,-0.01929187065963281,-0.0582824567241418,-0.32746823069403685,0.0,0.07315501590842262,-0.10786828636094672,1.7903187200561717,0.13097079444685605,-0.18925325117099787,0.2007595765114396
347,33.06595878406257,-0.0801536111734464,-0.019240515096096613,-0.0551906860225001,-0.26881720430107503,0.0,0.07455179193452723,-0.0889061850365262,1.7914896960156432,0.13355876707020767,-0.18874945309270777,0.27227754467153675
348,33.0444066009928,-0.1362573682352367,-0.019373890064312716,-0.0550163620487485,-0.3176930596285432,0.0,0.07560683876160891,-0.07923990163429466,1.7861016502482001,0.13504149948215927,-0.19005786153090776,0.21380084225232654
349,33.02336390419895,-0.1563370717929247,-0.019521215402211117,-0.0668689514991478,-0.32746823069403685,0.0,0.06998613198636457,-0.06448942958296014,1.780840976049738,0.12463417159654326,-0.19150312309569106,0.25082410812939543
350,32.999185407094224,-0.2085712700145275,-0.01951178896606287,-0.0650880060906096,-0.22971652003910048,0.0,0.07117585267753837,-0.047992850725809846,1.7747963517735559,0.12632264366646717,-0.19141064975707678,0.26238022460342725
351,32.98306556665093,-0.1778244111458547,-0.01930149233374363,-0.0617637443020554,-0.23949169110459412,0.0,0.07205009994128567,-0.045043813240484364,1.770766391662732,0.12758389549196963,-0.18934763979402502,0.1679527757370451
352,32.96299913055307,-0.18070308667699,-0.01909119484750049,-0.0592217548971414,-0.21994134897360684,0.0,0.07252605539925099,-0.0369109219600938,1.765749782638268,0.1280628665568384,-0.1872846214539798,0.1802699362074527
353,32.93902957534799,-0.2026488730310353,-0.019425270619475958,-0.0768933912110594,-0.1808406647116323,0.0,0.0645932865314778,-0.031223075749963178,1.7597573938369968,0.11366851356599977,-0.19056190477705917,0.14304795776254745
354,32.92994530354559,-0.1472029521744024,-0.01978491234180408,-0.0989319164739716,-0.19061583577712593,0.0,0.054144417625060615,-0.03214341256641815,1.7574863258863966,0.09515807359912644,-0.19408999007309805,0.08190874823766069
355,32.91838115636944,-0.1476242033055695,-0.02009779019554556,-0.0985321716851811,-0.21994134897360684,0.0,0.05621076880021716,-0.028058553297725056,1.7545952890923604,0.09862715013312086,-0.19715932181830195,0.09208366409194484
356,32.9087381857843,-0.1100865577473806,-0.02034840802518533,-0.0889943577226701,-0.24926686217008776,0.0,0.06313463112591294,-0.017499180256191255,1.7521845464460752,0.11062352500439802,-0.19961788272706812,0.13094699125093673
357,32.8955978282878,-0.1443852153983929,-0.020599024576233093,-0.0902812155352674,-0.2590420332355814,0.0,0.06392318043528332,-0.005227609252631064,1.7488994570719494,0.11179521555757925,-0.20207643109284665,0.15898564663482034
358,32.88663771734848,-0.1256133502918074,-0.0201504835060348,-0.0681077560422505,-0.21994134897360684,0.0,0.07418073894412483,0.008870870469453408,1.7466594293371194,0.1295684871519509,-0.1976762431942014,0.1909342771933309
359,32.8798876298621,-0.0404844896757305,-0.019662779242763762,-0.0442662092340483,-0.21994134897360684,0.0,0.08517366640780756,0.018806761500528738,1.744971907465524,0.1486256551374642,-0.1928918643715125,0.17567513973955853
360,32.871268864432714,-0.0575780131932404,-0.0192836725438647,-0.0383352296750697,-0.2101661779081132,0.0,0.08654814548887288,0.029218429831289933,1.7428172161081785,0.15083759798024304,-0.18917282765531274,0.18160611929853715
361,32.879526893784025,0.0249110413273677,-0.019067301136997134,-0.0426896972060233,-0.2590420332355814,0.0,0.08273370338409973,0.037933750771362885,1.7448817234460061,0.1443605269479186,-0.1870502241539419,0.1674764807020899
362,32.88437240980505,0.0491852720121727,-0.018850928837135277,-0.0421097202527116,-0.23949169110459412,0.0,0.08179282733497416,0.05349952957485477,1.7460931024512631,0.1428178916395855,-0.1849276118922971,0.2169323129828698
363,32.90021199767042,0.1319972977421786,-0.01898953337809941,-0.0437161110795141,-0.3079178885630496,0.0,0.08146679638107363,0.06452774381139997,1.7500529994176044,0.14257121135964113,-0.18628732243915522,0.19577558002508003
364,32.90641289951455,0.0923125302778932,-0.0191560073537167,-0.0432959450134476,-0.27859237536656867,0.0,0.08256692216157217,0.08392959386609308,1.7516032248786373,0.14462448712651324,-0.18792043213996085,0.264621943549602
365,32.927413287367855,0.1393757280170463,-0.01958022547661436,-0.053769888085711,-0.2590420332355814,0.0,0.07872718918552817,0.09567555824815638,1.7568533218419637,0.13831212383987587,-0.19208201192558688,0.22482248728085766
366,32.940074586404094,0.134974199496688,-0.020337152664814704,-0.0596892876318032,-0.24926686217008776,0.0,0.07944130607936921,0.10379388244851614,1.7600186466010235,0.13981818001002905,-0.19950746764183225,0.1993527456037782
367,32.95275761627868,0.1233259601879246,-0.02109406819642846,-0.0555991913274333,-0.26881720430107503,0.0,0.08582947318661979,0.11341608243088042,1.7631894040696703,0.1513336176795299,-0.2069328090069632,0.19366767084265446
368,32.97032335362902,0.1424912206736667,-0.02134728033366944,-0.0481439968296408,-0.2590420332355814,0.0,0.09123929143120682,0.12738865733166535,1.7675808384072549,0.1612728232436564,-0.2094168200732972,0.22067320747143424
369,32.98669251694997,0.1647863807733171,-0.02156610956162184,-0.0483964535490238,-0.26881720430107503,0.0,0.09209773437197843,0.13907311023971194,1.771673129237493,0.16316708125048646,-0.21156353479951026,0.2106455796865576
370,32.99343996124179,0.1447697481604624,-0.021353733017044088,-0.023700500237231,-0.27859237536656867,0.0,0.10476136919467131,0.15493195563343254,1.7733599903104476,0.18577962065997153,-0.20948012089720253,0.24511670406384403
371,33.00957166368648,0.1395926694688403,-0.02059081819319896,0.0027279943180785,-0.24926686217008776,0.0,0.11518214062826179,0.174022862735898,1.7773929159216197,0.2047239207933603,-0.2019959264752818,0.2813203696846472
372,33.01584251687331,0.0838618198980222,-0.0198278913794203,0.0506276177416213,-0.2883675464320623,0.0,0.13779913290236678,0.19313196259664367,1.7789606292183282,0.24513923217373446,-0.19451161443211315,0.29989447991170903
373,33.03699834545618,0.1688289733806382,-0.019491524096731144,0.0529331433066172,-0.29814271749755594,0.0,0.13683343213942945,0.2151869593252552,1.7842495863640457,0.24414499469554973,-0.19121185138893254,0.3413006897386795
374,33.061929948614484,0.2277600713565359,-0.019188627065258444,0.0469603946404753,-0.3372434017595305,0.0,0.13136170157383995,0.23520754554592904,1.790482487153621,0.23520082615066065,-0.18824043151018535,0.34510311213803124
375,33.079830824236865,0.2092717849391047,-0.018939493174832234,0.0470776499582825,-0.3176930596285432,0.0,0.12973791929318257,0.25891936142177857,1.7949577060592161,0.23287407800338672,-0.1857964280451042,0.384321051717813
376,33.1106358329921,0.2745170833500155,-0.018755429896956576,0.0543061637454898,-0.3372434017595305,0.0,0.13219191014712547,0.278734311705726,1.8026589582480255,0.2382969310346338,-0.183990767289144,0.371999223374033
377,33.1362823309613,0.255071646229065,-0.018571365983434365,0.0616041060913077,-0.3665689149560114,0.0,0.13475936688966242,0.30131733674710176,1.809070582740325,0.24378920638879883,-0.18218510029749113,0.3988475078508382
378,33.16616440460128,0.2774611344341473,-0.01691780575854621,0.0847374508175194,-0.34701857282502413,0.0,0.13801015850954423,0.32937333496652677,1.8165411011503205,0.25070112530885774,-0.16596367449133834,0.4513063657735308
379,33.19005884847423,0.2668008043250182,-0.015133039892624801,0.1033455159071119,-0.3176930596285432,0.0,0.13816109992388428,0.3544647708207267,1.8225147121185574,0.25180063725376123,-0.14845512134664932,0.450364088732136
380,33.20575756600274,0.176980066340484,-0.013329691986715925,0.1376076235101244,-0.29814271749755594,0.0,0.1469372064294459,0.37894733221896243,1.8264393915006845,0.26837190189980764,-0.13076427838968324,0.4553006831386676
381,33.24367514625543,0.3260017387849943,-0.011502156742202087,0.1496702967631138,-0.32746823069403685,0.0,0.14298369640599887,0.4010070310511036,1.8359187865638567,0.2625064544041163,-0.11283615764100248,0.4478130142606698
382,33.26673076208996,0.2638459724161475,-0.009674583075883647,0.1517303762242136,-0.26881720430107503,0.0,0.13391994042614377,0.42772043762665807,1.8416826905224908,0.24663803619863217,-0.09490765997441858,0.47919860691825045
383,33.298675313410705,0.3400703937263558,-0.007903952350250274,0.1598040824323122,-0.24926686217008776,0.0,0.1283158646294781,0.4464732059716439,1.849668828352676,0.23734185498826738,-0.07753777255595519,0.42862128673338723
384,33.33465457299592,0.3362146100673236,-0.006136289784094512,0.1682604072381624,-0.26881720430107503,0.0,0.12291487534602093,0.46457612903094697,1.8586636432489807,0.22845741002012956,-0.060197002781967164,0.41752726940825013
385,33.38056720925458,0.4492829671052742,-0.004154301605482023,0.2035287857857839,-0.3176930596285432,0.0,0.1306224395569088,0.490390275771183,1.8701418023136447,0.24428248453556256,-0.04075369874977865,0.47234599008685896
386,33.38908714926463,0.2334119624802293,-0.0018909452273992188,0.2398031646009544,-0.29814271749755594,0.0,0.1379892273290525,0.5269365565439893,1.872271787316158,0.25835333728174076,-0.018550172680786337,0.5574962242294976
387,33.432465664083004,0.3041205995317833,0.0003724208376723399,0.2551461282230001,-0.23949169110459412,0.0,0.1335513182646819,0.5553963363793921,1.883116416020751,0.25149267980543444,0.0036534484175656545,0.553288845720556
388,33.47157576599018,0.3870956194941798,0.0022207830510450736,0.2792775707105803,-0.15151515151515138,0.0,0.13603070057697791,0.5774998178363573,1.8928939414975452,0.2574916889798281,0.021785881730752174,0.5187692618151745
389,33.49895317210671,0.3466502572199579,0.004049781540803941,0.2902907986208684,-0.1026392961876832,0.0,0.13189313634689323,0.5703965280486463,1.8997382930266773,0.25056244170558173,0.039728356915286665,0.44180595013601975
390,33.53588463564872,0.3571368403432018,0.005944444834844814,0.3090508164948137,-0.014662756598240456,0.0,0.1323912899523668,0.5679817203015117,1.8938996119397173,0.25073581266498607,0.05831500382982763,0.4116901126824969
391,33.562742293309206,0.2743429995404663,0.00792629669755162,0.3247853704481524,-0.053763440860215006,0.0,0.13074894363278322,0.563653432968311,1.8893338101374348,0.24702839984517103,0.0777569706029814,0.3394481270463929
392,33.60637568012739,0.3596836136041514,0.009908117426353731,0.3774125832666289,0.014662756598240456,0.0,0.14889821400392128,0.5700307714041314,1.8819161343783433,0.2802139513140988,0.0971986319525301,0.4311760241268439
393,33.625536670568444,0.2591816052709689,0.012295592784761668,0.4572263633899228,0.053763440860215006,0.0,0.17917388951241184,0.5743767451908474,1.8786587660033645,0.3366065981714108,0.12061976521851198,0.44256360679168233
394,33.66322954853364,0.3302800105184106,0.014710456669820923,0.5456743365412291,0.1026392961876832,0.0,0.2143755092638063,0.5800122784803697,1.8722509767492805,0.4013647566102858,0.14430957993094326,0.4919108956810141
395,33.687081773482845,0.2742254077899981,0.016876132720476094,0.5931783979546498,0.07331378299120228,0.0,0.22889649341860419,0.5825778911885928,1.8681960985079162,0.42762353596677927,0.16555486198787048,0.4905391017669666
396,33.707118840977095,0.2223938990761489,0.018721544945339685,0.6028871600994657,0.12218963831867047,0.0,0.22481290108542118,0.5862614612249126,1.8647897970338938,0.4192288041856834,0.18365835591378232,0.5295733771082635
397,33.7210889843562,0.1733280464434601,0.02056689339291096,0.6542665630432414,0.19061583577712593,0.0,0.2429669916738945,0.5882905976058017,1.8624148726594458,0.45250533885878486,0.20176122418445652,0.5320769247245709
398,33.737439151341576,0.1627000798363768,0.0227150532129337,0.6910700432796505,0.16129032258064502,0.0,0.251788810479987,0.5870816365832507,1.859635344271932,0.46823537126077086,0.2228346720188796,0.5004542075025246
399,33.76521805999509,0.228105287775695,0.024885030122608977,0.7658190472736555,0.20039100684261957,0.0,0.28125142338992537,0.594798388273734,1.8549129298008342,0.5216969017708614,0.24412214550279407,0.6045287246930104
400,33.776220052487304,0.185352996978406,0.026839281204839218,0.8873102764047206,0.22971652003910048,0.0,0.33675260935179696,0.6040221498592155,1.8530425910771582,0.6240169277852479,0.26329334861947273,0.686919269562101
401,33.802183790997546,0.2379093013178992,0.02853326520482798,0.9000777756998426,0.27859237536656867,0.0,0.3354737624767387,0.6066889295108402,1.848628755530417,0.6201664440404802,0.2799113316593625,0.6703612556607421
402,33.83068259361999,0.2616376744261982,0.030227167263467906,0.9125776199152704,0.22971652003910048,0.0,0.33412217631316476,0.6053015414895987,1.8437839590846017,0.6160491090606502,0.2965285108546202,0.6339852445487018
403,33.85090783028862,0.224385270260963,0.03173379191053165,0.9162703433628318,0.23949169110459412,0.0,0.328721856420723,0.6090125200354292,1.8403456688509345,0.6049618447205163,0.31130849864231547,0.6865538233237313
404,33.859330885247,0.1250573833015532,0.03322534436843684,0.9200320431610784,0.26881720430107503,0.0,0.32306649241469776,0.6105865365614529,1.8389137495080103,0.594091414906713,0.3259406282543654,0.6805403520564843
405,33.861415822434004,0.0586563798215018,0.034307643241327956,0.9631387609763036,0.27859237536656867,0.0,0.3407998737421274,0.6114828442727136,1.8385593101862192,0.6265807807788764,0.3365579801974273,0.6943215566752285
406,33.85664867874812,-0.0061258135333948,0.03491786625444786,0.9745417318906922,0.32746823069403685,0.0,0.34359457779353847,0.6117229155868584,1.8393697246128191,0.6319974639345587,0.3425442679561335,0.6959493565241235
407,33.86118920364372,0.0198863914148308,0.0355280762495315,0.9706620301763488,0.37634408602150504,0.0,0.33837285685679647,0.6083825983611589,1.8385978353805679,0.6221316021684448,0.348530428007904,0.6431937994823119
408,33.87699100986468,0.1080106200016809,0.035319759016826824,0.9603211869025328,0.3861192570869987,0.0,0.33434854647280454,0.6036534691825687,1.835911528323004,0.6138343509474615,0.3464868359550712,0.5839771008810277
409,33.88599851350786,0.1161325228124824,0.03505438587591955,0.947303880449797,0.26881720430107503,0.0,0.32895052926875673,0.6008684578288626,1.8343802527036641,0.6034203550070261,0.34388352544277084,0.5611846233627983
410,33.895919262899696,0.0966905767827828,0.03495986423629405,0.945847622062064,0.2101661779081132,0.0,0.3289645976187375,0.6087900191325989,1.8326937253070517,0.6028913539040193,0.34295626815804464,0.6770304177609889
411,33.8961100849581,0.0363439544226835,0.035091211960298324,0.9461325743111296,0.20039100684261957,0.0,0.3284228186211896,0.6162351730702912,1.8326612855571225,0.601887784980603,0.3442447893305266,0.7359663964030164
412,33.899697419361495,0.0295230030615839,0.035222559078157516,0.9501918336900744,0.21994134897360684,0.0,0.33004451532189866,0.6191043002692826,1.8320514387085458,0.6046585291333492,0.34553330455672526,0.7498008268474549
413,33.89876922000308,0.0133894687259005,0.03588517032590259,0.955036569078305,0.1808406647116323,0.0,0.32911254754768393,0.6184318453458577,1.8322092325994759,0.6030030481812005,0.35203352089710443,0.7350952201046982
414,33.89543551822663,-0.0316891147972437,0.036571934194798046,0.9607734057540048,0.1808406647116323,0.0,0.3284649863469775,0.6209223213497753,1.8327759619014734,0.602002731303036,0.35877067445096883,0.7799327410423725
415,33.890369912636416,-0.0638612826497959,0.037023094502159,0.9660234645973416,0.2101661779081132,0.0,0.32876020159522185,0.6222903330318706,1.8336371148518091,0.6028269075311617,0.3631965570661798,0.7851827998857093
416,33.88870491956584,-0.0230237135145715,0.03715727327352233,0.9684514240496,0.16129032258064502,0.0,0.3293156295454563,0.6204833433830486,1.8339201636738072,0.603938573236346,0.3645128508132541,0.7582852461414868
417,33.88214405351649,-0.0414227296074293,0.03729145137498667,0.9715992745244534,0.15151515151515138,0.0,0.33011357705988303,0.6229298278703921,1.8350355109021965,0.6057701365358341,0.36582913798861927,0.8103089519438084
418,33.880803533304174,-0.0293785259005117,0.03699752286480701,0.970222006348313,0.16129032258064502,0.0,0.3308932697418319,0.6249359876246426,1.8352633993382903,0.6072763070445563,0.36294569930375675,0.8187068548331616
419,33.8781315177803,-0.0325272017438451,0.036680525402569567,0.9656087094503384,0.1808406647116323,0.0,0.32999233727395066,0.6240283757390306,1.8357176419773495,0.605772755251131,0.35983595419920744,0.8043183868696934
420,33.8722443821004,-0.0466619232688162,0.03666806620862349,0.9718383039523488,0.21994134897360684,0.0,0.33327077035954555,0.6223520929673164,1.8367184550429323,0.6121245744457524,0.35971372950659647,0.7909976392407165
421,33.86234793750266,-0.0807088233579675,0.03706671879244908,0.9701210672757749,0.16129032258064502,0.0,0.329904414326075,0.6185787494157226,1.8384008506245475,0.6064965559218494,0.3636245113539255,0.750179718302168
422,33.84742701419747,-0.1335826188657717,0.037465365477470015,0.9929621534535495,0.12218963831867047,0.0,0.33973285324216307,0.6221731618200601,1.8409374075864298,0.6254269181195686,0.36753523533398086,0.8316718308729045
423,33.83832469527153,-0.1211330070874267,0.038103759991675076,0.9958599670372142,0.17106549364613866,0.0,0.33762128236274574,0.6268896968119958,1.8424848018038396,0.6220620815188818,0.37379788551833254,0.8736703287185438
424,33.835434180474095,-0.0722712818382112,0.03875952423839406,0.9966345202795084,0.19061583577712593,0.0,0.33446096106564216,0.6246156626850572,1.8429761893194037,0.6164035875008627,0.3802309327786457,0.8255690266333697
425,33.81690233376409,-0.1440831875355007,0.0391636923734068,0.9926411515010396,0.1808406647116323,0.0,0.32957941684143194,0.6205491928264564,1.8461266032601045,0.6084453293179188,0.3841958221831207,0.8020253157239137
426,33.806581400843555,-0.1355713356686444,0.03925033846868994,0.987434574080585,0.27859237536656867,0.0,0.3259889034733744,0.6195987013974862,1.8478811618565956,0.6023887537027367,0.3850458203778483,0.8065939093689527
427,33.79545667822943,-0.1023397300347009,0.039336984268845694,0.985110335328182,0.27859237536656867,0.0,0.32393959985863696,0.612225201177517,1.8497723647009972,0.5992145196508057,0.3858958156773763,0.7065179599616134
428,33.77677982296721,-0.1418519611185891,0.03942488270852595,0.989757848476072,0.32746823069403685,0.0,0.3254273377169312,0.6086321978949519,1.8529474300955748,0.6029997491054324,0.38675809937063954,0.7111654731095033
429,33.76697090783047,-0.1005929355963579,0.03951287702817832,0.990135195845081,0.2883675464320623,0.0,0.32487275787663306,0.6048967076798893,1.8546149456688201,0.6025138721986516,0.38762132364642937,0.6626669651510442
430,33.76393558533195,-0.0695579393031722,0.03976716670239148,0.9919272842418254,0.27859237536656867,0.0,0.3244037186330429,0.606142351059192,1.8551309504935685,0.601811378891365,0.3901159053504604,0.7035597378097631
431,33.76414831553322,-0.0308732059474626,0.040217859427198986,0.9847052380983284,0.3372434017595305,0.0,0.3181336293202132,0.6074972599553978,1.8550947863593525,0.5901680371175064,0.39453720098082207,0.7061128627317598
432,33.76757734256588,0.0116285851917557,0.04066854396971007,0.986508461678091,0.3665689149560114,0.0,0.3168219414593789,0.603868151756128,1.8545118517638004,0.5875500453352351,0.39895841634285584,0.6492650599185605
433,33.77307273775743,0.0338808663041618,0.04179560327423725,0.9869274139874074,0.40566959921798595,0.0,0.3112427206198336,0.6005664703675421,1.8535776345812367,0.5769125458671399,0.41001486812026744,0.620358499031396
434,33.75848713415803,-0.0381873070317215,0.04297451792594259,0.991143078338762,0.42521994134897323,0.0,0.30686719214002245,0.5965517333932167,1.8560571871931346,0.5695630574852653,0.42158002085349683,0.5854734791207761
435,33.74982777710272,-0.1819253798095409,0.044011815725329334,1.0069168336926992,0.43499511241446687,0.0,0.3096376074781272,0.5948254021463536,1.857529277892537,0.5751609214272184,0.43175591226548077,0.581696892343726
436,33.73480130372314,-0.2232583019045304,0.0448805786666821,1.007031589872207,0.43499511241446687,0.0,0.3046922508240988,0.5932413264202939,1.8600837783670665,0.5667531131520556,0.44027847672015147,0.5720364774577402
437,33.79291066860866,0.2471551391619225,0.04574930766741223,1.0128197977411508,0.5131964809384169,0.0,0.3048413731023071,0.5965293344178318,1.8502051863365272,0.5640190895238368,0.44880070821731405,0.577824685326684
438,33.7981782752166,0.1239952628263776,0.04660694343299123,1.006435968147566,0.5131964809384169,0.0,0.2969874948936478,0.5911752516141981,1.849309693213178,0.5492218530699221,0.457214115077644,0.49323948720914923
439,33.76406798206998,-0.1523647009355097,0.04746363598817816,1.0026387024721408,0.562072336265885,0.0,0.2894819628688349,0.5866508014855971,1.855108443048103,0.537020433428113,0.4656182690440278,0.48944222153372396
440,33.72916697283546,-0.2593923392210297,0.04800564631386024,1.007517754959196,0.5229716520039105,0.0,0.2883236787428715,0.5816699623546849,1.861041614617972,0.536582364620227,0.47093539033896903,0.445445418693311
441,33.72794494271839,-0.0910738252879115,0.04813689126357568,0.989063380009529,0.5131964809384169,0.0,0.2776847035620417,0.5817609827411592,1.861249359737874,0.5168404767138515,0.47222290329567745,0.4660917280056185
442,33.7470312428988,0.086911530206689,0.04826813538220115,0.990932698561669,0.5425219941348978,0.0,0.27848276896561386,0.5841617988475868,1.858004688707204,0.5174222904622756,0.4735104080993933,0.47773621762325214
443,33.76246809217157,0.265762958442243,0.04697604613992329,0.954595706955306,0.5816226783968723,0.0,0.26612369509112377,0.580826102792851,1.8553804243308336,0.49376069432265857,0.4608350126326475,0.4120737128204083
444,33.754780271965295,-0.0078402797808602,0.045601362278533536,0.9273792744290752,0.5034213098729223,0.0,0.2585410567390473,0.5740067073295456,1.8566873537658999,0.48002991047666116,0.44734936395241404,0.3457565960322029
445,33.747133990825844,0.0144249825539883,0.04369739033977051,0.8907525276857388,0.4936461388074287,0.0,0.24869984200683368,0.5745551701673461,1.8579872215596065,0.46208112845259003,0.42867139923314873,0.38733121781281643
446,33.750678516116096,0.007639392245246,0.04110087224069095,0.867181414917866,0.5522971652003914,0.0,0.24980386139837285,0.5749845802324727,1.8573846522602635,0.4639818582366878,0.40319955668117824,0.37353527611043735
447,33.72309557077104,-0.174553557196792,0.03850407654435065,0.8582947932106019,0.4643206256109478,0.0,0.25808311918058713,0.5685376675887327,1.8620737529689237,0.48056980231052193,0.37772499090007994,0.30599762801021047
448,33.709115507826674,-0.1126068166745752,0.03674805241528669,0.8350712046863158,0.45454545454545414,0.0,0.2545376480596331,0.5703038378208163,1.8644503636694654,0.47457281049235334,0.36049839419396246,0.370750579075368
449,33.71427381809535,0.0193859403420449,0.035030633741745365,0.8346661134961686,0.4154447702834796,0.0,0.26348067807375425,0.5730523279607547,1.8635734509237905,0.49101559648964654,0.34365051700652205,0.38012065895071445
450,33.72220441136631,0.0388203681347348,0.03379315244642205,0.8033656224980579,0.3958944281524923,0.0,0.2533822355708563,0.5742658376674606,1.8622252500677268,0.4718547969986575,0.33151082549940036,0.3879208522145783
451,33.7299412305926,0.0625525242344065,0.033173926515210554,0.797319755496796,0.3958944281524923,0.0,0.25357676551562136,0.5758155026508693,1.8609099907992577,0.47188353638258046,0.32543621911421555,0.4014253273443037
452,33.72768005388617,0.001088940106437,0.032554687849486286,0.7868021709838108,0.37634408602150504,0.0,0.25113742644953535,0.5753634841213341,1.8612943908393513,0.4674406831803503,0.31936148780346046,0.39090774283131846
453,33.73139785559986,0.0109060799585404,0.03296136946469979,0.804014644017308,0.34701857282502413,0.0,0.25832930182653624,0.5777685902174221,1.860662364548024,0.4806636095686031,0.32335103444870494,0.427670557995803
454,33.720012431117546,-0.0839873470145311,0.033448294118034946,0.8008462899583415,0.26881720430107503,0.0,0.25379526522249024,0.5799977909122895,1.8625978867100172,0.4727185246604187,0.3281277652979228,0.4538277171333174
455,33.718790805854354,-0.0463323125920504,0.03411934890818458,0.8011869627420719,0.2590420332355814,0.0,0.2504159098603622,0.5860320851571791,1.8628055630047597,0.4664761499527812,0.3347108127892907,0.5323697584409969
456,33.711569850696755,-0.0589340710743084,0.03502975123430439,0.847063966194045,0.2101661779081132,0.0,0.2700714379646406,0.5916710211130742,1.8640331253815516,0.5034221065855189,0.3436418596085261,0.5880219329584636
457,33.70418257381366,-0.0572281162233202,0.035940124491883156,0.8881305153009085,0.22971652003910048,0.0,0.2871179237192366,0.5989777754472868,1.8652889624516775,0.5355578940355348,0.35257262126537375,0.6779643373927953
458,33.67908905954975,-0.2069160347264008,0.037327453084613944,0.8990989420920295,0.23949169110459412,0.0,0.2850500077687789,0.5995778468659448,1.869554859876542,0.5329166273319667,0.3661823147600628,0.669382422052929
459,33.68281995765675,-0.076848885026269,0.03875247006811013,0.9395032597413,0.3079178885630496,0.0,0.29928586919036276,0.601619316120224,1.8689206071983528,0.5593415283731396,0.38016173136816045,0.7000115686367059
460,33.68202015621608,-0.0255413125185874,0.03963006558042548,0.9651437343404522,0.3665689149560114,0.0,0.3083763216084233,0.5995368526952134,1.8690565734432658,0.5763727909964782,0.38877094334397394,0.6572258457774026
461,33.66734700559255,-0.1054926082747177,0.03987591616129058,0.9612327222019682,0.43499511241446687,0.0,0.3045869345283241,0.5932807965039067,1.8715510090492657,0.5700499846597076,0.39118273754226063,0.5946638072459568
462,33.65911273369865,-0.1311999221090284,0.04012176432814043,0.9635923551234762,0.4740957966764414,0.0,0.3043314519154876,0.5865872242444528,1.8729508352712296,0.5699978470644186,0.3935945080590576,0.5285972427090093
463,33.655167788223615,-0.0670932606034648,0.040284958812254294,0.9893042728861604,0.45454545454545414,0.0,0.317091170520569,0.5836008736809831,1.8736214760019854,0.5941088269379458,0.39519544594821465,0.515208476209719
464,33.65261863489165,-0.0224102529880164,0.04044217222278475,0.9991869679918336,0.4447702834799605,0.0,0.3214683200178215,0.58508187844035,1.874054832068419,0.6024492584863153,0.3967377095055184,0.5446415134463795
465,33.64487041244963,-0.0552328458710239,0.04031895458782966,1.0373845452249664,0.45454545454545414,0.0,0.3422550781874509,0.588751455103458,1.8753720298835632,0.6418556007183573,0.39552894450660897,0.5926142617450059
466,33.64114978965094,-0.0624259689982259,0.03984840070906627,1.0382175655899453,0.45454545454545414,0.0,0.34504434413427426,0.589302900340619,1.8760045357593402,0.6473047546340052,0.3909128109559401,0.5836721110444911
467,33.63316359649233,-0.0526056817000564,0.039377837992832745,1.037162188032383,0.45454545454545414,0.0,0.34669154480486436,0.588552892856731,1.8773621885963037,0.6508655973226937,0.38629659070968925,0.5826167334869288
468,33.61204112695411,-0.1566352794149091,0.03934188273602648,1.0405068602895706,0.34701857282502413,0.0,0.3479953979284941,0.5876254114046423,1.880953008417801,0.6545629906491508,0.38594386964041977,0.5859614057441165
469,33.60334332623114,-0.1084534245762263,0.03933892870839141,1.044351012451599,0.27859237536656867,0.0,0.34977956688606693,0.5947717589277489,1.882431634540706,0.6584361218222792,0.3859148906293198,0.6973324396265748
470,33.59872069576042,-0.0801400927422546,0.03940518435266986,1.0827347558464824,0.23949169110459412,0.0,0.36967047306224476,0.6048609428690922,1.8832174817207286,0.696169897346791,0.38656485849969136,0.8041423804799137
471,33.58423703811213,-0.1015029501980351,0.03956437265109407,1.0843361069140822,0.23949169110459412,0.0,0.3692088374854372,0.6098144795354807,1.885679703520938,0.6962096112068494,0.38812649570723284,0.8448444158094881
472,33.58124008887233,-0.0356789449202106,0.03972355994535527,1.0864563369773153,0.23949169110459412,0.0,0.36940526406071245,0.6109362058132574,1.8861891848917043,0.69676821391338,0.38968812306393524,0.8469646458727211
473,33.57602972994812,-0.0893847531275587,0.03896605205364021,1.08366045691458,0.2590420332355814,0.0,0.3716881980702531,0.6105208285377712,1.8870749459088199,0.7014034862683696,0.3822569706462105,0.8441687658099859
474,33.58643545507476,0.0216753402202182,0.03815211711430722,1.0881176831799582,0.26881720430107503,0.0,0.37863637237091563,0.6099983603839766,1.88530597263729,0.7138454142886043,0.3742722688913539,0.8290756499443768
475,33.595980684482406,0.0661124757882849,0.03743869974569517,1.082502714946079,0.23949169110459412,0.0,0.3796970948637792,0.6090615547021296,1.8836832836379909,0.7152290704408094,0.36727364450526967,0.813685510645004
476,33.59460686826095,0.0301450990338888,0.03685505710304542,1.0841532508949048,0.2101661779081132,0.0,0.383565308344926,0.6106412610023125,1.883916832395638,0.7226051407140291,0.3615481101808756,0.8446615597903107
477,33.59483196145344,0.0059372806148304,0.036271401888788225,1.0882037548844576,0.2883675464320623,0.0,0.3887624793648681,0.6137751421317016,1.8838785665529156,0.7323813023554451,0.3558224525290125,0.8780375769763444
478,33.59744598371752,0.0012586115059601,0.03626386005621173,1.0906745985282604,0.32746823069403685,0.0,0.3902053695854275,0.6097526516738456,1.8834341827680214,0.7349261313768234,0.3557484671514371,0.8023070520961981
479,33.596913112400614,0.0416823106068954,0.03628155121415522,1.094525589962482,0.2883675464320623,0.0,0.39213902783018467,0.6052155915360763,1.8835247708918956,0.7386035725516192,0.3559220174108627,0.7670573592684451
480,33.58952024629836,-0.0353742623203451,0.03618647044398736,1.1034647901182215,0.26881720430107503,0.0,0.3971152581764423,0.6070578232551289,1.8847815581292782,0.7484755150627055,0.35498927505551603,0.8150972436861592
481,33.59012122923366,-0.0222434322570586,0.03594335468867978,1.105169954513511,0.26881720430107503,0.0,0.3993069848374398,0.609873996958181,1.8846793910302777,0.7525656450175624,0.3526043094959486,0.8363527502124359
482,33.599668142260626,0.0546342625855945,0.03570023680616369,1.1057137034072748,0.26881720430107503,0.0,0.4012064503184561,0.6110345614097439,1.8830564158156935,0.755494380338809,0.3502193230684658,0.8368964991061998
483,33.60468334241696,0.043252685358668,0.03583068691597848,1.085190177763424,0.3665689149560114,0.0,0.38980429575487047,0.6099418472605541,1.8822038317891163,0.7336911391176751,0.35149903864574894,0.816372973462349
484,33.605691060030445,0.0299571927946889,0.035978767263333176,1.0893484496200732,0.4447702834799605,0.0,0.39127737433944837,0.6031036959019085,1.8820325197948242,0.7363967427667747,0.35295170685329846,0.7227795346640618
485,33.604211530777974,-0.0031850921763783,0.03611801171813928,1.0963835037588308,0.4936461388074287,0.0,0.39423689152432495,0.5955860914864581,1.8822840397677443,0.7420658088038844,0.35431769495494636,0.6516132202788703
486,33.61269904567695,0.0590596635543232,0.03624568679690965,1.1039524387078297,0.5425219941348978,0.0,0.3978976355137172,0.5912484387787105,1.8808411622349188,0.748382251230146,0.35557018747768365,0.610306299900401
487,33.6251668597119,0.1107088726330356,0.036373361284067166,1.0298634791069443,0.4936461388074287,0.0,0.3582440276324344,0.5824378570892277,1.8787216338489776,0.6730408049102454,0.3568226741966989,0.48734148497204655
488,33.63662075261148,0.1032699330605843,0.035891369253772475,0.9362397250097042,0.48387096774193505,0.0,0.3112496473751861,0.576541561206238,1.8767744720560486,0.5841453926301963,0.352094332379508,0.4425935862022755
489,33.63289348514681,-0.0310845206646959,0.03536363752145395,0.9321696019335688,0.4936461388074287,0.0,0.3117342017978363,0.5754696500353996,1.8774081075250424,0.5852523178481055,0.3469172840854633,0.44829863419163374
490,33.65151457036325,0.097827597996421,0.035237293903539565,0.909557715164764,0.45454545454545414,0.0,0.3008574691054183,0.574408372756554,1.874242523038248,0.5638798619710409,0.34567785319372313,0.41591157635733533
491,33.64738639532733,0.0222177907690268,0.03558130673301512,0.8905739471767803,0.45454545454545414,0.0,0.28881995290774093,0.5746404971918171,1.8749443127943537,0.5415213281259019,0.34905261905087837,0.43602849263132615
492,33.6383077501368,-0.0578422458927657,0.03592531534634081,0.8971604717688325,0.42521994134897323,0.0,0.2902940068875088,0.5751818289967412,1.8764876824767434,0.5447331282212291,0.35242734354760336,0.44261501722337837
493,33.6356163891467,-0.0470394675110106,0.03632950681504135,0.9084613410415324,0.3665689149560114,0.0,0.29413158951774765,0.5779765150690993,1.8769452138450613,0.5520688791859767,0.3563924618555557,0.4832413996925592
494,33.63542403218132,-0.0068660970778034,0.03673838387282439,0.8680757228471027,0.3176930596285432,0.0,0.2704731755898368,0.5803494811280807,1.8769779145291756,0.5076721770546954,0.3604035457924073,0.5015068078910913
495,33.648176973057865,0.0843490698512861,0.03717186123051408,0.8554704903724377,0.3176930596285432,0.0,0.26179429065533055,0.5839939217346655,1.8748099145801629,0.49081453170109457,0.36465595867134315,0.5377774307438945
496,33.659369250242435,0.0825478964691386,0.03763481968225641,0.8272783297596099,0.3176930596285432,0.0,0.24458272249726512,0.5837019138526062,1.8729072274587861,0.4580807486766745,0.36919758108293543,0.5095852701310667
497,33.67008954459104,0.0856230891056289,0.03809777005640724,0.8259684370151046,0.24926686217008776,0.0,0.24169365184266772,0.5833829687559355,1.8710847774195225,0.4522293127617495,0.3737391242533551,0.5082753773865614
498,33.678742796275586,0.1046458265670385,0.03884883970397329,0.7833480908955823,0.22971652003910048,0.0,0.21514656642699323,0.5855578062064329,1.8696137246331503,0.4022409733996043,0.38110711749597803,0.5340812287254946
499,33.646722292825274,-0.1965970990510085,0.03961912048158352,0.792691803834911,0.20039100684261957,0.0,0.21547514908264376,0.5865443252452298,1.8750572102197034,0.4040282319105767,0.3886635719243343,0.5629752837958105
500,33.66517219376388,0.0121100013094939,0.039918333511496935,0.7991377496735905,0.22971652003910048,0.0,0.2177116220972921,0.5907720932806265,1.8719207270601403,0.40753889792580555,0.39159885174778497,0.598746742830971
501,33.66213772894212,0.0075708601491473,0.0396028790891662,0.7606725632785644,0.21994134897360684,0.0,0.19876150796274542,0.5870238826953713,1.8724365860798395,0.3721683194138439,0.3885042438647205,0.5309560432394639
502,33.67483280853585,0.0996406415254905,0.03928742071965363,0.7577499616693333,0.23949169110459412,0.0,0.19908285307707696,0.5862455294809872,1.870278422548906,0.3723403644095311,0.3854095972598022,0.5378086126957264
503,33.67993037503651,0.0626162827682046,0.039207160099336835,0.7505722885018427,0.24926686217008776,0.0,0.19575678340769004,0.5848957790592114,1.8694118362437928,0.36595004792734825,0.3846222405744944,0.5110805973972485
504,33.68736849794754,0.0468466309310534,0.03914250652184072,0.7555100845768821,0.21994134897360684,0.0,0.19887194365791053,0.5842045370686925,1.8681473553489183,0.3715220955976246,0.38398798897925746,0.5062432224067943
505,33.68362369431246,-0.0145969725655691,0.03913355602390219,0.7530481534589526,0.27859237536656867,0.0,0.19753378368070357,0.5856939439635755,1.868783971966882,0.36914796886447204,0.38390018459448055,0.5331068044853458
506,33.68887197920714,0.0198888825831875,0.039194385232502245,0.763947300638844,0.3372434017595305,0.0,0.20314366652055235,0.5834892349890729,1.8678917635347856,0.3794503815079969,0.38449691913084705,0.4853549252722753
507,33.68377547129158,-0.0322094851294244,0.03925521429585275,0.7845502445959904,0.3372434017595305,0.0,0.21375510153849034,0.5792786875944065,1.868758169880431,0.3994565923536749,0.3850936522423155,0.44730684283645994
508,33.68917939386613,-0.0011606436849764,0.03936964174215135,0.8051102026057725,0.2883675464320623,0.0,0.22426660129678092,0.5798819141651971,1.8678395030427584,0.4188940171152677,0.3862161854905048,0.467866800846242
509,33.68971554757764,-0.0111481100489647,0.039486738775413,0.8366083307841136,0.21994134897360684,0.0,0.24052673998338112,0.58595876473805,1.867748356911801,0.44924342339731205,0.3873649073868015,0.5482407843520513
510,33.687028690780494,-0.00830234670449,0.039541326434907514,0.8705946602353081,0.23949169110459412,0.0,0.25837326002272143,0.5950576404443179,1.868205122567316,0.48269424790886534,0.38790041232644273,0.6506533112617012
511,33.67525832836849,-0.0881531798907228,0.039515410136992196,0.873539614222662,0.24926686217008776,0.0,0.25980743239454146,0.5961956391684617,1.8702060841773562,0.48589344077876856,0.38764617344389346,0.6340479231180679
512,33.677428135574345,-0.0191299011011428,0.03948949381249463,0.8886756156981477,0.19061583577712593,0.0,0.2680894769089126,0.5962066866121876,1.8698372169523612,0.5012836813975754,0.38739193430057234,0.6394087535280599
513,33.67555669284243,0.0020791107781117,0.038973932454324886,0.9310572793849912,0.17106549364613866,0.0,0.2934103834868754,0.603118195452062,1.8701553622167872,0.548723002008064,0.38233427737692716,0.7404414436078652
514,33.6710323419547,-0.0154573567725484,0.03843241971837565,0.9282222870013388,0.23949169110459412,0.0,0.29461383878067926,0.6068669837472763,1.870924501867701,0.5512002495640735,0.3770220374372652,0.7571567933552001
515,33.66086699964916,-0.0647217301325963,0.03785310228868857,0.9275021975053592,0.20039100684261957,0.0,0.29699222432697264,0.6020906591558443,1.872652610059643,0.5561632640533243,0.3713389334520349,0.6880105064007651
516,33.66013672588994,-0.0489172988959198,0.03722338305246548,0.927197169425868,0.16129032258064502,0.0,0.3001082642129417,0.6027247697890885,1.87277675659871,0.5620357816811816,0.36516138774468637,0.7268061625832485
517,33.645372782122045,-0.1185229452420662,0.03659364903461788,0.9272851957594364,0.17106549364613866,0.0,0.303047806418309,0.6056685197525513,1.8752866270392523,0.5683014987298349,0.35898369702960137,0.7659948731787913
518,33.6351436135719,-0.0851028293350541,0.03656220565025065,0.9385894400401128,0.12218963831867047,0.0,0.30895380810545414,0.6063173981991662,1.877025585692777,0.5799142026111539,0.3586752374289589,0.7675239463939741
519,33.62418110668546,-0.1293060515176763,0.036577392013390324,0.9402730559341956,0.09286412512218956,0.0,0.30946414328823524,0.6091766113558496,1.8788892118634712,0.5814488402828366,0.3588242156513591,0.8180834176155252
520,33.60612765309254,-0.1633893480445523,0.03654573003808488,1.0355471799287643,0.11241446725317683,0.0,0.3597495059397216,0.6180153777732356,1.8819582989742676,0.6770335682551516,0.3585136116736127,0.9426830548065748
521,33.61412004003585,0.0242814456798525,0.03645777743148363,1.0619504836288989,0.1808406647116323,0.0,0.3745080502915037,0.6224362061019395,1.8805995931939055,0.7042996870260445,0.3576507966028544,0.949536016375722
522,33.61987903798626,0.0423654300189083,0.036369824542481215,1.0672196224742845,0.24926686217008776,0.0,0.3779654561629519,0.618686323750457,1.879620563542336,0.7104316437125437,0.35678797876174073,0.8863789577626522
523,33.6322194467042,0.075002574251564,0.03578844231964713,1.060113401871723,0.2590420332355814,0.0,0.37764059255265553,0.6124855901563891,1.8775226940602863,0.7090287827159847,0.3510846191557384,0.8108465397016353
524,33.64037678614985,0.074453482507067,0.035171465099384076,1.0504923193099382,0.2883675464320623,0.0,0.376017659091146,0.6094915750415187,1.8761359463545253,0.7054602466849804,0.34503207262495783,0.7914502860743569
525,33.62022101470146,-0.1145101041618879,0.03505007274022195,1.0465083060116402,0.23949169110459412,0.0,0.37384610489601927,0.6055828340546522,1.8795624275007523,0.7026670924300629,0.3438412135815773,0.7581407595795779
526,33.61106980479305,-0.100070360528866,0.03552263060936564,1.054249373596434,0.19061583577712593,0.0,0.3751876901656973,0.6079659037668727,1.8811181331851818,0.705772367318557,0.348477006277877,0.8147576824918399
527,33.59415486196302,-0.1553899919434843,0.035995180536027835,1.0556985868988469,0.12218963831867047,0.0,0.3729236863878388,0.6120231096334197,1.8839936734662865,0.7025858658404138,0.35311272105843305,0.865082751121721
528,33.59992851650009,-0.0179717776223545,0.03606671770009165,1.067263445212116,0.1026392961876832,0.0,0.3788870633376241,0.6191536034039327,1.883012152194984,0.7134489445742168,0.3538145006378991,0.9450738068934454
529,33.59126566259922,-0.0392610956106507,0.036111727768484016,1.0423140898340817,0.1026392961876832,0.0,0.36511731311664203,0.6205555955535683,1.8844848373581324,0.6880580404252534,0.3542560494088282,0.9396747936463985
530,33.57265662699106,-0.1480270498904515,0.03609968146653533,1.0233608693282472,0.004887585532746819,0.0,0.35452735984512757,0.618088845510718,1.8876483734115195,0.6692229941415355,0.35413787518671164,0.920721573140564
531,33.55592852980228,-0.1734529610006795,0.03601422555030961,0.9956436639574222,0.004887585532746819,0.0,0.3397761325438151,0.621332527288004,1.8904921499336123,0.642344111308885,0.35329955264853724,0.9907560784246754
532,33.55330248876701,-0.0838213390092254,0.03592876937073993,1.0039730121132182,-0.024437927663734094,0.0,0.34454412879504304,0.6237082133359035,1.8909385769096083,0.6515117845862595,0.35246122752695874,0.9990854265804714
533,33.54749105111796,-0.0344252941635125,0.035824204048865105,0.992831939854014,-0.014662756598240456,0.0,0.33901765787952065,0.6248365290450162,1.891926521309947,0.6413964981346473,0.3514354417193667,1.017269867517748
534,33.553006945515946,0.0110188823017273,0.03571827580200633,0.9435382759984624,-0.04398826979472137,0.0,0.3136676348050415,0.6216889397457402,1.890988819262289,0.5931419903807803,0.3503962856176821,0.9582010325967029
535,33.56212296981497,0.0488585199931272,0.03576993652174073,0.9121637639560376,-0.03421309872922773,0.0,0.2970514837572535,0.6204042067481497,1.8894390951314546,0.561260686677761,0.3509030772782766,0.956152033750759
536,33.55920021669422,-0.0046513534981908,0.03602732400241675,0.8710563371560625,-0.024437927663734094,0.0,0.27388668123248444,0.6167644295185662,1.889935963161982,0.5176282886923542,0.3534280484637083,0.9052694358852902
537,33.548608836146975,-0.049400518158614,0.03628470909326334,0.8410066442153392,-0.07331378299120228,0.0,0.2564065600893223,0.6120782371347498,1.8917364978550142,0.48505364801042583,0.3559529962049134,0.8654445718790733
538,33.53679827554985,-0.1179279429848874,0.03658695248250637,0.6593740162225851,0.004887585532746819,0.0,0.15865711831051507,0.6014116673119424,1.8937442931565256,0.3004560123691976,0.35891800385338746,0.7326877992137873
539,33.54107440485671,-0.0131360893544307,0.03689125936679706,0.6507115815905864,-0.04398826979472137,0.0,0.15256507132549046,0.5920981654829208,1.8930173511743595,0.2888083272023072,0.3619032543882792,0.6458239960578396
540,33.541731619417455,0.0187888781272701,0.03737433433295784,0.6481594479037053,-0.1026392961876832,0.0,0.14872227353761994,0.5928089690774636,1.8929056246990326,0.2815172280973889,0.3666422198063164,0.6921477176984266
541,33.54699712875677,0.0470540610731159,0.038091357916483375,0.6606010750007884,-0.1026392961876832,0.0,0.1516507734196029,0.5991591290334523,1.8920104881113486,0.2869248538400864,0.3736762211607019,0.7632403711884715
542,33.553527125169815,0.0822670853717737,0.038808361888450285,0.6624492110268961,-0.1026392961876832,0.0,0.14899736791092782,0.6016276620782988,1.8909003887211313,0.2817391809011988,0.3807100301256973,0.7650885072145793
543,33.56787841446459,0.1271617301162592,0.03893175438559586,0.6651569121030895,-0.1026392961876832,0.0,0.14998268491831135,0.6026388728614084,1.88846066954102,0.2832364015803941,0.3819205105226954,0.7677962082907727
544,33.57398104916698,0.1064473218602335,0.03902604370017128,0.6851431596545754,-0.09286412512218956,0.0,0.1601642215109378,0.6043909801741242,1.8874232216416131,0.30229767095589516,0.38284548869868024,0.7877824558422586
545,33.5756591319331,0.0399439773906429,0.03899429818299673,0.6772766888567989,-0.04398826979472137,0.0,0.15618499117190457,0.6038564138893573,1.8871379475713728,0.294742623681601,0.38253406517519795,0.7701408139789885
546,33.586534573525995,0.0634055793793879,0.03879574812576903,0.7050188373643642,-0.03421309872922773,0.0,0.1720863629766527,0.6025289979095715,1.8852891225005808,0.32443254825057,0.3805862891137942,0.7490071071590856
547,33.598348767237475,0.1218352215508771,0.03859719653681326,0.721621605299617,-0.03421309872922773,0.0,0.18212001298088915,0.6030372308919494,1.8832807095696291,0.34298310727347897,0.3786384980261381,0.7558347040288448
548,33.60079725735284,0.0753080652641849,0.03885929221302045,0.7816699159576166,-0.04398826979472137,0.0,0.2126867156537599,0.6074130149455452,1.8828644662500176,0.4004602593478859,0.38120965660973066,0.8158830146868443
549,33.59638995638119,-0.0191760844656807,0.03915735454219591,0.7997423428813045,-0.09286412512218956,0.0,0.22064433550586365,0.61073859414991,1.883613707415198,0.4156086948223626,0.3841336480589419,0.8437306126760259
550,33.60242711067007,0.0115353613093722,0.039200788426597126,0.8786341706651603,-0.014662756598240456,0.0,0.26244435637538205,0.6204747845999782,1.8825873911860878,0.49407443620024244,0.3845597344649178,0.9714982957873498
551,33.60609222410667,0.0460040474722939,0.03893010050626084,0.8914861761298699,-0.11241446725317683,0.0,0.2707712809605658,0.6198684590121732,1.8819643219018665,0.509581890163451,0.38190428596641884,0.9061489327281104
552,33.59907848555827,-0.0485095093422622,0.03865940972908022,0.8925956968485035,-0.1808406647116323,0.0,0.2725991411144551,0.6243039736610647,1.8831566574550935,0.5133468874062266,0.37924880944227696,1.0050101641016802
553,33.60946831732615,0.0515903433607973,0.03842569133517499,0.889568709270206,-0.17106549364613866,0.0,0.27246481170084763,0.6320897236468599,1.8813903860545549,0.5126126772721393,0.37695603199806665,1.0704093739818383
554,33.61619710144976,0.0684368429840029,0.03819478144082746,0.9183394090604396,-0.22971652003910048,0.0,0.2891368792448972,0.6356007704684612,1.8802464927535414,0.5436486031259222,0.3746908059345174,1.0894049027065784
555,33.621741456752474,0.0873084607318871,0.03775274212734313,0.9248781243175658,-0.24926686217008776,0.0,0.29506867335340015,0.6408606644866521,1.8793039523520794,0.5545237240483296,0.3703544002692361,1.1545946443566661
556,33.61645441933916,0.0253347668180979,0.037057968314290514,0.9305566595937932,-0.3079178885630496,0.0,0.30157279092317346,0.6440960179663026,1.880202748712342,0.5670179904306032,0.36353866916318994,1.1798235217638808
557,33.6149294033516,-0.0212917447894003,0.03636317658789834,0.9207577179953732,-0.26881720430107503,0.0,0.2999448833526554,0.6480175870395642,1.8804620014302273,0.5640349556680905,0.3567227623272827,1.2286756065584228
558,33.61373601193371,0.0031760421768497,0.034536340149813986,0.9113804605619188,-0.24926686217008776,0.0,0.30445560524844917,0.6460507264302503,1.8806648779712691,0.5725789636922436,0.3388014968696752,1.1801976648629937
559,33.609654978415854,-0.0090682157208725,0.03261863674560208,0.9003175608569776,-0.2590420332355814,0.0,0.30846257477317146,0.6423802795947954,1.8813586536693048,0.5803287343826211,0.3199888264743564,1.1495844230270653
560,33.59707456030063,-0.0948784538071579,0.03058805620483099,0.8863057401949301,-0.24926686217008776,0.0,0.31124913272902854,0.640503772314593,1.8834973247488922,0.5862369088255381,0.30006883136939205,1.1453477734305115
561,33.59590511419735,-0.0428969250220873,0.028410930088332283,0.8712307162866442,-0.2101661779081132,0.0,0.31455152585339524,0.63864155418809,1.8836961305864504,0.5925194921201045,0.2787112241665397,1.120497578456732
562,33.58020298446092,-0.1004304613986372,0.026233669190197744,0.8137611314845854,-0.2101661779081132,0.0,0.2949634304164233,0.6305380079262491,1.8863654926416438,0.5564088367287455,0.25735229475583987,1.0239273093926986
563,33.564454964817095,-0.1250197400566749,0.024015842857871627,0.803064215352512,-0.20039100684261957,0.0,0.3004002027800005,0.6262158260939512,1.8890426559810938,0.5674687969167913,0.23559541843572068,1.0132303932606253
564,33.55323351843786,-0.1400848294404943,0.02179500581884016,0.7823033293149423,-0.2101661779081132,0.0,0.30063948358201587,0.6232334029996143,1.8909503018655642,0.5684943222321203,0.213809007082822,0.9826943361575619
565,33.55674636176806,-0.0612745158172419,0.019318055243463104,0.7084974170573058,-0.24926686217008776,0.0,0.274545157748573,0.6182723560689658,1.890353118499429,0.5189872951189327,0.18951012193837308,0.918663594965419
566,33.57328449877188,0.0900400222920978,0.016508861542776657,0.6858562083470258,-0.24926686217008776,0.0,0.2775590571566057,0.6185028074147407,1.8875416352087797,0.5239042766123867,0.161951931734639,0.9351230705171135
567,33.57320826368646,0.0423074863933312,0.013699537519446461,0.6491634245581275,-0.32746823069403685,0.0,0.27271844894377484,0.6164919267116886,1.8875545951733017,0.5147709614923577,0.1343924630657698,0.8984302867282152
568,33.57336073897682,-0.0078138715336684,0.011108875765027578,0.4754981050428726,-0.37634408602150504,0.0,0.19417984943170205,0.6090469222760191,1.887528674373941,0.36652003378795206,0.10897807125492055,0.8029663357369095
569,33.57186482669357,-0.0056998781794053,0.008529033686730601,0.417659632941555,-0.3665689149560114,0.0,0.1769217204034201,0.6056817444281467,1.887782979462093,0.3339898124747278,0.08366982046682721,0.79400371896306
570,33.565436556858835,-0.0416970353392442,0.006241018046714871,0.3487872878830541,-0.42521994134897323,0.0,0.152240238917528,0.5997919204969183,1.8888757853339981,0.2875629008447812,0.06122438703827288,0.7153562028390654
571,33.56025734387723,-0.0474010886644386,0.004341085684897419,0.3237907666344696,-0.4643206256109478,0.0,0.1488047550240075,0.5995684563765885,1.8897562515408703,0.2812047160656259,0.04258605056884368,0.7490107079834428
572,33.56788771435078,0.0139156428161347,0.0024411376524376884,0.2348147669441911,-0.4740957966764414,0.0,0.11166098744269234,0.5975706697664854,1.888459088560367,0.21086720657377736,0.023947560370413724,0.6991353925551389
573,33.57449398653973,0.0537330896402519,0.0007040093191749003,0.2035873091846645,-0.43499511241446687,0.0,0.10421089590877333,0.59508212474432,1.887336022288246,0.19668097776355872,0.006906331421105772,0.6776831058611059
574,33.576278834203464,0.0434252012765838,-0.0010256851231942995,0.1704003959330346,-0.37634408602150504,0.0,0.0956328826354696,0.5897102335385477,1.887032598185411,0.18046236699157067,-0.010061971058536078,0.6053955083475014
575,33.57336809371367,-0.0084824742318026,-0.0025008100452127854,0.1626783262479726,-0.43499511241446687,0.0,0.09918333922161784,0.5830600362501535,1.8875274240686764,0.18721127279151004,-0.024532946543537427,0.5390224122694777
576,33.579180657791234,0.0433185748170441,-0.0036353116210958002,0.1426656610864348,-0.4936461388074287,0.0,0.0945265594027725,0.5841018594161356,1.88653928817549,0.17832806808938462,-0.0356624070029498,0.5776607735009016
577,33.58324473296909,0.0556941996768264,-0.004769808517947528,0.1102206467363459,-0.5522971652003914,0.0,0.0832582665079517,0.5871665535062944,1.8858483953952543,0.15701246829741117,-0.046791821561065254,0.6038667855437746
578,33.58970251356627,0.0694227037455104,-0.005120036986758874,0.0612989283882432,-0.5718475073313787,0.0,0.05917307724647684,0.5889010777342458,1.8847505726937335,0.11152649122834776,-0.05022756284010456,0.6135960935886347
579,33.58848323579935,0.0027433078964194,-0.005410546359031325,0.0577849956098794,-0.5718475073313787,0.0,0.05881428881660577,0.5901903434522043,1.8849578499141102,0.1108624553919767,-0.053077459782097304,0.629632502941258
580,33.58500923599286,-0.0446554794709303,-0.006073543923348414,0.0242443865739157,-0.5425219941348978,0.0,0.04445701374387106,0.5881971396787345,1.8855484298812142,0.08382585246196364,-0.05958146588804795,0.5960918939052944
581,33.589112328644504,0.0124966350129817,-0.0072297120463430615,-0.0061575045383918,-0.562072336265885,0.0,0.03436132295361212,0.5834472945026294,1.8848509041304342,0.06476597063623364,-0.07092347517462544,0.536364489596506
582,33.59602355856811,0.0457514449140071,-0.008385870504775234,-0.0650408923125361,-0.562072336265885,0.0,0.009144087085375797,0.5794788032564638,1.8836759950434208,0.017224497339308947,-0.08226538965184504,0.497031443953349
583,33.59601976559024,-0.0009728362207279,-0.010047033107801534,-0.0813003258056816,-0.562072336265885,0.0,0.009163498987400038,0.5772756793038331,1.8836766398496587,0.017261068981851452,-0.09856139478753305,0.48077201046020346
584,33.61332535707759,0.10968932167986,-0.011746486784515108,-0.0993208875391126,-0.562072336265885,0.0,0.00846060207616526,0.5765036167584503,1.8807346892968093,0.01591214781698061,-0.11523303535609321,0.46275144872677243
585,33.61607431167936,0.0704877051355349,-0.013094275182908463,-0.1070447296232771,-0.591397849462366,0.0,0.011386736959143181,0.5756172509363021,1.8802673670145083,0.021410109921054937,-0.12845483954433204,0.45502760664260794
586,33.60360468261652,-0.0702203021124162,-0.014034487139516154,-0.1228441956265212,-0.5816226783968723,0.0,0.007880484515068658,0.5756641220851633,1.8823872039551914,0.014834123212132275,-0.13767831883865347,0.46855365383584474
587,33.60883200895444,0.0012405988492278,-0.014974686687374719,-0.1351782627837211,-0.5131964809384169,0.0,0.006230891629760211,0.5748246681151855,1.8814985584777457,0.011723413619424888,-0.146901676403146,0.4464444156131512
588,33.608143049679306,0.0164363216912715,-0.015020979429598284,-0.1230195526583041,-0.5718475073313787,0.0,0.012933701491023611,0.5703683459060159,1.881615681554518,0.024336255546055077,-0.14735580820435917,0.39017692828011274
589,33.60862959703372,0.0269282799930393,-0.014995689299641688,-0.120302874341952,-0.5425219941348978,0.0,0.014246275848592537,0.5729506544046814,1.8815329685042677,0.026804837687532973,-0.14710771202948497,0.4515446329894267
590,33.60585488935858,-0.0290378303056069,-0.014948938017694683,-0.1172626030409855,-0.4936461388074287,0.0,0.015614455904190458,0.5727614952727518,1.882004668809041,0.029386478912599337,-0.14664908195358484,0.42525939109391225
591,33.616222863228394,0.0466422318151902,-0.014876411203104026,-0.1059996753706135,-0.4447702834799605,0.0,0.02124083821459534,0.570016936133416,1.8802421132511729,0.03993791853183701,-0.1459375939024505,0.3876464634368152
592,33.6068430715418,-0.0294289085724217,-0.014803884310243974,-0.104323868195667,-0.40566959921798595,0.0,0.02173527456953405,0.5652892038035267,1.8818366778378934,0.040902236887826404,-0.1452261050834934,0.34044641528429354
593,33.60751963059336,-0.0180914697852422,-0.014862540478947518,-0.1010366316501477,-0.37634408602150504,0.0,0.023789326197020056,0.5615772341799243,1.881721662799129,0.04476489044832746,-0.14580152209847516,0.30463296756783825
594,33.60045467365087,-0.0637857276279737,-0.014931904180437381,-0.0907965743393215,-0.45454545454545414,0.0,0.029573920112983557,0.5589236765811966,1.8829227054793516,0.05568540567076921,-0.14648198001009072,0.2855475116821835
595,33.60844251280096,0.0146984833883799,-0.015181513227082893,-0.0843445621699874,-0.4643206256109478,0.0,0.034325729053040016,0.5645033042666796,1.8815647728238363,0.0645860825876958,-0.1489306447576832,0.3702008923754667
596,33.60966428302471,0.0401463472446607,-0.01566576906851172,-0.0780381443305064,-0.4740957966764414,0.0,0.040206641983051065,0.568035987632754,1.8813570718857986,0.07564305023159357,-0.15368119456209997,0.3862824812804414
597,33.59398710452802,-0.0631408218462625,-0.016150021235385188,-0.0737710686737255,-0.4740957966764414,0.0,0.044936115930346354,0.5686314186649922,1.8840221922302367,0.0846606396454032,-0.1584317083191287,0.4003247280027159
598,33.594516054136754,-0.0355015712128873,-0.016634269614117545,-0.0686594329638674,-0.5425219941348978,0.0,0.050173115783323896,0.5693981919647101,1.8839322707967516,0.09452275195062573,-0.16318218491449313,0.405436363712574
599,33.584256613276445,-0.0956168389316679,-0.01711851409112352,-0.0629770739841099,-0.5425219941348978,0.0,0.05565936477750945,0.5740064127968019,1.8856763757430044,0.10495554924981185,-0.16793262323392175,0.47954492015078787
