t,vEgo,aEgo,roll,targetLateralAcceleration,currentLateralAcceleration,steerCommand,en_u_far,en_budget,en_lookahead,en_u_desired,en_u_cmd
20,29.184044685633936,0.0408391692205969,0.028115830694218216,0.2006772300022874,0.2006772300022874,-0.1197295739411416,-0.1352802058901954,0.15,4,-0.12310026531607166,-0.12310026531607166
21,29.19065741803324,0.0490772181605477,0.028248383425341562,0.1934032202651121,0.1934032202651121,-0.124549873393602,-0.15292239425312104,0.16821463367843315,4,-0.1352802058901954,-0.1352802058901954
22,29.19871041083817,0.0756966723955398,0.028712918331592795,0.1890538063193003,0.1890538063193003,-0.1295480744730183,-0.218370469450625,0.24020751639568752,4,-0.15292239425312104,-0.15292239425312104
23,29.21417025421094,0.1260704986579629,0.029492657801557905,0.1418140683902551,0.1418140683902551,-0.1603327970073992,-0.21540050084151807,0.2369405509256699,4,-0.218370469450625,-0.218370469450625
24,29.22366725792691,0.1245017845530496,0.03023213767355477,0.1019491886767512,0.1019491886767512,-0.1866028616253473,-0.2206362589410251,0.2426998848351276,4,-0.21540050084151807,-0.21540050084151807
25,29.244671476516785,0.1696046430117598,0.030355175026127834,0.0840127079496493,0.0840127079496493,-0.1971521076620223,-0.2234623204288797,0.2458085524717677,4,-0.2206362589410251,-0.2206362589410251
26,29.26628121454879,0.2057280733082161,0.030478211918756284,0.0574734664954739,0.0574734664954739,-0.2124137145534034,-0.2363801134946334,0.26001812484409675,4,-0.2234623204288797,-0.2234623204288797
27,29.28405512893117,0.169288087379623,0.03039186786109406,-0.0465836526349787,-0.0465836526349787,-0.268815328144675,-0.2554060596724773,0.2809466656397251,4,-0.2363801134946334,-0.2363801134946334
28,29.308381707176327,0.2169044500093406,0.030111764658019614,-0.0444333620757956,-0.0444333620757956,-0.2660170959483423,-0.2529318985229809,0.27822508837527904,4,-0.2554060596724773,-0.2554060596724773
29,29.3269242547862,0.1928309122816625,0.029878351492901377,-0.054819769789543,-0.054819769789543,-0.2702958126873225,-0.25513027078801315,0.28064329786681447,4,-0.2529318985229809,-0.2529318985229809
30,29.353485871385885,0.2434828769473423,0.0304293247224955,-0.0536337830318893,-0.0536337830318893,-0.2724208355092004,-0.25491519282528396,0.2804067121078124,4,-0.25513027078801315,-0.25513027078801315
31,29.37890240032077,0.2379504533047483,0.03098028870620702,-0.0683451485529277,-0.0683451485529277,-0.2831162065680892,-0.2569981169561158,0.2826979286517274,4,-0.25491519282528396,-0.25491519282528396
32,29.41605321971271,0.3267831075087402,0.03176867228526433,-0.0901944592223611,-0.0901944592223611,-0.2987435231031393,-0.25544248692908844,0.28098673562199733,4,-0.2569981169561158,-0.2569981169561158
33,29.428136753589847,0.1775397893883674,0.032756598175991414,-0.0764879128685461,-0.0764879128685461,-0.2965193022734703,-0.2529794679689781,0.2782774147658759,4,-0.25544248692908844,-0.25544248692908844
34,29.455630848816668,0.2512857491596835,0.03371024233817747,-0.0703098443419012,-0.0703098443419012,-0.2980389013081397,-0.25068480286533273,0.27575328315186604,4,-0.2529794679689781,-0.2529794679689781
35,29.469314995862085,0.1898848146859911,0.03406338273118075,-0.0663679510926791,-0.0663679510926791,-0.2976952272746981,-0.24505176970851797,0.2695569466793698,4,-0.25068480286533273,-0.25068480286533273
36,29.502060949556192,0.2873180022883407,0.0344165188713194,-0.0658715866965602,-0.0658715866965602,-0.2990657203405427,-0.2453587560503922,0.2698946316554314,4,-0.24505176970851797,-0.24505176970851797
37,29.51208790947585,0.1710761256575802,0.03415120763912492,-0.0660831128520191,-0.0660831128520191,-0.2977241420895541,-0.2391325710148183,0.2630458281163002,4,-0.2453587560503922,-0.2453587560503922
38,29.54167946995353,0.2512143197061721,0.033329788469110645,-0.0704234208320016,-0.0704234208320016,-0.2955460510518334,-0.22683166743444177,0.24951483417788597,4,-0.2391325710148183,-0.2391325710148183
39,29.556793717487405,0.1838541961845761,0.03252353345233013,-0.0748040237686602,-0.0748040237686602,-0.2935645714055996,-0.21556246850608934,0.2371187153566983,4,-0.22683166743444177,-0.22683166743444177
40,29.59417828501117,0.2968167237319801,0.0319715120727941,-0.0715523161164651,-0.0715523161164651,-0.2886958083605049,-0.21683965816222678,0.23852362397844948,4,-0.21556246850608934,-0.21556246850608934
41,29.623782944257325,0.2913787510613859,0.03141948094051401,-0.077595563557138,-0.077595563557138,-0.2888411133492045,-0.2117711766521227,0.232948294317335,4,-0.21683965816222678,-0.21683965816222678
42,29.661917008236347,0.3309375371561743,0.031129603677267654,-0.0708311170286807,-0.0708311170286807,-0.2834681946152522,-0.2064932990430626,0.2271426289473689,4,-0.2117711766521227,-0.2117711766521227
43,29.690094331405223,0.2987477839196778,0.031077056598888077,-0.0521221809202312,-0.0521221809202312,-0.2730056787966828,-0.18971951669603723,0.20869146836564098,4,-0.2064932990430626,-0.2064932990430626
44,29.72114611575736,0.3024853419020423,0.03104892672457177,-0.034796520438775,-0.034796520438775,-0.2633725330233253,-0.19203839454644295,0.21124223400108727,4,-0.18971951669603723,-0.18971951669603723
45,29.747913910558665,0.2940668879438917,0.03140460816904663,-0.0334342085287326,-0.0334342085287326,-0.264358809284031,-0.17549321473780968,0.19304253621159068,4,-0.19203839454644295,-0.19203839454644295
46,29.781822680762765,0.3235736686867138,0.03176028563666885,-0.022105983662359,-0.022105983662359,-0.2599509088089817,-0.16929694719661834,0.1862266419162802,4,-0.17549321473780968,-0.17549321473780968
47,29.814173189483245,0.3318375159527667,0.03197915429298896,-0.0117764690507321,-0.0117764690507321,-0.2553674618772124,-0.1701413569651631,0.18715549266167944,4,-0.16929694719661834,-0.16929694719661834
48,29.846091551109147,0.3195215259593715,0.03206791067478333,0.0154133560706658,0.0154133560706658,-0.2410074186072915,-0.16663679493763486,0.18330047443139835,4,-0.1701413569651631,-0.1701413569651631
49,29.881810711192617,0.3499800142216942,0.032174375208123704,0.0126638950338168,0.0126638950338168,-0.242863933208534,-0.17592931436783057,0.19352224580461364,4,-0.16663679493763486,-0.16663679493763486
50,29.90589524569817,0.2726012517298078,0.03258539538422319,0.042713744350581,0.042713744350581,-0.2286800123940374,-0.1692080464675165,0.18612885111426816,4,-0.17592931436783057,-0.17592931436783057
51,29.941651327265827,0.3342610862952999,0.03299641004964696,0.0564031710597171,0.0564031710597171,-0.2232710320052081,-0.16242164412017013,0.17866380853218716,4,-0.1692080464675165,-0.1692080464675165
52,29.96509404810521,0.2626288137046325,0.03367182177207834,0.0616160064995617,0.0616160064995617,-0.2239208139977825,-0.16292402927008695,0.17921643219709565,4,-0.16242164412017013,-0.16242164412017013
53,30.006820114327503,0.3613818774600905,0.034579145700163384,0.0759125536772869,0.0759125536772869,-0.2207942204982838,-0.15895652136967917,0.17485217350664709,4,-0.16292402927008695,-0.16292402927008695
54,30.028111597106808,0.2722539345216263,0.03547168374972278,0.0699099878035125,0.0699099878035125,-0.2286653636167462,-0.1342956263411828,0.15,4,-0.15895652136967917,-0.15
55,30.06675320023843,0.331098304276725,0.03595362820550395,0.0851304757051617,0.0851304757051617,-0.2228020874455715,-0.1278693163707648,0.15,4,-0.1342956263411828,-0.1342956263411828
56,30.090064802414844,0.2780623710477632,0.036435564299654936,0.1005141186040346,0.1005141186040346,-0.2169257144630104,-0.12666179931259416,0.15,4,-0.1278693163707648,-0.1278693163707648
57,30.119285728261055,0.290956580778363,0.03663412350826343,0.1015720951396727,0.1015720951396727,-0.2172642833390981,-0.12130983513896411,0.15,4,-0.12666179931259416,-0.12666179931259416
58,30.14723325580004,0.2881502693573531,0.03660398936904044,0.1074657582227555,0.1074657582227555,-0.2137827764738266,-0.09684006774386046,0.15,4,-0.12130983513896411,-0.12130983513896411
59,30.170718658019663,0.2376021189140934,0.03657678786385604,0.1461726639432214,0.1461726639432214,-0.1925437125021429,-0.08405809007881486,0.15,4,-0.09684006774386046,-0.09684006774386046
60,30.1950310467533,0.247906555171912,0.036594960492768946,0.1564642728358666,0.1564642728358666,-0.1869397991399758,-0.05339484205790052,0.15,4,-0.08405809007881486,-0.08405809007881486
61,30.20394247027061,0.1373716241207776,0.03661313310958028,0.1585325584862692,0.1585325584862692,-0.1858741196750883,-0.03487473198283178,0.15,4,-0.05339484205790052,-0.05339484205790052
62,30.22462518428125,0.1857826511948352,0.036459493252992116,0.165453104410825,0.165453104410825,-0.1812014784163721,-0.011512508774290808,0.15,4,-0.03487473198283178,-0.03487473198283178
63,30.232384058631077,0.1030823168776493,0.03614949568979714,0.2011691639220019,0.2011691639220019,-0.1600166110761283,0.021355225832155402,0.15,4,-0.011512508774290808,-0.011512508774290808
64,30.254298330301324,0.1701112960792062,0.035848662857349396,0.2184360836669629,0.2184360836669629,-0.1488689241796128,0.057671898550775744,0.15,4,0.021355225832155402,0.021355225832155402
65,30.27667246980136,0.2146495595145841,0.03569727271985756,0.2655309372737836,0.2655309372737836,-0.1221126075592636,0.07065290673221003,0.15,4,0.057671898550775744,0.057671898550775744
66,30.299004524626937,0.21018483994023,0.035545881763172645,0.2933944695106891,0.2933944695106891,-0.1058813512125831,0.0734584449555829,0.15,4,0.07065290673221003,0.07065290673221003
67,30.31293230994944,0.1773027980055698,0.03620422286304849,0.3369016097038452,0.3369016097038452,-0.0853889581600109,0.07727745135454392,0.15,4,0.0734584449555829,0.0734584449555829
68,30.312593634391213,0.0547715745254423,0.03750332680363893,0.4017824029116258,0.4017824029116258,-0.0565185811216671,0.09363831441339159,0.15,4,0.07727745135454392,0.07727745135454392
69,30.3298064468979,0.1331332387622338,0.038875218009448535,0.4728678996618536,0.4728678996618536,-0.0245247011134499,0.09470137238994539,0.15,4,0.09363831441339159,0.09363831441339159
70,30.323423764255605,0.0080479451726078,0.04143757289010165,0.5185911992698077,0.5185911992698077,-0.0130944262020965,0.09477453959036382,0.15,4,0.09470137238994539,0.09470137238994539
71,30.33687283767895,0.0793421556546919,0.04399965526621069,0.5481958842874213,0.5481958842874213,-0.0106078601257458,0.09238278736543253,0.15,4,0.09477453959036382,0.09477453959036382
72,30.34024433679857,0.0433663618248044,0.04643072978105253,0.578109696596017,0.578109696596017,-0.0072392020905081,0.09134099388288501,0.15,4,0.09238278736543253,0.09238278736543253
73,30.3454193600977,0.0537011876714558,0.04875578487722249,0.6268896761516174,0.6268896761516174,0.0071822961736321,0.09977156011742107,0.15,4,0.09134099388288501,0.09134099388288501
74,30.34034615927405,0.0072938247473885,0.05102327562428423,0.65081112721776,0.65081112721776,0.0081145590293307,0.1002592038196715,0.15,4,0.09977156011742107,0.09977156011742107
75,30.351608952422573,0.0621756869790722,0.05220605416841781,0.6625516354765876,0.6625516354765876,0.008188822602324,0.1368885576464524,0.15057741341109768,4,0.1002592038196715,0.1002592038196715
76,30.37412984596825,0.1780051013671796,0.05338875948301547,0.6703997977259081,0.6703997977259081,0.0061015568957075,0.20042622920317293,0.22046885212349024,4,0.1368885576464524,0.1368885576464524
77,30.37534208284392,0.063142737983872,0.05358184222141679,0.6706423249049178,0.6706423249049178,0.0051849449775233,0.20322253845091212,0.22354479229600335,4,0.20042622920317293,0.20042622920317293
78,30.394691247787776,0.1330883725709516,0.05297967125156991,0.6781572191945557,0.6781572191945557,0.0126269176264948,0.19802066880907718,0.21782273568998492,4,0.20322253845091212,0.20322253845091212
79,30.39320061226472,0.0425608393791854,0.052415119551577724,0.6733903044425998,0.6733903044425998,0.0130551279627292,0.19637078630510782,0.21600786493561863,4,0.19802066880907718,0.19802066880907718
80,30.3919587921822,-0.0025664975907674,0.0525212613007021,0.7325905879156558,0.7325905879156558,0.0452949594586525,0.19713031586538704,0.21684334745192577,4,0.19637078630510782,0.19637078630510782
81,30.388641428180986,0.0011348270960019,0.052627402456484826,0.8345061389583784,0.8345061389583784,0.101043293150216,0.196804175682234,0.2164845932504574,4,0.19713031586538704,0.19713031586538704
82,30.389720196819248,-0.0047279578143849,0.052593847706046686,0.838621255302423,0.838621255302423,0.1034887219058437,0.19429839847612218,0.21372823832373442,4,0.196804175682234,0.196804175682234
83,30.40463440189149,0.1061157355110432,0.052430528479493095,0.8288186605998835,0.8288186605998835,0.0989384034994975,0.19239138385741625,0.2116305222431579,4,0.19429839847612218,0.19429839847612218
84,30.401405006606893,0.0162435906416694,0.052235179910216735,0.8242694416167806,0.8242694416167806,0.0974949794135213,0.1923812131871542,0.21161933450586964,4,0.19239138385741625,0.19239138385741625
85,30.407429322167623,0.0293107383503329,0.05156002610901002,0.8188760886161343,0.8188760886161343,0.0981594188096664,0.18658450788680567,0.20524295867548625,4,0.1923812131871542,0.1923812131871542
86,30.39766567908489,-0.0611677286961546,0.050884848741587344,0.8116962090562899,0.8116962090562899,0.0978742528936959,0.18735952339380477,0.20609547573318526,4,0.18658450788680567,0.18658450788680567
87,30.396463257449696,-0.0365740275346346,0.05059293210872669,0.804848777098424,0.804848777098424,0.0956813924201625,0.1882195107359648,0.2070414618095613,4,0.18735952339380477,0.18735952339380477
88,30.396392826469285,0.0008822853641772,0.050607687960564716,0.8019650566765691,0.8019650566765691,0.0940120842549298,0.18818401677498864,0.2070024184524875,4,0.1882195107359648,0.1882195107359648
89,30.38710782790908,-0.0743737723797026,0.05063883395516068,0.8022187234071778,0.8022187234071778,0.0940029826866448,0.18750155209678696,0.20625170730646566,4,0.18818401677498864,0.18818401677498864
90,30.396230295296657,0.0393606654738461,0.050922911061231625,0.7958358886649907,0.7958358886649907,0.0889268465047333,0.18790139423884958,0.20669153366273454,4,0.18750155209678696,0.18750155209678696
91,30.386981067044527,-0.0545104244895496,0.05120698404720924,0.799818652231012,0.799818652231012,0.089605128816156,0.18815979495283935,0.20697577444812332,4,0.18790139423884958,0.18790139423884958
92,30.39774498623006,0.0426874317751611,0.05122208642575133,0.8013727621335631,0.8013727621335631,0.0903590731632472,0.18951279299113385,0.20846407229024727,4,0.18815979495283935,0.18815979495283935
93,30.392013799397738,-0.011608476104559,0.05098234966681785,0.798943011364003,0.798943011364003,0.0903276534558568,0.19014059042937273,0.20915464947231002,4,0.18951279299113385,0.18951279299113385
94,30.39402275750502,-0.010315532160534,0.05074491602976603,0.7955376761368012,0.7955376761368012,0.0897299974861791,0.19092687274718573,0.2100195600219043,4,0.19014059042937273,0.19014059042937273
95,30.395666444114383,0.0229484534734493,0.05054651693618214,0.7942324595713816,0.7942324595713816,0.0900803251146155,0.18993130548876797,0.20892443603764477,4,0.19092687274718573,0.19092687274718573
96,30.38408755840075,-0.0821399404824742,0.05034811584785953,0.7926528892176407,0.7926528892176407,0.0903059756962637,0.19091482269561533,0.2100063049651769,4,0.18993130548876797,0.18993130548876797
97,30.385767348924304,-0.0216328196435228,0.05010994930490857,0.7924709725619332,0.7924709725619332,0.0914911391979525,0.19162973607088019,0.21079270967796823,4,0.19091482269561533,0.19091482269561533
98,30.370984160698583,-0.1070533770416112,0.049840332530557294,0.7907665779502795,0.7907665779502795,0.0920403503536062,0.19162070507714501,0.21078277558485953,4,0.19162973607088019,0.19162973607088019
99,30.37425016368785,-0.0193107480406416,0.04956970715599358,0.7893723744084113,0.7893723744084113,0.0927291260080564,0.19277476725236417,0.2120522439776006,4,0.19162070507714501,0.19162070507714501
100,30.37087438071805,-0.0252040664830758,0.04928223642787861,0.7849590151357849,0.8455522971652005,0.19277476725236417,0.19377223675787986,0.21314946043366786,4,0.19277476725236417,0.19277476725236417
101,30.372959026353836,-0.0035412322022423,0.04899476161713455,0.7837080994509437,0.8357771260997069,0.19377223675787986,0.1932413416133291,0.21256547577466203,4,0.19377223675787986,0.19377223675787986
102,30.37169803649823,0.0064881475968999,0.048979596769512565,0.7846893952335534,0.806451612903226,0.1932413416133291,0.19275130391130252,0.2120264343024328,4,0.1932413416133291,0.1932413416133291
103,30.36124942962268,-0.0728477293599561,0.0491820768592727,0.7866213454196146,0.7478005865102642,0.19275130391130252,0.19335974295517297,0.21269571725069028,4,0.19275130391130252,0.19275130391130252
104,30.36400247253085,-0.0045311429820183,0.04939048587189456,0.7905082085004494,0.9726295210166178,0.19335974295517297,0.1927995789451521,0.21207953683966732,4,0.19335974295517297,0.19335974295517297
105,30.358861268837583,-0.0366206276255509,0.04971223890302707,0.7952279447311144,1.021505376344086,0.1927995789451521,0.19331061694349033,0.2126416786378394,4,0.1927995789451521,0.1927995789451521
106,30.36106756485584,0.0022270020745002,0.050033986775032006,0.79755019362504,1.0312805474095796,0.19331061694349033,0.19561346468236585,0.21517481115060244,4,0.19331061694349033,0.19331061694349033
107,30.35493605006707,-0.0233656952984694,0.049968436216920306,0.7961057071969573,1.0899315738025415,0.19561346468236585,0.19568289504005426,0.2152511845440597,4,0.19561346468236585,0.19561346468236585
108,30.35395901555348,-0.0150490064620171,0.04959757190274835,0.7934294027204164,1.1094819159335287,0.19568289504005426,0.1966395944106539,0.21630355385171932,4,0.19568289504005426,0.19568289504005426
109,30.34832468326423,-0.0435288730435275,0.049226437544572114,0.7888778240909837,1.099706744868035,0.1966395944106539,0.19806646751684728,0.21787311426853204,4,0.1966395944106539,0.1966395944106539
110,30.337178099649226,-0.0916109315063937,0.04885230103903057,0.7859754500928652,1.1094819159335287,0.19806646751684728,0.20420048432023258,0.22462053275225585,4,0.19806646751684728,0.19806646751684728
111,30.330644218852644,-0.0660723164862123,0.04847815767875074,0.785933570251222,1.0801564027370478,0.20420048432023258,0.20492522412056635,0.225417746532623,4,0.20420048432023258,0.20420048432023258
112,30.319401008898144,-0.0828971942295462,0.04807770205374511,0.7820712575925234,1.0899315738025415,0.20492522412056635,0.2061090197827779,0.2267199217610557,4,0.20492522412056635,0.20492522412056635
113,30.331630465793264,0.0488762658959928,0.04765277981719269,0.7794685627812495,1.0312805474095796,0.2061090197827779,0.20609195044050238,0.22670114548455264,4,0.2061090197827779,0.2061090197827779
114,30.335897265822787,0.056620437397251,0.04726486415568739,0.7779439357417137,1.0019550342130987,0.20609195044050238,0.20341886093478717,0.2237607470282659,4,0.20609195044050238,0.20609195044050238
115,30.34820422292156,0.0864907195591239,0.047524537845317426,0.7902745509077901,1.021505376344086,0.20341886093478717,0.20503882405216842,0.22554270645738528,4,0.20341886093478717,0.20341886093478717
116,30.353166976480303,0.0578028121578165,0.0477842083231332,0.7939923941965757,1.0410557184750733,0.20503882405216842,0.20662687921307546,0.22728956713438303,4,0.20503882405216842,0.20503882405216842
117,30.35031003304833,-0.0014121376063228,0.04812770848328642,0.7992291126284622,1.0410557184750733,0.20662687921307546,0.20543432920906,0.225977762129966,4,0.20662687921307546,0.20662687921307546
118,30.3486687738831,0.0062466484903312,0.048546764967447906,0.8033062025800031,1.0410557184750733,0.20543432920906,0.20237511212488624,0.2226126233373749,4,0.20543432920906,0.20543432920906
119,30.333161325256217,-0.1073301797380518,0.048927393440188406,0.8027349558710349,1.0312805474095796,0.20237511212488624,0.20178948848926045,0.22196843733818652,4,0.20237511212488624,0.20237511212488624
120,30.33899193251609,0.0023460746773131,0.04866989073020364,0.8028031002098492,1.1094819159335287,0.20178948848926045,0.20305182392862048,0.22335700632148253,4,0.20178948848926045,0.20178948848926045
121,30.33711329762601,-0.0180825152059086,0.04841238478532984,0.8027890972733388,1.129032258064516,0.20305182392862048,0.2014071766988002,0.22154789436868025,4,0.20305182392862048,0.20305182392862048
122,30.342673743091684,0.0207998992258072,0.048427515156938175,0.8010681028508703,1.099706744868035,0.2014071766988002,0.20016692865933391,0.22018362152526733,4,0.2014071766988002,0.2014071766988002
123,30.344157529501445,0.0263177219658515,0.04868416299592721,0.7987372945197958,1.1094819159335287,0.20016692865933391,0.1976989361251282,0.21746882973764103,4,0.20016692865933391,0.20016692865933391
124,30.343366116209893,-0.0051902234085402,0.04894911251436912,0.8004039390380834,1.099706744868035,0.1976989361251282,0.19646823934618404,0.21611506328080246,4,0.1976989361251282,0.1976989361251282
125,30.345523255318533,0.0120886189816823,0.04935076575944862,0.806356076451455,1.099706744868035,0.19646823934618404,0.19730524431065632,0.21703576874172198,4,0.19646823934618404,0.19646823934618404
126,30.342924485955177,-0.015345328153526,0.049752411023720314,0.807675840377543,1.1388074291300097,0.19730524431065632,0.19610056640899595,0.21571062304989558,4,0.19730524431065632,0.19730524431065632
127,30.34918888791153,0.0305553117169838,0.05012690433755089,0.8094066001774263,1.158357771260997,0.19610056640899595,0.1902525235492188,0.20927777590414068,4,0.19610056640899595,0.19610056640899595
128,30.34405987919641,-0.0197635936066963,0.05047980433493199,0.8089316050449948,1.1779081133919842,0.1902525235492188,0.19102111872670618,0.21012323059937682,4,0.1902525235492188,0.1902525235492188
129,30.350054596820545,0.0321966697642843,0.05082547255189424,0.8103931961073008,1.1779081133919842,0.19102111872670618,0.1919469968307149,0.2111416965137864,4,0.19102111872670618,0.19102111872670618
130,30.349617319345448,0.0171655271917523,0.05104885170536928,0.8139111478526835,1.1779081133919842,0.1919469968307149,0.19288280857317663,0.21217108943049431,4,0.1919469968307149,0.1919469968307149
131,30.34750777486925,-0.0308131753244204,0.051272228304969886,0.814182384027636,1.099706744868035,0.19288280857317663,0.1949598738628601,0.21445586124914612,4,0.19288280857317663,0.19288280857317663
132,30.36063646262352,0.0701309547079994,0.05120605792418449,0.8043026553859753,1.0703812316715542,0.1949598738628601,0.19551384834484015,0.2150652331793242,4,0.1949598738628601,0.1949598738628601
133,30.355717805065265,-0.0184022468489095,0.05087954979850888,0.8023007433730595,0.9824046920821115,0.19551384834484015,0.19570520020916377,0.21527572023008015,4,0.19551384834484015,0.19551384834484015
134,30.364312749989622,0.0371926301638656,0.05055117665208898,0.8005818727148755,0.9824046920821115,0.19570520020916377,0.19947752209080993,0.21942527429989095,4,0.19570520020916377,0.19570520020916377
135,30.362156916336755,0.0032185690973359,0.050189822634833695,0.7985140744566823,0.9530791788856305,0.19947752209080993,0.20367133699751103,0.22403847069726215,4,0.19947752209080993,0.19947752209080993
136,30.366579622977365,0.0211362698230696,0.049828462047285645,0.7982831797283184,0.9335288367546433,0.20367133699751103,0.2061025078739869,0.2267127586613856,4,0.20367133699751103,0.20367133699751103
137,30.36560258832314,0.0082648662695637,0.04959312011649093,0.7968499961077814,0.8944281524926687,0.2061025078739869,0.20632299208181099,0.2269552912899921,4,0.2061025078739869,0.2061025078739869
138,30.361766089382577,-0.0294433729461511,0.0494611391385084,0.7958439813782763,0.9237536656891496,0.20632299208181099,0.18808885859154736,0.2068977444507021,4,0.20632299208181099,0.20632299208181099
139,30.362300405569997,-0.0066594483756529,0.049311770223097816,0.8003683665351813,0.8455522971652005,0.18808885859154736,0.1896890698091873,0.20865797679010603,4,0.18808885859154736,0.18808885859154736
140,30.359169406705146,-0.0273500851094821,0.048900199276263205,0.8029747176216543,0.8944281524926687,0.1896890698091873,0.18902180907832558,0.20792398998615816,4,0.1896890698091873,0.1896890698091873
141,30.36200549580487,0.0190027912605762,0.048488620026169875,0.8028075297086168,0.8162267839687196,0.18902180907832558,0.18922483519599528,0.20814731871559483,4,0.18902180907832558,0.18902180907832558
142,30.355334733244145,-0.0266207774247872,0.04800433926560746,0.798379170191941,0.806451612903226,0.18922483519599528,0.17563028102437178,0.193193309126809,4,0.18922483519599528,0.18922483519599528
143,30.365309485433965,0.0556019906576532,0.047456422842188366,0.7641021175394715,0.8260019550342133,0.17563028102437178,0.1691474659268048,0.1860622125194853,4,0.17563028102437178,0.17563028102437178
144,30.374455405686536,0.087628464140894,0.04693326603902955,0.7615446720931899,0.8455522971652005,0.1691474659268048,0.16156120792124762,0.1777173287133724,4,0.1691474659268048,0.1691474659268048
145,30.3814080273625,0.0589682821651281,0.046786062399465284,0.7590676191890899,0.8162267839687196,0.16156120792124762,0.14976137559859962,0.16473751315845958,4,0.16156120792124762,0.16156120792124762
146,30.391471600164213,0.0884206864071972,0.04663885774386683,0.7579839570575059,0.7966764418377323,0.14976137559859962,0.11217898931760253,0.15,4,0.14976137559859962,0.14976137559859962
147,30.3872303258402,0.0048873234555947,0.0468840886040048,0.738788940642764,0.7380254154447705,0.11217898931760253,0.11221360340042888,0.15,4,0.11217898931760253,0.11217898931760253
148,30.39319833679539,0.0420498571662603,0.04748264755830708,0.7343879387568555,0.7184750733137832,0.11221360340042888,0.10752260315167111,0.15,4,0.11221360340042888,0.11221360340042888
149,30.38601749930976,-0.030465738974673,0.048048370760944606,0.7278685347497823,0.7184750733137832,0.10752260315167111,0.08334784164174182,0.15,4,0.10752260315167111,0.10752260315167111
150,30.382999534006828,-0.0517513685916469,0.048069215853059184,0.7093291517056277,0.698924731182796,0.08334784164174182,0.08669645839535167,0.15,4,0.08334784164174182,0.08334784164174182
151,30.381370844394574,-0.0303159978855379,0.04809006092423838,0.6498619367061782,0.7184750733137832,0.08669645839535167,0.08713741887987327,0.15,4,0.08669645839535167,0.08669645839535167
152,30.37981398379993,-0.0206909771687781,0.048010117735462654,0.6491291542724476,0.7673509286412514,0.08713741887987327,0.08812568148671886,0.15,4,0.08713741887987327,0.08713741887987327
153,30.38890225181576,0.0544443184865667,0.04784365183149206,0.640068253096313,0.7478005865102642,0.08812568148671886,0.08925800027643004,0.15,4,0.08812568148671886,0.08812568148671886
154,30.391234273922866,0.0280118767894104,0.0476646282820749,0.5999317638872618,0.698924731182796,0.08925800027643004,0.09167634138699049,0.15,4,0.08925800027643004,0.08925800027643004
155,30.40138804493044,0.0685422523782085,0.04731646210169567,0.6018508759210442,0.7575757575757578,0.09167634138699049,0.09808227567574095,0.15,4,0.09167634138699049,0.09167634138699049
156,30.400905541290857,0.0248938955556674,0.04696829017266438,0.5991347259056918,0.806451612903226,0.09808227567574095,0.10320267302580835,0.15,4,0.09808227567574095,0.09808227567574095
157,30.39703612981176,-0.0249623612329828,0.046662047569386904,0.5976930449949915,0.7966764418377323,0.10320267302580835,0.11017433937099257,0.15,4,0.10320267302580835,0.10320267302580835
158,30.395934602431435,-0.0149300633360643,0.04638927764916708,0.596813260792154,0.8357771260997069,0.11017433937099257,0.12991759593687974,0.15,4,0.11017433937099257,0.11017433937099257
159,30.38901386677012,-0.0490638821512651,0.04613000982326511,0.5980972831187615,0.8748778103616814,0.12991759593687974,0.1478100880883198,0.1625910968971518,4,0.12991759593687974,0.12991759593687974
160,30.396636738207423,0.0261217853191422,0.046181278397451814,0.6087863973246728,0.8260019550342133,0.1478100880883198,0.15183404662263017,0.1670174512848932,4,0.1478100880883198,0.1478100880883198
161,30.400004325112725,0.0298677184230213,0.046232546849993415,0.617427138290683,0.7575757575757578,0.15183404662263017,0.18435122033346063,0.2027863423668067,4,0.15183404662263017,0.15183404662263017
162,30.40482978514689,0.046844748777518,0.04643968890121064,0.6305408414097698,0.7673509286412514,0.18435122033346063,0.21525791434611513,0.23678370578072666,4,0.18435122033346063,0.18435122033346063
163,30.40114656788601,0.0009952749336078,0.046778618828183946,0.6652103722391162,0.7478005865102642,0.21525791434611513,0.21499667138260176,0.23649633852086194,4,0.21525791434611513,0.21525791434611513
164,30.39795970079188,-0.0241587176180016,0.047047897534693885,0.6962562631634853,0.7282502443792769,0.21499667138260176,0.2563737735963243,0.28201115095595675,4,0.21499667138260176,0.21499667138260176
165,30.399530017248,0.0008905020796562,0.04608688675127798,0.6932233978791121,0.806451612903226,0.2563737735963243,0.2695816765219488,0.2965398441741437,4,0.2563737735963243,0.2563737735963243
166,30.400829813672384,0.0087154339535634,0.04512583331219939,0.7354372222254746,0.8944281524926687,0.2695816765219488,0.27454023062815114,0.3019942536909663,4,0.2695816765219488,0.2695816765219488
167,30.408974732809103,0.0488557117115486,0.04420102417089804,0.7754802527434667,0.9042033235581624,0.27454023062815114,0.26460694784514,0.291067642629654,4,0.27454023062815114,0.27454023062815114
168,30.41041061021239,0.0322560205520142,0.043305115756787874,0.7662826646605152,0.9921798631476051,0.26460694784514,0.26460104266501994,0.29106114693152196,4,0.26460694784514,0.26460694784514
169,30.414605518956385,0.035889548663974,0.042509422640693524,0.8242138780163701,0.9921798631476051,0.26460104266501994,0.26008797587128774,0.28609677345841655,4,0.26460104266501994,0.26460104266501994
170,30.41327019333094,0.0145049527264535,0.04326657243487423,0.8526123259222894,1.0703812316715542,0.26008797587128774,0.2671672538806278,0.2938839792686906,4,0.26008797587128774,0.26008797587128774
171,30.40556037541196,-0.0518701493947626,0.04402369737966817,0.8678728884670084,1.0312805474095796,0.2671672538806278,0.26313663403080856,0.28945029743388945,4,0.2671672538806278,0.2671672538806278
172,30.402410271201408,-0.0356058497801397,0.04576179575217226,0.8691318049970139,1.0019550342130987,0.26313663403080856,0.2599501628689651,0.28594517915586165,4,0.26313663403080856,0.26313663403080856
173,30.39670138081768,-0.0454406132015585,0.04834892734985858,0.8944719766926644,0.9726295210166178,0.2599501628689651,0.2608155437983793,0.28689709817821724,4,0.2599501628689651,0.2599501628689651
174,30.402562459794257,0.020341460033687,0.05086270104378973,0.911996132222805,0.9335288367546433,0.2608155437983793,0.25864915884314754,0.2845140747274623,4,0.2608155437983793,0.2608155437983793
175,30.404663580778124,0.0232787514468351,0.052147657031081165,0.935855033758738,0.9433040078201369,0.25864915884314754,0.25921489387348245,0.28513638326083074,4,0.25864915884314754,0.25864915884314754
176,30.409675697598527,0.0388039613301413,0.053432526687739415,0.9420849822576072,0.9237536656891496,0.25921489387348245,0.26128567131322333,0.28741423844454567,4,0.25921489387348245,0.25921489387348245
177,30.41273770444233,0.0427525024982437,0.0535505033143501,0.9381975195165784,0.9335288367546433,0.26128567131322333,0.26076993732715426,0.2868469310598697,4,0.26128567131322333,0.26128567131322333
178,30.409645448481967,-0.0035840301762049,0.052728779908005195,0.9314947281071774,1.0312805474095796,0.26076993732715426,0.26137973622213184,0.28751770984434505,4,0.26076993732715426,0.26076993732715426
179,30.410491391406595,-0.0034108626583943,0.05188496576130848,0.9197806501526028,1.0410557184750733,0.26137973622213184,0.26201437023883223,0.28821580726271545,4,0.26137973622213184,0.26137973622213184
180,30.40460934070448,-0.0353709309253866,0.05066802085180398,0.908710432222518,1.0117302052785924,0.26201437023883223,0.26167325219745774,0.28784057741720354,4,0.26201437023883223,0.26201437023883223
181,30.40434118416997,0.0029308162673424,0.04945100070743166,0.9000586487697061,1.0606060606060606,0.26167325219745774,0.26171014265443754,0.2878811569198813,4,0.26167325219745774,0.26167325219745774
182,30.4015538437693,-0.0019477855622634,0.04886242625093152,0.8934511659120059,1.0019550342130987,0.26171014265443754,0.2616800640779485,0.2878480704857434,4,0.26171014265443754,0.26171014265443754
183,30.412299168616933,0.0639355694801406,0.048785520432879086,0.8937212716362661,1.0117302052785924,0.2616800640779485,0.2622360422014486,0.28845964642159344,4,0.2616800640779485,0.2616800640779485
184,30.417724936367296,0.07010410547135,0.04873001894821561,0.8942131895820568,1.0019550342130987,0.2622360422014486,0.262312503899079,0.28854375428898693,4,0.2622360422014486,0.2622360422014486
185,30.4180465490765,0.0095910948490649,0.04902326878309262,0.8965498372354573,0.9628543499511242,0.262312503899079,0.2613638077635032,0.28750018853985354,4,0.262312503899079,0.262312503899079
186,30.42545433155661,0.0396584832413062,0.049316514392095515,0.8995239458565609,1.0117302052785924,0.2613638077635032,0.26098639776136384,0.28708503753750025,4,0.2613638077635032,0.2613638077635032
187,30.420915643683085,-0.0185981938388395,0.049359866426106735,0.8998776955354738,0.9530791788856305,0.26098639776136384,0.25336951957967535,0.2787064715376429,4,0.26098639776136384,0.26098639776136384
188,30.424958883650163,0.0326861543703924,0.04917086948049586,0.8989279669968885,0.9628543499511242,0.25336951957967535,0.25293814603955694,0.2782319606435127,4,0.25336951957967535,0.25336951957967535
189,30.42376294392265,0.0156534205330001,0.048979090288037805,0.8971617982637956,0.9433040078201369,0.25293814603955694,0.25379468764489116,0.2791741564093803,4,0.25293814603955694,0.25293814603955694
190,30.428829156762568,0.0377243326361139,0.048740144202483654,0.8933372393185293,0.913978494623656,0.25379468764489116,0.2557122236874673,0.2812834460562141,4,0.25379468764489116,0.25379468764489116
191,30.435263566389608,0.0640018530623075,0.048501195327440426,0.8904271920305212,0.913978494623656,0.2557122236874673,0.24428062479802842,0.26870868727783126,4,0.2557122236874673,0.2557122236874673
192,30.438353678690493,0.0302990671497774,0.048485561442952206,0.8781885079107641,0.9335288367546433,0.24428062479802842,0.23276185640120142,0.2560380420413216,4,0.24428062479802842,0.24428062479802842
193,30.448117645155737,0.0673486483480496,0.04866864054283686,0.8793485553951956,0.9530791788856305,0.23276185640120142,0.21330690860579243,0.2346375994663717,4,0.23276185640120142,0.23276185640120142
194,30.44451713844949,0.0098192523687878,0.048852719383596116,0.8824971053981178,0.913978494623656,0.21330690860579243,0.20574455081152648,0.22631900589267914,4,0.21330690860579243,0.21330690860579243
195,30.44567995610432,0.0048999289010743,0.04905420231200674,0.8875263543595519,0.9237536656891496,0.20574455081152648,0.2040851625236023,0.22449367877596255,4,0.20574455081152648,0.20574455081152648
196,30.45332882427804,0.0615923245072106,0.04925568324426007,0.8713764287757482,0.9433040078201369,0.2040851625236023,0.19512246223788413,0.21463470846167257,4,0.2040851625236023,0.2040851625236023
197,30.45826572674851,0.0513427168469834,0.04929026925328056,0.8534346101142412,0.9335288367546433,0.19512246223788413,0.18216174485962652,0.20037791934558918,4,0.19512246223788413,0.19512246223788413
198,30.465512052433223,0.0599749186850285,0.049164820179576726,0.8213177402952652,0.8944281524926687,0.18216174485962652,0.16776460007722835,0.1845410600849512,4,0.18216174485962652,0.18216174485962652
199,30.45968932964232,-0.0330049736061719,0.048998644201885565,0.8076446613955115,0.8748778103616814,0.16776460007722835,0.1577631866168754,0.17353950527856296,4,0.16776460007722835,0.16776460007722835
200,30.46213413758056,0.0102450611681434,0.048176630123105045,0.7969535927064688,0.8260019550342133,0.1577631866168754,0.1465285440029689,0.1611813984032658,4,0.1577631866168754,0.1577631866168754
201,30.45411329825054,-0.0307179858570693,0.04735458341399897,0.7746141077249791,0.8162267839687196,0.1465285440029689,0.13656944949057973,0.1502263944396377,4,0.1465285440029689,0.1465285440029689
202,30.455806270452868,-0.0014358835458067,0.046781253501133574,0.7484002630352034,0.7575757575757578,0.13656944949057973,0.13840602842798033,0.15224663127077837,4,0.13656944949057973,0.13656944949057973
203,30.45721288456403,0.0128675574504065,0.046433180769739256,0.7221116542077437,0.7282502443792769,0.13840602842798033,0.13159503647478948,0.15,4,0.13840602842798033,0.13840602842798033
204,30.45421316692004,-0.0124446139342398,0.046109945594258274,0.7030375634666698,0.7478005865102642,0.13159503647478948,0.13142366283182794,0.15,4,0.13159503647478948,0.13159503647478948
205,30.4558726602246,-0.0022532650309001,0.046150167287091176,0.6855842077541248,0.6793743890518087,0.13142366283182794,0.12102043077677671,0.15,4,0.13142366283182794,0.13142366283182794
206,30.45269661002414,-0.0393370862708297,0.04619038890510374,0.6701439358905287,0.6500488758553278,0.12102043077677671,0.12235320250180007,0.15,4,0.12102043077677671,0.12102043077677671
207,30.45571183452002,0.0032036148478119,0.04596695326853197,0.6708788017829785,0.6598240469208214,0.12235320250180007,0.1260604525966254,0.15,4,0.12235320250180007,0.12235320250180007
208,30.45232909025877,-0.0082161194070526,0.045498180695369504,0.6554477955143665,0.6500488758553278,0.1260604525966254,0.12868792458910291,0.15,4,0.1260604525966254,0.1260604525966254
209,30.444429207115665,-0.044466603258626,0.045073140993443554,0.6509850707053412,0.6109481915933532,0.12868792458910291,0.1276260982895451,0.15,4,0.12868792458910291,0.12868792458910291
210,30.44415060816044,-0.0106065344507019,0.045524334662356405,0.6388810296236105,0.5718475073313787,0.1276260982895451,0.13893341332193873,0.15282675465413262,4,0.1276260982895451,0.1276260982895451
211,30.443395769092493,-0.0144816753670181,0.04597551904456375,0.6454229196264988,0.5425219941348978,0.13893341332193873,0.15211227228976834,0.1673234995187452,4,0.13893341332193873,0.13893341332193873
212,30.4459718314588,0.0003563265224681,0.046094520375933104,0.6524871482089528,0.562072336265885,0.15211227228976834,0.15821100107021663,0.1740321011772383,4,0.15211227228976834,0.15211227228976834
213,30.44853390510301,0.0134600186374996,0.04591575870994275,0.6549149317424321,0.5816226783968723,0.15821100107021663,0.1634496008383715,0.1797945609222087,4,0.15821100107021663,0.15821100107021663
214,30.453174100717806,0.0430542987924973,0.04573459787684812,0.6514623773157711,0.591397849462366,0.1634496008383715,0.18645983814792869,0.20510582196272156,4,0.1634496008383715,0.1634496008383715
215,30.450523613067023,0.0133798134550974,0.04551560640652364,0.6672747475635709,0.6011730205278596,0.18645983814792869,0.19155657518482366,0.21071223270330605,4,0.18645983814792869,0.18645983814792869
216,30.448434685660864,-0.0155623086379609,0.045296612748841794,0.6860614096641604,0.562072336265885,0.19155657518482366,0.20939346930706196,0.23033281623776816,4,0.19155657518482366,0.19155657518482366
217,30.45579444121953,0.0566432052832588,0.04558043738027147,0.698559706287957,0.669599217986315,0.20939346930706196,0.22798019898239305,0.2507782188806324,4,0.20939346930706196,0.20939346930706196
218,30.447703387825857,-0.0458400059975213,0.04631306833921953,0.7140451085330531,0.7184750733137832,0.22798019898239305,0.2272280941291363,0.24995090354204996,4,0.22798019898239305,0.22798019898239305
219,30.45088862928107,-0.0103790140752659,0.04699810526440194,0.7573394093342802,0.7380254154447705,0.2272280941291363,0.22638130539391665,0.24901943593330833,4,0.2272280941291363,0.2272280941291363
220,30.4432151793096,-0.0510666763091078,0.04692143105668229,0.7646566430944441,0.8162267839687196,0.22638130539391665,0.22285147275436584,0.24513662002980244,4,0.22638130539391665,0.22638130539391665
221,30.43544094118761,-0.0676169313433738,0.0468447565725049,0.7922123132685032,0.7771260997067451,0.22285147275436584,0.22217906802005868,0.24439697482206457,4,0.22285147275436584,0.22285147275436584
222,30.4289900169889,-0.0608596233770013,0.046503006408574354,0.8183592318489873,0.7575757575757578,0.22217906802005868,0.2219099227683662,0.24410091504520284,4,0.22217906802005868,0.22217906802005868
223,30.428673833135303,-0.0160512285608472,0.04595119647200136,0.8117497608764961,0.7869012707722387,0.2219099227683662,0.22223104924881235,0.2444541541736936,4,0.2219099227683662,0.2219099227683662
224,30.43381440917249,0.0270625435578762,0.045419008425270795,0.8052070846192381,0.7869012707722387,0.22223104924881235,0.2221517971346296,0.24436697684809258,4,0.22223104924881235,0.22223104924881235
225,30.433820721921645,-0.0013584441447821,0.04533851739641292,0.7988097343465408,0.806451612903226,0.2221517971346296,0.22320853088407663,0.2455293839724843,4,0.2221517971346296,0.2221517971346296
226,30.438774038306704,0.0329448232896262,0.04525802607320948,0.7969738913879254,0.8260019550342133,0.22320853088407663,0.22443380008404423,0.2468771800924487,4,0.22320853088407663,0.22320853088407663
227,30.43089112509918,-0.0308984058458713,0.0453374794288732,0.7972907314971114,0.806451612903226,0.22443380008404423,0.22570494945358513,0.24827544439894367,4,0.22443380008404423,0.22443380008404423
228,30.42738379767564,-0.040899527948432,0.04555825636948033,0.7999511117935135,0.8553274682306942,0.22570494945358513,0.22517144529594108,0.2476885898255352,4,0.22570494945358513,0.22570494945358513
229,30.42761969907195,0.0025816903721096,0.04575230297015859,0.8017298613027506,0.8651026392961878,0.22517144529594108,0.2244445200201658,0.2468889720221824,4,0.22517144529594108,0.22517144529594108
230,30.415714595676093,-0.0675052070750255,0.04554317265865093,0.8013038234615654,0.8846529814271751,0.2244445200201658,0.2257459785493306,0.24832057640426367,4,0.2244445200201658,0.2244445200201658
231,30.424844624701205,0.0168713326040669,0.0453340403511314,0.8012393298487284,0.9042033235581624,0.2257459785493306,0.23375031319685652,0.2571253445165422,4,0.2257459785493306,0.2257459785493306
232,30.4260221944331,0.0234316730909153,0.04511046178326928,0.8010705565877487,0.9335288367546433,0.23375031319685652,0.23963940267244713,0.26360334293969184,4,0.23375031319685652,0.23375031319685652
233,30.42700279156644,0.0206785094552262,0.044875041080893616,0.7979180132856016,0.9237536656891496,0.23963940267244713,0.23905412011671812,0.26295953212838996,4,0.23963940267244713,0.23963940267244713
234,30.42955687868483,0.0226560855436523,0.04465466636401232,0.7946128524119784,0.9237536656891496,0.23905412011671812,0.2455657482725377,0.27012232309979145,4,0.23905412011671812,0.23905412011671812
235,30.423471381193337,-0.0334361528169899,0.04467711668853924,0.7968731000492149,0.9628543499511242,0.2455657482725377,0.25289092435247906,0.27818001678772697,4,0.2455657482725377,0.2455657482725377
236,30.416544051115704,-0.0508406235576194,0.044699566990503224,0.8097755930760416,0.9824046920821115,0.25289092435247906,0.2537356697318603,0.27910923670504634,4,0.25289092435247906,0.25289092435247906
237,30.41032559959368,-0.0607751625606361,0.044569625825351976,0.8178248892009262,0.9530791788856305,0.2537356697318603,0.2518298566533545,0.27701284231869,4,0.2537356697318603,0.2537356697318603
238,30.4137506939055,0.0002503060136984,0.04431504986683941,0.8144143251396945,0.9726295210166178,0.2518298566533545,0.2509487671751845,0.276043643892703,4,0.2518298566533545,0.2518298566533545
239,30.420247679120024,0.0496644259704532,0.04407013860635399,0.8223859107146003,1.0117302052785924,0.2509487671751845,0.2525586331909076,0.2778144965099984,4,0.2509487671751845,0.2509487671751845
240,30.414599927571302,-0.0098390567132233,0.04397731784200708,0.8330821196854059,0.9628543499511242,0.2525586331909076,0.25308901666223704,0.2783979183284608,4,0.2525586331909076,0.2525586331909076
241,30.4179190220672,0.0091361528652645,0.043884496698029386,0.8335300900431657,0.9726295210166178,0.25308901666223704,0.2601243474063045,0.286136782146935,4,0.25308901666223704,0.25308901666223704
242,30.415377005512163,-0.0066694018515947,0.0437345224130042,0.8290189250189759,0.9726295210166178,0.2601243474063045,0.2596672066724264,0.285633927339669,4,0.2601243474063045,0.2601243474063045
243,30.411435771916967,-0.0330625209391767,0.04353684483708609,0.8256604859832928,1.0312805474095796,0.2596672066724264,0.25223612397958395,0.27745973637754234,4,0.2596672066724264,0.2596672066724264
244,30.40944702596583,-0.0289499002792505,0.04335539058311966,0.8264272096868781,0.9921798631476051,0.25223612397958395,0.25061215141246623,0.2756733665537129,4,0.25223612397958395,0.25223612397958395
245,30.41007465269916,-0.0114150950528817,0.043434691625429275,0.8280506789839905,1.021505376344086,0.25061215141246623,0.2506028962649606,0.27566318589145666,4,0.25061215141246623,0.25061215141246623
246,30.40597025806157,-0.033079108058981,0.043513992394077744,0.8399807892567566,0.9921798631476051,0.2506028962649606,0.24915568989540066,0.2740712588849407,4,0.2506028962649606,0.2506028962649606
247,30.407864396558804,0.0028912473148043,0.04373411181407643,0.8414240036096347,0.9530791788856305,0.24915568989540066,0.24859020085451167,0.2734492209399629,4,0.24915568989540066,0.24915568989540066
248,30.41822077793269,0.0706927912482391,0.04407772043982038,0.8330453211622499,0.8748778103616814,0.24859020085451167,0.24920536204084817,0.274125898244933,4,0.24859020085451167,0.24859020085451167
249,30.426696799924883,0.0808697398358903,0.04441905715019948,0.8338568579357534,0.8846529814271751,0.24920536204084817,0.24931609163478957,0.27424770079826855,4,0.24920536204084817,0.24920536204084817
250,30.42588671601576,0.0153362669321119,0.04471748947186389,0.836765716707909,0.9042033235581624,0.24931609163478957,0.24964454447625178,0.27460899892387697,4,0.24931609163478957,0.24931609163478957
251,30.425390466770693,-0.0038571758366476,0.04501591780297947,0.8373919127864252,0.913978494623656,0.24964454447625178,0.24979576109288051,0.27477533720216857,4,0.24964454447625178,0.24964454447625178
252,30.418722620459327,-0.0488711505543145,0.045236877533058856,0.8386280927558821,0.9530791788856305,0.24979576109288051,0.24999892217347827,0.27499881439082613,4,0.24979576109288051,0.24979576109288051
253,30.41785428359133,-0.0190864609708215,0.04538813426475998,0.8410846997222895,0.9824046920821115,0.24999892217347827,0.2501311158675391,0.27514422745429307,4,0.24999892217347827,0.24999892217347827
254,30.417711776732467,-0.0061528402959346,0.04551837796301063,0.8425375579521971,1.0117302052785924,0.2501311158675391,0.25127079693361026,0.2763978766269713,4,0.2501311158675391,0.2501311158675391
255,30.41003677446018,-0.0525491487328577,0.04515580564926948,0.8394641025673839,1.021505376344086,0.25127079693361026,0.251501615295584,0.2766517768251424,4,0.25127079693361026,0.25127079693361026
256,30.408532188754556,-0.0307048594719334,0.044793227387178954,0.8361398553753945,0.9921798631476051,0.251501615295584,0.2533363264458376,0.27866995909042136,4,0.251501615295584,0.251501615295584
257,30.40270996594203,-0.0538723357160302,0.04449723407575301,0.8335297044659132,1.0019550342130987,0.2533363264458376,0.25345931828773083,0.2788052501165039,4,0.2533363264458376,0.2533363264458376
258,30.39890100877716,-0.0422417605938769,0.044254090566110724,0.8313353426131804,0.9824046920821115,0.25345931828773083,0.25188832084695245,0.2770771529316477,4,0.25345931828773083,0.25345931828773083
259,30.39627772810931,-0.0317853110172549,0.04401682461250625,0.830804369014772,0.9628543499511242,0.25188832084695245,0.2521952915814673,0.27741482073961404,4,0.25188832084695245,0.25188832084695245
260,30.390249451102456,-0.0381074451999542,0.04387593554177065,0.8297584471782025,0.9433040078201369,0.2521952915814673,0.25330951154826675,0.27864046270309345,4,0.2521952915814673,0.2521952915814673
261,30.38843132818221,-0.0256741430260262,0.043735045598424394,0.8312802684201299,0.8944281524926687,0.25330951154826675,0.23403107045304195,0.2574341774983462,4,0.25330951154826675,0.25330951154826675
262,30.38728494320851,-0.0171075246726878,0.043855988181274064,0.8326561865066879,0.8846529814271751,0.23403107045304195,0.21621206076985258,0.23783326684683787,4,0.23403107045304195,0.23403107045304195
263,30.382407145658668,-0.0420564599651764,0.044192356998285894,0.8334370469673663,0.8846529814271751,0.21621206076985258,0.21009229673609905,0.231101526409709,4,0.21621206076985258,0.21621206076985258
264,30.37966983147045,-0.0316330226836998,0.04451079091339859,0.8370344384362061,0.8553274682306942,0.20901785484953916,0.19001623168139922,0.20901785484953916,4,0.21009229673609905,0.20901785484953916
265,30.374219318338643,-0.034920384937443,0.044559219160985056,0.8392508344703307,0.806451612903226,0.15,0.12898349267085682,0.15,4,0.19001623168139922,0.15
266,30.369925638428423,-0.0472568811296084,0.04460764730385932,0.8091015932296548,0.8357771260997069,0.12898349267085682,0.09433887365632314,0.15,4,0.12898349267085682,0.12898349267085682
267,30.376611709594727,0.0232357078956955,0.04458533843088068,0.7806257859001373,0.7869012707722387,0.09433887365632314,0.08219162371885703,0.15,4,0.09433887365632314,0.09433887365632314
268,30.37660966244689,0.0057544230283289,0.04450371089303366,0.7701096884828262,0.6891495601173023,0.08219162371885703,0.0699835630235929,0.15,4,0.08219162371885703,0.08219162371885703
269,30.375478912023365,-0.0062089502606647,0.04438262876075738,0.7370461759584109,0.6109481915933532,0.0699835630235929,0.051784359962027286,0.15,4,0.0699835630235929,0.0699835630235929
270,30.367610310992323,-0.062638716296051,0.04366120148283221,0.63305861820361,0.5425219941348978,0.051784359962027286,0.031753317694492446,0.15,4,0.051784359962027286,0.051784359962027286
271,30.366219951174404,-0.0312494516358745,0.04293975143699264,0.5709853575279737,0.5034213098729223,0.031753317694492446,-0.0057522619044781025,0.15,4,0.031753317694492446,0.031753317694492446
272,30.35280505592797,-0.0870108693784141,0.04264802794187333,0.5488198719936304,0.4643206256109478,-0.0057522619044781025,-0.030680926688785453,0.15,4,-0.0057522619044781025,-0.0057522619044781025
273,30.35053446102517,-0.0624203161039248,0.04271475642162077,0.5300964230842785,0.43499511241446687,-0.030680926688785453,-0.044264358306135496,0.15,4,-0.030680926688785453,-0.030680926688785453
274,30.3557598174924,0.0161678826052116,0.042814815027084896,0.502201080044687,0.3665689149560114,-0.044264358306135496,-0.05282893066178068,0.15,4,-0.044264358306135496,-0.044264358306135496
275,30.353145145425067,-0.01162776292865,0.04349925282474215,0.4771221827679176,0.3372434017595305,-0.05282893066178068,-0.051688778657823405,0.15,4,-0.05282893066178068,-0.05282893066178068
276,30.3565842047133,0.0142114802973513,0.044183670206928205,0.4243122076061601,0.3861192570869987,-0.051688778657823405,-0.04304445692353759,0.15,4,-0.051688778657823405,-0.051688778657823405
277,30.352664129628792,-0.0141082433223297,0.044392909119896545,0.386802173051766,0.2883675464320623,-0.04304445692353759,-0.03929895310447961,0.15,4,-0.04304445692353759,-0.04304445692353759
278,30.347789859280727,-0.035923124518646,0.044217241347739765,0.3635255575987042,0.27859237536656867,-0.03929895310447961,-0.03172074266950482,0.15,4,-0.03929895310447961,-0.03929895310447961
279,30.34622253588213,-0.0166938168946684,0.04394753756043435,0.3472898216954142,0.24926686217008776,-0.03172074266950482,-0.025784995502342364,0.15,4,-0.03172074266950482,-0.03172074266950482
280,30.340672536530096,-0.0588882630455291,0.04219964200748273,0.3319580388673346,0.22971652003910048,-0.025784995502342364,-0.025458759062047708,0.15,4,-0.025784995502342364,-0.025784995502342364
281,30.3453896171954,-3.286921529600246e-05,0.0404516172891197,0.3285227814970908,0.27859237536656867,-0.025458759062047708,-0.021731473687449484,0.15,4,-0.025458759062047708,-0.025458759062047708
282,30.343885473244736,-0.0096694608736586,0.037789700523409554,0.3083543294478428,0.3372434017595305,-0.021731473687449484,-0.01930863443401295,0.15,4,-0.021731473687449484,-0.021731473687449484
283,30.34522651845804,-0.0063257402965428,0.03428212681106636,0.2859698737676495,0.3176930596285432,-0.01930863443401295,-0.008087891182817776,0.15,4,-0.01930863443401295,-0.01930863443401295
284,30.33796078627,-0.0486157074803691,0.0308453319512946,0.2616781272014203,0.27859237536656867,-0.008087891182817776,0.0067872115813247215,0.15,4,-0.008087891182817776,-0.008087891182817776
285,30.33774917981242,-0.0273608970604836,0.028522114718068526,0.2394051325663719,0.2590420332355814,0.0067872115813247215,0.004614746966805682,0.15,4,0.0067872115813247215,0.0067872115813247215
286,30.32756706144055,-0.0685414919912743,0.026198743405576787,0.2225315740830067,0.24926686217008776,0.004614746966805682,0.004237007859209433,0.15,4,0.004614746966805682,0.004614746966805682
287,30.313735194395097,-0.1148698608507163,0.02495971270385141,0.2142259832554887,0.2101661779081132,0.004237007859209433,-0.002235545762511196,0.15,4,0.004237007859209433,0.004237007859209433
288,30.29968558781616,-0.1355181134057196,0.024729675444705532,0.2297707715552429,0.2590420332355814,-0.002235545762511196,-0.0034398320360210597,0.15,4,-0.002235545762511196,-0.002235545762511196
289,30.27935423504348,-0.1877935288846857,0.024554058208187027,0.2516370260467954,0.17106549364613866,-0.0034398320360210597,-0.023182036643454883,0.15,4,-0.0034398320360210597,-0.0034398320360210597
290,30.26532280113043,-0.1589759147329251,0.025254880568539327,0.2550661665367586,0.11241446725317683,-0.023182036643454883,-0.03646999363654281,0.15,4,-0.023182036643454883,-0.023182036643454883
291,30.23215558706806,-0.2673180848576131,0.025955690517208793,0.2613394692923085,0.12218963831867047,-0.03646999363654281,-0.09325944738279063,0.15,4,-0.03646999363654281,-0.03646999363654281
292,30.210649487764044,-0.2348881106930652,0.026495530840813932,0.2563795769122221,0.15151515151515138,-0.09325944738279063,-0.14282402284972834,0.1571064251347012,4,-0.09325944738279063,-0.09325944738279063
293,30.17669878542529,-0.2862326155957754,0.02687795299932523,0.2582256280236106,0.20039100684261957,-0.14282402284972834,-0.15053548015549303,0.16558902817104235,4,-0.14282402284972834,-0.14282402284972834
294,30.147487786734104,-0.3094999894513077,0.027243598083774676,0.2305636979596402,0.1808406647116323,-0.15053548015549303,-0.18979328462328424,0.20877261308561268,4,-0.15053548015549303,-0.15053548015549303
295,30.12611255933761,-0.2355273672856971,0.02734501507413084,0.2105400214467553,0.11241446725317683,-0.18979328462328424,-0.20312714181628602,0.22343985599791463,4,-0.18979328462328424,-0.18979328462328424
296,30.09285617414254,-0.299838933735791,0.027446431783022737,0.1217263746169116,0.1026392961876832,-0.20312714181628602,-0.24089164473352132,0.26498080920687345,4,-0.20312714181628602,-0.20312714181628602
297,30.07113348243436,-0.246569186793275,0.02772843750059411,0.0461508243758457,0.06353861192570864,-0.24089164473352132,-0.2424630403389124,0.26670934437280364,4,-0.24089164473352132,-0.24089164473352132
298,30.03638441991334,-0.3085024670372693,0.028175523175513428,0.0384462807836711,0.04398826979472137,-0.2424630403389124,-0.24234538151861462,0.2665799196704761,4,-0.2424630403389124,-0.2424630403389124
299,30.013319154694752,-0.2628881844239707,0.028629441650538007,-0.0190691248353697,0.03421309872922773,-0.24234538151861462,-0.2238905535321122,0.24627960888532344,4,-0.24234538151861462,-0.24234538151861462
300,29.988403675022123,-0.2455032012600374,0.029200059711997385,-0.034441187728071,0.004887585532746819,-0.2238905535321122,-0.2245091171075869,0.2469600288183456,4,-0.2238905535321122,-0.2238905535321122
301,29.972614390431637,-0.1901387479799454,0.02977066825781635,-0.0884266037791662,-0.03421309872922773,-0.2245091171075869,-0.22124341509716366,0.24336775660688006,4,-0.2245091171075869,-0.2245091171075869
302,29.953035171120245,-0.1867384865961197,0.030259614639689552,-0.0860170394161434,-0.014662756598240456,-0.22124341509716366,-0.22153434518661153,0.2436877797052727,4,-0.22124341509716366,-0.22124341509716366
303,29.940689515982044,-0.1529020998695115,0.03068286696465443,-0.0816193054386034,0.04398826979472137,-0.22153434518661153,-0.20434632672646952,0.2247809593991165,4,-0.22153434518661153,-0.22153434518661153
304,29.928344665132503,-0.1300809850051804,0.031115243912311023,-0.0481856727492259,0.07331378299120228,-0.20434632672646952,-0.20357060701299506,0.2239276677142946,4,-0.20434632672646952,-0.20434632672646952
305,29.91967493580993,-0.103307691887181,0.0317007165745689,-0.0433797012486079,0.12218963831867047,-0.20357060701299506,-0.20570940402304846,0.22628034442535333,4,-0.20357060701299506,-0.20357060701299506
306,29.91294428197853,-0.0382569344142096,0.03228617835978113,-0.0324519760568896,0.17106549364613866,-0.20570940402304846,-0.20697068583957146,0.22766775442352863,4,-0.20570940402304846,-0.20570940402304846
307,29.86891709216645,-0.3390388933788821,0.03193006541294311,-0.0362095363708331,0.2590420332355814,-0.20697068583957146,-0.20621594929021234,0.22683754421923358,4,-0.20697068583957146,-0.20697068583957146
308,29.88949420651137,-0.0327917151786313,0.030703142689042246,-0.0212177373886895,0.21994134897360684,-0.20621594929021234,-0.20384650901166404,0.22423115991283046,4,-0.20621594929021234,-0.20621594929021234
309,29.887964159849076,-0.0208074721581724,0.02952079097159443,-0.0315864555694561,0.2101661779081132,-0.20384650901166404,-0.2018261795553651,0.22200879751090163,4,-0.20384650901166404,-0.20384650901166404
310,29.898903428815704,0.0624128831669617,0.029087437481506682,-0.0392571663546941,0.26881720430107503,-0.2018261795553651,-0.2084454140005324,0.22928995540058567,4,-0.2018261795553651,-0.2018261795553651
311,29.90807378736701,0.0781005221696704,0.028654078524241573,-0.0455366526782074,0.16129032258064502,-0.2084454140005324,-0.22094485033235228,0.24303933536558753,4,-0.2084454140005324,-0.2084454140005324
312,29.911629078549904,0.0361892079549909,0.028101594656931135,-0.0497800864249114,0.09286412512218956,-0.22094485033235228,-0.23361751201122818,0.25697926321235104,4,-0.22094485033235228,-0.22094485033235228
313,29.920590505065157,0.0913947910498589,0.027441056539259545,-0.0525569726217961,0.07331378299120228,-0.23361751201122818,-0.25889030758014203,0.2847793383381563,4,-0.23361751201122818,-0.23361751201122818
314,29.91825401805479,0.0037933533634004,0.026793151730939952,-0.0557145756323559,0.004887585532746819,-0.25889030758014203,-0.262868265394559,0.2891550919340149,4,-0.25889030758014203,-0.25889030758014203
315,29.939690212536245,0.1444784958623117,0.026366816185567948,-0.0704338613680963,-0.004887585532746819,-0.262868265394559,-0.28331607171341333,0.3116476788847547,4,-0.262868265394559,-0.262868265394559
316,29.936341223421305,0.0446911818322814,0.02594047584432251,-0.0943354939150424,-0.004887585532746819,-0.28331607171341333,-0.29776962184552436,0.3275465840300768,4,-0.28331607171341333,-0.28331607171341333
317,29.94512559672889,0.0745627904130544,0.02561559882749241,-0.117570252048734,-0.09286412512218956,-0.29776962184552436,-0.30415301050677696,0.3345683115574547,4,-0.29776962184552436,-0.29776962184552436
318,29.936311835841657,-0.0574930182238726,0.025371767349942544,-0.1598198833055247,-0.14173998044965774,-0.30415301050677696,-0.30371903849161364,0.334090942340775,4,-0.30415301050677696,-0.30415301050677696
319,29.954360699983177,0.1093710271333378,0.025172346004539308,-0.1681512025462877,-0.14173998044965774,-0.30371903849161364,-0.31976257350877596,0.3517388308596536,4,-0.30371903849161364,-0.30371903849161364
320,29.955193699175915,0.0560764250856172,0.02573658588577773,-0.1949095988649638,-0.2101661779081132,-0.31976257350877596,-0.33440142018412533,0.3678415622025379,4,-0.31976257350877596,-0.31976257350877596
321,29.968927087587957,0.1055065581169519,0.02630081756803341,-0.2122799307859493,-0.27859237536656867,-0.33440142018412533,-0.33439329527263706,0.3678326247999008,4,-0.33440142018412533,-0.33440142018412533
322,29.972989605276283,0.0717195960604184,0.027140909214521246,-0.2141451313488503,-0.24926686217008776,-0.33439329527263706,-0.33991580607867883,0.3739073866865467,4,-0.33439329527263706,-0.33439329527263706
323,29.985597550033336,0.0731513264417338,0.028204774773465256,-0.2030997543239394,-0.24926686217008776,-0.33991580607867883,-0.3684610544629802,0.4053071599092783,4,-0.33991580607867883,-0.33991580607867883
324,29.99824754151242,0.1177114877345551,0.029152618851977372,-0.2192264677932489,-0.27859237536656867,-0.3684610544629802,-0.36490173886401644,0.40139191275041813,4,-0.3684610544629802,-0.3684610544629802
325,30.014800532626253,0.1394771005075417,0.028354063069174488,-0.2502998715649103,-0.34701857282502413,-0.3640518944381195,-0.3640518944381195,0.4004570838819315,5,-0.3640518944381195,-0.3640518944381195
326,30.03550665437228,0.2138907152317529,0.02755548919027015,-0.2582595213174095,-0.37634408602150504,-0.357421847129907,-0.357421847129907,0.3931640318428977,5,-0.357421847129907,-0.357421847129907
327,30.047524440802167,0.1409254453544015,0.02650814844401576,-0.2773451235405922,-0.3079178885630496,-0.3551894146671258,-0.3551894146671258,0.39070835613383836,5,-0.3551894146671258,-0.3551894146671258
328,30.066987194104616,0.1845813205397866,0.02524769950646904,-0.3349821773365536,-0.29814271749755594,-0.347100043829458,-0.347100043829458,0.3818100482124039,5,-0.347100043829458,-0.347100043829458
329,30.06338957982106,0.0409982222245251,0.02403204617870788,-0.341252993750073,-0.27859237536656867,-0.3398751338974253,-0.3398751338974253,0.37386264728716784,5,-0.3398751338974253,-0.3398751338974253
330,30.084042829243867,0.1302050627591466,0.023548513858296087,-0.3448029912863476,-0.27859237536656867,-0.3252687655264865,-0.3252687655264865,0.35779564207913517,5,-0.3252687655264865,-0.3252687655264865
331,30.08876437078463,0.0737404405474421,0.023064976029041437,-0.33909363012766,-0.3176930596285432,-0.3123875873018133,-0.3123875873018133,0.34362634603199466,5,-0.3123875873018133,-0.3123875873018133
332,30.10932996442519,0.1647953867069072,0.022674369642623354,-0.3395403659013188,-0.27859237536656867,-0.3128693553193301,-0.3128693553193301,0.3441562908512631,5,-0.3128693553193301,-0.3128693553193301
333,30.12272233324965,0.146681369692192,0.022361355831375867,-0.3299051070897426,-0.29814271749755594,-0.29607086750518224,-0.29607086750518224,0.3256779542557005,5,-0.29607086750518224,-0.29607086750518224
334,30.14132553434077,0.1649415517049348,0.022026530065381886,-0.3218831123146795,-0.22971652003910048,-0.29047362322242176,-0.29047362322242176,0.31952098554466396,5,-0.29047362322242176,-0.29047362322242176
335,30.15512471181288,0.1638228381406837,0.021301614316262974,-0.3059649575595895,-0.19061583577712593,-0.29047362322242176,-0.2841350811899713,0.31254858930896845,4,-0.29047362322242176,-0.29047362322242176
336,30.163333426613224,0.1014943192260424,0.020576687367829073,-0.2927355515597707,-0.16129032258064502,-0.2792364932261655,-0.25385135747833226,0.2792364932261655,4,-0.2841350811899713,-0.2792364932261655
337,30.179462156613116,0.1521424836811605,0.020528915654030575,-0.2940678830233769,-0.19061583577712593,-0.25385135747833226,-0.2537989840730158,0.2791788824803174,4,-0.25385135747833226,-0.25385135747833226
338,30.18143070654969,0.0639714455571719,0.021079282169966154,-0.2620785395044249,-0.17106549364613866,-0.2537989840730158,-0.2536928715084908,0.2790621586593399,4,-0.2537989840730158,-0.2537989840730158
339,30.201078712872327,0.1461600885157539,0.021642937718583107,-0.2477992669177446,-0.12218963831867047,-0.2536928715084908,-0.2486424650107464,0.2735067115118211,4,-0.2536928715084908,-0.2536928715084908
340,30.20402694020766,0.0779157651236206,0.02241331422676815,-0.230218239939976,-0.15151515151515138,-0.2486424650107464,-0.24513739443651233,0.2696511338801636,4,-0.2486424650107464,-0.2486424650107464
341,30.22221506816261,0.14495210035334,0.023183677426642655,-0.1747814611945049,-0.11241446725317683,-0.24513739443651233,-0.2398276500996757,0.26381041510964326,4,-0.24513739443651233,-0.24513739443651233
342,30.23049656582193,0.1148687926113803,0.023422325222871833,-0.1723993802837508,-0.1026392961876832,-0.2398276500996757,-0.23573448710876638,0.259307935819643,4,-0.2398276500996757,-0.2398276500996757
343,30.23511472398223,0.0623638193587913,0.02323746952998986,-0.1740680994834345,-0.15151515151515138,-0.23573448710876638,-0.2309437960002454,0.25403817560027,4,-0.23573448710876638,-0.23573448710876638
344,30.24389170228798,0.0901960065787528,0.02307142054506229,-0.1677372958509693,-0.1808406647116323,-0.2309437960002454,-0.23060049911929176,0.2536605490312209,4,-0.2309437960002454,-0.2309437960002454
345,30.2493209695542,0.0612821373690532,0.02322337988734396,-0.1607180843719433,-0.21994134897360684,-0.23060049911929176,-0.22165711763379212,0.24382282939717134,4,-0.23060049911929176,-0.23060049911929176
346,30.26457225299525,0.1249034053923905,0.023375338693072185,-0.150884649412798,-0.2883675464320623,-0.21478082417089378,-0.19525529470081252,0.21478082417089378,4,-0.22165711763379212,-0.21478082417089378
347,30.2702481878401,0.0671568543623528,0.02392952857294973,-0.1389859506902653,-0.27859237536656867,-0.19525529470081252,-0.18463521842425573,0.20309874026668132,4,-0.19525529470081252,-0.19525529470081252
348,30.27899446489485,0.0711198424840064,0.024802037640510328,-0.1228718492426989,-0.3079178885630496,-0.18463521842425573,-0.17882833358819786,0.19671116694701765,4,-0.18463521842425573,-0.18463521842425573
349,30.28087132782424,0.0275013221056479,0.025614538072375403,-0.1143655514861696,-0.32746823069403685,-0.17667451663694747,-0.1606131969426795,0.17667451663694747,4,-0.17882833358819786,-0.17667451663694747
350,30.278510760937877,-0.0042689079856044,0.025529103937544824,-0.1010124140840665,-0.26881720430107503,-0.1606131969426795,-0.1629454078336786,0.17923994861704648,4,-0.1606131969426795,-0.1606131969426795
351,30.28001603152267,0.0270830912181792,0.025443669616255615,-0.0599944589469344,-0.23949169110459412,-0.1629454078336786,-0.16567227355967631,0.18223950091564395,4,-0.1629454078336786,-0.1629454078336786
352,30.273055480081297,-0.0471787487811862,0.02563588715467384,-0.0412439052871087,-0.16129032258064502,-0.16567227355967631,-0.16621291837698243,0.1828342102146807,4,-0.16567227355967631,-0.16567227355967631
353,30.281286132301343,0.049428112258554,0.026051212174635952,-0.0279924142421923,-0.11241446725317683,-0.16621291837698243,-0.16469390722498134,0.18116329794747948,4,-0.16621291837698243,-0.16621291837698243
354,30.271178969222397,-0.0522167310172444,0.026486618360299686,0.0051937765212977,-0.11241446725317683,-0.16469390722498134,-0.16590840005517432,0.18249924006069176,4,-0.16469390722498134,-0.16469390722498134
355,30.284635242157083,0.0630798353783808,0.027279393697440445,0.0092295076823361,-0.1026392961876832,-0.16590840005517432,-0.1693810752135401,0.18631918273489412,4,-0.16590840005517432,-0.16590840005517432
356,30.27683687123171,-0.0285077356238296,0.028072151877281036,0.0127083338145963,-0.17106549364613866,-0.1693810752135401,-0.17056239184506325,0.18761863102956958,4,-0.1693810752135401,-0.1693810752135401
357,30.278526367056887,-0.0101962605644437,0.02815667087251661,0.0126746366174864,-0.1808406647116323,-0.17056239184506325,-0.1687373950379697,0.18561113454176667,4,-0.17056239184506325,-0.17056239184506325
358,30.27693981935107,-0.0098733883737186,0.02761132958720526,0.0097385638167109,-0.15151515151515138,-0.1687373950379697,-0.16556480193821527,0.18212128213203682,4,-0.1687373950379697,-0.1687373950379697
359,30.268828953882423,-0.0585724965865737,0.027095850120240503,0.0027829979598411,-0.21994134897360684,-0.16556480193821527,-0.15249314826504157,0.16774246309154572,4,-0.16556480193821527,-0.16556480193821527
360,30.275270724656856,0.0244110531807156,0.02709610119809836,-0.0027418591103922,-0.22971652003910048,-0.15249314826504157,-0.1457761521452077,0.16035376735972848,4,-0.15249314826504157,-0.15249314826504157
361,30.27187084195232,-0.0095179943626279,0.0270963522759545,-0.0046007821096127,-0.3176930596285432,-0.1457761521452077,-0.15181894001193297,0.16700083401312626,4,-0.1457761521452077,-0.1457761521452077
362,30.28423893663784,0.0828481513151175,0.027027953729468434,-0.0024200928286394,-0.35679374389051777,-0.15181894001193297,-0.15262900964344392,0.16789191060778832,4,-0.15181894001193297,-0.15181894001193297
363,30.2660570760635,-0.1027544347756363,0.026897675570032097,0.0013928165375805,-0.3958944281524923,-0.15262900964344392,-0.14710189868865473,0.16181208855752022,4,-0.15262900964344392,-0.15262900964344392
364,30.2611584390663,-0.0821369850774096,0.026726138004534945,0.0204477421143381,-0.35679374389051777,-0.14710189868865473,-0.15316518131862583,0.16848169945048844,4,-0.14710189868865473,-0.14710189868865473
365,30.24613213081319,-0.1165780228683405,0.025837669586622675,0.0224236143563553,-0.3861192570869987,-0.15316518131862583,-0.15355820774040185,0.16891402851444204,4,-0.15316518131862583,-0.15316518131862583
366,30.233312569044983,-0.1218133626407945,0.024949180758972997,0.0041691126881936,-0.42521994134897323,-0.15355820774040185,-0.15474191549474858,0.17021610704422346,4,-0.15355820774040185,-0.15355820774040185
367,30.23141327930292,-0.0370081435328233,0.024820056239453225,0.0016245088796278,-0.4643206256109478,-0.15474191549474858,-0.15478719087590342,0.17026590996349378,4,-0.15474191549474858,-0.15474191549474858
368,30.22033783493299,-0.0868978691952069,0.025286958308706836,0.0149958188029078,-0.5034213098729232,-0.15478719087590342,-0.1542685350530563,0.16969538855836194,4,-0.15478719087590342,-0.15478719087590342
369,30.221495204856748,-0.0216188243204826,0.025751578547605607,0.0099434920043204,-0.45454545454545414,-0.1542685350530563,-0.14646004454285058,0.16110604899713565,4,-0.1542685350530563,-0.1542685350530563
370,30.20844857263008,-0.1029521892187668,0.026177128817861512,0.0135354856890041,-0.4154447702834796,-0.14646004454285058,-0.13864321692694176,0.15250753861963595,4,-0.14646004454285058,-0.14646004454285058
371,30.208469215785875,-0.0456504177114578,0.02660267434442384,0.0158348303216472,-0.4154447702834796,-0.13864321692694176,-0.11938609410465838,0.15,4,-0.13864321692694176,-0.13864321692694176
372,30.194189833851592,-0.0976010802521803,0.026771652009053612,0.0174649826473176,-0.3665689149560114,-0.11938609410465838,-0.06668619137745535,0.15,4,-0.11938609410465838,-0.11938609410465838
373,30.18684320936158,-0.0956910865537184,0.026724909612374167,0.0178505973497052,-0.3372434017595305,-0.06668619137745535,-0.04595822759566896,0.15,4,-0.06668619137745535,-0.06668619137745535
374,30.17946001887044,-0.0649531381186148,0.02666910196491356,0.0296913454509496,-0.2883675464320623,-0.04595822759566896,-0.04503512300338134,0.15,4,-0.04595822759566896,-0.04595822759566896
375,30.16498422577424,-0.1232452104592837,0.0264667614183761,0.0401251678936307,-0.19061583577712593,-0.04503512300338134,-0.04109502908214536,0.15,4,-0.04503512300338134,-0.04503512300338134
376,30.160370329842053,-0.0608788839537767,0.026264419787479114,0.0686410096840075,-0.21994134897360684,-0.04109502908214536,-0.021391131790332384,0.15,4,-0.04109502908214536,-0.04109502908214536
377,30.14132858779112,-0.1484023821289542,0.02576036989834242,0.1471565530213088,-0.32746823069403685,-0.021391131790332384,0.03011720800195147,0.15,4,-0.021391131790332384,-0.021391131790332384
378,30.139040114326168,-0.0704435023108598,0.025014264981316123,0.1726481391211716,-0.29814271749755594,0.03011720800195147,0.029679684845841485,0.15,4,0.03011720800195147,0.03011720800195147
379,30.112101615758117,-0.2100063119047071,0.024290632833719215,0.1670346435523521,-0.22971652003910048,0.029679684845841485,0.02483179991868021,0.15,4,0.029679684845841485,0.029679684845841485
380,30.107045859507632,-0.1289166324254117,0.023940002769659935,0.1698333001663825,-0.19061583577712593,0.02483179991868021,0.026659827601340405,0.15,4,0.02483179991868021,0.02483179991868021
381,30.10121727027568,-0.0600593330903633,0.023589369760669474,0.1975704260840839,-0.2101661779081132,0.026659827601340405,0.02656920762704279,0.15,4,0.026659827601340405,0.026659827601340405
382,30.10219211207814,-0.0355829060812901,0.0236400402168124,0.2795555379919253,-0.2590420332355814,0.02656920762704279,0.024704123703727595,0.15,4,0.02656920762704279,0.02656920762704279
383,30.07346313559152,-0.1918858435574869,0.024032526293474764,0.2826965922496599,-0.29814271749755594,0.024704123703727595,0.016422573247127824,0.15,4,0.024704123703727595,0.024704123703727595
384,30.081263633095,-0.0445472552845907,0.024424779888433685,0.2788816930226028,-0.2590420332355814,0.016422573247127824,0.017225410651162985,0.15,4,0.016422573247127824,0.016422573247127824
385,30.070093871180426,-0.0697818964309847,0.024813460116463765,0.285579945163059,-0.19061583577712593,0.017225410651162985,0.020075934425039785,0.15,4,0.017225410651162985,0.017225410651162985
386,30.059853278790527,-0.1048218824897846,0.02520213659359334,0.2892441131177052,-0.22971652003910048,0.020075934425039785,0.015017105401131152,0.15,4,0.020075934425039785,0.020075934425039785
387,30.063199923531396,-0.0046226947638419,0.025436789079727337,0.2885986422985945,-0.1808406647116323,0.015017105401131152,0.009185523377963196,0.15,4,0.015017105401131152,0.015017105401131152
388,30.04241005487091,-0.1469051508162461,0.02554874830743908,0.27659481627109,-0.21994134897360684,0.009185523377963196,0.004478929745183615,0.15,4,0.009185523377963196,0.009185523377963196
389,30.03435273199914,-0.1123229853248218,0.02565372151431181,0.2788909916825499,-0.20039100684261957,0.004478929745183615,0.00668222605155375,0.15,4,0.004478929745183615,0.004478929745183615
390,30.01705454906092,-0.1426305954435657,0.025648928513776273,0.28334281283188,-0.15151515151515138,0.00668222605155375,0.008005964698829022,0.15,4,0.00668222605155375,0.00668222605155375
391,30.01425668645012,-0.0830816298523061,0.025644135512651014,0.2753002777961555,-0.16129032258064502,0.008005964698829022,0.006756745375021074,0.15,4,0.008005964698829022,0.008005964698829022
392,30.013457579594025,-0.023739931374162,0.02576723244757633,0.2672921495461451,-0.16129032258064502,0.006756745375021074,0.02247133787044046,0.15,4,0.006756745375021074,0.006756745375021074
393,30.0051669917486,-0.0654435763533782,0.026001641673562816,0.2621532766669021,-0.1319648093841641,0.02247133787044046,0.02597847007040193,0.15,4,0.02247133787044046,0.02247133787044046
394,30.00573227839469,-0.0044507114024591,0.026245670823336564,0.2680287140259871,-0.14173998044965774,0.02597847007040193,0.02711110943013125,0.15,4,0.02597847007040193,0.02597847007040193
395,29.98940477874024,-0.10820959155678,0.02667138641265703,0.2742940284329677,-0.09286412512218956,0.02711110943013125,0.026041245040785393,0.15,4,0.02711110943013125,0.02711110943013125
396,29.988440526051768,-0.0472170348026323,0.027097097164835406,0.2764966187911259,-0.06353861192570864,0.026041245040785393,0.03209658346948682,0.15,4,0.026041245040785393,0.026041245040785393
397,29.973282542097728,-0.1232018836631086,0.027100841879143814,0.3013519651292255,-0.024437927663734094,0.03209658346948682,0.0327809026630097,0.15,4,0.03209658346948682,0.03209658346948682
398,29.974928617531617,-0.0314758173052012,0.02673354681582417,0.3032890506512886,0.024437927663734094,0.0327809026630097,0.03391681751516359,0.15,4,0.0327809026630097,0.0327809026630097
399,29.96359998249687,-0.084128845629827,0.026348041677416098,0.3012901048579036,0.04398826979472137,0.03391681751516359,0.035361224918164194,0.15,4,0.03391681751516359,0.03391681751516359
400,29.964586234208664,-0.0277803368095313,0.02573809987401657,0.2936174825574877,0.08308895405669592,0.035361224918164194,0.0382264831495707,0.15,4,0.035361224918164194,0.035361224918164194
401,29.9638740794759,-0.010764285744118,0.02512814848879851,0.2971965481844323,0.1319648093841641,0.0382264831495707,0.039870599426225714,0.15,4,0.0382264831495707,0.0382264831495707
402,29.96139845704161,-0.0145295743452423,0.024748306712083525,0.2945494071846475,0.11241446725317683,0.039870599426225714,0.04148589402802501,0.15,4,0.039870599426225714,0.039870599426225714
403,29.96538564857909,0.0382453510807061,0.024571361878241958,0.2946101515267011,0.1319648093841641,0.04148589402802501,0.04287636434796784,0.15,4,0.04148589402802501,0.04148589402802501
404,29.965559471422853,-0.0086614650823491,0.024344243231859724,0.294663404289697,0.15151515151515138,0.04287636434796784,0.04509310754301478,0.15,4,0.04287636434796784,0.04287636434796784
405,29.980500671319177,0.1098634698844616,0.02333684505972735,0.2893173855970621,0.17106549364613866,0.04509310754301478,0.04747482973184186,0.15,4,0.04509310754301478,0.04509310754301478
406,29.97335162302583,-0.0046068996479205,0.022329423190703884,0.2820259388589678,0.19061583577712593,0.04747482973184186,0.04937646235539788,0.15,4,0.04747482973184186,0.04747482973184186
407,29.981964979233567,0.0635637530204642,0.02158560237648272,0.2772875078983688,0.16129032258064502,0.04937646235539788,0.030245134816271668,0.15,4,0.04937646235539788,0.04937646235539788
408,29.96397855791418,-0.1031004895127103,0.02108424617009037,0.2745502212288715,0.15151515151515138,0.030245134816271668,-0.001651984145361747,0.15,4,0.030245134816271668,0.030245134816271668
409,29.96613255452856,-0.0210261901480103,0.02058226994328338,0.2731286342943563,0.17106549364613866,-0.001651984145361747,-0.011339857468911672,0.15,4,-0.001651984145361747,-0.001651984145361747
410,29.954719338786305,-0.0806575231580831,0.02006944092960756,0.271848452662135,0.15151515151515138,-0.011339857468911672,-0.0346429466114965,0.15,4,-0.011339857468911672,-0.011339857468911672
411,29.974641686475294,0.0870990782186642,0.019556606635615762,0.2698400795406563,0.1026392961876832,-0.0346429466114965,-0.047026038058894104,0.15,4,-0.0346429466114965,-0.0346429466114965
412,29.982360850799893,0.1031060000093653,0.01943210297859574,0.2384055732608214,0.09286412512218956,-0.047026038058894104,-0.052247962691982924,0.15,4,-0.047026038058894104,-0.047026038058894104
413,29.990844290924297,0.0823068449024275,0.01961964227247316,0.1898588582450148,0.004887585532746819,-0.052247962691982924,-0.0581720598884655,0.15,4,-0.052247962691982924,-0.052247962691982924
414,30.00146171704787,0.1064775179747977,0.0198147024153981,0.1764649243809153,-0.03421309872922773,-0.0581720598884655,-0.0968795570032937,0.15,4,-0.0581720598884655,-0.0581720598884655
415,30.0005333524867,0.0248140943912805,0.020135248390456953,0.1427905615261838,-0.07331378299120228,-0.0968795570032937,-0.10418681441186542,0.15,4,-0.0968795570032937,-0.0968795570032937
416,30.00958318110044,0.070144798416516,0.020455792295798712,0.1263611691079496,-0.03421309872922773,-0.10418681441186542,-0.10462542324477417,0.15,4,-0.10418681441186542,-0.10418681441186542
417,30.00848791142552,0.0152172343346585,0.020616411318962555,0.1196863444640998,-0.004887585532746819,-0.10462542324477417,-0.10528932363013226,0.15,4,-0.10462542324477417,-0.10462542324477417
418,30.021858358375276,0.0940836460458807,0.02061939098675278,0.1103389400416199,-0.04398826979472137,-0.10528932363013226,-0.10006181035548879,0.15,4,-0.10528932363013226,-0.10528932363013226
419,30.02677473609144,0.0667502526522336,0.02061950721963202,0.0491557872679577,-0.12218963831867047,-0.10006181035548879,-0.10038746351482722,0.15,4,-0.10006181035548879,-0.10006181035548879
420,30.035456683742403,0.0702088454668173,0.020572603651817734,0.03712819267501,-0.20039100684261957,-0.10038746351482722,-0.0982564446506968,0.15,4,-0.10038746351482722,-0.10038746351482722
421,30.041777373203963,0.0737130792993504,0.020525700038725656,0.0359615291460851,-0.20039100684261957,-0.0982564446506968,-0.09667454068170668,0.15,4,-0.0982564446506968,-0.0982564446506968
422,30.04538258548805,0.0477676773429605,0.020567472168477173,0.0353142046025396,-0.20039100684261957,-0.09667454068170668,-0.09096168186658012,0.15,4,-0.09667454068170668,-0.09667454068170668
423,30.05284288103388,0.070896906672082,0.020682396177564923,0.0446908950534266,-0.1808406647116323,-0.09096168186658012,-0.09110726530607983,0.15,4,-0.09096168186658012,-0.09096168186658012
424,30.058354694154627,0.0463771684424782,0.020770638325631387,0.0450306080264096,-0.21994134897360684,-0.09110726530607983,-0.08831263979752317,0.15,4,-0.09110726530607983,-0.09110726530607983
425,30.073689991074943,0.1307368397308819,0.020414051390566977,0.0448718512627738,-0.22971652003910048,-0.08831263979752317,-0.08812516537108617,0.15,4,-0.08831263979752317,-0.08831263979752317
426,30.069394230478547,0.012960646667682,0.02005746185866826,0.0438837534492896,-0.24926686217008776,-0.08812516537108617,-0.08697605760020607,0.15,4,-0.08812516537108617,-0.08812516537108617
427,30.087018920169857,0.1313207449983748,0.019475584169207284,0.0471777156040696,-0.23949169110459412,-0.08697605760020607,-0.08615878578929081,0.15,4,-0.08697605760020607,-0.08697605760020607
428,30.08457984427097,0.0412817929376639,0.018714711463613535,0.0394877235082118,-0.26881720430107503,-0.08615878578929081,-0.08624649758405516,0.15,4,-0.08615878578929081,-0.08615878578929081
429,30.089548976937223,0.0388640413976853,0.017983431695262515,0.0367253279195488,-0.26881720430107503,-0.08624649758405516,-0.08616644383085706,0.15,4,-0.08624649758405516,-0.08624649758405516
430,30.094160651353032,0.0481242359434458,0.017754097527834335,0.0347639770023,-0.26881720430107503,-0.08616644383085706,-0.08534777770391076,0.15,4,-0.08616644383085706,-0.08616644383085706
431,30.103537675078687,0.0815296345207728,0.017524762426346166,0.0343156424183016,-0.23949169110459412,-0.08534777770391076,-0.09108970054354695,0.15,4,-0.08534777770391076,-0.08534777770391076
432,30.10864233104236,0.0682761495696139,0.01758839048628131,0.0362240192967816,-0.22971652003910048,-0.09108970054354695,-0.0915340007460981,0.15,4,-0.09108970054354695,-0.09108970054354695
433,30.114513396911097,0.0669182100125429,0.017893401061367283,0.0390672706410052,-0.2590420332355814,-0.0915340007460981,-0.09037241439824051,0.15,4,-0.0915340007460981,-0.0915340007460981
434,30.125645298862096,0.0996202383030906,0.018181792737060967,0.0420038773260737,-0.2590420332355814,-0.09037241439824051,-0.08965765552780534,0.15,4,-0.09037241439824051,-0.09037241439824051
435,30.127064141895907,0.0308760394557376,0.018186588524530246,0.0433440518107293,-0.29814271749755594,-0.08965765552780534,-0.08814415698052591,0.15,4,-0.08965765552780534,-0.08965765552780534
436,30.137840206553022,0.0894362205903348,0.0181913843115811,0.0342846367750509,-0.2883675464320623,-0.08814415698052591,-0.09307242902518328,0.15,4,-0.08814415698052591,-0.08814415698052591
437,30.132909151024656,-7.653724300934273e-05,0.01784804284170488,0.0302222649717088,-0.26881720430107503,-0.09307242902518328,-0.11600109782799072,0.15,4,-0.09307242902518328,-0.09307242902518328
438,30.14438328844265,0.0710177735164425,0.01718278599271698,0.0255137505118272,-0.1808406647116323,-0.11600109782799072,-0.17472799793410415,0.19220079772751458,4,-0.11600109782799072,-0.11600109782799072
439,30.143890635759973,0.0237761932351287,0.016501328872082426,0.0199609225601033,-0.24926686217008776,-0.17472799793410415,-0.19715872328072392,0.21687459560879632,4,-0.17472799793410415,-0.17472799793410415
440,30.147076348784704,0.0265749465656673,0.015563224368233026,0.013148184607627,-0.3079178885630496,-0.19715872328072392,-0.215163379131074,0.23667971704418142,4,-0.19715872328072392,-0.19715872328072392
441,30.15824321283273,0.0800857460591455,0.01462510616460141,-0.0038767079889516,-0.4643206256109478,-0.215163379131074,-0.20598540380481598,0.2265839441852976,4,-0.215163379131074,-0.215163379131074
442,30.159513791111163,0.0377364982084778,0.013438406901885499,-0.0518210383584806,-0.5522971652003914,-0.20598540380481598,-0.1972185359572882,0.21694038955301703,4,-0.20598540380481598,-0.20598540380481598
443,30.15963314466688,-0.0063509334669529,0.012038468159253562,-0.1585307116890385,-0.5229716520039105,-0.1972185359572882,-0.1859158122389233,0.20450739346281566,4,-0.1972185359572882,-0.1972185359572882
444,30.163760212699337,0.0284206331395953,0.010507506578230666,-0.2090778783403006,-0.5229716520039105,-0.18329971626406388,-0.16663610569460352,0.18329971626406388,4,-0.1859158122389233,-0.18329971626406388
445,30.175445688484132,0.0846478532615193,0.006925943636921537,-0.2727696216926611,-0.562072336265885,-0.16663610569460352,-0.15741289849968576,0.17315418834965435,4,-0.16663610569460352,-0.16663610569460352
446,30.175508489472648,0.0382510323082025,0.003344291845674627,-0.2933724787470451,-0.591397849462366,-0.1516463885527792,-0.13786035322979925,0.1516463885527792,4,-0.15741289849968576,-0.1516463885527792
447,30.19736122084664,0.1522744333502342,-0.0009958914250266186,-0.3221534475126288,-0.5718475073313787,-0.13786035322979925,-0.1287432937683479,0.15,4,-0.13786035322979925,-0.13786035322979925
448,30.20812939041598,0.1298061624718212,-0.0060580893167219265,-0.3539507304279405,-0.5718475073313787,-0.1287432937683479,-0.10825941779558819,0.15,4,-0.1287432937683479,-0.1287432937683479
449,30.21715622844042,0.1035363005099111,-0.010988681714737821,-0.3718077359837444,-0.6011730205278596,-0.10825941779558819,-0.1005432206832111,0.15,4,-0.10825941779558819,-0.10825941779558819
450,30.22459496738009,0.08610795830392,-0.013721343824311656,-0.3840258454420757,-0.6304985337243405,-0.1005432206832111,-0.0913546587259935,0.15,4,-0.1005432206832111,-0.1005432206832111
451,30.214305099229502,-0.0611111007269576,-0.016453903454900432,-0.3798230345292306,-0.6500488758553278,-0.0913546587259935,-0.07314357911472147,0.15,4,-0.0913546587259935,-0.0913546587259935
452,30.22483534012976,0.0469168321395288,-0.019462687007238803,-0.394922284539879,-0.6011730205278596,-0.07314357911472147,-0.06770823376459031,0.15,4,-0.07314357911472147,-0.07314357911472147
453,30.23099019020704,0.0579351904604548,-0.022697821079032936,-0.3942156421725086,-0.6109481915933532,-0.06770823376459031,-0.057621218327476346,0.15,4,-0.06770823376459031,-0.06770823376459031
454,30.24557133958563,0.1186920106773614,-0.025883228093095855,-0.4132665669405325,-0.6500488758553278,-0.057621218327476346,-0.05383358207155953,0.15,4,-0.057621218327476346,-0.057621218327476346
455,30.258158338238065,0.1292139237174493,-0.028196396362623992,-0.4214186884421513,-0.6500488758553278,-0.05383358207155953,-0.051753096682548023,0.15,4,-0.05383358207155953,-0.05383358207155953
456,30.27471780927552,0.1375394471901767,-0.030509413649965508,-0.4152660797837609,-0.7086999022482896,-0.051753096682548023,-0.04854992442465033,0.15,4,-0.051753096682548023,-0.051753096682548023
457,30.28468678774669,0.1168034923403535,-0.03238451446330959,-0.4250566090246086,-0.7673509286412514,-0.04854992442465033,-0.047548394592641825,0.15,4,-0.04854992442465033,-0.04854992442465033
458,30.28916526729725,0.0590019765628056,-0.0338658805225625,-0.423599053983744,-0.7575757575757578,-0.047548394592641825,-0.04742106934096668,0.15,4,-0.047548394592641825,-0.047548394592641825
459,30.28796653694135,0.0136103450588287,-0.03530772391502624,-0.4317358766834774,-0.6891495601173023,-0.04742106934096668,-0.052221016207474914,0.15,4,-0.04742106934096668,-0.04742106934096668
460,30.28143016224657,-0.0471276815806106,-0.03608835657626372,-0.4360879684194956,-0.6891495601173023,-0.052221016207474914,-0.05292105974143304,0.15,4,-0.052221016207474914,-0.052221016207474914
461,30.289304779130298,0.0287440969557403,-0.03686896721765205,-0.4386743634993635,-0.698924731182796,-0.05292105974143304,-0.05829733420652652,0.15,4,-0.05292105974143304,-0.05292105974143304
462,30.29112584371705,0.0149618801858657,-0.037333431275050274,-0.4416442755944808,-0.7184750733137832,-0.05829733420652652,-0.08278878978602791,0.15,4,-0.05829733420652652,-0.05829733420652652
463,30.30024021831996,0.0668915582016481,-0.03750914708789703,-0.4431747767352352,-0.7771260997067451,-0.08278878978602791,-0.16368567753493093,0.18005424528842404,4,-0.08278878978602791,-0.08278878978602791
464,30.302616788197906,0.0465026218727137,-0.03765520339131106,-0.4522228100005946,-0.806451612903226,-0.16368567753493093,-0.2439377039264662,0.2683314743191128,4,-0.16368567753493093,-0.16368567753493093
465,30.309400706321245,0.0483149526036192,-0.03733693269060722,-0.4502180603515864,-0.8651026392961878,-0.2439377039264662,-0.238337663958091,0.2621714303539001,4,-0.2439377039264662,-0.2439377039264662
466,30.31504240178436,0.0510792700781568,-0.0370186582024876,-0.4556301476564363,-1.0019550342130987,-0.238337663958091,-0.23642254218613848,0.26006479640475233,4,-0.238337663958091,-0.238337663958091
467,30.320401319483064,0.0419254387359762,-0.03687648226245627,-0.4930950916063371,-1.0703812316715542,-0.23642254218613848,-0.2356301949331957,0.2591932144265153,4,-0.23642254218613848,-0.23642254218613848
468,30.332284599083536,0.0860687429091568,-0.03687632263022186,-0.6214679001023755,-1.1094819159335287,-0.2356301949331957,-0.24655809433409706,0.2712139037675068,4,-0.2356301949331957,-0.2356301949331957
469,30.335758931351737,0.0632507737788024,-0.03690180375772153,-0.7490663523227997,-1.0899315738025415,-0.24655809433409706,-0.3016444494115148,0.3318088943526663,4,-0.24655809433409706,-0.24655809433409706
470,30.330466765571845,-0.0101553458179978,-0.03734187116263247,-0.744472518697652,-1.1192570869990224,-0.3016444494115148,-0.30903429077410594,0.33993771985151655,4,-0.3016444494115148,-0.3016444494115148
471,30.337801318518,0.0401515899657457,-0.03778193132596288,-0.7457856398913518,-1.2072336265884651,-0.30903429077410594,-0.310378261607024,0.3414160877677264,4,-0.30903429077410594,-0.30903429077410594
472,30.345664987235903,0.0709550250402396,-0.03840923583192286,-0.750719293672092,-1.236559139784946,-0.310378261607024,-0.31096442837222515,0.34206087120944767,4,-0.310378261607024,-0.310378261607024
473,30.351323136670644,0.0629485429991746,-0.03918673440504149,-0.7757160848227902,-1.2170087976539588,-0.31096442837222515,-0.3110207291632078,0.34212280207952855,4,-0.31096442837222515,-0.31096442837222515
474,30.354169861520056,0.0277466088493848,-0.039895683578670176,-0.8701115534344753,-1.2072336265884651,-0.3110207291632078,-0.31251403529864774,0.34376543882851257,4,-0.3110207291632078,-0.3110207291632078
475,30.358807675287668,0.0437191663128013,-0.03948205296131887,-0.8778107964827622,-1.236559139784946,-0.31251403529864774,-0.3216865122967024,0.3538551635263727,4,-0.31251403529864774,-0.31251403529864774
476,30.356631372014945,0.0157596554194652,-0.03906841557831447,-0.8758726226679734,-1.2952101661779083,-0.3216865122967024,-0.32496120547713164,0.3574573260248448,4,-0.3216865122967024,-0.3216865122967024
477,30.355440747565268,0.009782227645322,-0.03858089660128486,-0.8720129810644569,-1.2854349951124147,-0.32496120547713164,-0.33258844982724933,0.3658472948099743,4,-0.32496120547713164,-0.32496120547713164
478,30.35681455159857,0.0101876068636597,-0.038032313916831206,-0.8667292860422671,-1.383186705767351,-0.33258844982724933,-0.35330927411614527,0.3886402015277598,4,-0.33258844982724933,-0.33258844982724933
479,30.35759729383013,-0.0138876291593559,-0.03744150304838028,-0.8633084041426086,-1.3538611925708701,-0.35330927411614527,-0.36118832886197777,0.3973071617481756,4,-0.35330927411614527,-0.35330927411614527
480,30.355932204624192,-0.0256483978860005,-0.03620029318883205,-0.865679537401625,-1.3245356793743892,-0.36118832886197777,-0.35843098164095993,0.39427407980505597,4,-0.36118832886197777,-0.36118832886197777
481,30.35590816940181,-0.0015301967218222,-0.03495902748332801,-0.8586998912206752,-1.4027370478983383,-0.35843098164095993,-0.35723357355377267,0.39295693090914996,4,-0.35843098164095993,-0.35843098164095993
482,30.354141346674822,-0.0055626014158564,-0.03403273904667172,-0.8617065872051098,-1.4222873900293256,-0.35723357355377267,-0.35256830109368087,0.387825131203049,4,-0.35723357355377267,-0.35723357355377267
483,30.350812186949145,-0.0110314430456428,-0.03335740487104551,-0.887943698870908,-1.3734115347018574,-0.34457342439921906,-0.34457342439921906,0.379030766839141,5,-0.34457342439921906,-0.34457342439921906
484,30.36019431959427,0.0415562621104807,-0.032767422634022124,-0.8947279353288786,-1.2952101661779083,-0.34532268468425154,-0.34532268468425154,0.3798549531526767,5,-0.34532268468425154,-0.34532268468425154
485,30.36823893360232,0.0747288637066143,-0.033664235553891544,-0.8992068666253829,-1.2170087976539588,-0.34290592896503475,-0.34290592896503475,0.37719652186153824,5,-0.34290592896503475,-0.34290592896503475
486,30.37124779569529,0.0397692673062531,-0.034561021368606455,-0.906125109375594,-1.1681329423264906,-0.33346489088461206,-0.33346489088461206,0.3668113799730733,5,-0.33346489088461206,-0.33346489088461206
487,30.37477490973936,0.0252022971761428,-0.034933459671808983,-0.9023978301728488,-1.236559139784946,-0.32838377537076646,-0.32838377537076646,0.36122215290784315,5,-0.32838377537076646,-0.32838377537076646
488,30.37884699522572,0.0457831082038282,-0.034801666990043216,-0.8884411758524557,-1.2267839687194524,-0.3175853244690659,-0.3175853244690659,0.34934385691597253,5,-0.3175853244690659,-0.3175853244690659
489,30.369229933343995,-0.0505755345175919,-0.03468816479077964,-0.8884508078356285,-1.2658846529814274,-0.31863205634077,-0.31863205634077,0.35049526197484704,5,-0.31863205634077,-0.31863205634077
490,30.364815220431836,-0.0480633766884339,-0.03487142049880685,-0.8863819488993054,-1.236559139784946,-0.30999255389045627,-0.30999255389045627,0.3409918092795019,5,-0.30999255389045627,-0.30999255389045627
491,30.36877848544683,0.0047172319591812,-0.0350546750343408,-0.8732203832327727,-1.275659824046921,-0.3104037588783875,-0.3104037588783875,0.34144413476622626,5,-0.3104037588783875,-0.3104037588783875
492,30.369800078738397,0.00712377053886,-0.035354476248879406,-0.8681025040070885,-1.2561094819159337,-0.3104037588783875,-0.30425652234307315,0.3346821745773805,4,-0.3104037588783875,-0.3104037588783875
493,30.37384115123776,0.025400971554482,-0.035746751166378016,-0.8548349708696071,-1.2952101661779083,-0.30425652234307315,-0.2926353699860745,0.32189890698468193,4,-0.30425652234307315,-0.30425652234307315
494,30.37249631595135,-0.0032462292458232,-0.036098096519903214,-0.8599347612212861,-1.2854349951124147,-0.2926353699860745,-0.2949096581574024,0.3244006239731427,4,-0.2926353699860745,-0.2926353699860745
495,30.372779620755885,0.0041905493716309,-0.03580047122711735,-0.8433020360184709,-1.2463343108504397,-0.2949096581574024,-0.29008572325685755,0.3190942955825433,4,-0.2949096581574024,-0.2949096581574024
496,30.368632292679287,-0.0216793558429737,-0.035502842758992924,-0.841009323479405,-1.2267839687194524,-0.29008572325685755,-0.27168651673641125,0.2988551684100524,4,-0.29008572325685755,-0.29008572325685755
497,30.36077805203613,-0.055379291137475,-0.03540822497034318,-0.8302753737701267,-1.2854349951124147,-0.27168651673641125,-0.27136202635970114,0.2984982289956713,4,-0.27168651673641125,-0.27168651673641125
498,30.360502516908277,-0.0233702019539822,-0.035482370282822785,-0.8125558528008165,-1.275659824046921,-0.2623438413636349,-0.23849440123966809,0.2623438413636349,4,-0.27136202635970114,-0.2623438413636349
499,30.360227063648217,0.0007468706305473,-0.03557389963400169,-0.8170619041022432,-1.2463343108504397,-0.23849440123966809,-0.23781041640522962,0.2615914580457526,4,-0.23849440123966809,-0.23849440123966809
500,30.361758253691573,0.0023537042202608,-0.03593518812321394,-0.8129584563278889,-1.1485826001955033,-0.23781041640522962,-0.22053718031831,0.242590898350141,4,-0.23781041640522962,-0.23781041640522962
501,30.36211448734217,-0.0040921169482559,-0.036296471915824566,-0.7873007184122846,-1.129032258064516,-0.22053718031831,-0.2223204445177906,0.2445524889695697,4,-0.22053718031831,-0.22053718031831
502,30.359187212253342,-0.0295675980117809,-0.03660869929275639,-0.7898327371054592,-1.021505376344086,-0.2223204445177906,-0.21672839109898231,0.23840123020888057,4,-0.2223204445177906,-0.2223204445177906
503,30.353158472970332,-0.0485254158741237,-0.03688106967294749,-0.740308973821366,-1.0312805474095796,-0.21672839109898231,-0.2174320529261743,0.23917525821879174,4,-0.21672839109898231,-0.21672839109898231
504,30.3541742321012,-0.0064025027684845,-0.03711255176381533,-0.741499117155611,-0.9824046920821115,-0.2174320529261743,-0.21768512919356098,0.2394536421129171,4,-0.2174320529261743,-0.2174320529261743
505,30.345547527954764,-0.0509882891374983,-0.036752340639435714,-0.7105133281254162,-1.0117302052785924,-0.21768512919356098,-0.21991002195211667,0.24190102414732836,4,-0.21768512919356098,-0.21768512919356098
506,30.34820770138314,-0.0055974282665513,-0.0363921247398511,-0.7098213198551688,-1.099706744868035,-0.21991002195211667,-0.20905367093964156,0.22995903803360573,4,-0.21991002195211667,-0.21991002195211667
507,30.34620382310016,-0.0051045176722086,-0.0361899278974825,-0.6989546945621518,-1.0410557184750733,-0.20905367093964156,-0.20112271854427372,0.2212349903987011,4,-0.20905367093964156,-0.20905367093964156
508,30.34450741943484,-0.0229376555844707,-0.03611657699973951,-0.6993444030999203,-1.0312805474095796,-0.20112271854427372,-0.19917639768439183,0.21909403745283101,4,-0.20112271854427372,-0.20112271854427372
509,30.349876409945647,0.0198408044345976,-0.03603068165199522,-0.6989267489619154,-0.9530791788856305,-0.19917639768439183,-0.19985807908187375,0.21984388699006113,4,-0.19917639768439183,-0.19917639768439183
510,30.349915328357607,0.0157161194697021,-0.03573367891402721,-0.6995442225817614,-0.9824046920821115,-0.19985807908187375,-0.20080247849358804,0.22088272634294687,4,-0.19985807908187375,-0.19985807908187375
511,30.3545145974196,0.0422065587240097,-0.03543667301990527,-0.6794208139697495,-0.9824046920821115,-0.20080247849358804,-0.20142902466956772,0.22157192713652452,4,-0.20080247849358804,-0.20080247849358804
512,30.35401519712616,0.0142994698161183,-0.035332929543407526,-0.6658139440978204,-0.9433040078201369,-0.20142902466956772,-0.1984311715244161,0.21827428867685775,4,-0.20142902466956772,-0.20142902466956772
513,30.35595122245481,-0.0039673622772487,-0.0353833419783905,-0.663227234794148,-0.9628543499511242,-0.1984311715244161,-0.1983159589781466,0.2181475548759613,4,-0.1984311715244161,-0.1984311715244161
514,30.355827454186286,0.0007701050177563,-0.03545136257816272,-0.6649759316707021,-0.9530791788856305,-0.1983159589781466,-0.1992040753134134,0.21912448284475475,4,-0.1983159589781466,-0.1983159589781466
515,30.351020991662057,-0.0364164512120487,-0.035841649992073926,-0.6702842201446947,-0.9335288367546433,-0.1992040753134134,-0.2007136303278611,0.22078499336064722,4,-0.1992040753134134,-0.1992040753134134
516,30.35202295939508,-0.0297297644165977,-0.03623193193948589,-0.6751112641317185,-0.8944281524926687,-0.2007136303278611,-0.2014896015291386,0.22163856168205248,4,-0.2007136303278611,-0.2007136303278611
517,30.356634863672664,0.0333793870878744,-0.03671122767212769,-0.6750737439482505,-0.8260019550342133,-0.2014896015291386,-0.20127946708179753,0.2214074137899773,4,-0.2014896015291386,-0.2014896015291386
518,30.358321678656527,0.0409568220612296,-0.0372618305120878,-0.6802989906555615,-0.7673509286412514,-0.20127946708179753,-0.20145220911268394,0.22159743002395235,4,-0.20127946708179753,-0.20127946708179753
519,30.358957349721056,0.0113493570593868,-0.03778210462632092,-0.6868150007179642,-0.8162267839687196,-0.20145220911268394,-0.2080954083833947,0.22890494922173418,4,-0.20145220911268394,-0.20145220911268394
520,30.357247869620824,-0.0044412145465379,-0.037796649358060354,-0.6893467564573624,-0.7771260997067451,-0.2080954083833947,-0.23556224888047925,0.2591184737685272,4,-0.2080954083833947,-0.2080954083833947
521,30.35706165865786,-0.0001061085463861,-0.037811194081792406,-0.6907202685849086,-0.7869012707722387,-0.23556224888047925,-0.2816644383189146,0.30983088215080606,4,-0.23556224888047925,-0.23556224888047925
522,30.359954474035703,0.0003431463085367,-0.03760123424966014,-0.6883386948725584,-0.7575757575757578,-0.2816644383189146,-0.2888873869383226,0.3177761256321549,4,-0.2816644383189146,-0.2816644383189146
523,30.370365031740427,0.0827373448249802,-0.03720051227656337,-0.6847237329075713,-0.7966764418377323,-0.2888873869383226,-0.2895772276633461,0.3185349504296807,4,-0.2888873869383226,-0.2888873869383226
524,30.369965304644868,0.0284150801256043,-0.03680194727749628,-0.6913576096611573,-0.8553274682306942,-0.2895772276633461,-0.2903830041955044,0.31942130461505486,4,-0.2895772276633461,-0.2895772276633461
525,30.37759691554821,0.0623294951584207,-0.03643587551183984,-0.7314032435742435,-0.7966764418377323,-0.2903830041955044,-0.2894097891154676,0.3183507680270144,4,-0.2903830041955044,-0.2903830041955044
526,30.37709371235089,0.0140130891992893,-0.03606979885690886,-0.8009988171038193,-0.7869012707722387,-0.2894097891154676,-0.3027260031325372,0.33299860344579096,4,-0.2894097891154676,-0.2894097891154676
527,30.381891573854123,0.0263406372235614,-0.035430556443099274,-0.8062223032466432,-0.8162267839687196,-0.3027260031325372,-0.3173136988108007,0.3490450686918808,4,-0.3027260031325372,-0.3027260031325372
528,30.38277230516261,0.0188776036995108,-0.03456675747306088,-0.79884875337792,-0.8357771260997069,-0.3173136988108007,-0.3256395051355499,0.35820345564910494,4,-0.3173136988108007,-0.3173136988108007
529,30.388003296304657,0.0430888712963,-0.03373814256470482,-0.7920297164450254,-0.913978494623656,-0.3256395051355499,-0.33586679121494506,0.3694534703364396,4,-0.3256395051355499,-0.3256395051355499
530,30.388858575417224,0.023073153533255,-0.03347417997455668,-0.7878999619189847,-0.9628543499511242,-0.33586679121494506,-0.3476199344473765,0.38238192789211417,4,-0.33586679121494506,-0.33586679121494506
531,30.39032774678154,-0.0155828064406818,-0.03321021504941626,-0.8064625417580804,-0.9921798631476051,-0.3476199344473765,-0.3457159039817611,0.38028749437993725,4,-0.3476199344473765,-0.3476199344473765
532,30.40911648034824,0.1234182663268073,-0.032814480909666946,-0.825862067117373,-0.9726295210166178,-0.3457159039817611,-0.3454874711186269,0.3800362182304896,4,-0.3457159039817611,-0.3457159039817611
533,30.401952566403047,0.0137407198318356,-0.0323161291902866,-0.8341494781671095,-0.9530791788856305,-0.3454874711186269,-0.3454409204591132,0.37998501250502453,4,-0.3454874711186269,-0.3454874711186269
534,30.411875993676407,0.0587133933714396,-0.03185489547658659,-0.8459327641124189,-0.9042033235581624,-0.34649252447419576,-0.34649252447419576,0.3811417769216154,5,-0.34649252447419576,-0.34649252447419576
535,30.408853285109902,0.0198758752306037,-0.03199256386283128,-0.8659290589645997,-0.9726295210166178,-0.3448996446779699,-0.3448996446779699,0.3793896091457669,5,-0.3448996446779699,-0.3448996446779699
536,30.410852269612416,0.0202491940899311,-0.03213023164211554,-0.8642694639761763,-1.0606060606060606,-0.34935878610402604,-0.34935878610402604,0.3842946647144287,5,-0.34935878610402604,-0.34935878610402604
537,30.418074851122043,0.0593399484612636,-0.03215903461552916,-0.8642391264068205,-1.0312805474095796,-0.3482315156840273,-0.3482315156840273,0.3830546672524301,5,-0.3482315156840273,-0.3482315156840273
538,30.418768882557963,0.0198496852657027,-0.032089881041766244,-0.8634915855101349,-1.0312805474095796,-0.3478741957664759,-0.3478741957664759,0.3826616153431235,5,-0.3478741957664759,-0.3478741957664759
539,30.42691609504168,0.0708775967115507,-0.03205000055374402,-0.8648271588116513,-1.0899315738025415,-0.3344546711058529,-0.3344546711058529,0.36790013821643824,5,-0.3344546711058529,-0.3344546711058529
540,30.41899481432521,-0.0282082808426092,-0.032475142197984,-0.866412806805069,-1.1094819159335287,-0.33265348934471645,-0.33265348934471645,0.36591883827918814,5,-0.33265348934471645,-0.33265348934471645
541,30.421965613864497,0.0182039330809668,-0.03290027796637493,-0.8776869567872461,-1.1681329423264906,-0.33315560060796623,-0.33315560060796623,0.3664711606687629,5,-0.33315560060796623,-0.33315560060796623
542,30.418855900049653,-0.0047740747730019,-0.03315677858800209,-0.8783909692276135,-1.2267839687194524,-0.3356197625514973,-0.3356197625514973,0.36918173880664706,5,-0.3356197625514973,-0.3356197625514973
543,30.42698184562862,0.0408518631786924,-0.033274020228155086,-0.8790300870723322,-1.236559139784946,-0.3359409842200852,-0.3359409842200852,0.3695350826420938,5,-0.3359409842200852,-0.3359409842200852
544,30.434895033334776,0.0717896528611391,-0.03338377063470537,-0.8588422237804983,-1.1876832844574778,-0.33402704498828234,-0.33402704498828234,0.3674297494871106,5,-0.33402704498828234,-0.33402704498828234
545,30.43589469143606,0.0242789092994988,-0.03337025729307647,-0.8558547750115931,-1.1974584555229715,-0.33402704498828234,-0.3320601393520081,0.36526615328720896,4,-0.33402704498828234,-0.33402704498828234
546,30.446196565818667,0.0824934328991458,-0.03335674394534692,-0.8565885647619306,-1.1876832844574778,-0.3320601393520081,-0.33141671422213576,0.36455838564434934,4,-0.3320601393520081,-0.3320601393520081
547,30.439453337982695,-0.0066194608844148,-0.033373605444371277,-0.8606240787395724,-1.1388074291300097,-0.330757833991241,-0.330757833991241,0.3638336173903651,5,-0.330757833991241,-0.330757833991241
548,30.448019311094956,0.0589609862321605,-0.03341714356259014,-0.8616190943831209,-1.1681329423264906,-0.3294357751132559,-0.3294357751132559,0.3623793526245815,5,-0.3294357751132559,-0.3294357751132559
549,30.449784348738824,0.0471515953881018,-0.033465876190342005,-0.8590677792465653,-1.1388074291300097,-0.31531281945653344,-0.31531281945653344,0.3468441014021868,5,-0.31531281945653344,-0.31531281945653344
550,30.450122067989632,0.009129376166989,-0.03362247881558233,-0.8574808892894766,-1.0410557184750733,-0.31531281945653344,-0.31060844005706467,0.34166928406277114,4,-0.31531281945653344,-0.31531281945653344
551,30.449100209776365,-0.000602806903473,-0.033779080615323254,-0.8579879756249068,-1.0019550342130987,-0.31060844005706467,-0.30467020708338,0.335137227791718,4,-0.31060844005706467,-0.31060844005706467
552,30.44009086938028,-0.0679897825549603,-0.03393377108959856,-0.8583989421494336,-1.0019550342130987,-0.30467020708338,-0.29143499051921395,0.3205784895711354,4,-0.30467020708338,-0.30467020708338
553,30.442049277411936,-0.0016596087819456,-0.03408677558089162,-0.8578123300543402,-0.9726295210166178,-0.29143499051921395,-0.28636059622030224,0.3149966558423325,4,-0.29143499051921395,-0.29143499051921395
554,30.434976052045624,-0.0391051338248793,-0.03422596604236716,-0.8366940521242763,-0.9433040078201369,-0.28636059622030224,-0.28721512226628515,0.3159366344929137,4,-0.28636059622030224,-0.28636059622030224
555,30.44786882285746,0.0598238415592445,-0.03412077711468241,-0.8282683955135556,-0.9335288367546433,-0.28721512226628515,-0.28854257421680474,0.31739683163848526,4,-0.28721512226628515,-0.28721512226628515
556,30.44819764834706,0.0336165013847289,-0.034015587809019726,-0.8178028930049476,-0.8357771260997069,-0.28854257421680474,-0.2842577472004095,0.3126835219204505,4,-0.28854257421680474,-0.28854257421680474
557,30.44657507404397,-0.0100880806303569,-0.03397218738909233,-0.7963373953567563,-0.8162267839687196,-0.2842577472004095,-0.2712590228297963,0.298384925112776,4,-0.2842577472004095,-0.2842577472004095
558,30.451267212877,0.0266879979334016,-0.033978750361461856,-0.788365786036701,-0.8846529814271751,-0.2712590228297963,-0.2691343050374054,0.29604773554114594,4,-0.2712590228297963,-0.2712590228297963
559,30.454789510695765,0.0229555022814312,-0.03397796529600099,-0.7897361812328985,-0.8162267839687196,-0.2691343050374054,-0.26954248474357556,0.29649673321793313,4,-0.2691343050374054,-0.2691343050374054
560,30.46431153921341,0.0782280675556623,-0.03386134258282777,-0.790756510935356,-0.7869012707722387,-0.26954248474357556,-0.2687756254220104,0.2956531879642115,4,-0.26954248474357556,-0.26954248474357556
561,30.463564914203157,0.0109047948787968,-0.033744719408580766,-0.7827983763386752,-0.806451612903226,-0.2687756254220104,-0.2688577005370639,0.29574347059077033,4,-0.2687756254220104,-0.2687756254220104
562,30.467692752881767,0.0311592723528813,-0.03392528063262641,-0.763933576659769,-0.7771260997067451,-0.2688577005370639,-0.26841802514869284,0.2952598276635621,4,-0.2688577005370639,-0.2688577005370639
563,30.463402154819725,-0.0090298587823372,-0.03434246539767276,-0.7646261358480752,-0.8357771260997069,-0.26841802514869284,-0.2658118517501306,0.2923930369251437,4,-0.26841802514869284,-0.26841802514869284
564,30.463288886797457,-0.016528831910428,-0.034775137504944854,-0.7695187455723879,-0.8162267839687196,-0.2637482308160782,-0.23977111892370742,0.2637482308160782,4,-0.2658118517501306,-0.2637482308160782
565,30.469600705828547,0.0438527828327222,-0.035469635498943816,-0.775146956879569,-0.7869012707722387,-0.23977111892370742,-0.233869403806039,0.2572563441866429,4,-0.23977111892370742,-0.23977111892370742
566,30.46381651575555,-0.0342078928266103,-0.0361641163638331,-0.7820591612157067,-0.8260019550342133,-0.233869403806039,-0.23245973552094382,0.25570570907303825,4,-0.233869403806039,-0.233869403806039
567,30.469887557802505,0.027543293543818,-0.03690246356386741,-0.7886361731026198,-0.7869012707722387,-0.23245973552094382,-0.22997777317314202,0.2529755504904562,4,-0.23245973552094382,-0.23245973552094382
568,30.463996435011502,-0.0221749478420091,-0.03767654029184423,-0.7920563010601157,-0.7771260997067451,-0.22997777317314202,-0.23120378892878876,0.25432416782166767,4,-0.22997777317314202,-0.22997777317314202
569,30.46910855714352,0.020020616202362,-0.03842522977872274,-0.7580394457015875,-0.8553274682306942,-0.23120378892878876,-0.23227426629525336,0.2555016929247787,4,-0.23120378892878876,-0.23120378892878876
570,30.47096268102398,0.0262155936290471,-0.03872953018749886,-0.7516532243814249,-0.8357771260997069,-0.23227426629525336,-0.228949680430593,0.2518446484736523,4,-0.23227426629525336,-0.23227426629525336
571,30.47247122735329,0.0093798915608032,-0.0390338270046242,-0.7524048357694907,-0.806451612903226,-0.228949680430593,-0.22734873965497004,0.25008361362046705,4,-0.228949680430593,-0.228949680430593
572,30.47163175748185,0.0132658910271739,-0.03894950997101375,-0.7476288708560775,-0.8553274682306942,-0.22734873965497004,-0.22802017248570666,0.25082218973427733,4,-0.22734873965497004,-0.22734873965497004
573,30.466798352956037,-0.0427486397951875,-0.038550929435826796,-0.7456451152303302,-0.9335288367546433,-0.22802017248570666,-0.2237267193586312,0.24609939129449435,4,-0.22802017248570666,-0.22802017248570666
574,30.478582059270924,0.0769267158561999,-0.038203337604173916,-0.743991328577031,-0.9530791788856305,-0.2237267193586312,-0.21656767832821647,0.23822444616103813,4,-0.2237267193586312,-0.2237267193586312
575,30.47243802001421,-0.016818998305038,-0.03876854418093506,-0.7442232041694202,-0.9433040078201369,-0.21656767832821647,-0.2207927164200875,0.24287198806209626,4,-0.21656767832821647,-0.21656767832821647
576,30.479609480441308,0.0283393072606196,-0.03933373835438483,-0.747255754129466,-0.9628543499511242,-0.2207927164200875,-0.22290734614197244,0.2451980807561697,4,-0.2207927164200875,-0.2207927164200875
577,30.48031043271756,0.0223142380668337,-0.03948855106354022,-0.749844967815045,-0.913978494623656,-0.22290734614197244,-0.22327550378753627,0.2456030541662899,4,-0.22290734614197244,-0.22290734614197244
578,30.477951189114776,-0.0127761234592718,-0.03931917748138886,-0.7413479567101462,-0.913978494623656,-0.22327550378753627,-0.22427451049758146,0.24670196154733962,4,-0.22327550378753627,-0.22327550378753627
579,30.479670825840746,0.0239678247803406,-0.039091215273963094,-0.7277393775384422,-0.9530791788856305,-0.22427451049758146,-0.22486203024362814,0.24734823326799096,4,-0.22427451049758146,-0.22427451049758146
580,30.474798641834884,-0.031753632078409,-0.0379040970148129,-0.7227883252967187,-1.0312805474095796,-0.22486203024362814,-0.22252253723112017,0.2447747909542322,4,-0.22486203024362814,-0.22486203024362814
581,30.481342742052355,0.0250167708019115,-0.03671692526003868,-0.7145325403696078,-1.0410557184750733,-0.22252253723112017,-0.23049412854633455,0.253543541400968,4,-0.22252253723112017,-0.22252253723112017
582,30.47474800403479,-0.0373079842063527,-0.035669395926925224,-0.7048120620229037,-0.9433040078201369,-0.23049412854633455,-0.23196784138198678,0.2551646255201855,4,-0.23049412854633455,-0.23049412854633455
583,30.480067243427957,0.011677002395076,-0.0347359353899563,-0.6972665896821646,-0.8846529814271751,-0.23196784138198678,-0.23881800652943266,0.26269980718237596,4,-0.23196784138198678,-0.23196784138198678
584,30.474599250531448,-0.0184532332017316,-0.0338719702017738,-0.6897004224848656,-0.8748778103616814,-0.23881800652943266,-0.2366570840693189,0.2603227924762508,4,-0.23881800652943266,-0.23881800652943266
585,30.47993586783305,0.0228644086404404,-0.034087769061732116,-0.6881225542611306,-0.913978494623656,-0.2366570840693189,-0.23918010341091017,0.2630981137520012,4,-0.2366570840693189,-0.2366570840693189
586,30.48105139992642,0.0261610874704824,-0.034303566332417046,-0.7029162992884606,-0.9042033235581624,-0.23918010341091017,-0.2533880130230562,0.27872681432536184,4,-0.23918010341091017,-0.23918010341091017
587,30.478322387203377,-0.0146917846643812,-0.03459666317844596,-0.708121563396979,-0.9433040078201369,-0.2533880130230562,-0.2664316159517776,0.2930747775469554,4,-0.2533880130230562,-0.2533880130230562
588,30.48277104007496,0.0306964929329265,-0.03495261106096921,-0.7225234531726284,-1.0312805474095796,-0.2664316159517776,-0.2670787101558638,0.29378658117145023,4,-0.2664316159517776,-0.2664316159517776
589,30.47610077718192,-0.0270668669662674,-0.03527224487692409,-0.7221923675051695,-1.0312805474095796,-0.2670787101558638,-0.2668830308930897,0.29357133398239865,4,-0.2670787101558638,-0.2670787101558638
590,30.480801973311465,0.0094443537357959,-0.034997403338684126,-0.7235290554556655,-1.0606060606060606,-0.2668830308930897,-0.2665093363507852,0.29316026998586375,4,-0.2668830308930897,-0.2668830308930897
591,30.48148680845077,0.0201781692340637,-0.03472255915354743,-0.7434214255865322,-1.021505376344086,-0.2665093363507852,-0.28491223129005905,0.313403454419065,4,-0.2665093363507852,-0.2665093363507852
592,30.48202040847578,0.0097879544646199,-0.0343320706857755,-0.7603280761583051,-1.0899315738025415,-0.28491223129005905,-0.30455319580564144,0.33500851538620563,4,-0.28491223129005905,-0.28491223129005905
593,30.48460524215368,0.0154414674651065,-0.033849159358773306,-0.7566331702160145,-1.0899315738025415,-0.30455319580564144,-0.33529658609557195,0.36882624470512915,4,-0.30455319580564144,-0.30455319580564144
594,30.47672145940505,-0.0569124782445229,-0.0333778652724645,-0.7516566244935144,-1.0801564027370478,-0.33529658609557195,-0.3401135829022241,0.37412494119244655,4,-0.33529658609557195,-0.33529658609557195
595,30.478513971961696,0.0139914621742717,-0.03310171214204702,-0.7483631163697637,-1.1681329423264906,-0.29316026998586375,-0.2665093363507852,0.29316026998586375,4,-0.3401135829022241,-0.29316026998586375
596,30.47098391702802,-0.0564142914256721,-0.03282555648448251,-0.7748638161251105,-1.1681329423264906,-0.28491223129005905,-0.28491223129005905,0.313403454419065,4,-0.28491223129005905,-0.28491223129005905
597,30.47705174516808,0.0088542008969483,-0.032635774250589014,-0.8042567474423037,-1.0606060606060606,-0.30455319580564144,-0.30455319580564144,0.33500851538620563,4,-0.30455319580564144,-0.30455319580564144
598,30.480325565754903,0.0461032930395795,-0.03252922631612949,-0.852101346640475,-1.0312805474095796,-0.33529658609557195,-0.33529658609557195,0.36882624470512915,5,-0.33529658609557195,-0.33529658609557195
599,30.472606714577392,-0.0425826737930282,-0.03242267801199069,-0.8586607315431141,-1.0703812316715542,-0.3401135829022241,-0.3401135829022241,0.37412494119244655,5,-0.3401135829022241,-0.3401135829022241
