velocity,steer_command,lat_accel,target_lat_accel
1.0,-0.9510565162951536,0.004887585532746819,0.0
1.0,-0.9297764858882512,0.004887585532746819,0.0
1.0,-0.9048270524660199,0.004887585532746819,0.0
1.0,-0.8763066800438638,-0.004887585532746819,0.0
1.0,-0.8443279255020155,-0.5048875855327468,0.0
1.0,-0.8090169943749476,-1.0048875855327468,0.0
1.0,-0.7705132427757896,-1.0019550342130987,0.0
1.0,-0.7289686274214116,-0.9628543499511242,0.0
1.0,-0.684547105928689,-0.9335288367546433,0.0
1.0,-0.6374239897486896,-0.913978494623656,0.0
1.0,-0.5877852522924734,-0.8651026392961878,0.0
1.0,-0.5358267949789963,-0.8357771260997069,0.0
1.0,-0.4817536741017153,-0.7966764418377323,0.0
1.0,-0.4257792915650722,-0.7380254154447705,0.0
1.0,-0.3681245526846787,-0.6793743890518087,0.0
1.0,-0.3090169943749477,-0.6011730205278596,0.0
1.0,-0.24868988716485535,-0.5425219941348978,0.0
1.0,-0.18738131458572468,-0.45454545454545414,0.0
1.0,-0.12533323356430465,-0.37634408602150504,0.0
1.0,-0.06279051952931326,-0.29814271749755594,0.0
1.0,-2.4492935982947064e-16,-0.22971652003910048,0.0
1.0,0.06279051952931278,-0.16129032258064502,0.0
1.0,0.12533323356430418,-0.1026392961876832,0.0
1.0,0.1873813145857242,-0.024437927663734094,0.0
1.0,0.24868988716485488,0.07331378299120228,0.0
1.0,0.3090169943749472,0.16129032258064502,0.0
1.0,0.3681245526846782,0.24926686217008776,0.0
1.0,0.42577929156507255,0.3372434017595305,0.0
1.0,0.48175367410171566,0.42521994134897323,0.0
1.0,0.5358267949789967,0.5131964809384169,0.0
1.0,0.5877852522924736,0.6011730205278596,0.0
1.0,0.6374239897486899,0.669599217986315,0.0
1.0,0.6845471059286893,0.7380254154447705,0.0
1.0,0.7289686274214107,0.806451612903226,0.0
1.0,0.7705132427757887,0.8651026392961878,0.0
1.0,0.8090169943749468,0.9433040078201369,0.0
1.0,0.8443279255020147,1.021505376344086,0.0
1.0,0.8763066800438631,1.0899315738025415,0.0
1.0,0.9048270524660194,1.1388074291300097,0.0
1.0,0.9297764858882511,1.1876832844574778,0.0
1.0,0.9510565162951535,1.2463343108504397,0.0
1.0,0.968583161128631,1.3049853372434015,0.0
1.0,0.9822872507286886,1.3538611925708697,0.0
1.0,0.9921147013144778,1.373411534701857,0.0
1.0,0.9980267284282716,1.4027370478983379,0.0
1.0,1.0,1.4320625610948188,0.0
1.0,0.9980267284282716,1.4418377321603124,0.0
1.0,0.9921147013144779,1.4418377321603124,0.0
1.0,0.9822872507286886,1.4320625610948188,0.0
1.0,0.9685831611286311,1.4027370478983379,0.0
1.0,0.9510565162951536,1.373411534701857,0.0
1.0,0.9297764858882517,1.344086021505376,0.0
1.0,0.9048270524660192,1.3147605083088951,0.0
1.0,0.8763066800438634,1.2854349951124142,0.0
1.0,0.8443279255020151,1.2463343108504397,0.0
1.0,0.8090169943749477,1.2072336265884651,0.0
1.0,0.7705132427757886,1.1485826001955033,0.0
1.0,0.728968627421411,1.0899315738025415,0.0
1.0,0.6845471059286897,1.050830889540567,0.0
1.0,0.6374239897486911,1.0019550342130987,0.0
1.0,0.5877852522924734,0.913978494623656,0.0
1.0,0.5358267949789972,0.8455522971652005,0.0
1.0,0.4817536741017162,0.7869012707722387,0.0
1.0,0.42577929156507394,0.7184750733137832,0.0
1.0,0.368124552684678,0.6304985337243405,0.0
1.0,0.3090169943749478,0.562072336265885,0.0
1.0,0.2486898871648555,0.5034213098729223,0.0
1.0,0.18738131458572568,0.43499511241446687,0.0
1.0,0.1253332335643039,0.3665689149560114,0.0
1.0,0.06279051952931339,0.29814271749755594,0.0
1.0,3.6739403974420594e-16,0.21994134897360684,0.0
1.0,-0.06279051952931265,0.15151515151515138,0.0
1.0,-0.12533323356430318,0.08308895405669592,0.0
1.0,-0.18738131458572496,0.004887585532746819,0.0
1.0,-0.24868988716485477,-0.07331378299120228,0.0
1.0,-0.30901699437494706,-0.16129032258064502,0.0
1.0,-0.36812455268467725,-0.23949169110459412,0.0
1.0,-0.42577929156507327,-0.3079178885630496,0.0
1.0,-0.48175367410171555,-0.37634408602150504,0.0
1.0,-0.5358267949789965,-0.45454545454545414,0.0
1.0,-0.5877852522924728,-0.5425219941348978,0.0
1.0,-0.6374239897486905,-0.6109481915933532,0.0
1.0,-0.6845471059286892,-0.698924731182796,0.0
1.0,-0.7289686274214106,-0.7673509286412514,0.0
1.0,-0.770513242775788,-0.8260019550342133,0.0
1.0,-0.8090169943749472,-0.8944281524926687,0.0
1.0,-0.8443279255020146,-0.9628543499511242,0.0
1.0,-0.876306680043863,-1.0312805474095796,0.0
1.0,-0.9048270524660189,-1.1094819159335287,0.0
1.0,-0.9297764858882513,-1.1779081133919842,0.0
1.0,-0.9510565162951534,-1.236559139784946,0.0
1.0,-0.968583161128631,-1.2952101661779083,0.0
1.0,-0.9822872507286885,-1.3440860215053765,0.0
1.0,-0.9921147013144779,-1.3636363636363638,0.0
1.0,-0.9980267284282716,-1.3734115347018574,0.0
1.0,-1.0,-1.3929618768328447,0.0
1.0,-0.9980267284282716,-1.3929618768328447,0.0
1.0,-0.992114701314478,-1.383186705767351,0.0
1.0,-0.9822872507286886,-1.383186705767351,0.0
1.0,-0.9685831611286312,-1.3734115347018574,0.0
1.0,-0.9510565162951538,-1.3636363636363638,0.0
1.0,-0.9297764858882517,-1.3343108504398828,0.0
1.0,-0.9048270524660192,-1.304985337243402,0.0
1.0,-0.8763066800438635,-1.2854349951124147,0.0
1.0,-0.8443279255020151,-1.2561094819159337,0.0
1.0,-0.8090169943749477,-1.2170087976539588,0.0
1.0,-0.7705132427757886,-1.158357771260997,0.0
1.0,-0.7289686274214111,-1.1094819159335287,0.0
1.0,-0.6845471059286898,-1.0801564027370478,0.0
1.0,-0.6374239897486912,-1.050830889540567,0.0
1.0,-0.5877852522924735,-1.0117302052785924,0.0
1.0,-0.5358267949789973,-0.9726295210166178,0.0
1.0,-0.4817536741017163,-0.913978494623656,0.0
1.0,-0.42577929156507405,-0.8162267839687196,0.0
1.0,-0.3681245526846781,-0.7380254154447705,0.0
1.0,-0.3090169943749479,-0.6598240469208214,0.0
1.0,-0.2486898871648556,-0.5718475073313787,0.0
1.0,-0.1873813145857258,-0.48387096774193505,0.0
1.0,-0.125333233564304,-0.40566959921798595,0.0
1.0,-0.06279051952931351,-0.32746823069403685,0.0
1.0,-4.898587196589413e-16,-0.2590420332355814,0.0
1.0,0.06279051952931075,-0.19061583577712593,0.0
1.0,0.12533323356430304,-0.11241446725317683,0.0
1.0,0.1873813145857231,-0.03421309872922773,0.0
1.0,0.24868988716485466,0.053763440860215006,0.0
1.0,0.30901699437494523,0.1319648093841641,0.0
1.0,0.36812455268467714,0.21994134897360684,0.0
1.0,0.42577929156507155,0.3176930596285432,0.0
1.0,0.48175367410171543,0.3958944281524923,0.0
1.0,0.535826794978995,0.48387096774193505,0.0
1.0,0.5877852522924727,0.5522971652003914,0.0
1.0,0.6374239897486891,0.6304985337243405,0.0
1.0,0.6845471059286891,0.7184750733137832,0.0
1.0,0.7289686274214104,0.8357771260997069,0.0
1.0,0.7705132427757891,0.9237536656891496,0.0
1.0,0.8090169943749471,0.9921798631476051,0.0
1.0,0.8443279255020155,1.0606060606060606,0.0
1.0,0.876306680043863,1.129032258064516,0.0
1.0,0.9048270524660196,1.2072336265884651,0.0
1.0,0.9297764858882513,1.2463343108504397,0.0
1.0,0.951056516295154,1.2756598240469206,0.0
1.0,0.9685831611286309,1.3049853372434015,0.0
1.0,0.9822872507286888,1.373411534701857,0.0
1.0,0.9921147013144779,1.4320625610948188,0.0
1.0,0.9980267284282717,1.4711632453567933,0.0
1.0,1.0,1.5102639296187688,0.0
1.0,0.9980267284282718,1.529814271749756,0.0
1.0,0.992114701314478,1.5395894428152497,0.0
1.0,0.9822872507286889,1.559139784946237,0.0
1.0,0.9685831611286312,1.559139784946237,0.0
1.0,0.9510565162951543,1.559139784946237,0.0
1.0,0.9297764858882518,1.5493646138807433,0.0
1.0,0.90482705246602,1.529814271749756,0.0
1.0,0.8763066800438635,1.5395894428152497,0.0
1.0,0.8443279255020162,1.5493646138807433,0.0
1.0,0.8090169943749478,1.529814271749756,0.0
1.0,0.7705132427757898,1.4711632453567933,0.0
1.0,0.7289686274214112,1.4125122189638315,0.0
1.0,0.6845471059286898,1.373411534701857,0.0
1.0,0.6374239897486899,1.3147605083088951,0.0
1.0,0.5877852522924736,1.2561094819159333,0.0
1.0,0.5358267949789959,1.1974584555229715,0.0
1.0,0.48175367410171643,1.129032258064516,0.0
1.0,0.42577929156507255,1.0801564027370478,0.0
1.0,0.3681245526846782,1.021505376344086,0.0
1.0,0.3090169943749463,0.9530791788856305,0.0
1.0,0.2486898871648557,0.8748778103616814,0.0
1.0,0.18738131458572418,0.7966764418377323,0.0
1.0,0.12533323356430415,0.7282502443792769,0.0
1.0,0.06279051952931186,0.6500488758553278,0.0
1.0,6.123233995736766e-16,0.5522971652003914,0.0
1.0,-0.06279051952931064,0.48387096774193505,0.0
1.0,-0.12533323356430293,0.3958944281524923,0.0
1.0,-0.18738131458572296,0.3176930596285432,0.0
1.0,-0.24868988716485452,0.23949169110459412,0.0
1.0,-0.3090169943749451,0.16129032258064502,0.0
1.0,-0.3681245526846787,0.08308895405669592,0.0
1.0,-0.42577929156506983,0.004887585532746819,0.0
1.0,-0.4817536741017154,-0.06353861192570864,0.0
1.0,-0.5358267949789964,-0.14173998044965774,0.0
1.0,-0.5877852522924726,-0.2101661779081132,0.0
1.0,-0.637423989748689,-0.2883675464320623,0.0
1.0,-0.6845471059286877,-0.37634408602150504,0.0
1.0,-0.7289686274214103,-0.45454545454545414,0.0
1.0,-0.7705132427757901,-0.5229716520039105,0.0
1.0,-0.809016994374946,-0.591397849462366,0.0
1.0,-0.8443279255020155,-0.6500488758553278,0.0
1.0,-0.8763066800438638,-0.698924731182796,0.0
1.0,-0.9048270524660196,-0.7380254154447705,0.0
1.0,-0.9297764858882513,-0.7771260997067451,0.0
1.0,-0.9510565162951534,-0.8260019550342133,0.0
1.0,-0.9685831611286309,-0.8651026392961878,0.0
1.0,-0.982287250728689,-0.9237536656891496,0.0
1.0,-0.9921147013144777,-0.9726295210166178,0.0
1.0,-0.9980267284282717,-1.0117302052785924,0.0
1.0,-1.0,-1.0606060606060606,0.0
1.0,-0.9980267284282718,-1.0899315738025415,0.0
1.0,-0.9921147013144778,-1.1388074291300097,0.0
1.0,-0.9822872507286894,-1.1974584555229715,0.0
1.0,-0.9685831611286312,-1.236559139784946,0.0
1.0,-0.9510565162951538,-1.2561094819159337,0.0
1.0,-0.9297764858882518,-1.2561094819159337,0.0
1.0,-0.9048270524660201,-1.236559139784946,0.0
1.0,-0.8763066800438645,-1.2072336265884651,0.0
1.0,-0.8443279255020162,-1.1876832844574778,0.0
1.0,-0.8090169943749468,-1.158357771260997,0.0
1.0,-0.770513242775791,-1.129032258064516,0.0
1.0,-0.7289686274214113,-1.099706744868035,0.0
1.0,-0.6845471059286887,-1.0703812316715542,0.0
1.0,-0.63742398974869,-1.021505376344086,0.0
1.0,-0.5877852522924737,-0.9628543499511242,0.0
1.0,-0.5358267949789975,-0.9042033235581624,0.0
1.0,-0.48175367410171654,-0.8553274682306942,0.0
1.0,-0.42577929156507105,-0.7575757575757578,0.0
1.0,-0.36812455268468,-0.669599217986315,0.0
1.0,-0.3090169943749464,-0.5816226783968723,0.0
1.0,-0.2486898871648541,-0.5034213098729232,0.0
1.0,-0.1873813145857243,-0.42521994134897323,0.0
1.0,-0.12533323356430426,-0.3372434017595305,0.0
1.0,-0.06279051952931375,-0.2590420332355814,0.0
1.0,-7.347880794884119e-16,-0.20039100684261957,0.0
1.0,0.06279051952931229,-0.11241446725317683,0.0
1.0,0.12533323356430282,-0.03421309872922773,0.0
1.0,0.18738131458572285,0.04398826979472137,0.0
1.0,0.24868988716485269,0.11241446725317683,0.0
1.0,0.309016994374945,0.20039100684261957,0.0
1.0,0.3681245526846786,0.27859237536656867,0.0
1.0,0.4257792915650697,0.35679374389051777,0.0
1.0,0.48175367410171527,0.43499511241446687,0.0
1.0,0.5358267949789963,0.5229716520039105,0.0
1.0,0.5877852522924725,0.6109481915933532,0.0
1.0,0.6374239897486889,0.6891495601173023,0.0
1.0,0.6845471059286876,0.7673509286412514,0.0
1.0,0.7289686274214102,0.8260019550342133,0.0
1.0,0.7705132427757901,0.8944281524926687,0.0
1.0,0.8090169943749459,0.9628543499511242,0.0
1.0,0.8443279255020154,1.0312805474095796,0.0
1.0,0.8763066800438637,1.1094819159335287,0.0
1.0,0.9048270524660195,1.1779081133919842,0.0
1.0,0.9297764858882512,1.236559139784946,0.0
1.0,0.9510565162951533,1.2854349951124142,0.0
1.0,0.9685831611286309,1.3147605083088951,0.0
1.0,0.982287250728689,1.3538611925708697,0.0
1.0,0.9921147013144777,1.4027370478983379,0.0
1.0,0.9980267284282717,1.4711632453567933,0.0
1.0,1.0,1.5102639296187688,0.0
1.0,0.9980267284282718,1.5102639296187688,0.0
1.0,0.9921147013144778,1.5102639296187688,0.0
1.0,0.9822872507286894,1.529814271749756,0.0
1.0,0.9685831611286312,1.529814271749756,0.0
1.0,0.9510565162951539,1.5395894428152497,0.0
1.0,0.9297764858882518,1.5200391006842624,0.0
1.0,0.9048270524660201,1.4907135874877806,0.0
1.0,0.8763066800438645,1.4711632453567933,0.0
1.0,0.8443279255020163,1.451612903225806,0.0
1.0,0.8090169943749469,1.3929618768328442,0.0
1.0,0.7705132427757911,1.3245356793743888,0.0
1.0,0.7289686274214113,1.2756598240469206,0.0
1.0,0.6845471059286887,1.2072336265884651,0.0
1.0,0.6374239897486901,1.1681329423264906,0.0
1.0,0.5877852522924738,1.1192570869990224,0.0
1.0,0.5358267949789977,1.0606060606060606,0.0
1.0,0.48175367410171666,0.9921798631476051,0.0
1.0,0.42577929156507116,0.9335288367546433,0.0
1.0,0.3681245526846801,0.8455522971652005,0.0
1.0,0.30901699437494656,0.7771260997067451,0.0
1.0,0.24868988716485424,0.7086999022482896,0.0
1.0,0.1873813145857244,0.6207233626588469,0.0
1.0,0.1253332335643044,0.5522971652003914,0.0
1.0,0.06279051952931387,0.4740957966764414,0.0
1.0,8.572527594031472e-16,0.40566959921798595,0.0
1.0,-0.06279051952931217,0.32746823069403685,0.0
1.0,-0.12533323356430268,0.2590420332355814,0.0
1.0,-0.18738131458572274,0.17106549364613866,0.0
1.0,-0.24868988716485257,0.09286412512218956,0.0
1.0,-0.3090169943749449,0.014662756598240456,0.0
1.0,-0.3681245526846785,-0.053763440860215006,0.0
1.0,-0.4257792915650696,-0.12218963831867047,0.0
1.0,-0.48175367410171516,-0.19061583577712593,0.0
1.0,-0.5358267949789962,-0.27859237536656867,0.0
1.0,-0.5877852522924725,-0.34701857282502413,0.0
1.0,-0.6374239897486887,-0.4154447702834796,0.0
1.0,-0.6845471059286875,-0.4936461388074287,0.0
1.0,-0.7289686274214101,-0.5718475073313787,0.0
1.0,-0.77051324277579,-0.6402737047898341,0.0
1.0,-0.8090169943749459,-0.698924731182796,0.0
1.0,-0.8443279255020153,-0.7575757575757578,0.0
1.0,-0.8763066800438637,-0.806451612903226,0.0
1.0,-0.9048270524660195,-0.8455522971652005,0.0
1.0,-0.9297764858882512,-0.8944281524926687,0.0
1.0,-0.9510565162951533,-0.9530791788856305,0.0
1.0,-0.9685831611286309,-1.0312805474095796,0.0
1.0,-0.982287250728689,-1.0899315738025415,0.0
1.0,-0.9921147013144775,-1.129032258064516,0.0
1.0,-0.9980267284282717,-1.1681329423264906,0.0
1.0,-1.0,-1.1974584555229715,0.0
1.0,-0.9980267284282718,-1.2170087976539588,0.0
1.0,-0.9921147013144778,-1.2561094819159337,0.0
1.0,-0.9822872507286894,-1.2658846529814274,0.0
1.0,-0.9685831611286313,-1.2658846529814274,0.0
1.0,-0.9510565162951539,-1.2658846529814274,0.0
1.0,-0.9297764858882519,-1.2658846529814274,0.0
1.0,-0.9048270524660202,-1.236559139784946,0.0
1.0,-0.8763066800438646,-1.2170087976539588,0.0
1.0,-0.8443279255020164,-1.1779081133919842,0.0
1.0,-0.8090169943749469,-1.129032258064516,0.0
1.0,-0.7705132427757913,-1.0899315738025415,0.0
1.0,-0.7289686274214114,-1.0606060606060606,0.0
1.0,-0.6845471059286888,-1.021505376344086,0.0
1.0,-0.6374239897486902,-0.9824046920821115,0.0
1.0,-0.5877852522924739,-0.9335288367546433,0.0
1.0,-0.5358267949789978,-0.8944281524926687,0.0
1.0,-0.48175367410171677,-0.8357771260997069,0.0
1.0,-0.42577929156507127,-0.7771260997067451,0.0
1.0,-0.3681245526846802,-0.7086999022482896,0.0
1.0,-0.3090169943749467,-0.6402737047898341,0.0
1.0,-0.24868988716485435,-0.5425219941348978,0.0
1.0,-0.18738131458572455,-0.4643206256109478,0.0
1.0,-0.1253332335643045,-0.3861192570869987,0.0
1.0,-0.062790519529314,-0.3176930596285432,0.0
1.0,-9.797174393178826e-16,-0.24926686217008776,0.0
1.0,0.06279051952931204,-0.17106549364613866,0.0
1.0,0.12533323356429904,-0.09286412512218956,0.0
1.0,0.1873813145857261,-0.004887585532746819,0.0
1.0,0.24868988716485246,0.08308895405669592,0.0
1.0,0.3090169943749448,0.15151515151515138,0.0
1.0,0.36812455268467503,0.23949169110459412,0.0
1.0,0.4257792915650727,0.3079178885630496,0.0
1.0,0.48175367410171505,0.3958944281524923,0.0
1.0,0.5358267949789961,0.48387096774193505,0.0
1.0,0.5877852522924695,0.5718475073313787,0.0
1.0,0.6374239897486914,0.6500488758553278,0.0
1.0,0.6845471059286874,0.7086999022482896,0.0
1.0,0.7289686274214101,0.806451612903226,0.0
1.0,0.7705132427757877,0.8846529814271751,0.0
1.0,0.8090169943749479,0.9530791788856305,0.0
1.0,0.8443279255020153,1.021505376344086,0.0
1.0,0.8763066800438636,1.0899315738025415,0.0
1.0,0.9048270524660179,1.1681329423264906,0.0
1.0,0.9297764858882525,1.236559139784946,0.0
1.0,0.9510565162951533,1.2952101661779079,0.0
1.0,0.9685831611286307,1.3636363636363633,0.0
1.0,0.9822872507286884,1.4320625610948188,0.0
1.0,0.992114701314478,1.5004887585532742,0.0
1.0,0.9980267284282717,1.5395894428152497,0.0
1.0,1.0,1.5884652981427179,0.0
1.0,0.9980267284282718,1.6080156402737051,0.0
1.0,0.9921147013144783,1.6275659824046924,0.0
1.0,0.9822872507286887,1.6275659824046924,0.0
1.0,0.9685831611286313,1.6177908113391988,0.0
1.0,0.9510565162951539,1.5982404692082115,0.0
1.0,0.9297764858882532,1.559139784946237,0.0
1.0,0.9048270524660188,1.5395894428152497,0.0
1.0,0.8763066800438646,1.5102639296187688,0.0
1.0,0.8443279255020164,1.480938416422287,0.0
1.0,0.8090169943749491,1.4418377321603124,0.0
1.0,0.770513242775789,1.4027370478983379,0.0
1.0,0.7289686274214116,1.3343108504398824,0.0
1.0,0.684547105928689,1.2561094819159333,0.0
1.0,0.637423989748693,1.1974584555229715,0.0
1.0,0.5877852522924711,1.1388074291300097,0.0
1.0,0.5358267949789979,1.099706744868035,0.0
1.0,0.4817536741017169,1.0606060606060606,0.0
1.0,0.4257792915650746,1.021505376344086,0.0
1.0,0.368124552684677,0.9628543499511242,0.0
1.0,0.3090169943749468,0.8944281524926687,0.0
1.0,0.24868988716485446,0.8260019550342133,0.0
1.0,0.18738131458572815,0.7478005865102642,0.0
1.0,0.1253332335643011,0.669599217986315,0.0
1.0,0.06279051952931412,0.6011730205278596,0.0
1.0,1.102182119232618e-15,0.5327468230694041,0.0
1.0,-0.06279051952931192,0.43499511241446687,0.0
1.0,-0.12533323356429893,0.35679374389051777,0.0
1.0,-0.187381314585726,0.2883675464320623,0.0
1.0,-0.24868988716485232,0.2101661779081132,0.0
1.0,-0.3090169943749447,0.12218963831867047,0.0
1.0,-0.3681245526846749,0.04398826979472137,0.0
1.0,-0.4257792915650726,-0.03421309872922773,0.0
1.0,-0.48175367410171493,-0.1026392961876832,0.0
1.0,-0.535826794978996,-0.17106549364613866,0.0
1.0,-0.5877852522924694,-0.2590420332355814,0.0
1.0,-0.6374239897486913,-0.32746823069403685,0.0
1.0,-0.6845471059286873,-0.3958944281524923,0.0
1.0,-0.72896862742141,-0.4643206256109478,0.0
1.0,-0.7705132427757876,-0.5425219941348978,0.0
1.0,-0.8090169943749478,-0.6109481915933532,0.0
1.0,-0.8443279255020152,-0.669599217986315,0.0
1.0,-0.8763066800438636,-0.7086999022482896,0.0
1.0,-0.9048270524660178,-0.7575757575757578,0.0
1.0,-0.9297764858882525,-0.8162267839687196,0.0
1.0,-0.9510565162951532,-0.8455522971652005,0.0
1.0,-0.9685831611286307,-0.8846529814271751,0.0
1.0,-0.9822872507286883,-0.9335288367546433,0.0
1.0,-0.992114701314478,-0.9726295210166178,0.0
1.0,-0.9980267284282717,-1.0312805474095796,0.0
1.0,-1.0,-1.0899315738025415,0.0
1.0,-0.9980267284282718,-1.1485826001955033,0.0
1.0,-0.9921147013144783,-1.1779081133919842,0.0
1.0,-0.9822872507286887,-1.1974584555229715,0.0
1.0,-0.9685831611286313,-1.2170087976539588,0.0
1.0,-0.951056516295154,-1.2170087976539588,0.0
1.0,-0.9297764858882532,-1.2267839687194524,0.0
1.0,-0.9048270524660188,-1.236559139784946,0.0
1.0,-0.8763066800438647,-1.2170087976539588,0.0
1.0,-0.8443279255020165,-1.1779081133919842,0.0
1.0,-0.8090169943749491,-1.1485826001955033,0.0
1.0,-0.770513242775789,-1.129032258064516,0.0
1.0,-0.7289686274214117,-1.0899315738025415,0.0
1.0,-0.6845471059286891,-1.0312805474095796,0.0
1.0,-0.6374239897486931,-0.9726295210166178,0.0
1.0,-0.5877852522924712,-0.9042033235581624,0.0
1.0,-0.535826794978998,-0.8357771260997069,0.0
1.0,-0.481753674101717,-0.7771260997067451,0.0
1.0,-0.4257792915650747,-0.7086999022482896,0.0
1.0,-0.3681245526846771,-0.6304985337243405,0.0
1.0,-0.3090169943749469,-0.5522971652003914,0.0
1.0,-0.2486898871648546,-0.4936461388074287,0.0
1.0,-0.18738131458572826,-0.42521994134897323,0.0
1.0,-0.12533323356430123,-0.35679374389051777,0.0
1.0,-0.06279051952931425,-0.2883675464320623,0.0
1.0,-1.2246467991473533e-15,-0.20039100684261957,0.0
1.0,0.06279051952931179,-0.12218963831867047,0.0
1.0,0.1253332335642988,-0.04398826979472137,0.0
1.0,0.18738131458572588,0.024437927663734094,0.0
1.0,0.2486898871648522,0.12218963831867047,0.0
1.0,0.30901699437494456,0.20039100684261957,0.0
1.0,0.3681245526846748,0.2883675464320623,0.0
1.0,0.4257792915650725,0.3665689149560114,0.0
1.0,0.4817536741017148,0.4740957966764414,0.0
1.0,0.5358267949789959,0.5522971652003914,0.0
1.0,0.5877852522924693,0.6304985337243405,0.0
1.0,0.6374239897486885,0.7184750733137832,0.0
1.0,0.6845471059286898,0.7966764418377323,0.0
1.0,0.7289686274214099,0.8553274682306942,0.0
1.0,0.7705132427757853,0.913978494623656,0.0
1.0,0.8090169943749498,0.9726295210166178,0.0
1.0,0.8443279255020152,1.0410557184750733,0.0
1.0,0.8763066800438618,1.1094819159335287,0.0
1.0,0.9048270524660192,1.1876832844574778,0.0
1.0,0.9297764858882523,1.2561094819159333,0.0
1.0,0.9510565162951532,1.2952101661779079,0.0
1.0,0.9685831611286316,1.344086021505376,0.0
1.0,0.9822872507286883,1.3831867057673506,0.0
1.0,0.992114701314478,1.4125122189638315,0.0
1.0,0.9980267284282713,1.4418377321603124,0.0
1.0,1.0,1.451612903225806,0.0
1.0,0.9980267284282718,1.4613880742912997,0.0
1.0,0.9921147013144788,1.480938416422287,0.0
1.0,0.9822872507286882,1.5004887585532742,0.0
1.0,0.9685831611286313,1.5102639296187688,0.0
1.0,0.9510565162951551,1.5200391006842624,0.0
1.0,0.929776485888252,1.5395894428152497,0.0
1.0,0.9048270524660189,1.529814271749756,0.0
1.0,0.8763066800438647,1.5102639296187688,0.0
1.0,0.8443279255020146,1.480938416422287,0.0
1.0,0.8090169943749492,1.4320625610948188,0.0
1.0,0.7705132427757891,1.3929618768328442,0.0
1.0,0.7289686274214141,1.3538611925708697,0.0
1.0,0.6845471059286892,1.3147605083088951,0.0
1.0,0.6374239897486932,1.2463343108504397,0.0
1.0,0.5877852522924742,1.1876832844574778,0.0
1.0,0.535826794978995,1.129032258064516,0.0
1.0,0.48175367410171704,1.0703812316715542,0.0
1.0,0.42577929156507804,1.0117302052785924,0.0
1.0,0.3681245526846739,0.9530791788856305,0.0
1.0,0.309016994374947,0.8944281524926687,0.0
1.0,0.24868988716485815,0.806451612903226,0.0
1.0,0.1873813145857249,0.7282502443792769,0.0
1.0,0.12533323356430134,0.6500488758553278,0.0
1.0,0.06279051952931436,0.5718475073313787,0.0
1.0,4.899825157862589e-15,0.4740957966764414,0.0
1.0,-0.06279051952931168,0.3861192570869987,0.0
1.0,-0.12533323356429868,0.3176930596285432,0.0
1.0,-0.18738131458572224,0.22971652003910048,0.0
1.0,-0.24868988716485554,0.17106549364613866,0.0
1.0,-0.30901699437494445,0.09286412512218956,0.0
1.0,-0.3681245526846714,0.014662756598240456,0.0
1.0,-0.4257792915650756,-0.06353861192570864,0.0
1.0,-0.4817536741017147,-0.14173998044965774,0.0
1.0,-0.5358267949789928,-0.2101661779081132,0.0
1.0,-0.587785252292472,-0.27859237536656867,0.0
1.0,-0.6374239897486911,-0.3372434017595305,0.0
1.0,-0.6845471059286872,-0.4154447702834796,0.0
1.0,-0.7289686274214123,-0.4936461388074287,0.0
1.0,-0.7705132427757875,-0.591397849462366,0.0
1.0,-0.8090169943749477,-0.6598240469208214,0.0
1.0,-0.8443279255020132,-0.7086999022482896,0.0
1.0,-0.8763066800438635,-0.7575757575757578,0.0
1.0,-0.9048270524660177,-0.8162267839687196,0.0
1.0,-0.929776485888251,-0.8748778103616814,0.0
1.0,-0.9510565162951542,-0.9433040078201369,0.0
1.0,-0.9685831611286306,-1.0117302052785924,0.0
1.0,-0.9822872507286876,-1.0801564027370478,0.0
1.0,-0.9921147013144784,-1.129032258064516,0.0
1.0,-0.9980267284282716,-1.158357771260997,0.0
1.0,-1.0,-1.1876832844574778,0.0
1.0,-0.9980267284282716,-1.2170087976539588,0.0
1.0,-0.9921147013144783,-1.236559139784946,0.0
1.0,-0.9822872507286888,-1.2561094819159337,0.0
1.0,-0.9685831611286323,-1.275659824046921,0.0
2.0,-0.9510565162951536,0.004887585532746819,0.0
2.0,-0.9297764858882512,-0.004887585532746819,0.0
2.0,-0.9048270524660199,0.004887585532746819,0.0
2.0,-0.8763066800438638,0.004887585532746819,0.0
2.0,-0.8443279255020155,-0.4951124144672532,0.0
2.0,-0.8090169943749476,-0.9951124144672532,0.0
2.0,-0.7705132427757896,-1.0019550342130987,0.0
2.0,-0.7289686274214116,-0.9921798631476051,0.0
2.0,-0.684547105928689,-0.9530791788856305,0.0
2.0,-0.6374239897486896,-0.913978494623656,0.0
2.0,-0.5877852522924734,-0.8846529814271751,0.0
2.0,-0.5358267949789963,-0.8455522971652005,0.0
2.0,-0.4817536741017153,-0.7771260997067451,0.0
2.0,-0.4257792915650722,-0.7184750733137832,0.0
2.0,-0.3681245526846787,-0.6402737047898341,0.0
2.0,-0.3090169943749477,-0.5522971652003914,0.0
2.0,-0.24868988716485535,-0.48387096774193505,0.0
2.0,-0.18738131458572468,-0.42521994134897323,0.0
2.0,-0.12533323356430465,-0.3372434017595305,0.0
2.0,-0.06279051952931326,-0.27859237536656867,0.0
2.0,-2.4492935982947064e-16,-0.20039100684261957,0.0
2.0,0.06279051952931278,-0.11241446725317683,0.0
2.0,0.12533323356430418,-0.04398826979472137,0.0
2.0,0.1873813145857242,0.04398826979472137,0.0
2.0,0.24868988716485488,0.12218963831867047,0.0
2.0,0.3090169943749472,0.2101661779081132,0.0
2.0,0.3681245526846782,0.29814271749755594,0.0
2.0,0.42577929156507255,0.3861192570869987,0.0
2.0,0.48175367410171566,0.48387096774193505,0.0
2.0,0.5358267949789967,0.5718475073313787,0.0
2.0,0.5877852522924736,0.6500488758553278,0.0
2.0,0.6374239897486899,0.7380254154447705,0.0
2.0,0.6845471059286893,0.806451612903226,0.0
2.0,0.7289686274214107,0.8944281524926687,0.0
2.0,0.7705132427757887,0.9628543499511242,0.0
2.0,0.8090169943749468,1.0410557184750733,0.0
2.0,0.8443279255020147,1.1094819159335287,0.0
2.0,0.8763066800438631,1.158357771260997,0.0
2.0,0.9048270524660194,1.2267839687194524,0.0
2.0,0.9297764858882511,1.3147605083088951,0.0
2.0,0.9510565162951535,1.373411534701857,0.0
2.0,0.968583161128631,1.4125122189638315,0.0
2.0,0.9822872507286886,1.451612903225806,0.0
2.0,0.9921147013144778,1.5102639296187688,0.0
2.0,0.9980267284282716,1.559139784946237,0.0
2.0,1.0,1.5982404692082115,0.0
2.0,0.9980267284282716,1.6275659824046924,0.0
2.0,0.9921147013144779,1.6275659824046924,0.0
2.0,0.9822872507286886,1.6275659824046924,0.0
2.0,0.9685831611286311,1.5982404692082115,0.0
2.0,0.9510565162951536,1.5982404692082115,0.0
2.0,0.9297764858882517,1.5786901270772242,0.0
2.0,0.9048270524660192,1.559139784946237,0.0
2.0,0.8763066800438634,1.5200391006842624,0.0
2.0,0.8443279255020151,1.5102639296187688,0.0
2.0,0.8090169943749477,1.4711632453567933,0.0
2.0,0.7705132427757886,1.4222873900293251,0.0
2.0,0.728968627421411,1.373411534701857,0.0
2.0,0.6845471059286897,1.3147605083088951,0.0
2.0,0.6374239897486911,1.265884652981427,0.0
2.0,0.5877852522924734,1.2072336265884651,0.0
2.0,0.5358267949789972,1.1388074291300097,0.0
2.0,0.4817536741017162,1.0606060606060606,0.0
2.0,0.42577929156507394,0.9921798631476051,0.0
2.0,0.368124552684678,0.913978494623656,0.0
2.0,0.3090169943749478,0.8162267839687196,0.0
2.0,0.2486898871648555,0.7478005865102642,0.0
2.0,0.18738131458572568,0.6598240469208214,0.0
2.0,0.1253332335643039,0.5816226783968723,0.0
2.0,0.06279051952931339,0.4936461388074287,0.0
2.0,3.6739403974420594e-16,0.40566959921798595,0.0
2.0,-0.06279051952931265,0.32746823069403685,0.0
2.0,-0.12533323356430318,0.24926686217008776,0.0
2.0,-0.18738131458572496,0.1808406647116323,0.0
2.0,-0.24868988716485477,0.09286412512218956,0.0
2.0,-0.30901699437494706,0.014662756598240456,0.0
2.0,-0.36812455268467725,-0.07331378299120228,0.0
2.0,-0.42577929156507327,-0.15151515151515138,0.0
2.0,-0.48175367410171555,-0.22971652003910048,0.0
2.0,-0.5358267949789965,-0.3176930596285432,0.0
2.0,-0.5877852522924728,-0.3958944281524923,0.0
2.0,-0.6374239897486905,-0.48387096774193505,0.0
2.0,-0.6845471059286892,-0.5522971652003914,0.0
2.0,-0.7289686274214106,-0.6109481915933532,0.0
2.0,-0.770513242775788,-0.6891495601173023,0.0
2.0,-0.8090169943749472,-0.7673509286412514,0.0
2.0,-0.8443279255020146,-0.8162267839687196,0.0
2.0,-0.876306680043863,-0.8944281524926687,0.0
2.0,-0.9048270524660189,-0.9628543499511242,0.0
2.0,-0.9297764858882513,-1.021505376344086,0.0
2.0,-0.9510565162951534,-1.0801564027370478,0.0
2.0,-0.968583161128631,-1.1388074291300097,0.0
2.0,-0.9822872507286885,-1.1974584555229715,0.0
2.0,-0.9921147013144779,-1.236559139784946,0.0
2.0,-0.9980267284282716,-1.275659824046921,0.0
2.0,-1.0,-1.304985337243402,0.0
2.0,-0.9980267284282716,-1.3245356793743892,0.0
2.0,-0.992114701314478,-1.3440860215053765,0.0
2.0,-0.9822872507286886,-1.3734115347018574,0.0
2.0,-0.9685831611286312,-1.3734115347018574,0.0
2.0,-0.9510565162951538,-1.3734115347018574,0.0
2.0,-0.9297764858882517,-1.3538611925708701,0.0
2.0,-0.9048270524660192,-1.3538611925708701,0.0
2.0,-0.8763066800438635,-1.3343108504398828,0.0
2.0,-0.8443279255020151,-1.304985337243402,0.0
2.0,-0.8090169943749477,-1.2658846529814274,0.0
2.0,-0.7705132427757886,-1.2170087976539588,0.0
2.0,-0.7289686274214111,-1.1485826001955033,0.0
2.0,-0.6845471059286898,-1.1094819159335287,0.0
2.0,-0.6374239897486912,-1.050830889540567,0.0
2.0,-0.5877852522924735,-1.0019550342130987,0.0
2.0,-0.5358267949789973,-0.9335288367546433,0.0
2.0,-0.4817536741017163,-0.8651026392961878,0.0
2.0,-0.42577929156507405,-0.7966764418377323,0.0
2.0,-0.3681245526846781,-0.7184750733137832,0.0
2.0,-0.3090169943749479,-0.6402737047898341,0.0
2.0,-0.2486898871648556,-0.562072336265885,0.0
2.0,-0.1873813145857258,-0.48387096774193505,0.0
2.0,-0.125333233564304,-0.3958944281524923,0.0
2.0,-0.06279051952931351,-0.3079178885630496,0.0
2.0,-4.898587196589413e-16,-0.24926686217008776,0.0
2.0,0.06279051952931075,-0.19061583577712593,0.0
2.0,0.12533323356430304,-0.1026392961876832,0.0
2.0,0.1873813145857231,-0.024437927663734094,0.0
2.0,0.24868988716485466,0.06353861192570864,0.0
2.0,0.30901699437494523,0.14173998044965774,0.0
2.0,0.36812455268467714,0.23949169110459412,0.0
2.0,0.42577929156507155,0.32746823069403685,0.0
2.0,0.48175367410171543,0.40566959921798595,0.0
2.0,0.535826794978995,0.4936461388074287,0.0
2.0,0.5877852522924727,0.5718475073313787,0.0
2.0,0.6374239897486891,0.6500488758553278,0.0
2.0,0.6845471059286891,0.7282502443792769,0.0
2.0,0.7289686274214104,0.8260019550342133,0.0
2.0,0.7705132427757891,0.913978494623656,0.0
2.0,0.8090169943749471,0.9824046920821115,0.0
2.0,0.8443279255020155,1.050830889540567,0.0
2.0,0.876306680043863,1.1094819159335287,0.0
2.0,0.9048270524660196,1.1485826001955033,0.0
2.0,0.9297764858882513,1.1974584555229715,0.0
2.0,0.951056516295154,1.236559139784946,0.0
2.0,0.9685831611286309,1.2854349951124142,0.0
2.0,0.9822872507286888,1.3147605083088951,0.0
2.0,0.9921147013144779,1.344086021505376,0.0
2.0,0.9980267284282717,1.373411534701857,0.0
2.0,1.0,1.3929618768328442,0.0
2.0,0.9980267284282718,1.373411534701857,0.0
2.0,0.992114701314478,1.3636363636363633,0.0
2.0,0.9822872507286889,1.3538611925708697,0.0
2.0,0.9685831611286312,1.3538611925708697,0.0
2.0,0.9510565162951543,1.3245356793743888,0.0
2.0,0.9297764858882518,1.2756598240469206,0.0
2.0,0.90482705246602,1.2463343108504397,0.0
2.0,0.8763066800438635,1.2072336265884651,0.0
2.0,0.8443279255020162,1.1485826001955033,0.0
2.0,0.8090169943749478,1.0801564027370478,0.0
2.0,0.7705132427757898,1.021505376344086,0.0
2.0,0.7289686274214112,0.9824046920821115,0.0
2.0,0.6845471059286898,0.9237536656891496,0.0
2.0,0.6374239897486899,0.8553274682306942,0.0
2.0,0.5877852522924736,0.7771260997067451,0.0
2.0,0.5358267949789959,0.7086999022482896,0.0
2.0,0.48175367410171643,0.6207233626588469,0.0
2.0,0.42577929156507255,0.5425219941348978,0.0
2.0,0.3681245526846782,0.45454545454545414,0.0
2.0,0.3090169943749463,0.3665689149560114,0.0
2.0,0.2486898871648557,0.27859237536656867,0.0
2.0,0.18738131458572418,0.19061583577712593,0.0
2.0,0.12533323356430415,0.1026392961876832,0.0
2.0,0.06279051952931186,0.024437927663734094,0.0
2.0,6.123233995736766e-16,-0.06353861192570864,0.0
2.0,-0.06279051952931064,-0.15151515151515138,0.0
2.0,-0.12533323356430293,-0.22971652003910048,0.0
2.0,-0.18738131458572296,-0.29814271749755594,0.0
2.0,-0.24868988716485452,-0.37634408602150504,0.0
2.0,-0.3090169943749451,-0.4643206256109478,0.0
2.0,-0.3681245526846787,-0.5425219941348978,0.0
2.0,-0.42577929156506983,-0.6207233626588469,0.0
2.0,-0.4817536741017154,-0.698924731182796,0.0
2.0,-0.5358267949789964,-0.7771260997067451,0.0
2.0,-0.5877852522924726,-0.8455522971652005,0.0
2.0,-0.637423989748689,-0.9237536656891496,0.0
2.0,-0.6845471059286877,-1.0117302052785924,0.0
2.0,-0.7289686274214103,-1.0801564027370478,0.0
2.0,-0.7705132427757901,-1.1876832844574778,0.0
2.0,-0.809016994374946,-1.275659824046921,0.0
2.0,-0.8443279255020155,-1.3343108504398828,0.0
2.0,-0.8763066800438638,-1.3734115347018574,0.0
2.0,-0.9048270524660196,-1.412512218963832,0.0
2.0,-0.9297764858882513,-1.4613880742913001,0.0
2.0,-0.9510565162951534,-1.520039100684262,0.0
2.0,-0.9685831611286309,-1.5689149560117301,0.0
2.0,-0.982287250728689,-1.598240469208211,0.0
2.0,-0.9921147013144777,-1.6177908113391983,0.0
2.0,-0.9980267284282717,-1.6373411534701856,0.0
2.0,-1.0,-1.6471163245356792,0.0
2.0,-0.9980267284282718,-1.6568914956011729,0.0
2.0,-0.9921147013144778,-1.6568914956011729,0.0
2.0,-0.9822872507286894,-1.6471163245356792,0.0
2.0,-0.9685831611286312,-1.627565982404692,0.0
2.0,-0.9510565162951538,-1.598240469208211,0.0
2.0,-0.9297764858882518,-1.5591397849462365,0.0
2.0,-0.9048270524660201,-1.520039100684262,0.0
2.0,-0.8763066800438645,-1.4809384164222874,0.0
2.0,-0.8443279255020162,-1.4418377321603129,0.0
2.0,-0.8090169943749468,-1.383186705767351,0.0
2.0,-0.770513242775791,-1.3245356793743892,0.0
2.0,-0.7289686274214113,-1.2658846529814274,0.0
2.0,-0.6845471059286887,-1.1974584555229715,0.0
2.0,-0.63742398974869,-1.129032258064516,0.0
2.0,-0.5877852522924737,-1.050830889540567,0.0
2.0,-0.5358267949789975,-0.9824046920821115,0.0
2.0,-0.48175367410171654,-0.9042033235581624,0.0
2.0,-0.42577929156507105,-0.8357771260997069,0.0
2.0,-0.36812455268468,-0.7575757575757578,0.0
2.0,-0.3090169943749464,-0.669599217986315,0.0
2.0,-0.2486898871648541,-0.591397849462366,0.0
2.0,-0.1873813145857243,-0.5034213098729232,0.0
2.0,-0.12533323356430426,-0.40566959921798595,0.0
2.0,-0.06279051952931375,-0.3176930596285432,0.0
2.0,-7.347880794884119e-16,-0.23949169110459412,0.0
2.0,0.06279051952931229,-0.16129032258064502,0.0
2.0,0.12533323356430282,-0.07331378299120228,0.0
2.0,0.18738131458572285,-0.004887585532746819,0.0
2.0,0.24868988716485269,0.08308895405669592,0.0
2.0,0.309016994374945,0.19061583577712593,0.0
2.0,0.3681245526846786,0.2883675464320623,0.0
2.0,0.4257792915650697,0.35679374389051777,0.0
2.0,0.48175367410171527,0.43499511241446687,0.0
2.0,0.5358267949789963,0.5229716520039105,0.0
2.0,0.5877852522924725,0.6011730205278596,0.0
2.0,0.6374239897486889,0.669599217986315,0.0
2.0,0.6845471059286876,0.7380254154447705,0.0
2.0,0.7289686274214102,0.8162267839687196,0.0
2.0,0.7705132427757901,0.8944281524926687,0.0
2.0,0.8090169943749459,0.9824046920821115,0.0
2.0,0.8443279255020154,1.0606060606060606,0.0
2.0,0.8763066800438637,1.1094819159335287,0.0
2.0,0.9048270524660195,1.1681329423264906,0.0
2.0,0.9297764858882512,1.2463343108504397,0.0
2.0,0.9510565162951533,1.2854349951124142,0.0
2.0,0.9685831611286309,1.344086021505376,0.0
2.0,0.982287250728689,1.373411534701857,0.0
2.0,0.9921147013144777,1.4027370478983379,0.0
2.0,0.9980267284282717,1.4125122189638315,0.0
2.0,1.0,1.4125122189638315,0.0
2.0,0.9980267284282718,1.4222873900293251,0.0
2.0,0.9921147013144778,1.4222873900293251,0.0
2.0,0.9822872507286894,1.4125122189638315,0.0
2.0,0.9685831611286312,1.3929618768328442,0.0
2.0,0.9510565162951539,1.3929618768328442,0.0
2.0,0.9297764858882518,1.373411534701857,0.0
2.0,0.9048270524660201,1.3245356793743888,0.0
2.0,0.8763066800438645,1.265884652981427,0.0
2.0,0.8443279255020163,1.236559139784946,0.0
2.0,0.8090169943749469,1.1974584555229715,0.0
2.0,0.7705132427757911,1.129032258064516,0.0
2.0,0.7289686274214113,1.0801564027370478,0.0
2.0,0.6845471059286887,1.0117302052785924,0.0
2.0,0.6374239897486901,0.9530791788856305,0.0
2.0,0.5877852522924738,0.8748778103616814,0.0
2.0,0.5358267949789977,0.806451612903226,0.0
2.0,0.48175367410171666,0.7282502443792769,0.0
2.0,0.42577929156507116,0.6500488758553278,0.0
2.0,0.3681245526846801,0.5816226783968723,0.0
2.0,0.30901699437494656,0.5034213098729223,0.0
2.0,0.24868988716485424,0.43499511241446687,0.0
2.0,0.1873813145857244,0.35679374389051777,0.0
2.0,0.1253332335643044,0.2590420332355814,0.0
2.0,0.06279051952931387,0.17106549364613866,0.0
2.0,8.572527594031472e-16,0.08308895405669592,0.0
2.0,-0.06279051952931217,0.004887585532746819,0.0
2.0,-0.12533323356430268,-0.06353861192570864,0.0
2.0,-0.18738131458572274,-0.14173998044965774,0.0
2.0,-0.24868988716485257,-0.21994134897360684,0.0
2.0,-0.3090169943749449,-0.3079178885630496,0.0
2.0,-0.3681245526846785,-0.3958944281524923,0.0
2.0,-0.4257792915650696,-0.4643206256109478,0.0
2.0,-0.48175367410171516,-0.5425219941348978,0.0
2.0,-0.5358267949789962,-0.6304985337243405,0.0
2.0,-0.5877852522924725,-0.7086999022482896,0.0
2.0,-0.6374239897486887,-0.7771260997067451,0.0
2.0,-0.6845471059286875,-0.8357771260997069,0.0
2.0,-0.7289686274214101,-0.9042033235581624,0.0
2.0,-0.77051324277579,-0.9628543499511242,0.0
2.0,-0.8090169943749459,-1.021505376344086,0.0
2.0,-0.8443279255020153,-1.099706744868035,0.0
2.0,-0.8763066800438637,-1.1681329423264906,0.0
2.0,-0.9048270524660195,-1.2267839687194524,0.0
2.0,-0.9297764858882512,-1.2658846529814274,0.0
2.0,-0.9510565162951533,-1.304985337243402,0.0
2.0,-0.9685831611286309,-1.3538611925708701,0.0
2.0,-0.982287250728689,-1.3734115347018574,0.0
2.0,-0.9921147013144775,-1.412512218963832,0.0
2.0,-0.9980267284282717,-1.4418377321603129,0.0
2.0,-1.0,-1.4809384164222874,0.0
2.0,-0.9980267284282718,-1.490713587487781,0.0
2.0,-0.9921147013144778,-1.490713587487781,0.0
2.0,-0.9822872507286894,-1.4809384164222874,0.0
2.0,-0.9685831611286313,-1.4809384164222874,0.0
2.0,-0.9510565162951539,-1.4613880742913001,0.0
2.0,-0.9297764858882519,-1.4418377321603129,0.0
2.0,-0.9048270524660202,-1.4222873900293256,0.0
2.0,-0.8763066800438646,-1.3734115347018574,0.0
2.0,-0.8443279255020164,-1.3440860215053765,0.0
2.0,-0.8090169943749469,-1.304985337243402,0.0
2.0,-0.7705132427757913,-1.236559139784946,0.0
2.0,-0.7289686274214114,-1.1779081133919842,0.0
2.0,-0.6845471059286888,-1.1094819159335287,0.0
2.0,-0.6374239897486902,-1.050830889540567,0.0
2.0,-0.5877852522924739,-0.9824046920821115,0.0
2.0,-0.5358267949789978,-0.9335288367546433,0.0
2.0,-0.48175367410171677,-0.8553274682306942,0.0
2.0,-0.42577929156507127,-0.7966764418377323,0.0
2.0,-0.3681245526846802,-0.7282502443792769,0.0
2.0,-0.3090169943749467,-0.6500488758553278,0.0
2.0,-0.24868988716485435,-0.5522971652003914,0.0
2.0,-0.18738131458572455,-0.4643206256109478,0.0
2.0,-0.1253332335643045,-0.3861192570869987,0.0
2.0,-0.062790519529314,-0.3079178885630496,0.0
2.0,-9.797174393178826e-16,-0.22971652003910048,0.0
2.0,0.06279051952931204,-0.16129032258064502,0.0
2.0,0.12533323356429904,-0.08308895405669592,0.0
2.0,0.1873813145857261,0.014662756598240456,0.0
2.0,0.24868988716485246,0.1026392961876832,0.0
2.0,0.3090169943749448,0.20039100684261957,0.0
2.0,0.36812455268467503,0.27859237536656867,0.0
2.0,0.4257792915650727,0.35679374389051777,0.0
2.0,0.48175367410171505,0.45454545454545414,0.0
2.0,0.5358267949789961,0.5425219941348978,0.0
2.0,0.5877852522924695,0.6207233626588469,0.0
2.0,0.6374239897486914,0.7086999022482896,0.0
2.0,0.6845471059286874,0.7771260997067451,0.0
2.0,0.7289686274214101,0.8651026392961878,0.0
2.0,0.7705132427757877,0.9335288367546433,0.0
2.0,0.8090169943749479,1.0117302052785924,0.0
2.0,0.8443279255020153,1.0899315738025415,0.0
2.0,0.8763066800438636,1.1681329423264906,0.0
2.0,0.9048270524660179,1.2170087976539588,0.0
2.0,0.9297764858882525,1.265884652981427,0.0
2.0,0.9510565162951533,1.3147605083088951,0.0
2.0,0.9685831611286307,1.344086021505376,0.0
2.0,0.9822872507286884,1.3831867057673506,0.0
2.0,0.992114701314478,1.4222873900293251,0.0
2.0,0.9980267284282717,1.4418377321603124,0.0
2.0,1.0,1.480938416422287,0.0
2.0,0.9980267284282718,1.5004887585532742,0.0
2.0,0.9921147013144783,1.5102639296187688,0.0
2.0,0.9822872507286887,1.5102639296187688,0.0
2.0,0.9685831611286313,1.5102639296187688,0.0
2.0,0.9510565162951539,1.5102639296187688,0.0
2.0,0.9297764858882532,1.5004887585532742,0.0
2.0,0.9048270524660188,1.480938416422287,0.0
2.0,0.8763066800438646,1.4320625610948188,0.0
2.0,0.8443279255020164,1.3929618768328442,0.0
2.0,0.8090169943749491,1.344086021505376,0.0
2.0,0.770513242775789,1.2756598240469206,0.0
2.0,0.7289686274214116,1.2072336265884651,0.0
2.0,0.684547105928689,1.1485826001955033,0.0
2.0,0.637423989748693,1.0899315738025415,0.0
2.0,0.5877852522924711,1.0117302052785924,0.0
2.0,0.5358267949789979,0.9335288367546433,0.0
2.0,0.4817536741017169,0.8651026392961878,0.0
2.0,0.4257792915650746,0.7673509286412514,0.0
2.0,0.368124552684677,0.6793743890518087,0.0
2.0,0.3090169943749468,0.591397849462366,0.0
2.0,0.24868988716485446,0.5229716520039105,0.0
2.0,0.18738131458572815,0.4447702834799605,0.0
2.0,0.1253332335643011,0.37634408602150504,0.0
2.0,0.06279051952931412,0.29814271749755594,0.0
2.0,1.102182119232618e-15,0.21994134897360684,0.0
2.0,-0.06279051952931192,0.14173998044965774,0.0
2.0,-0.12533323356429893,0.053763440860215006,0.0
2.0,-0.187381314585726,-0.024437927663734094,0.0
2.0,-0.24868988716485232,-0.11241446725317683,0.0
2.0,-0.3090169943749447,-0.19061583577712593,0.0
2.0,-0.3681245526846749,-0.26881720430107503,0.0
2.0,-0.4257792915650726,-0.34701857282502413,0.0
2.0,-0.48175367410171493,-0.4447702834799605,0.0
2.0,-0.535826794978996,-0.5131964809384169,0.0
2.0,-0.5877852522924694,-0.591397849462366,0.0
2.0,-0.6374239897486913,-0.669599217986315,0.0
2.0,-0.6845471059286873,-0.7282502443792769,0.0
2.0,-0.72896862742141,-0.7771260997067451,0.0
2.0,-0.7705132427757876,-0.8455522971652005,0.0
2.0,-0.8090169943749478,-0.9237536656891496,0.0
2.0,-0.8443279255020152,-1.0117302052785924,0.0
2.0,-0.8763066800438636,-1.0703812316715542,0.0
2.0,-0.9048270524660178,-1.1485826001955033,0.0
2.0,-0.9297764858882525,-1.2170087976539588,0.0
2.0,-0.9510565162951532,-1.2952101661779083,0.0
2.0,-0.9685831611286307,-1.3245356793743892,0.0
2.0,-0.9822872507286883,-1.3636363636363638,0.0
2.0,-0.992114701314478,-1.4027370478983383,0.0
2.0,-0.9980267284282717,-1.4418377321603129,0.0
2.0,-1.0,-1.4613880742913001,0.0
2.0,-0.9980267284282718,-1.4809384164222874,0.0
2.0,-0.9921147013144783,-1.4809384164222874,0.0
2.0,-0.9822872507286887,-1.4809384164222874,0.0
2.0,-0.9685831611286313,-1.4809384164222874,0.0
2.0,-0.951056516295154,-1.4613880742913001,0.0
2.0,-0.9297764858882532,-1.4516129032258065,0.0
2.0,-0.9048270524660188,-1.4320625610948192,0.0
2.0,-0.8763066800438647,-1.412512218963832,0.0
2.0,-0.8443279255020165,-1.3636363636363638,0.0
2.0,-0.8090169943749491,-1.3147605083088956,0.0
2.0,-0.770513242775789,-1.2658846529814274,0.0
2.0,-0.7289686274214117,-1.2072336265884651,0.0
2.0,-0.6845471059286891,-1.158357771260997,0.0
2.0,-0.6374239897486931,-1.0899315738025415,0.0
2.0,-0.5877852522924712,-1.0117302052785924,0.0
2.0,-0.535826794978998,-0.9433040078201369,0.0
2.0,-0.481753674101717,-0.8651026392961878,0.0
2.0,-0.4257792915650747,-0.7966764418377323,0.0
2.0,-0.3681245526846771,-0.7282502443792769,0.0
2.0,-0.3090169943749469,-0.6402737047898341,0.0
2.0,-0.2486898871648546,-0.5522971652003914,0.0
2.0,-0.18738131458572826,-0.48387096774193505,0.0
2.0,-0.12533323356430123,-0.3958944281524923,0.0
2.0,-0.06279051952931425,-0.3176930596285432,0.0
2.0,-1.2246467991473533e-15,-0.21994134897360684,0.0
2.0,0.06279051952931179,-0.14173998044965774,0.0
2.0,0.1253332335642988,-0.06353861192570864,0.0
2.0,0.18738131458572588,0.024437927663734094,0.0
2.0,0.2486898871648522,0.1026392961876832,0.0
2.0,0.30901699437494456,0.2101661779081132,0.0
2.0,0.3681245526846748,0.29814271749755594,0.0
2.0,0.4257792915650725,0.37634408602150504,0.0
2.0,0.4817536741017148,0.4447702834799605,0.0
2.0,0.5358267949789959,0.5327468230694041,0.0
2.0,0.5877852522924693,0.6109481915933532,0.0
2.0,0.6374239897486885,0.6891495601173023,0.0
2.0,0.6845471059286898,0.7575757575757578,0.0
2.0,0.7289686274214099,0.8357771260997069,0.0
2.0,0.7705132427757853,0.913978494623656,0.0
2.0,0.8090169943749498,0.9921798631476051,0.0
2.0,0.8443279255020152,1.0703812316715542,0.0
2.0,0.8763066800438618,1.129032258064516,0.0
2.0,0.9048270524660192,1.2072336265884651,0.0
2.0,0.9297764858882523,1.2756598240469206,0.0
2.0,0.9510565162951532,1.344086021505376,0.0
2.0,0.9685831611286316,1.3831867057673506,0.0
2.0,0.9822872507286883,1.4222873900293251,0.0
2.0,0.992114701314478,1.451612903225806,0.0
2.0,0.9980267284282713,1.480938416422287,0.0
2.0,1.0,1.5102639296187688,0.0
2.0,0.9980267284282718,1.5493646138807433,0.0
2.0,0.9921147013144788,1.5786901270772242,0.0
2.0,0.9822872507286882,1.5982404692082115,0.0
2.0,0.9685831611286313,1.5982404692082115,0.0
2.0,0.9510565162951551,1.5884652981427179,0.0
2.0,0.929776485888252,1.559139784946237,0.0
2.0,0.9048270524660189,1.529814271749756,0.0
2.0,0.8763066800438647,1.5102639296187688,0.0
2.0,0.8443279255020146,1.5004887585532742,0.0
2.0,0.8090169943749492,1.451612903225806,0.0
2.0,0.7705132427757891,1.4027370478983379,0.0
2.0,0.7289686274214141,1.3538611925708697,0.0
2.0,0.6845471059286892,1.2952101661779079,0.0
2.0,0.6374239897486932,1.2267839687194524,0.0
2.0,0.5877852522924742,1.1681329423264906,0.0
2.0,0.535826794978995,1.1094819159335287,0.0
2.0,0.48175367410171704,1.050830889540567,0.0
2.0,0.42577929156507804,0.9628543499511242,0.0
2.0,0.3681245526846739,0.8846529814271751,0.0
2.0,0.309016994374947,0.8162267839687196,0.0
2.0,0.24868988716485815,0.7380254154447705,0.0
2.0,0.1873813145857249,0.6500488758553278,0.0
2.0,0.12533323356430134,0.5816226783968723,0.0
2.0,0.06279051952931436,0.5034213098729223,0.0
2.0,4.899825157862589e-15,0.40566959921798595,0.0
2.0,-0.06279051952931168,0.32746823069403685,0.0
2.0,-0.12533323356429868,0.24926686217008776,0.0
2.0,-0.18738131458572224,0.17106549364613866,0.0
2.0,-0.24868988716485554,0.08308895405669592,0.0
2.0,-0.30901699437494445,0.004887585532746819,0.0
2.0,-0.3681245526846714,-0.08308895405669592,0.0
2.0,-0.4257792915650756,-0.17106549364613866,0.0
2.0,-0.4817536741017147,-0.26881720430107503,0.0
2.0,-0.5358267949789928,-0.34701857282502413,0.0
2.0,-0.587785252292472,-0.43499511241446687,0.0
2.0,-0.6374239897486911,-0.4936461388074287,0.0
2.0,-0.6845471059286872,-0.562072336265885,0.0
2.0,-0.7289686274214123,-0.6304985337243405,0.0
2.0,-0.7705132427757875,-0.7086999022482896,0.0
2.0,-0.8090169943749477,-0.7771260997067451,0.0
2.0,-0.8443279255020132,-0.8357771260997069,0.0
2.0,-0.8763066800438635,-0.8846529814271751,0.0
2.0,-0.9048270524660177,-0.9530791788856305,0.0
2.0,-0.929776485888251,-1.0312805474095796,0.0
2.0,-0.9510565162951542,-1.0899315738025415,0.0
2.0,-0.9685831611286306,-1.129032258064516,0.0
2.0,-0.9822872507286876,-1.1779081133919842,0.0
2.0,-0.9921147013144784,-1.2170087976539588,0.0
2.0,-0.9980267284282716,-1.275659824046921,0.0
2.0,-1.0,-1.304985337243402,0.0
2.0,-0.9980267284282716,-1.3147605083088956,0.0
2.0,-0.9921147013144783,-1.3343108504398828,0.0
2.0,-0.9822872507286888,-1.3343108504398828,0.0
2.0,-0.9685831611286323,-1.3245356793743892,0.0
3.0,-0.9510565162951536,0.004887585532746819,0.0
3.0,-0.9297764858882512,0.004887585532746819,0.0
3.0,-0.9048270524660199,0.004887585532746819,0.0
3.0,-0.8763066800438638,-0.014662756598240456,0.0
3.0,-0.8443279255020155,-0.5146627565982405,0.0
3.0,-0.8090169943749476,-1.0146627565982405,0.0
3.0,-0.7705132427757896,-0.9921798631476051,0.0
3.0,-0.7289686274214116,-0.9726295210166178,0.0
3.0,-0.684547105928689,-0.9530791788856305,0.0
3.0,-0.6374239897486896,-0.9335288367546433,0.0
3.0,-0.5877852522924734,-0.9042033235581624,0.0
3.0,-0.5358267949789963,-0.8651026392961878,0.0
3.0,-0.4817536741017153,-0.8162267839687196,0.0
3.0,-0.4257792915650722,-0.7380254154447705,0.0
3.0,-0.3681245526846787,-0.6891495601173023,0.0
3.0,-0.3090169943749477,-0.6207233626588469,0.0
3.0,-0.24868988716485535,-0.5522971652003914,0.0
3.0,-0.18738131458572468,-0.5034213098729232,0.0
3.0,-0.12533323356430465,-0.43499511241446687,0.0
3.0,-0.06279051952931326,-0.34701857282502413,0.0
3.0,-2.4492935982947064e-16,-0.26881720430107503,0.0
3.0,0.06279051952931278,-0.19061583577712593,0.0
3.0,0.12533323356430418,-0.09286412512218956,0.0
3.0,0.1873813145857242,-0.004887585532746819,0.0
3.0,0.24868988716485488,0.09286412512218956,0.0
3.0,0.3090169943749472,0.1808406647116323,0.0
3.0,0.3681245526846782,0.2590420332355814,0.0
3.0,0.42577929156507255,0.32746823069403685,0.0
3.0,0.48175367410171566,0.3958944281524923,0.0
3.0,0.5358267949789967,0.4936461388074287,0.0
3.0,0.5877852522924736,0.5522971652003914,0.0
3.0,0.6374239897486899,0.6402737047898341,0.0
3.0,0.6845471059286893,0.7184750733137832,0.0
3.0,0.7289686274214107,0.7966764418377323,0.0
3.0,0.7705132427757887,0.8748778103616814,0.0
3.0,0.8090169943749468,0.9335288367546433,0.0
3.0,0.8443279255020147,1.0117302052785924,0.0
3.0,0.8763066800438631,1.0899315738025415,0.0
3.0,0.9048270524660194,1.1485826001955033,0.0
3.0,0.9297764858882511,1.2072336265884651,0.0
3.0,0.9510565162951535,1.265884652981427,0.0
3.0,0.968583161128631,1.3245356793743888,0.0
3.0,0.9822872507286886,1.3636363636363633,0.0
3.0,0.9921147013144778,1.3929618768328442,0.0
3.0,0.9980267284282716,1.4125122189638315,0.0
3.0,1.0,1.4320625610948188,0.0
3.0,0.9980267284282716,1.4418377321603124,0.0
3.0,0.9921147013144779,1.451612903225806,0.0
3.0,0.9822872507286886,1.4320625610948188,0.0
3.0,0.9685831611286311,1.4222873900293251,0.0
3.0,0.9510565162951536,1.4027370478983379,0.0
3.0,0.9297764858882517,1.373411534701857,0.0
3.0,0.9048270524660192,1.344086021505376,0.0
3.0,0.8763066800438634,1.3147605083088951,0.0
3.0,0.8443279255020151,1.2561094819159333,0.0
3.0,0.8090169943749477,1.1779081133919842,0.0
3.0,0.7705132427757886,1.1192570869990224,0.0
3.0,0.728968627421411,1.0703812316715542,0.0
3.0,0.6845471059286897,1.0019550342130987,0.0
3.0,0.6374239897486911,0.9433040078201369,0.0
3.0,0.5877852522924734,0.8748778103616814,0.0
3.0,0.5358267949789972,0.806451612903226,0.0
3.0,0.4817536741017162,0.7380254154447705,0.0
3.0,0.42577929156507394,0.669599217986315,0.0
3.0,0.368124552684678,0.5816226783968723,0.0
3.0,0.3090169943749478,0.5131964809384169,0.0
3.0,0.2486898871648555,0.43499511241446687,0.0
3.0,0.18738131458572568,0.3665689149560114,0.0
3.0,0.1253332335643039,0.29814271749755594,0.0
3.0,0.06279051952931339,0.21994134897360684,0.0
3.0,3.6739403974420594e-16,0.14173998044965774,0.0
3.0,-0.06279051952931265,0.053763440860215006,0.0
3.0,-0.12533323356430318,-0.03421309872922773,0.0
3.0,-0.18738131458572496,-0.1026392961876832,0.0
3.0,-0.24868988716485477,-0.1808406647116323,0.0
3.0,-0.30901699437494706,-0.26881720430107503,0.0
3.0,-0.36812455268467725,-0.34701857282502413,0.0
3.0,-0.42577929156507327,-0.4154447702834796,0.0
3.0,-0.48175367410171555,-0.5034213098729232,0.0
3.0,-0.5358267949789965,-0.591397849462366,0.0
3.0,-0.5877852522924728,-0.669599217986315,0.0
3.0,-0.6374239897486905,-0.7380254154447705,0.0
3.0,-0.6845471059286892,-0.8260019550342133,0.0
3.0,-0.7289686274214106,-0.8846529814271751,0.0
3.0,-0.770513242775788,-0.9628543499511242,0.0
3.0,-0.8090169943749472,-1.0410557184750733,0.0
3.0,-0.8443279255020146,-1.1192570869990224,0.0
3.0,-0.876306680043863,-1.1974584555229715,0.0
3.0,-0.9048270524660189,-1.275659824046921,0.0
3.0,-0.9297764858882513,-1.3147605083088956,0.0
3.0,-0.9510565162951534,-1.3538611925708701,0.0
3.0,-0.968583161128631,-1.412512218963832,0.0
3.0,-0.9822872507286885,-1.4418377321603129,0.0
3.0,-0.9921147013144779,-1.4613880742913001,0.0
3.0,-0.9980267284282716,-1.5004887585532747,0.0
3.0,-1.0,-1.520039100684262,0.0
3.0,-0.9980267284282716,-1.520039100684262,0.0
3.0,-0.992114701314478,-1.5298142717497556,0.0
3.0,-0.9822872507286886,-1.5298142717497556,0.0
3.0,-0.9685831611286312,-1.520039100684262,0.0
3.0,-0.9510565162951538,-1.5004887585532747,0.0
3.0,-0.9297764858882517,-1.4711632453567938,0.0
3.0,-0.9048270524660192,-1.4516129032258065,0.0
3.0,-0.8763066800438635,-1.4222873900293256,0.0
3.0,-0.8443279255020151,-1.3929618768328447,0.0
3.0,-0.8090169943749477,-1.3440860215053765,0.0
3.0,-0.7705132427757886,-1.3147605083088956,0.0
3.0,-0.7289686274214111,-1.2561094819159337,0.0
3.0,-0.6845471059286898,-1.1876832844574778,0.0
3.0,-0.6374239897486912,-1.1388074291300097,0.0
3.0,-0.5877852522924735,-1.0703812316715542,0.0
3.0,-0.5358267949789973,-1.0019550342130987,0.0
3.0,-0.4817536741017163,-0.9237536656891496,0.0
3.0,-0.42577929156507405,-0.8553274682306942,0.0
3.0,-0.3681245526846781,-0.7771260997067451,0.0
3.0,-0.3090169943749479,-0.6891495601173023,0.0
3.0,-0.2486898871648556,-0.6109481915933532,0.0
3.0,-0.1873813145857258,-0.5131964809384169,0.0
3.0,-0.125333233564304,-0.42521994134897323,0.0
3.0,-0.06279051952931351,-0.3372434017595305,0.0
3.0,-4.898587196589413e-16,-0.23949169110459412,0.0
3.0,0.06279051952931075,-0.17106549364613866,0.0
3.0,0.12533323356430304,-0.08308895405669592,0.0
3.0,0.1873813145857231,-0.004887585532746819,0.0
3.0,0.24868988716485466,0.08308895405669592,0.0
3.0,0.30901699437494523,0.1808406647116323,0.0
3.0,0.36812455268467714,0.26881720430107503,0.0
3.0,0.42577929156507155,0.3665689149560114,0.0
3.0,0.48175367410171543,0.4447702834799605,0.0
3.0,0.535826794978995,0.5327468230694041,0.0
3.0,0.5877852522924727,0.6011730205278596,0.0
3.0,0.6374239897486891,0.6891495601173023,0.0
3.0,0.6845471059286891,0.7575757575757578,0.0
3.0,0.7289686274214104,0.8260019550342133,0.0
3.0,0.7705132427757891,0.9042033235581624,0.0
3.0,0.8090169943749471,0.9824046920821115,0.0
3.0,0.8443279255020155,1.0703812316715542,0.0
3.0,0.876306680043863,1.158357771260997,0.0
3.0,0.9048270524660196,1.2170087976539588,0.0
3.0,0.9297764858882513,1.265884652981427,0.0
3.0,0.951056516295154,1.3245356793743888,0.0
3.0,0.9685831611286309,1.373411534701857,0.0
3.0,0.9822872507286888,1.4125122189638315,0.0
3.0,0.9921147013144779,1.4613880742912997,0.0
3.0,0.9980267284282717,1.5004887585532742,0.0
3.0,1.0,1.5493646138807433,0.0
3.0,0.9980267284282718,1.5786901270772242,0.0
3.0,0.992114701314478,1.5884652981427179,0.0
3.0,0.9822872507286889,1.5982404692082115,0.0
3.0,0.9685831611286312,1.6080156402737051,0.0
3.0,0.9510565162951543,1.6080156402737051,0.0
3.0,0.9297764858882518,1.5884652981427179,0.0
3.0,0.90482705246602,1.559139784946237,0.0
3.0,0.8763066800438635,1.529814271749756,0.0
3.0,0.8443279255020162,1.5004887585532742,0.0
3.0,0.8090169943749478,1.4711632453567933,0.0
3.0,0.7705132427757898,1.4222873900293251,0.0
3.0,0.7289686274214112,1.373411534701857,0.0
3.0,0.6845471059286898,1.3147605083088951,0.0
3.0,0.6374239897486899,1.2561094819159333,0.0
3.0,0.5877852522924736,1.1974584555229715,0.0
3.0,0.5358267949789959,1.129032258064516,0.0
3.0,0.48175367410171643,1.0703812316715542,0.0
3.0,0.42577929156507255,1.0117302052785924,0.0
3.0,0.3681245526846782,0.9433040078201369,0.0
3.0,0.3090169943749463,0.8846529814271751,0.0
3.0,0.2486898871648557,0.7966764418377323,0.0
3.0,0.18738131458572418,0.7184750733137832,0.0
3.0,0.12533323356430415,0.6304985337243405,0.0
3.0,0.06279051952931186,0.5327468230694041,0.0
3.0,6.123233995736766e-16,0.4447702834799605,0.0
3.0,-0.06279051952931064,0.3665689149560114,0.0
3.0,-0.12533323356430293,0.27859237536656867,0.0
3.0,-0.18738131458572296,0.19061583577712593,0.0
3.0,-0.24868988716485452,0.1026392961876832,0.0
3.0,-0.3090169943749451,0.024437927663734094,0.0
3.0,-0.3681245526846787,-0.06353861192570864,0.0
3.0,-0.42577929156506983,-0.15151515151515138,0.0
3.0,-0.4817536741017154,-0.22971652003910048,0.0
3.0,-0.5358267949789964,-0.29814271749755594,0.0
3.0,-0.5877852522924726,-0.37634408602150504,0.0
3.0,-0.637423989748689,-0.4643206256109478,0.0
3.0,-0.6845471059286877,-0.5327468230694041,0.0
3.0,-0.7289686274214103,-0.6011730205278596,0.0
3.0,-0.7705132427757901,-0.6793743890518087,0.0
3.0,-0.809016994374946,-0.7478005865102642,0.0
3.0,-0.8443279255020155,-0.8162267839687196,0.0
3.0,-0.8763066800438638,-0.8944281524926687,0.0
3.0,-0.9048270524660196,-0.9628543499511242,0.0
3.0,-0.9297764858882513,-1.0117302052785924,0.0
3.0,-0.9510565162951534,-1.050830889540567,0.0
3.0,-0.9685831611286309,-1.1094819159335287,0.0
3.0,-0.982287250728689,-1.1485826001955033,0.0
3.0,-0.9921147013144777,-1.1974584555229715,0.0
3.0,-0.9980267284282717,-1.2463343108504397,0.0
3.0,-1.0,-1.275659824046921,0.0
3.0,-0.9980267284282718,-1.304985337243402,0.0
3.0,-0.9921147013144778,-1.3147605083088956,0.0
3.0,-0.9822872507286894,-1.3245356793743892,0.0
3.0,-0.9685831611286312,-1.3245356793743892,0.0
3.0,-0.9510565162951538,-1.3343108504398828,0.0
3.0,-0.9297764858882518,-1.3343108504398828,0.0
3.0,-0.9048270524660201,-1.304985337243402,0.0
3.0,-0.8763066800438645,-1.304985337243402,0.0
3.0,-0.8443279255020162,-1.2854349951124147,0.0
3.0,-0.8090169943749468,-1.2463343108504397,0.0
3.0,-0.770513242775791,-1.2072336265884651,0.0
3.0,-0.7289686274214113,-1.1681329423264906,0.0
3.0,-0.6845471059286887,-1.1192570869990224,0.0
3.0,-0.63742398974869,-1.0703812316715542,0.0
3.0,-0.5877852522924737,-1.0019550342130987,0.0
3.0,-0.5358267949789975,-0.9335288367546433,0.0
3.0,-0.48175367410171654,-0.8846529814271751,0.0
3.0,-0.42577929156507105,-0.8260019550342133,0.0
3.0,-0.36812455268468,-0.7478005865102642,0.0
3.0,-0.3090169943749464,-0.6793743890518087,0.0
3.0,-0.2486898871648541,-0.6011730205278596,0.0
3.0,-0.1873813145857243,-0.5131964809384169,0.0
3.0,-0.12533323356430426,-0.4154447702834796,0.0
3.0,-0.06279051952931375,-0.3079178885630496,0.0
3.0,-7.347880794884119e-16,-0.22971652003910048,0.0
3.0,0.06279051952931229,-0.16129032258064502,0.0
3.0,0.12533323356430282,-0.08308895405669592,0.0
3.0,0.18738131458572285,0.004887585532746819,0.0
3.0,0.24868988716485269,0.08308895405669592,0.0
3.0,0.309016994374945,0.16129032258064502,0.0
3.0,0.3681245526846786,0.24926686217008776,0.0
3.0,0.4257792915650697,0.32746823069403685,0.0
3.0,0.48175367410171527,0.4154447702834796,0.0
3.0,0.5358267949789963,0.4936461388074287,0.0
3.0,0.5877852522924725,0.5816226783968723,0.0
3.0,0.6374239897486889,0.669599217986315,0.0
3.0,0.6845471059286876,0.7380254154447705,0.0
3.0,0.7289686274214102,0.8357771260997069,0.0
3.0,0.7705132427757901,0.9335288367546433,0.0
3.0,0.8090169943749459,1.0019550342130987,0.0
3.0,0.8443279255020154,1.0703812316715542,0.0
3.0,0.8763066800438637,1.129032258064516,0.0
3.0,0.9048270524660195,1.1876832844574778,0.0
3.0,0.9297764858882512,1.2463343108504397,0.0
3.0,0.9510565162951533,1.2756598240469206,0.0
3.0,0.9685831611286309,1.3147605083088951,0.0
3.0,0.982287250728689,1.3245356793743888,0.0
3.0,0.9921147013144777,1.3636363636363633,0.0
3.0,0.9980267284282717,1.3929618768328442,0.0
3.0,1.0,1.4027370478983379,0.0
3.0,0.9980267284282718,1.4222873900293251,0.0
3.0,0.9921147013144778,1.4222873900293251,0.0
3.0,0.9822872507286894,1.4027370478983379,0.0
3.0,0.9685831611286312,1.3831867057673506,0.0
3.0,0.9510565162951539,1.373411534701857,0.0
3.0,0.9297764858882518,1.344086021505376,0.0
3.0,0.9048270524660201,1.3147605083088951,0.0
3.0,0.8763066800438645,1.2561094819159333,0.0
3.0,0.8443279255020163,1.2072336265884651,0.0
3.0,0.8090169943749469,1.1485826001955033,0.0
3.0,0.7705132427757911,1.099706744868035,0.0
3.0,0.7289686274214113,1.0312805474095796,0.0
3.0,0.6845471059286887,0.9824046920821115,0.0
3.0,0.6374239897486901,0.913978494623656,0.0
3.0,0.5877852522924738,0.8260019550342133,0.0
3.0,0.5358267949789977,0.7575757575757578,0.0
3.0,0.48175367410171666,0.6793743890518087,0.0
3.0,0.42577929156507116,0.591397849462366,0.0
3.0,0.3681245526846801,0.5229716520039105,0.0
3.0,0.30901699437494656,0.43499511241446687,0.0
3.0,0.24868988716485424,0.35679374389051777,0.0
3.0,0.1873813145857244,0.2883675464320623,0.0
3.0,0.1253332335643044,0.20039100684261957,0.0
3.0,0.06279051952931387,0.12218963831867047,0.0
3.0,8.572527594031472e-16,0.04398826979472137,0.0
3.0,-0.06279051952931217,-0.04398826979472137,0.0
3.0,-0.12533323356430268,-0.14173998044965774,0.0
3.0,-0.18738131458572274,-0.22971652003910048,0.0
3.0,-0.24868988716485257,-0.3176930596285432,0.0
3.0,-0.3090169943749449,-0.3861192570869987,0.0
3.0,-0.3681245526846785,-0.4643206256109478,0.0
3.0,-0.4257792915650696,-0.562072336265885,0.0
3.0,-0.48175367410171516,-0.6500488758553278,0.0
3.0,-0.5358267949789962,-0.7282502443792769,0.0
3.0,-0.5877852522924725,-0.8162267839687196,0.0
3.0,-0.6374239897486887,-0.9042033235581624,0.0
3.0,-0.6845471059286875,-0.9824046920821115,0.0
3.0,-0.7289686274214101,-1.0606060606060606,0.0
3.0,-0.77051324277579,-1.1485826001955033,0.0
3.0,-0.8090169943749459,-1.2170087976539588,0.0
3.0,-0.8443279255020153,-1.2854349951124147,0.0
3.0,-0.8763066800438637,-1.3440860215053765,0.0
3.0,-0.9048270524660195,-1.3929618768328447,0.0
3.0,-0.9297764858882512,-1.4516129032258065,0.0
3.0,-0.9510565162951533,-1.5102639296187683,0.0
3.0,-0.9685831611286309,-1.5395894428152492,0.0
3.0,-0.982287250728689,-1.5786901270772238,0.0
3.0,-0.9921147013144775,-1.598240469208211,0.0
3.0,-0.9980267284282717,-1.598240469208211,0.0
3.0,-1.0,-1.6177908113391983,0.0
3.0,-0.9980267284282718,-1.6177908113391983,0.0
3.0,-0.9921147013144778,-1.6177908113391983,0.0
3.0,-0.9822872507286894,-1.598240469208211,0.0
3.0,-0.9685831611286313,-1.598240469208211,0.0
3.0,-0.9510565162951539,-1.5786901270772238,0.0
3.0,-0.9297764858882519,-1.5493646138807429,0.0
3.0,-0.9048270524660202,-1.520039100684262,0.0
3.0,-0.8763066800438646,-1.4613880742913001,0.0
3.0,-0.8443279255020164,-1.412512218963832,0.0
3.0,-0.8090169943749469,-1.3538611925708701,0.0
3.0,-0.7705132427757913,-1.304985337243402,0.0
3.0,-0.7289686274214114,-1.236559139784946,0.0
3.0,-0.6845471059286888,-1.1779081133919842,0.0
3.0,-0.6374239897486902,-1.1192570869990224,0.0
3.0,-0.5877852522924739,-1.050830889540567,0.0
3.0,-0.5358267949789978,-0.9824046920821115,0.0
3.0,-0.48175367410171677,-0.9042033235581624,0.0
3.0,-0.42577929156507127,-0.8357771260997069,0.0
3.0,-0.3681245526846802,-0.7575757575757578,0.0
3.0,-0.3090169943749467,-0.6793743890518087,0.0
3.0,-0.24868988716485435,-0.6109481915933532,0.0
3.0,-0.18738131458572455,-0.5229716520039105,0.0
3.0,-0.1253332335643045,-0.42521994134897323,0.0
3.0,-0.062790519529314,-0.34701857282502413,0.0
3.0,-9.797174393178826e-16,-0.2590420332355814,0.0
3.0,0.06279051952931204,-0.17106549364613866,0.0
3.0,0.12533323356429904,-0.08308895405669592,0.0
3.0,0.1873813145857261,-0.014662756598240456,0.0
3.0,0.24868988716485246,0.08308895405669592,0.0
3.0,0.3090169943749448,0.17106549364613866,0.0
3.0,0.36812455268467503,0.26881720430107503,0.0
3.0,0.4257792915650727,0.35679374389051777,0.0
3.0,0.48175367410171505,0.4447702834799605,0.0
3.0,0.5358267949789961,0.5327468230694041,0.0
3.0,0.5877852522924695,0.6109481915933532,0.0
3.0,0.6374239897486914,0.6891495601173023,0.0
3.0,0.6845471059286874,0.7673509286412514,0.0
3.0,0.7289686274214101,0.8357771260997069,0.0
3.0,0.7705132427757877,0.9237536656891496,0.0
3.0,0.8090169943749479,1.021505376344086,0.0
3.0,0.8443279255020153,1.1094819159335287,0.0
3.0,0.8763066800438636,1.1876832844574778,0.0
3.0,0.9048270524660179,1.265884652981427,0.0
3.0,0.9297764858882525,1.3147605083088951,0.0
3.0,0.9510565162951533,1.3636363636363633,0.0
3.0,0.9685831611286307,1.4222873900293251,0.0
3.0,0.9822872507286884,1.4613880742912997,0.0
3.0,0.992114701314478,1.5102639296187688,0.0
3.0,0.9980267284282717,1.529814271749756,0.0
3.0,1.0,1.559139784946237,0.0
3.0,0.9980267284282718,1.5982404692082115,0.0
3.0,0.9921147013144783,1.5982404692082115,0.0
3.0,0.9822872507286887,1.6080156402737051,0.0
3.0,0.9685831611286313,1.6080156402737051,0.0
3.0,0.9510565162951539,1.5982404692082115,0.0
3.0,0.9297764858882532,1.5786901270772242,0.0
3.0,0.9048270524660188,1.5493646138807433,0.0
3.0,0.8763066800438646,1.5102639296187688,0.0
3.0,0.8443279255020164,1.4711632453567933,0.0
3.0,0.8090169943749491,1.4320625610948188,0.0
3.0,0.770513242775789,1.373411534701857,0.0
3.0,0.7289686274214116,1.3147605083088951,0.0
3.0,0.684547105928689,1.265884652981427,0.0
3.0,0.637423989748693,1.1876832844574778,0.0
3.0,0.5877852522924711,1.1388074291300097,0.0
3.0,0.5358267949789979,1.0703812316715542,0.0
3.0,0.4817536741017169,1.0117302052785924,0.0
3.0,0.4257792915650746,0.9433040078201369,0.0
3.0,0.368124552684677,0.8651026392961878,0.0
3.0,0.3090169943749468,0.7869012707722387,0.0
3.0,0.24868988716485446,0.7184750733137832,0.0
3.0,0.18738131458572815,0.6402737047898341,0.0
3.0,0.1253332335643011,0.5425219941348978,0.0
3.0,0.06279051952931412,0.48387096774193505,0.0
3.0,1.102182119232618e-15,0.40566959921798595,0.0
3.0,-0.06279051952931192,0.32746823069403685,0.0
3.0,-0.12533323356429893,0.22971652003910048,0.0
3.0,-0.187381314585726,0.15151515151515138,0.0
3.0,-0.24868988716485232,0.08308895405669592,0.0
3.0,-0.3090169943749447,0.014662756598240456,0.0
3.0,-0.3681245526846749,-0.07331378299120228,0.0
3.0,-0.4257792915650726,-0.15151515151515138,0.0
3.0,-0.48175367410171493,-0.22971652003910048,0.0
3.0,-0.535826794978996,-0.29814271749755594,0.0
3.0,-0.5877852522924694,-0.3665689149560114,0.0
3.0,-0.6374239897486913,-0.4447702834799605,0.0
3.0,-0.6845471059286873,-0.5131964809384169,0.0
3.0,-0.72896862742141,-0.5816226783968723,0.0
3.0,-0.7705132427757876,-0.6598240469208214,0.0
3.0,-0.8090169943749478,-0.7184750733137832,0.0
3.0,-0.8443279255020152,-0.7673509286412514,0.0
3.0,-0.8763066800438636,-0.8357771260997069,0.0
3.0,-0.9048270524660178,-0.8944281524926687,0.0
3.0,-0.9297764858882525,-0.9530791788856305,0.0
3.0,-0.9510565162951532,-1.0117302052785924,0.0
3.0,-0.9685831611286307,-1.0801564027370478,0.0
3.0,-0.9822872507286883,-1.129032258064516,0.0
3.0,-0.992114701314478,-1.1779081133919842,0.0
3.0,-0.9980267284282717,-1.2170087976539588,0.0
3.0,-1.0,-1.2658846529814274,0.0
3.0,-0.9980267284282718,-1.2952101661779083,0.0
3.0,-0.9921147013144783,-1.3147605083088956,0.0
3.0,-0.9822872507286887,-1.3147605083088956,0.0
3.0,-0.9685831611286313,-1.3245356793743892,0.0
3.0,-0.951056516295154,-1.3147605083088956,0.0
3.0,-0.9297764858882532,-1.2952101661779083,0.0
3.0,-0.9048270524660188,-1.2952101661779083,0.0
3.0,-0.8763066800438647,-1.2854349951124147,0.0
3.0,-0.8443279255020165,-1.2463343108504397,0.0
3.0,-0.8090169943749491,-1.2267839687194524,0.0
3.0,-0.770513242775789,-1.1876832844574778,0.0
3.0,-0.7289686274214117,-1.1485826001955033,0.0
3.0,-0.6845471059286891,-1.0899315738025415,0.0
3.0,-0.6374239897486931,-1.0410557184750733,0.0
3.0,-0.5877852522924712,-0.9726295210166178,0.0
3.0,-0.535826794978998,-0.913978494623656,0.0
3.0,-0.481753674101717,-0.8357771260997069,0.0
3.0,-0.4257792915650747,-0.7771260997067451,0.0
3.0,-0.3681245526846771,-0.6891495601173023,0.0
3.0,-0.3090169943749469,-0.6109481915933532,0.0
3.0,-0.2486898871648546,-0.5327468230694041,0.0
3.0,-0.18738131458572826,-0.4447702834799605,0.0
3.0,-0.12533323356430123,-0.35679374389051777,0.0
3.0,-0.06279051952931425,-0.27859237536656867,0.0
3.0,-1.2246467991473533e-15,-0.19061583577712593,0.0
3.0,0.06279051952931179,-0.1026392961876832,0.0
3.0,0.1253332335642988,-0.024437927663734094,0.0
3.0,0.18738131458572588,0.06353861192570864,0.0
3.0,0.2486898871648522,0.14173998044965774,0.0
3.0,0.30901699437494456,0.24926686217008776,0.0
3.0,0.3681245526846748,0.3372434017595305,0.0
3.0,0.4257792915650725,0.4154447702834796,0.0
3.0,0.4817536741017148,0.4936461388074287,0.0
3.0,0.5358267949789959,0.591397849462366,0.0
3.0,0.5877852522924693,0.669599217986315,0.0
3.0,0.6374239897486885,0.7478005865102642,0.0
3.0,0.6845471059286898,0.8357771260997069,0.0
3.0,0.7289686274214099,0.9042033235581624,0.0
3.0,0.7705132427757853,0.9824046920821115,0.0
3.0,0.8090169943749498,1.0606060606060606,0.0
3.0,0.8443279255020152,1.1388074291300097,0.0
3.0,0.8763066800438618,1.1974584555229715,0.0
3.0,0.9048270524660192,1.2463343108504397,0.0
3.0,0.9297764858882523,1.3147605083088951,0.0
3.0,0.9510565162951532,1.373411534701857,0.0
3.0,0.9685831611286316,1.4125122189638315,0.0
3.0,0.9822872507286883,1.451612903225806,0.0
3.0,0.992114701314478,1.5200391006842624,0.0
3.0,0.9980267284282713,1.559139784946237,0.0
3.0,1.0,1.6080156402737051,0.0
3.0,0.9980267284282718,1.637341153470186,0.0
3.0,0.9921147013144788,1.6862170087976542,0.0
3.0,0.9822872507286882,1.6764418377321606,0.0
3.0,0.9685831611286313,1.666666666666667,0.0
3.0,0.9510565162951551,1.6568914956011733,0.0
3.0,0.929776485888252,1.637341153470186,0.0
3.0,0.9048270524660189,1.6177908113391988,0.0
3.0,0.8763066800438647,1.5982404692082115,0.0
3.0,0.8443279255020146,1.5689149560117306,0.0
3.0,0.8090169943749492,1.5395894428152497,0.0
3.0,0.7705132427757891,1.4907135874877806,0.0
3.0,0.7289686274214141,1.4222873900293251,0.0
3.0,0.6845471059286892,1.3636363636363633,0.0
3.0,0.6374239897486932,1.2854349951124142,0.0
3.0,0.5877852522924742,1.2072336265884651,0.0
3.0,0.535826794978995,1.158357771260997,0.0
3.0,0.48175367410171704,1.0899315738025415,0.0
3.0,0.42577929156507804,1.0312805474095796,0.0
3.0,0.3681245526846739,0.9824046920821115,0.0
3.0,0.309016994374947,0.9237536656891496,0.0
3.0,0.24868988716485815,0.8357771260997069,0.0
3.0,0.1873813145857249,0.7575757575757578,0.0
3.0,0.12533323356430134,0.6793743890518087,0.0
3.0,0.06279051952931436,0.591397849462366,0.0
3.0,4.899825157862589e-15,0.5229716520039105,0.0
3.0,-0.06279051952931168,0.43499511241446687,0.0
3.0,-0.12533323356429868,0.35679374389051777,0.0
3.0,-0.18738131458572224,0.2590420332355814,0.0
3.0,-0.24868988716485554,0.1808406647116323,0.0
3.0,-0.30901699437494445,0.1026392961876832,0.0
3.0,-0.3681245526846714,0.014662756598240456,0.0
3.0,-0.4257792915650756,-0.07331378299120228,0.0
3.0,-0.4817536741017147,-0.15151515151515138,0.0
3.0,-0.5358267949789928,-0.22971652003910048,0.0
3.0,-0.587785252292472,-0.29814271749755594,0.0
3.0,-0.6374239897486911,-0.37634408602150504,0.0
3.0,-0.6845471059286872,-0.4643206256109478,0.0
3.0,-0.7289686274214123,-0.5327468230694041,0.0
3.0,-0.7705132427757875,-0.6011730205278596,0.0
3.0,-0.8090169943749477,-0.669599217986315,0.0
3.0,-0.8443279255020132,-0.7380254154447705,0.0
3.0,-0.8763066800438635,-0.8162267839687196,0.0
3.0,-0.9048270524660177,-0.8651026392961878,0.0
3.0,-0.929776485888251,-0.9335288367546433,0.0
3.0,-0.9510565162951542,-0.9921798631476051,0.0
3.0,-0.9685831611286306,-1.050830889540567,0.0
3.0,-0.9822872507286876,-1.0899315738025415,0.0
3.0,-0.9921147013144784,-1.129032258064516,0.0
3.0,-0.9980267284282716,-1.1876832844574778,0.0
3.0,-1.0,-1.2170087976539588,0.0
3.0,-0.9980267284282716,-1.2561094819159337,0.0
3.0,-0.9921147013144783,-1.2952101661779083,0.0
3.0,-0.9822872507286888,-1.304985337243402,0.0
3.0,-0.9685831611286323,-1.3245356793743892,0.0
4.0,-0.9510565162951536,0.014662756598240456,0.0
4.0,-0.9297764858882512,0.014662756598240456,0.0
4.0,-0.9048270524660199,0.004887585532746819,0.0
4.0,-0.8763066800438638,-0.014662756598240456,0.0
4.0,-0.8443279255020155,-0.5146627565982405,0.0
4.0,-0.8090169943749476,-1.0146627565982405,0.0
4.0,-0.7705132427757896,-1.021505376344086,0.0
4.0,-0.7289686274214116,-0.9921798631476051,0.0
4.0,-0.684547105928689,-0.9726295210166178,0.0
4.0,-0.6374239897486896,-0.9530791788856305,0.0
4.0,-0.5877852522924734,-0.913978494623656,0.0
4.0,-0.5358267949789963,-0.8748778103616814,0.0
4.0,-0.4817536741017153,-0.8357771260997069,0.0
4.0,-0.4257792915650722,-0.7575757575757578,0.0
4.0,-0.3681245526846787,-0.6793743890518087,0.0
4.0,-0.3090169943749477,-0.6011730205278596,0.0
4.0,-0.24868988716485535,-0.5425219941348978,0.0
4.0,-0.18738131458572468,-0.4447702834799605,0.0
4.0,-0.12533323356430465,-0.35679374389051777,0.0
4.0,-0.06279051952931326,-0.27859237536656867,0.0
4.0,-2.4492935982947064e-16,-0.2101661779081132,0.0
4.0,0.06279051952931278,-0.14173998044965774,0.0
4.0,0.12533323356430418,-0.06353861192570864,0.0
4.0,0.1873813145857242,0.014662756598240456,0.0
4.0,0.24868988716485488,0.09286412512218956,0.0
4.0,0.3090169943749472,0.20039100684261957,0.0
4.0,0.3681245526846782,0.2883675464320623,0.0
4.0,0.42577929156507255,0.37634408602150504,0.0
4.0,0.48175367410171566,0.43499511241446687,0.0
4.0,0.5358267949789967,0.5229716520039105,0.0
4.0,0.5877852522924736,0.591397849462366,0.0
4.0,0.6374239897486899,0.669599217986315,0.0
4.0,0.6845471059286893,0.7673509286412514,0.0
4.0,0.7289686274214107,0.8748778103616814,0.0
4.0,0.7705132427757887,0.9433040078201369,0.0
4.0,0.8090169943749468,1.0019550342130987,0.0
4.0,0.8443279255020147,1.099706744868035,0.0
4.0,0.8763066800438631,1.1779081133919842,0.0
4.0,0.9048270524660194,1.236559139784946,0.0
4.0,0.9297764858882511,1.2854349951124142,0.0
4.0,0.9510565162951535,1.3147605083088951,0.0
4.0,0.968583161128631,1.3538611925708697,0.0
4.0,0.9822872507286886,1.3831867057673506,0.0
4.0,0.9921147013144778,1.4320625610948188,0.0
4.0,0.9980267284282716,1.4613880742912997,0.0
4.0,1.0,1.4907135874877806,0.0
4.0,0.9980267284282716,1.5004887585532742,0.0
4.0,0.9921147013144779,1.5102639296187688,0.0
4.0,0.9822872507286886,1.5102639296187688,0.0
4.0,0.9685831611286311,1.5004887585532742,0.0
4.0,0.9510565162951536,1.4711632453567933,0.0
4.0,0.9297764858882517,1.451612903225806,0.0
4.0,0.9048270524660192,1.4418377321603124,0.0
4.0,0.8763066800438634,1.4027370478983379,0.0
4.0,0.8443279255020151,1.3636363636363633,0.0
4.0,0.8090169943749477,1.3245356793743888,0.0
4.0,0.7705132427757886,1.265884652981427,0.0
4.0,0.728968627421411,1.1876832844574778,0.0
4.0,0.6845471059286897,1.1388074291300097,0.0
4.0,0.6374239897486911,1.0606060606060606,0.0
4.0,0.5877852522924734,0.9824046920821115,0.0
4.0,0.5358267949789972,0.913978494623656,0.0
4.0,0.4817536741017162,0.8357771260997069,0.0
4.0,0.42577929156507394,0.7771260997067451,0.0
4.0,0.368124552684678,0.698924731182796,0.0
4.0,0.3090169943749478,0.6207233626588469,0.0
4.0,0.2486898871648555,0.5229716520039105,0.0
4.0,0.18738131458572568,0.43499511241446687,0.0
4.0,0.1253332335643039,0.34701857282502413,0.0
4.0,0.06279051952931339,0.2590420332355814,0.0
4.0,3.6739403974420594e-16,0.15151515151515138,0.0
4.0,-0.06279051952931265,0.06353861192570864,0.0
4.0,-0.12533323356430318,-0.014662756598240456,0.0
4.0,-0.18738131458572496,-0.08308895405669592,0.0
4.0,-0.24868988716485477,-0.15151515151515138,0.0
4.0,-0.30901699437494706,-0.22971652003910048,0.0
4.0,-0.36812455268467725,-0.32746823069403685,0.0
4.0,-0.42577929156507327,-0.40566959921798595,0.0
4.0,-0.48175367410171555,-0.4936461388074287,0.0
4.0,-0.5358267949789965,-0.591397849462366,0.0
4.0,-0.5877852522924728,-0.6793743890518087,0.0
4.0,-0.6374239897486905,-0.7673509286412514,0.0
4.0,-0.6845471059286892,-0.8455522971652005,0.0
4.0,-0.7289686274214106,-0.9042033235581624,0.0
4.0,-0.770513242775788,-0.9824046920821115,0.0
4.0,-0.8090169943749472,-1.0312805474095796,0.0
4.0,-0.8443279255020146,-1.0899315738025415,0.0
4.0,-0.876306680043863,-1.1681329423264906,0.0
4.0,-0.9048270524660189,-1.236559139784946,0.0
4.0,-0.9297764858882513,-1.304985337243402,0.0
4.0,-0.9510565162951534,-1.3538611925708701,0.0
4.0,-0.968583161128631,-1.3929618768328447,0.0
4.0,-0.9822872507286885,-1.4320625610948192,0.0
4.0,-0.9921147013144779,-1.4711632453567938,0.0
4.0,-0.9980267284282716,-1.490713587487781,0.0
4.0,-1.0,-1.5004887585532747,0.0
4.0,-0.9980267284282716,-1.520039100684262,0.0
4.0,-0.992114701314478,-1.520039100684262,0.0
4.0,-0.9822872507286886,-1.520039100684262,0.0
4.0,-0.9685831611286312,-1.520039100684262,0.0
4.0,-0.9510565162951538,-1.5004887585532747,0.0
4.0,-0.9297764858882517,-1.4809384164222874,0.0
4.0,-0.9048270524660192,-1.4613880742913001,0.0
4.0,-0.8763066800438635,-1.412512218963832,0.0
4.0,-0.8443279255020151,-1.383186705767351,0.0
4.0,-0.8090169943749477,-1.3440860215053765,0.0
4.0,-0.7705132427757886,-1.2952101661779083,0.0
4.0,-0.7289686274214111,-1.236559139784946,0.0
4.0,-0.6845471059286898,-1.1876832844574778,0.0
4.0,-0.6374239897486912,-1.1192570869990224,0.0
4.0,-0.5877852522924735,-1.050830889540567,0.0
4.0,-0.5358267949789973,-0.9921798631476051,0.0
4.0,-0.4817536741017163,-0.9042033235581624,0.0
4.0,-0.42577929156507405,-0.8260019550342133,0.0
4.0,-0.3681245526846781,-0.7478005865102642,0.0
4.0,-0.3090169943749479,-0.669599217986315,0.0
4.0,-0.2486898871648556,-0.591397849462366,0.0
4.0,-0.1873813145857258,-0.4936461388074287,0.0
4.0,-0.125333233564304,-0.4154447702834796,0.0
4.0,-0.06279051952931351,-0.3176930596285432,0.0
4.0,-4.898587196589413e-16,-0.23949169110459412,0.0
4.0,0.06279051952931075,-0.17106549364613866,0.0
4.0,0.12533323356430304,-0.08308895405669592,0.0
4.0,0.1873813145857231,0.004887585532746819,0.0
4.0,0.24868988716485466,0.09286412512218956,0.0
4.0,0.30901699437494523,0.17106549364613866,0.0
4.0,0.36812455268467714,0.2590420332355814,0.0
4.0,0.42577929156507155,0.35679374389051777,0.0
4.0,0.48175367410171543,0.4447702834799605,0.0
4.0,0.535826794978995,0.5229716520039105,0.0
4.0,0.5877852522924727,0.6011730205278596,0.0
4.0,0.6374239897486891,0.669599217986315,0.0
4.0,0.6845471059286891,0.7478005865102642,0.0
4.0,0.7289686274214104,0.8162267839687196,0.0
4.0,0.7705132427757891,0.9042033235581624,0.0
4.0,0.8090169943749471,0.9824046920821115,0.0
4.0,0.8443279255020155,1.0801564027370478,0.0
4.0,0.876306680043863,1.1485826001955033,0.0
4.0,0.9048270524660196,1.2170087976539588,0.0
4.0,0.9297764858882513,1.2561094819159333,0.0
4.0,0.951056516295154,1.3049853372434015,0.0
4.0,0.9685831611286309,1.3538611925708697,0.0
4.0,0.9822872507286888,1.3929618768328442,0.0
4.0,0.9921147013144779,1.4222873900293251,0.0
4.0,0.9980267284282717,1.4711632453567933,0.0
4.0,1.0,1.4711632453567933,0.0
4.0,0.9980267284282718,1.5102639296187688,0.0
4.0,0.992114701314478,1.529814271749756,0.0
4.0,0.9822872507286889,1.5395894428152497,0.0
4.0,0.9685831611286312,1.559139784946237,0.0
4.0,0.9510565162951543,1.529814271749756,0.0
4.0,0.9297764858882518,1.5102639296187688,0.0
4.0,0.90482705246602,1.4907135874877806,0.0
4.0,0.8763066800438635,1.451612903225806,0.0
4.0,0.8443279255020162,1.4027370478983379,0.0
4.0,0.8090169943749478,1.3831867057673506,0.0
4.0,0.7705132427757898,1.344086021505376,0.0
4.0,0.7289686274214112,1.2952101661779079,0.0
4.0,0.6845471059286898,1.1974584555229715,0.0
4.0,0.6374239897486899,1.129032258064516,0.0
4.0,0.5877852522924736,1.0703812316715542,0.0
4.0,0.5358267949789959,1.0019550342130987,0.0
4.0,0.48175367410171643,0.9237536656891496,0.0
4.0,0.42577929156507255,0.8455522971652005,0.0
4.0,0.3681245526846782,0.7673509286412514,0.0
4.0,0.3090169943749463,0.6891495601173023,0.0
4.0,0.2486898871648557,0.6109481915933532,0.0
4.0,0.18738131458572418,0.5327468230694041,0.0
4.0,0.12533323356430415,0.43499511241446687,0.0
4.0,0.06279051952931186,0.34701857282502413,0.0
4.0,6.123233995736766e-16,0.26881720430107503,0.0
4.0,-0.06279051952931064,0.19061583577712593,0.0
4.0,-0.12533323356430293,0.11241446725317683,0.0
4.0,-0.18738131458572296,0.03421309872922773,0.0
4.0,-0.24868988716485452,-0.053763440860215006,0.0
4.0,-0.3090169943749451,-0.12218963831867047,0.0
4.0,-0.3681245526846787,-0.20039100684261957,0.0
4.0,-0.42577929156506983,-0.27859237536656867,0.0
4.0,-0.4817536741017154,-0.3861192570869987,0.0
4.0,-0.5358267949789964,-0.4740957966764414,0.0
4.0,-0.5877852522924726,-0.562072336265885,0.0
4.0,-0.637423989748689,-0.6402737047898341,0.0
4.0,-0.6845471059286877,-0.7184750733137832,0.0
4.0,-0.7289686274214103,-0.7966764418377323,0.0
4.0,-0.7705132427757901,-0.8651026392961878,0.0
4.0,-0.809016994374946,-0.9530791788856305,0.0
4.0,-0.8443279255020155,-1.0117302052785924,0.0
4.0,-0.8763066800438638,-1.0606060606060606,0.0
4.0,-0.9048270524660196,-1.129032258064516,0.0
4.0,-0.9297764858882513,-1.2072336265884651,0.0
4.0,-0.9510565162951534,-1.2658846529814274,0.0
4.0,-0.9685831611286309,-1.3245356793743892,0.0
4.0,-0.982287250728689,-1.3538611925708701,0.0
4.0,-0.9921147013144777,-1.383186705767351,0.0
4.0,-0.9980267284282717,-1.412512218963832,0.0
4.0,-1.0,-1.4418377321603129,0.0
4.0,-0.9980267284282718,-1.4613880742913001,0.0
4.0,-0.9921147013144778,-1.4711632453567938,0.0
4.0,-0.9822872507286894,-1.4711632453567938,0.0
4.0,-0.9685831611286312,-1.4613880742913001,0.0
4.0,-0.9510565162951538,-1.4418377321603129,0.0
4.0,-0.9297764858882518,-1.412512218963832,0.0
4.0,-0.9048270524660201,-1.383186705767351,0.0
4.0,-0.8763066800438645,-1.3538611925708701,0.0
4.0,-0.8443279255020162,-1.304985337243402,0.0
4.0,-0.8090169943749468,-1.2658846529814274,0.0
4.0,-0.770513242775791,-1.2170087976539588,0.0
4.0,-0.7289686274214113,-1.1779081133919842,0.0
4.0,-0.6845471059286887,-1.1094819159335287,0.0
4.0,-0.63742398974869,-1.0312805474095796,0.0
4.0,-0.5877852522924737,-0.9824046920821115,0.0
4.0,-0.5358267949789975,-0.913978494623656,0.0
4.0,-0.48175367410171654,-0.8455522971652005,0.0
4.0,-0.42577929156507105,-0.7673509286412514,0.0
4.0,-0.36812455268468,-0.6891495601173023,0.0
4.0,-0.3090169943749464,-0.6011730205278596,0.0
4.0,-0.2486898871648541,-0.5131964809384169,0.0
4.0,-0.1873813145857243,-0.42521994134897323,0.0
4.0,-0.12533323356430426,-0.34701857282502413,0.0
4.0,-0.06279051952931375,-0.26881720430107503,0.0
4.0,-7.347880794884119e-16,-0.20039100684261957,0.0
4.0,0.06279051952931229,-0.11241446725317683,0.0
4.0,0.12533323356430282,-0.024437927663734094,0.0
4.0,0.18738131458572285,0.06353861192570864,0.0
4.0,0.24868988716485269,0.15151515151515138,0.0
4.0,0.309016994374945,0.22971652003910048,0.0
4.0,0.3681245526846786,0.3176930596285432,0.0
4.0,0.4257792915650697,0.3861192570869987,0.0
4.0,0.48175367410171527,0.4740957966764414,0.0
4.0,0.5358267949789963,0.562072336265885,0.0
4.0,0.5877852522924725,0.6500488758553278,0.0
4.0,0.6374239897486889,0.7282502443792769,0.0
4.0,0.6845471059286876,0.7966764418377323,0.0
4.0,0.7289686274214102,0.8748778103616814,0.0
4.0,0.7705132427757901,0.9433040078201369,0.0
4.0,0.8090169943749459,1.021505376344086,0.0
4.0,0.8443279255020154,1.1094819159335287,0.0
4.0,0.8763066800438637,1.1876832844574778,0.0
4.0,0.9048270524660195,1.2463343108504397,0.0
4.0,0.9297764858882512,1.3245356793743888,0.0
4.0,0.9510565162951533,1.373411534701857,0.0
4.0,0.9685831611286309,1.4125122189638315,0.0
4.0,0.982287250728689,1.4320625610948188,0.0
4.0,0.9921147013144777,1.480938416422287,0.0
4.0,0.9980267284282717,1.529814271749756,0.0
4.0,1.0,1.5689149560117306,0.0
4.0,0.9980267284282718,1.6080156402737051,0.0
4.0,0.9921147013144778,1.5982404692082115,0.0
4.0,0.9822872507286894,1.6177908113391988,0.0
4.0,0.9685831611286312,1.6080156402737051,0.0
4.0,0.9510565162951539,1.5884652981427179,0.0
4.0,0.9297764858882518,1.5689149560117306,0.0
4.0,0.9048270524660201,1.5395894428152497,0.0
4.0,0.8763066800438645,1.5102639296187688,0.0
4.0,0.8443279255020163,1.480938416422287,0.0
4.0,0.8090169943749469,1.4320625610948188,0.0
4.0,0.7705132427757911,1.373411534701857,0.0
4.0,0.7289686274214113,1.3147605083088951,0.0
4.0,0.6845471059286887,1.2463343108504397,0.0
4.0,0.6374239897486901,1.1974584555229715,0.0
4.0,0.5877852522924738,1.129032258064516,0.0
4.0,0.5358267949789977,1.0606060606060606,0.0
4.0,0.48175367410171666,0.9824046920821115,0.0
4.0,0.42577929156507116,0.9042033235581624,0.0
4.0,0.3681245526846801,0.8357771260997069,0.0
4.0,0.30901699437494656,0.7673509286412514,0.0
4.0,0.24868988716485424,0.6793743890518087,0.0
4.0,0.1873813145857244,0.6109481915933532,0.0
4.0,0.1253332335643044,0.5327468230694041,0.0
4.0,0.06279051952931387,0.4447702834799605,0.0
4.0,8.572527594031472e-16,0.3665689149560114,0.0
4.0,-0.06279051952931217,0.27859237536656867,0.0
4.0,-0.12533323356430268,0.20039100684261957,0.0
4.0,-0.18738131458572274,0.11241446725317683,0.0
4.0,-0.24868988716485257,0.03421309872922773,0.0
4.0,-0.3090169943749449,-0.053763440860215006,0.0
4.0,-0.3681245526846785,-0.15151515151515138,0.0
4.0,-0.4257792915650696,-0.22971652003910048,0.0
4.0,-0.48175367410171516,-0.3079178885630496,0.0
4.0,-0.5358267949789962,-0.3861192570869987,0.0
4.0,-0.5877852522924725,-0.48387096774193505,0.0
4.0,-0.6374239897486887,-0.5718475073313787,0.0
4.0,-0.6845471059286875,-0.6402737047898341,0.0
4.0,-0.7289686274214101,-0.7282502443792769,0.0
4.0,-0.77051324277579,-0.7966764418377323,0.0
4.0,-0.8090169943749459,-0.8748778103616814,0.0
4.0,-0.8443279255020153,-0.9433040078201369,0.0
4.0,-0.8763066800438637,-1.0019550342130987,0.0
4.0,-0.9048270524660195,-1.050830889540567,0.0
4.0,-0.9297764858882512,-1.1192570869990224,0.0
4.0,-0.9510565162951533,-1.1876832844574778,0.0
4.0,-0.9685831611286309,-1.236559139784946,0.0
4.0,-0.982287250728689,-1.275659824046921,0.0
4.0,-0.9921147013144775,-1.3147605083088956,0.0
4.0,-0.9980267284282717,-1.3440860215053765,0.0
4.0,-1.0,-1.3636363636363638,0.0
4.0,-0.9980267284282718,-1.383186705767351,0.0
4.0,-0.9921147013144778,-1.412512218963832,0.0
4.0,-0.9822872507286894,-1.412512218963832,0.0
4.0,-0.9685831611286313,-1.412512218963832,0.0
4.0,-0.9510565162951539,-1.412512218963832,0.0
4.0,-0.9297764858882519,-1.4027370478983383,0.0
4.0,-0.9048270524660202,-1.3734115347018574,0.0
4.0,-0.8763066800438646,-1.3636363636363638,0.0
4.0,-0.8443279255020164,-1.3440860215053765,0.0
4.0,-0.8090169943749469,-1.2952101661779083,0.0
4.0,-0.7705132427757913,-1.236559139784946,0.0
4.0,-0.7289686274214114,-1.1779081133919842,0.0
4.0,-0.6845471059286888,-1.1094819159335287,0.0
4.0,-0.6374239897486902,-1.0410557184750733,0.0
4.0,-0.5877852522924739,-0.9726295210166178,0.0
4.0,-0.5358267949789978,-0.913978494623656,0.0
4.0,-0.48175367410171677,-0.8553274682306942,0.0
4.0,-0.42577929156507127,-0.7771260997067451,0.0
4.0,-0.3681245526846802,-0.698924731182796,0.0
4.0,-0.3090169943749467,-0.6402737047898341,0.0
4.0,-0.24868988716485435,-0.5522971652003914,0.0
4.0,-0.18738131458572455,-0.4643206256109478,0.0
4.0,-0.1253332335643045,-0.3958944281524923,0.0
4.0,-0.062790519529314,-0.3079178885630496,0.0
4.0,-9.797174393178826e-16,-0.21994134897360684,0.0
4.0,0.06279051952931204,-0.1319648093841641,0.0
4.0,0.12533323356429904,-0.04398826979472137,0.0
4.0,0.1873813145857261,0.024437927663734094,0.0
4.0,0.24868988716485246,0.11241446725317683,0.0
4.0,0.3090169943749448,0.2101661779081132,0.0
4.0,0.36812455268467503,0.3079178885630496,0.0
4.0,0.4257792915650727,0.3665689149560114,0.0
4.0,0.48175367410171505,0.45454545454545414,0.0
4.0,0.5358267949789961,0.5425219941348978,0.0
4.0,0.5877852522924695,0.6109481915933532,0.0
4.0,0.6374239897486914,0.6793743890518087,0.0
4.0,0.6845471059286874,0.7478005865102642,0.0
4.0,0.7289686274214101,0.8260019550342133,0.0
4.0,0.7705132427757877,0.9042033235581624,0.0
4.0,0.8090169943749479,0.9921798631476051,0.0
4.0,0.8443279255020153,1.0801564027370478,0.0
4.0,0.8763066800438636,1.1388074291300097,0.0
4.0,0.9048270524660179,1.2170087976539588,0.0
4.0,0.9297764858882525,1.2756598240469206,0.0
4.0,0.9510565162951533,1.3147605083088951,0.0
4.0,0.9685831611286307,1.344086021505376,0.0
4.0,0.9822872507286884,1.4125122189638315,0.0
4.0,0.992114701314478,1.4418377321603124,0.0
4.0,0.9980267284282717,1.4613880742912997,0.0
4.0,1.0,1.4907135874877806,0.0
4.0,0.9980267284282718,1.5200391006842624,0.0
4.0,0.9921147013144783,1.5493646138807433,0.0
4.0,0.9822872507286887,1.5493646138807433,0.0
4.0,0.9685831611286313,1.559139784946237,0.0
4.0,0.9510565162951539,1.5689149560117306,0.0
4.0,0.9297764858882532,1.5493646138807433,0.0
4.0,0.9048270524660188,1.529814271749756,0.0
4.0,0.8763066800438646,1.5102639296187688,0.0
4.0,0.8443279255020164,1.4711632453567933,0.0
4.0,0.8090169943749491,1.4222873900293251,0.0
4.0,0.770513242775789,1.373411534701857,0.0
4.0,0.7289686274214116,1.3147605083088951,0.0
4.0,0.684547105928689,1.2463343108504397,0.0
4.0,0.637423989748693,1.1876832844574778,0.0
4.0,0.5877852522924711,1.1192570869990224,0.0
4.0,0.5358267949789979,1.050830889540567,0.0
4.0,0.4817536741017169,0.9824046920821115,0.0
4.0,0.4257792915650746,0.9042033235581624,0.0
4.0,0.368124552684677,0.8357771260997069,0.0
4.0,0.3090169943749468,0.7673509286412514,0.0
4.0,0.24868988716485446,0.7086999022482896,0.0
4.0,0.18738131458572815,0.6109481915933532,0.0
4.0,0.1253332335643011,0.5229716520039105,0.0
4.0,0.06279051952931412,0.43499511241446687,0.0
4.0,1.102182119232618e-15,0.34701857282502413,0.0
4.0,-0.06279051952931192,0.26881720430107503,0.0
4.0,-0.12533323356429893,0.1808406647116323,0.0
4.0,-0.187381314585726,0.09286412512218956,0.0
4.0,-0.24868988716485232,0.004887585532746819,0.0
4.0,-0.3090169943749447,-0.08308895405669592,0.0
4.0,-0.3681245526846749,-0.17106549364613866,0.0
4.0,-0.4257792915650726,-0.2590420332355814,0.0
4.0,-0.48175367410171493,-0.34701857282502413,0.0
4.0,-0.535826794978996,-0.4447702834799605,0.0
4.0,-0.5877852522924694,-0.5229716520039105,0.0
4.0,-0.6374239897486913,-0.591397849462366,0.0
4.0,-0.6845471059286873,-0.6598240469208214,0.0
4.0,-0.72896862742141,-0.7282502443792769,0.0
4.0,-0.7705132427757876,-0.7966764418377323,0.0
4.0,-0.8090169943749478,-0.8651026392961878,0.0
4.0,-0.8443279255020152,-0.9433040078201369,0.0
4.0,-0.8763066800438636,-1.0019550342130987,0.0
4.0,-0.9048270524660178,-1.0606060606060606,0.0
4.0,-0.9297764858882525,-1.1192570869990224,0.0
4.0,-0.9510565162951532,-1.1974584555229715,0.0
4.0,-0.9685831611286307,-1.2658846529814274,0.0
4.0,-0.9822872507286883,-1.2952101661779083,0.0
4.0,-0.992114701314478,-1.3245356793743892,0.0
4.0,-0.9980267284282717,-1.3538611925708701,0.0
4.0,-1.0,-1.3734115347018574,0.0
4.0,-0.9980267284282718,-1.3929618768328447,0.0
4.0,-0.9921147013144783,-1.412512218963832,0.0
4.0,-0.9822872507286887,-1.4222873900293256,0.0
4.0,-0.9685831611286313,-1.4320625610948192,0.0
4.0,-0.951056516295154,-1.4418377321603129,0.0
4.0,-0.9297764858882532,-1.412512218963832,0.0
4.0,-0.9048270524660188,-1.3929618768328447,0.0
4.0,-0.8763066800438647,-1.3636363636363638,0.0
4.0,-0.8443279255020165,-1.3147605083088956,0.0
4.0,-0.8090169943749491,-1.275659824046921,0.0
4.0,-0.770513242775789,-1.2170087976539588,0.0
4.0,-0.7289686274214117,-1.1681329423264906,0.0
4.0,-0.6845471059286891,-1.1094819159335287,0.0
4.0,-0.6374239897486931,-1.050830889540567,0.0
4.0,-0.5877852522924712,-1.0019550342130987,0.0
4.0,-0.535826794978998,-0.9335288367546433,0.0
4.0,-0.481753674101717,-0.8651026392961878,0.0
4.0,-0.4257792915650747,-0.7771260997067451,0.0
4.0,-0.3681245526846771,-0.7086999022482896,0.0
4.0,-0.3090169943749469,-0.6402737047898341,0.0
4.0,-0.2486898871648546,-0.5425219941348978,0.0
4.0,-0.18738131458572826,-0.4643206256109478,0.0
4.0,-0.12533323356430123,-0.3861192570869987,0.0
4.0,-0.06279051952931425,-0.3079178885630496,0.0
4.0,-1.2246467991473533e-15,-0.2101661779081132,0.0
4.0,0.06279051952931179,-0.14173998044965774,0.0
4.0,0.1253332335642988,-0.053763440860215006,0.0
4.0,0.18738131458572588,0.04398826979472137,0.0
4.0,0.2486898871648522,0.1319648093841641,0.0
4.0,0.30901699437494456,0.2101661779081132,0.0
4.0,0.3681245526846748,0.3079178885630496,0.0
4.0,0.4257792915650725,0.37634408602150504,0.0
4.0,0.4817536741017148,0.4447702834799605,0.0
4.0,0.5358267949789959,0.5327468230694041,0.0
4.0,0.5877852522924693,0.6011730205278596,0.0
4.0,0.6374239897486885,0.6598240469208214,0.0
4.0,0.6845471059286898,0.7380254154447705,0.0
4.0,0.7289686274214099,0.8162267839687196,0.0
4.0,0.7705132427757853,0.9042033235581624,0.0
4.0,0.8090169943749498,0.9824046920821115,0.0
4.0,0.8443279255020152,1.0703812316715542,0.0
4.0,0.8763066800438618,1.129032258064516,0.0
4.0,0.9048270524660192,1.2072336265884651,0.0
4.0,0.9297764858882523,1.2561094819159333,0.0
4.0,0.9510565162951532,1.3343108504398824,0.0
4.0,0.9685831611286316,1.373411534701857,0.0
4.0,0.9822872507286883,1.4125122189638315,0.0
4.0,0.992114701314478,1.451612903225806,0.0
4.0,0.9980267284282713,1.480938416422287,0.0
4.0,1.0,1.5004887585532742,0.0
4.0,0.9980267284282718,1.5200391006842624,0.0
4.0,0.9921147013144788,1.529814271749756,0.0
4.0,0.9822872507286882,1.5689149560117306,0.0
4.0,0.9685831611286313,1.559139784946237,0.0
4.0,0.9510565162951551,1.559139784946237,0.0
4.0,0.929776485888252,1.529814271749756,0.0
4.0,0.9048270524660189,1.5102639296187688,0.0
4.0,0.8763066800438647,1.480938416422287,0.0
4.0,0.8443279255020146,1.451612903225806,0.0
4.0,0.8090169943749492,1.4222873900293251,0.0
4.0,0.7705132427757891,1.3831867057673506,0.0
4.0,0.7289686274214141,1.3343108504398824,0.0
4.0,0.6845471059286892,1.2561094819159333,0.0
4.0,0.6374239897486932,1.1779081133919842,0.0
4.0,0.5877852522924742,1.1192570869990224,0.0
4.0,0.535826794978995,1.050830889540567,0.0
4.0,0.48175367410171704,1.0019550342130987,0.0
4.0,0.42577929156507804,0.9042033235581624,0.0
4.0,0.3681245526846739,0.8260019550342133,0.0
4.0,0.309016994374947,0.7575757575757578,0.0
4.0,0.24868988716485815,0.6793743890518087,0.0
4.0,0.1873813145857249,0.591397849462366,0.0
4.0,0.12533323356430134,0.4936461388074287,0.0
4.0,0.06279051952931436,0.4154447702834796,0.0
4.0,4.899825157862589e-15,0.3372434017595305,0.0
4.0,-0.06279051952931168,0.26881720430107503,0.0
4.0,-0.12533323356429868,0.19061583577712593,0.0
4.0,-0.18738131458572224,0.11241446725317683,0.0
4.0,-0.24868988716485554,0.024437927663734094,0.0
4.0,-0.30901699437494445,-0.06353861192570864,0.0
4.0,-0.3681245526846714,-0.15151515151515138,0.0
4.0,-0.4257792915650756,-0.22971652003910048,0.0
4.0,-0.4817536741017147,-0.3079178885630496,0.0
4.0,-0.5358267949789928,-0.3861192570869987,0.0
4.0,-0.587785252292472,-0.48387096774193505,0.0
4.0,-0.6374239897486911,-0.5522971652003914,0.0
4.0,-0.6845471059286872,-0.6304985337243405,0.0
4.0,-0.7289686274214123,-0.7086999022482896,0.0
4.0,-0.7705132427757875,-0.7771260997067451,0.0
4.0,-0.8090169943749477,-0.8455522971652005,0.0
4.0,-0.8443279255020132,-0.9335288367546433,0.0
4.0,-0.8763066800438635,-0.9921798631476051,0.0
4.0,-0.9048270524660177,-1.0606060606060606,0.0
4.0,-0.929776485888251,-1.129032258064516,0.0
4.0,-0.9510565162951542,-1.1974584555229715,0.0
4.0,-0.9685831611286306,-1.2561094819159337,0.0
4.0,-0.9822872507286876,-1.2952101661779083,0.0
4.0,-0.9921147013144784,-1.3245356793743892,0.0
4.0,-0.9980267284282716,-1.3440860215053765,0.0
4.0,-1.0,-1.3636363636363638,0.0
4.0,-0.9980267284282716,-1.3929618768328447,0.0
4.0,-0.9921147013144783,-1.3929618768328447,0.0
4.0,-0.9822872507286888,-1.4027370478983383,0.0
4.0,-0.9685831611286323,-1.4027370478983383,0.0
5.0,-0.9510565162951536,0.004887585532746819,0.0
5.0,-0.9297764858882512,-0.004887585532746819,0.0
5.0,-0.9048270524660199,-0.014662756598240456,0.0
5.0,-0.8763066800438638,-0.5146627565982405,0.0
5.0,-0.8443279255020155,-1.0146627565982405,0.0
5.0,-0.8090169943749476,-1.050830889540567,0.0
5.0,-0.7705132427757896,-1.0410557184750733,0.0
5.0,-0.7289686274214116,-1.0312805474095796,0.0
5.0,-0.684547105928689,-1.0312805474095796,0.0
5.0,-0.6374239897486896,-1.0117302052785924,0.0
5.0,-0.5877852522924734,-0.9726295210166178,0.0
5.0,-0.5358267949789963,-0.913978494623656,0.0
5.0,-0.4817536741017153,-0.8553274682306942,0.0
5.0,-0.4257792915650722,-0.7966764418377323,0.0
5.0,-0.3681245526846787,-0.7282502443792769,0.0
5.0,-0.3090169943749477,-0.669599217986315,0.0
5.0,-0.24868988716485535,-0.6011730205278596,0.0
5.0,-0.18738131458572468,-0.5034213098729232,0.0
5.0,-0.12533323356430465,-0.42521994134897323,0.0
5.0,-0.06279051952931326,-0.34701857282502413,0.0
5.0,-2.4492935982947064e-16,-0.2590420332355814,0.0
5.0,0.06279051952931278,-0.17106549364613866,0.0
5.0,0.12533323356430418,-0.1026392961876832,0.0
5.0,0.1873813145857242,-0.014662756598240456,0.0
5.0,0.24868988716485488,0.08308895405669592,0.0
5.0,0.3090169943749472,0.17106549364613866,0.0
5.0,0.3681245526846782,0.26881720430107503,0.0
5.0,0.42577929156507255,0.3665689149560114,0.0
5.0,0.48175367410171566,0.45454545454545414,0.0
5.0,0.5358267949789967,0.5327468230694041,0.0
5.0,0.5877852522924736,0.6011730205278596,0.0
5.0,0.6374239897486899,0.6793743890518087,0.0
5.0,0.6845471059286893,0.7478005865102642,0.0
5.0,0.7289686274214107,0.8260019550342133,0.0
5.0,0.7705132427757887,0.9042033235581624,0.0
5.0,0.8090169943749468,0.9824046920821115,0.0
5.0,0.8443279255020147,1.0606060606060606,0.0
5.0,0.8763066800438631,1.1388074291300097,0.0
5.0,0.9048270524660194,1.2072336265884651,0.0
5.0,0.9297764858882511,1.2561094819159333,0.0
5.0,0.9510565162951535,1.2952101661779079,0.0
5.0,0.968583161128631,1.344086021505376,0.0
5.0,0.9822872507286886,1.3831867057673506,0.0
5.0,0.9921147013144778,1.4125122189638315,0.0
5.0,0.9980267284282716,1.4320625610948188,0.0
5.0,1.0,1.451612903225806,0.0
5.0,0.9980267284282716,1.4711632453567933,0.0
5.0,0.9921147013144779,1.4613880742912997,0.0
5.0,0.9822872507286886,1.4613880742912997,0.0
5.0,0.9685831611286311,1.4418377321603124,0.0
5.0,0.9510565162951536,1.4418377321603124,0.0
5.0,0.9297764858882517,1.4125122189638315,0.0
5.0,0.9048270524660192,1.3929618768328442,0.0
5.0,0.8763066800438634,1.3831867057673506,0.0
5.0,0.8443279255020151,1.3538611925708697,0.0
5.0,0.8090169943749477,1.2854349951124142,0.0
5.0,0.7705132427757886,1.2267839687194524,0.0
5.0,0.728968627421411,1.1681329423264906,0.0
5.0,0.6845471059286897,1.0899315738025415,0.0
5.0,0.6374239897486911,1.0312805474095796,0.0
5.0,0.5877852522924734,0.9628543499511242,0.0
5.0,0.5358267949789972,0.8944281524926687,0.0
5.0,0.4817536741017162,0.8162267839687196,0.0
5.0,0.42577929156507394,0.7380254154447705,0.0
5.0,0.368124552684678,0.6500488758553278,0.0
5.0,0.3090169943749478,0.562072336265885,0.0
5.0,0.2486898871648555,0.48387096774193505,0.0
5.0,0.18738131458572568,0.3958944281524923,0.0
5.0,0.1253332335643039,0.32746823069403685,0.0
5.0,0.06279051952931339,0.2590420332355814,0.0
5.0,3.6739403974420594e-16,0.17106549364613866,0.0
5.0,-0.06279051952931265,0.09286412512218956,0.0
5.0,-0.12533323356430318,-0.004887585532746819,0.0
5.0,-0.18738131458572496,-0.08308895405669592,0.0
5.0,-0.24868988716485477,-0.17106549364613866,0.0
5.0,-0.30901699437494706,-0.23949169110459412,0.0
5.0,-0.36812455268467725,-0.3372434017595305,0.0
5.0,-0.42577929156507327,-0.4154447702834796,0.0
5.0,-0.48175367410171555,-0.4936461388074287,0.0
5.0,-0.5358267949789965,-0.5816226783968723,0.0
5.0,-0.5877852522924728,-0.6598240469208214,0.0
5.0,-0.6374239897486905,-0.7380254154447705,0.0
5.0,-0.6845471059286892,-0.8162267839687196,0.0
5.0,-0.7289686274214106,-0.8944281524926687,0.0
5.0,-0.770513242775788,-0.9824046920821115,0.0
5.0,-0.8090169943749472,-1.0410557184750733,0.0
5.0,-0.8443279255020146,-1.129032258064516,0.0
5.0,-0.876306680043863,-1.1974584555229715,0.0
5.0,-0.9048270524660189,-1.2561094819159337,0.0
5.0,-0.9297764858882513,-1.3245356793743892,0.0
5.0,-0.9510565162951534,-1.3636363636363638,0.0
5.0,-0.968583161128631,-1.4320625610948192,0.0
5.0,-0.9822872507286885,-1.4613880742913001,0.0
5.0,-0.9921147013144779,-1.490713587487781,0.0
5.0,-0.9980267284282716,-1.520039100684262,0.0
5.0,-1.0,-1.5689149560117301,0.0
5.0,-0.9980267284282716,-1.5786901270772238,0.0
5.0,-0.992114701314478,-1.5689149560117301,0.0
5.0,-0.9822872507286886,-1.5786901270772238,0.0
5.0,-0.9685831611286312,-1.5786901270772238,0.0
5.0,-0.9510565162951538,-1.5689149560117301,0.0
5.0,-0.9297764858882517,-1.5493646138807429,0.0
5.0,-0.9048270524660192,-1.5298142717497556,0.0
5.0,-0.8763066800438635,-1.5004887585532747,0.0
5.0,-0.8443279255020151,-1.4613880742913001,0.0
5.0,-0.8090169943749477,-1.4027370478983383,0.0
5.0,-0.7705132427757886,-1.3343108504398828,0.0
5.0,-0.7289686274214111,-1.2561094819159337,0.0
5.0,-0.6845471059286898,-1.1974584555229715,0.0
5.0,-0.6374239897486912,-1.1094819159335287,0.0
5.0,-0.5877852522924735,-1.0410557184750733,0.0
5.0,-0.5358267949789973,-0.9921798631476051,0.0
5.0,-0.4817536741017163,-0.9042033235581624,0.0
5.0,-0.42577929156507405,-0.8162267839687196,0.0
5.0,-0.3681245526846781,-0.7282502443792769,0.0
5.0,-0.3090169943749479,-0.6402737047898341,0.0
5.0,-0.2486898871648556,-0.5425219941348978,0.0
5.0,-0.1873813145857258,-0.4643206256109478,0.0
5.0,-0.125333233564304,-0.3665689149560114,0.0
5.0,-0.06279051952931351,-0.27859237536656867,0.0
5.0,-4.898587196589413e-16,-0.2101661779081132,0.0
5.0,0.06279051952931075,-0.15151515151515138,0.0
5.0,0.12533323356430304,-0.09286412512218956,0.0
5.0,0.1873813145857231,-0.014662756598240456,0.0
5.0,0.24868988716485466,0.07331378299120228,0.0
5.0,0.30901699437494523,0.17106549364613866,0.0
5.0,0.36812455268467714,0.2590420332355814,0.0
5.0,0.42577929156507155,0.35679374389051777,0.0
5.0,0.48175367410171543,0.4447702834799605,0.0
5.0,0.535826794978995,0.5327468230694041,0.0
5.0,0.5877852522924727,0.6011730205278596,0.0
5.0,0.6374239897486891,0.669599217986315,0.0
5.0,0.6845471059286891,0.7673509286412514,0.0
5.0,0.7289686274214104,0.8162267839687196,0.0
5.0,0.7705132427757891,0.8944281524926687,0.0
5.0,0.8090169943749471,0.9628543499511242,0.0
5.0,0.8443279255020155,1.0312805474095796,0.0
5.0,0.876306680043863,1.1094819159335287,0.0
5.0,0.9048270524660196,1.1681329423264906,0.0
5.0,0.9297764858882513,1.2267839687194524,0.0
5.0,0.951056516295154,1.2756598240469206,0.0
5.0,0.9685831611286309,1.3245356793743888,0.0
5.0,0.9822872507286888,1.3636363636363633,0.0
5.0,0.9921147013144779,1.3929618768328442,0.0
5.0,0.9980267284282717,1.4320625610948188,0.0
5.0,1.0,1.4711632453567933,0.0
5.0,0.9980267284282718,1.5102639296187688,0.0
5.0,0.992114701314478,1.5102639296187688,0.0
5.0,0.9822872507286889,1.5200391006842624,0.0
5.0,0.9685831611286312,1.5200391006842624,0.0
5.0,0.9510565162951543,1.5200391006842624,0.0
5.0,0.9297764858882518,1.4907135874877806,0.0
5.0,0.90482705246602,1.480938416422287,0.0
5.0,0.8763066800438635,1.4222873900293251,0.0
5.0,0.8443279255020162,1.3831867057673506,0.0
5.0,0.8090169943749478,1.344086021505376,0.0
5.0,0.7705132427757898,1.3147605083088951,0.0
5.0,0.7289686274214112,1.2463343108504397,0.0
5.0,0.6845471059286898,1.1974584555229715,0.0
5.0,0.6374239897486899,1.1388074291300097,0.0
5.0,0.5877852522924736,1.0703812316715542,0.0
5.0,0.5358267949789959,0.9921798631476051,0.0
5.0,0.48175367410171643,0.9335288367546433,0.0
5.0,0.42577929156507255,0.8260019550342133,0.0
5.0,0.3681245526846782,0.7478005865102642,0.0
5.0,0.3090169943749463,0.669599217986315,0.0
5.0,0.2486898871648557,0.591397849462366,0.0
5.0,0.18738131458572418,0.5034213098729223,0.0
5.0,0.12533323356430415,0.42521994134897323,0.0
5.0,0.06279051952931186,0.34701857282502413,0.0
5.0,6.123233995736766e-16,0.26881720430107503,0.0
5.0,-0.06279051952931064,0.20039100684261957,0.0
5.0,-0.12533323356430293,0.12218963831867047,0.0
5.0,-0.18738131458572296,0.04398826979472137,0.0
5.0,-0.24868988716485452,-0.024437927663734094,0.0
5.0,-0.3090169943749451,-0.1026392961876832,0.0
5.0,-0.3681245526846787,-0.20039100684261957,0.0
5.0,-0.42577929156506983,-0.29814271749755594,0.0
5.0,-0.4817536741017154,-0.3665689149560114,0.0
5.0,-0.5358267949789964,-0.4447702834799605,0.0
5.0,-0.5877852522924726,-0.5327468230694041,0.0
5.0,-0.637423989748689,-0.6109481915933532,0.0
5.0,-0.6845471059286877,-0.6793743890518087,0.0
5.0,-0.7289686274214103,-0.7380254154447705,0.0
5.0,-0.7705132427757901,-0.806451612903226,0.0
5.0,-0.809016994374946,-0.8846529814271751,0.0
5.0,-0.8443279255020155,-0.9530791788856305,0.0
5.0,-0.8763066800438638,-1.0117302052785924,0.0
5.0,-0.9048270524660196,-1.0606060606060606,0.0
5.0,-0.9297764858882513,-1.129032258064516,0.0
5.0,-0.9510565162951534,-1.1876832844574778,0.0
5.0,-0.9685831611286309,-1.2561094819159337,0.0
5.0,-0.982287250728689,-1.3147605083088956,0.0
5.0,-0.9921147013144777,-1.3440860215053765,0.0
5.0,-0.9980267284282717,-1.3929618768328447,0.0
5.0,-1.0,-1.412512218963832,0.0
5.0,-0.9980267284282718,-1.4418377321603129,0.0
5.0,-0.9921147013144778,-1.4613880742913001,0.0
5.0,-0.9822872507286894,-1.4809384164222874,0.0
5.0,-0.9685831611286312,-1.4613880742913001,0.0
5.0,-0.9510565162951538,-1.4418377321603129,0.0
5.0,-0.9297764858882518,-1.4320625610948192,0.0
5.0,-0.9048270524660201,-1.4222873900293256,0.0
5.0,-0.8763066800438645,-1.4027370478983383,0.0
5.0,-0.8443279255020162,-1.3636363636363638,0.0
5.0,-0.8090169943749468,-1.3147605083088956,0.0
5.0,-0.770513242775791,-1.2561094819159337,0.0
5.0,-0.7289686274214113,-1.1779081133919842,0.0
5.0,-0.6845471059286887,-1.1094819159335287,0.0
5.0,-0.63742398974869,-1.050830889540567,0.0
5.0,-0.5877852522924737,-0.9921798631476051,0.0
5.0,-0.5358267949789975,-0.9042033235581624,0.0
5.0,-0.48175367410171654,-0.8260019550342133,0.0
5.0,-0.42577929156507105,-0.7478005865102642,0.0
5.0,-0.36812455268468,-0.669599217986315,0.0
5.0,-0.3090169943749464,-0.591397849462366,0.0
5.0,-0.2486898871648541,-0.5327468230694041,0.0
5.0,-0.1873813145857243,-0.4740957966764414,0.0
5.0,-0.12533323356430426,-0.40566959921798595,0.0
5.0,-0.06279051952931375,-0.3176930596285432,0.0
5.0,-7.347880794884119e-16,-0.24926686217008776,0.0
5.0,0.06279051952931229,-0.17106549364613866,0.0
5.0,0.12533323356430282,-0.08308895405669592,0.0
5.0,0.18738131458572285,0.004887585532746819,0.0
5.0,0.24868988716485269,0.1026392961876832,0.0
5.0,0.309016994374945,0.19061583577712593,0.0
5.0,0.3681245526846786,0.26881720430107503,0.0
5.0,0.4257792915650697,0.3665689149560114,0.0
5.0,0.48175367410171527,0.45454545454545414,0.0
5.0,0.5358267949789963,0.5522971652003914,0.0
5.0,0.5877852522924725,0.6304985337243405,0.0
5.0,0.6374239897486889,0.7086999022482896,0.0
5.0,0.6845471059286876,0.7966764418377323,0.0
5.0,0.7289686274214102,0.8651026392961878,0.0
5.0,0.7705132427757901,0.9628543499511242,0.0
5.0,0.8090169943749459,1.050830889540567,0.0
5.0,0.8443279255020154,1.129032258064516,0.0
5.0,0.8763066800438637,1.1876832844574778,0.0
5.0,0.9048270524660195,1.2267839687194524,0.0
5.0,0.9297764858882512,1.265884652981427,0.0
5.0,0.9510565162951533,1.3245356793743888,0.0
5.0,0.9685831611286309,1.373411534701857,0.0
5.0,0.982287250728689,1.4027370478983379,0.0
5.0,0.9921147013144777,1.4320625610948188,0.0
5.0,0.9980267284282717,1.4711632453567933,0.0
5.0,1.0,1.5004887585532742,0.0
5.0,0.9980267284282718,1.5200391006842624,0.0
5.0,0.9921147013144778,1.5200391006842624,0.0
5.0,0.9822872507286894,1.5395894428152497,0.0
5.0,0.9685831611286312,1.5395894428152497,0.0
5.0,0.9510565162951539,1.5102639296187688,0.0
5.0,0.9297764858882518,1.4711632453567933,0.0
5.0,0.9048270524660201,1.451612903225806,0.0
5.0,0.8763066800438645,1.4222873900293251,0.0
5.0,0.8443279255020163,1.3831867057673506,0.0
5.0,0.8090169943749469,1.3049853372434015,0.0
5.0,0.7705132427757911,1.2561094819159333,0.0
5.0,0.7289686274214113,1.1876832844574778,0.0
5.0,0.6845471059286887,1.1192570869990224,0.0
5.0,0.6374239897486901,1.0410557184750733,0.0
5.0,0.5877852522924738,0.9824046920821115,0.0
5.0,0.5358267949789977,0.9042033235581624,0.0
5.0,0.48175367410171666,0.8260019550342133,0.0
5.0,0.42577929156507116,0.7575757575757578,0.0
5.0,0.3681245526846801,0.669599217986315,0.0
5.0,0.30901699437494656,0.5816226783968723,0.0
5.0,0.24868988716485424,0.5131964809384169,0.0
5.0,0.1873813145857244,0.4447702834799605,0.0
5.0,0.1253332335643044,0.35679374389051777,0.0
5.0,0.06279051952931387,0.27859237536656867,0.0
5.0,8.572527594031472e-16,0.2101661779081132,0.0
5.0,-0.06279051952931217,0.11241446725317683,0.0
5.0,-0.12533323356430268,0.024437927663734094,0.0
5.0,-0.18738131458572274,-0.053763440860215006,0.0
5.0,-0.24868988716485257,-0.1319648093841641,0.0
5.0,-0.3090169943749449,-0.2101661779081132,0.0
5.0,-0.3681245526846785,-0.27859237536656867,0.0
5.0,-0.4257792915650696,-0.3665689149560114,0.0
5.0,-0.48175367410171516,-0.4447702834799605,0.0
5.0,-0.5358267949789962,-0.5131964809384169,0.0
5.0,-0.5877852522924725,-0.6011730205278596,0.0
5.0,-0.6374239897486887,-0.6891495601173023,0.0
5.0,-0.6845471059286875,-0.7575757575757578,0.0
5.0,-0.7289686274214101,-0.8357771260997069,0.0
5.0,-0.77051324277579,-0.9042033235581624,0.0
5.0,-0.8090169943749459,-0.9530791788856305,0.0
5.0,-0.8443279255020153,-1.0117302052785924,0.0
5.0,-0.8763066800438637,-1.0606060606060606,0.0
5.0,-0.9048270524660195,-1.129032258064516,0.0
5.0,-0.9297764858882512,-1.1974584555229715,0.0
5.0,-0.9510565162951533,-1.2463343108504397,0.0
5.0,-0.9685831611286309,-1.304985337243402,0.0
5.0,-0.982287250728689,-1.3440860215053765,0.0
5.0,-0.9921147013144775,-1.3929618768328447,0.0
5.0,-0.9980267284282717,-1.412512218963832,0.0
5.0,-1.0,-1.4222873900293256,0.0
5.0,-0.9980267284282718,-1.4320625610948192,0.0
5.0,-0.9921147013144778,-1.4320625610948192,0.0
5.0,-0.9822872507286894,-1.4418377321603129,0.0
5.0,-0.9685831611286313,-1.4320625610948192,0.0
5.0,-0.9510565162951539,-1.4222873900293256,0.0
5.0,-0.9297764858882519,-1.412512218963832,0.0
5.0,-0.9048270524660202,-1.383186705767351,0.0
5.0,-0.8763066800438646,-1.3440860215053765,0.0
5.0,-0.8443279255020164,-1.2952101661779083,0.0
5.0,-0.8090169943749469,-1.2561094819159337,0.0
5.0,-0.7705132427757913,-1.1876832844574778,0.0
5.0,-0.7289686274214114,-1.129032258064516,0.0
5.0,-0.6845471059286888,-1.0606060606060606,0.0
5.0,-0.6374239897486902,-1.0019550342130987,0.0
5.0,-0.5877852522924739,-0.9433040078201369,0.0
5.0,-0.5358267949789978,-0.8846529814271751,0.0
5.0,-0.48175367410171677,-0.8162267839687196,0.0
5.0,-0.42577929156507127,-0.7282502443792769,0.0
5.0,-0.3681245526846802,-0.6500488758553278,0.0
5.0,-0.3090169943749467,-0.5522971652003914,0.0
5.0,-0.24868988716485435,-0.4643206256109478,0.0
5.0,-0.18738131458572455,-0.40566959921798595,0.0
5.0,-0.1253332335643045,-0.3372434017595305,0.0
5.0,-0.062790519529314,-0.2590420332355814,0.0
5.0,-9.797174393178826e-16,-0.17106549364613866,0.0
5.0,0.06279051952931204,-0.09286412512218956,0.0
5.0,0.12533323356429904,-0.014662756598240456,0.0
5.0,0.1873813145857261,0.06353861192570864,0.0
5.0,0.24868988716485246,0.15151515151515138,0.0
5.0,0.3090169943749448,0.23949169110459412,0.0
5.0,0.36812455268467503,0.32746823069403685,0.0
5.0,0.4257792915650727,0.40566959921798595,0.0
5.0,0.48175367410171505,0.48387096774193505,0.0
5.0,0.5358267949789961,0.5425219941348978,0.0
5.0,0.5877852522924695,0.6109481915933532,0.0
5.0,0.6374239897486914,0.6891495601173023,0.0
5.0,0.6845471059286874,0.7771260997067451,0.0
5.0,0.7289686274214101,0.8553274682306942,0.0
5.0,0.7705132427757877,0.9530791788856305,0.0
5.0,0.8090169943749479,1.0117302052785924,0.0
5.0,0.8443279255020153,1.0899315738025415,0.0
5.0,0.8763066800438636,1.158357771260997,0.0
5.0,0.9048270524660179,1.1974584555229715,0.0
5.0,0.9297764858882525,1.2463343108504397,0.0
5.0,0.9510565162951533,1.2854349951124142,0.0
5.0,0.9685831611286307,1.3343108504398824,0.0
5.0,0.9822872507286884,1.373411534701857,0.0
5.0,0.992114701314478,1.4125122189638315,0.0
5.0,0.9980267284282717,1.451612903225806,0.0
5.0,1.0,1.4711632453567933,0.0
5.0,0.9980267284282718,1.5102639296187688,0.0
5.0,0.9921147013144783,1.5395894428152497,0.0
5.0,0.9822872507286887,1.529814271749756,0.0
5.0,0.9685831611286313,1.5395894428152497,0.0
5.0,0.9510565162951539,1.559139784946237,0.0
5.0,0.9297764858882532,1.5395894428152497,0.0
5.0,0.9048270524660188,1.5200391006842624,0.0
5.0,0.8763066800438646,1.5004887585532742,0.0
5.0,0.8443279255020164,1.4418377321603124,0.0
5.0,0.8090169943749491,1.4027370478983379,0.0
5.0,0.770513242775789,1.3245356793743888,0.0
5.0,0.7289686274214116,1.2561094819159333,0.0
5.0,0.684547105928689,1.2072336265884651,0.0
5.0,0.637423989748693,1.1485826001955033,0.0
5.0,0.5877852522924711,1.0801564027370478,0.0
5.0,0.5358267949789979,1.0117302052785924,0.0
5.0,0.4817536741017169,0.9335288367546433,0.0
5.0,0.4257792915650746,0.8748778103616814,0.0
5.0,0.368124552684677,0.7966764418377323,0.0
5.0,0.3090169943749468,0.698924731182796,0.0
5.0,0.24868988716485446,0.6304985337243405,0.0
5.0,0.18738131458572815,0.5522971652003914,0.0
5.0,0.1253332335643011,0.4740957966764414,0.0
5.0,0.06279051952931412,0.3958944281524923,0.0
5.0,1.102182119232618e-15,0.3176930596285432,0.0
5.0,-0.06279051952931192,0.23949169110459412,0.0
5.0,-0.12533323356429893,0.14173998044965774,0.0
5.0,-0.187381314585726,0.04398826979472137,0.0
5.0,-0.24868988716485232,-0.053763440860215006,0.0
5.0,-0.3090169943749447,-0.1319648093841641,0.0
5.0,-0.3681245526846749,-0.21994134897360684,0.0
5.0,-0.4257792915650726,-0.29814271749755594,0.0
5.0,-0.48175367410171493,-0.37634408602150504,0.0
5.0,-0.535826794978996,-0.48387096774193505,0.0
5.0,-0.5877852522924694,-0.5522971652003914,0.0
5.0,-0.6374239897486913,-0.6109481915933532,0.0
5.0,-0.6845471059286873,-0.6793743890518087,0.0
5.0,-0.72896862742141,-0.7575757575757578,0.0
5.0,-0.7705132427757876,-0.8260019550342133,0.0
5.0,-0.8090169943749478,-0.9042033235581624,0.0
5.0,-0.8443279255020152,-1.0019550342130987,0.0
5.0,-0.8763066800438636,-1.0703812316715542,0.0
5.0,-0.9048270524660178,-1.129032258064516,0.0
5.0,-0.9297764858882525,-1.2072336265884651,0.0
5.0,-0.9510565162951532,-1.2658846529814274,0.0
5.0,-0.9685831611286307,-1.3147605083088956,0.0
5.0,-0.9822872507286883,-1.3538611925708701,0.0
5.0,-0.992114701314478,-1.3929618768328447,0.0
5.0,-0.9980267284282717,-1.4222873900293256,0.0
5.0,-1.0,-1.4613880742913001,0.0
5.0,-0.9980267284282718,-1.4809384164222874,0.0
5.0,-0.9921147013144783,-1.490713587487781,0.0
5.0,-0.9822872507286887,-1.490713587487781,0.0
5.0,-0.9685831611286313,-1.4809384164222874,0.0
5.0,-0.951056516295154,-1.4613880742913001,0.0
5.0,-0.9297764858882532,-1.4613880742913001,0.0
5.0,-0.9048270524660188,-1.4222873900293256,0.0
5.0,-0.8763066800438647,-1.383186705767351,0.0
5.0,-0.8443279255020165,-1.3538611925708701,0.0
5.0,-0.8090169943749491,-1.304985337243402,0.0
5.0,-0.770513242775789,-1.2561094819159337,0.0
5.0,-0.7289686274214117,-1.1974584555229715,0.0
5.0,-0.6845471059286891,-1.1192570869990224,0.0
5.0,-0.6374239897486931,-1.0606060606060606,0.0
5.0,-0.5877852522924712,-0.9921798631476051,0.0
5.0,-0.535826794978998,-0.9237536656891496,0.0
5.0,-0.481753674101717,-0.8553274682306942,0.0
5.0,-0.4257792915650747,-0.7771260997067451,0.0
5.0,-0.3681245526846771,-0.6891495601173023,0.0
5.0,-0.3090169943749469,-0.6207233626588469,0.0
5.0,-0.2486898871648546,-0.5425219941348978,0.0
5.0,-0.18738131458572826,-0.4643206256109478,0.0
5.0,-0.12533323356430123,-0.3665689149560114,0.0
5.0,-0.06279051952931425,-0.2883675464320623,0.0
5.0,-1.2246467991473533e-15,-0.2101661779081132,0.0
5.0,0.06279051952931179,-0.14173998044965774,0.0
5.0,0.1253332335642988,-0.07331378299120228,0.0
5.0,0.18738131458572588,0.004887585532746819,0.0
5.0,0.2486898871648522,0.1026392961876832,0.0
5.0,0.30901699437494456,0.20039100684261957,0.0
5.0,0.3681245526846748,0.29814271749755594,0.0
5.0,0.4257792915650725,0.3861192570869987,0.0
5.0,0.4817536741017148,0.4643206256109478,0.0
5.0,0.5358267949789959,0.5327468230694041,0.0
5.0,0.5877852522924693,0.6207233626588469,0.0
5.0,0.6374239897486885,0.6891495601173023,0.0
5.0,0.6845471059286898,0.7575757575757578,0.0
5.0,0.7289686274214099,0.8260019550342133,0.0
5.0,0.7705132427757853,0.913978494623656,0.0
5.0,0.8090169943749498,0.9824046920821115,0.0
5.0,0.8443279255020152,1.0703812316715542,0.0
5.0,0.8763066800438618,1.1388074291300097,0.0
5.0,0.9048270524660192,1.2072336265884651,0.0
5.0,0.9297764858882523,1.2756598240469206,0.0
5.0,0.9510565162951532,1.3245356793743888,0.0
5.0,0.9685831611286316,1.3831867057673506,0.0
5.0,0.9822872507286883,1.4320625610948188,0.0
5.0,0.992114701314478,1.480938416422287,0.0
5.0,0.9980267284282713,1.5200391006842624,0.0
5.0,1.0,1.559139784946237,0.0
5.0,0.9980267284282718,1.5884652981427179,0.0
5.0,0.9921147013144788,1.5884652981427179,0.0
5.0,0.9822872507286882,1.5982404692082115,0.0
5.0,0.9685831611286313,1.6177908113391988,0.0
5.0,0.9510565162951551,1.5884652981427179,0.0
5.0,0.929776485888252,1.5689149560117306,0.0
5.0,0.9048270524660189,1.5395894428152497,0.0
5.0,0.8763066800438647,1.5004887585532742,0.0
5.0,0.8443279255020146,1.4711632453567933,0.0
5.0,0.8090169943749492,1.4222873900293251,0.0
5.0,0.7705132427757891,1.3636363636363633,0.0
5.0,0.7289686274214141,1.2952101661779079,0.0
5.0,0.6845471059286892,1.2072336265884651,0.0
5.0,0.6374239897486932,1.1681329423264906,0.0
5.0,0.5877852522924742,1.1094819159335287,0.0
5.0,0.535826794978995,1.0606060606060606,0.0
5.0,0.48175367410171704,0.9726295210166178,0.0
5.0,0.42577929156507804,0.9042033235581624,0.0
5.0,0.3681245526846739,0.8260019550342133,0.0
5.0,0.309016994374947,0.7380254154447705,0.0
5.0,0.24868988716485815,0.6598240469208214,0.0
5.0,0.1873813145857249,0.5816226783968723,0.0
5.0,0.12533323356430134,0.4936461388074287,0.0
5.0,0.06279051952931436,0.42521994134897323,0.0
5.0,4.899825157862589e-15,0.3372434017595305,0.0
5.0,-0.06279051952931168,0.2590420332355814,0.0
5.0,-0.12533323356429868,0.1808406647116323,0.0
5.0,-0.18738131458572224,0.1026392961876832,0.0
5.0,-0.24868988716485554,0.024437927663734094,0.0
5.0,-0.30901699437494445,-0.07331378299120228,0.0
5.0,-0.3681245526846714,-0.16129032258064502,0.0
5.0,-0.4257792915650756,-0.24926686217008776,0.0
5.0,-0.4817536741017147,-0.32746823069403685,0.0
5.0,-0.5358267949789928,-0.42521994134897323,0.0
5.0,-0.587785252292472,-0.5327468230694041,0.0
5.0,-0.6374239897486911,-0.6011730205278596,0.0
5.0,-0.6845471059286872,-0.6598240469208214,0.0
5.0,-0.7289686274214123,-0.7282502443792769,0.0
5.0,-0.7705132427757875,-0.8162267839687196,0.0
5.0,-0.8090169943749477,-0.8846529814271751,0.0
5.0,-0.8443279255020132,-0.9530791788856305,0.0
5.0,-0.8763066800438635,-1.0410557184750733,0.0
5.0,-0.9048270524660177,-1.1094819159335287,0.0
5.0,-0.929776485888251,-1.1876832844574778,0.0
5.0,-0.9510565162951542,-1.2561094819159337,0.0
5.0,-0.9685831611286306,-1.2952101661779083,0.0
5.0,-0.9822872507286876,-1.3343108504398828,0.0
5.0,-0.9921147013144784,-1.3538611925708701,0.0
5.0,-0.9980267284282716,-1.383186705767351,0.0
5.0,-1.0,-1.412512218963832,0.0
5.0,-0.9980267284282716,-1.412512218963832,0.0
5.0,-0.9921147013144783,-1.4222873900293256,0.0
5.0,-0.9822872507286888,-1.4320625610948192,0.0
5.0,-0.9685831611286323,-1.4320625610948192,0.0
6.0,-0.9510565162951536,-0.004887585532746819,0.0
6.0,-0.9297764858882512,-0.014662756598240456,0.0
6.0,-0.9048270524660199,-0.014662756598240456,0.0
6.0,-0.8763066800438638,-0.014662756598240456,0.0
6.0,-0.8443279255020155,-0.5146627565982405,0.0
6.0,-0.8090169943749476,-1.0146627565982405,0.0
6.0,-0.7705132427757896,-1.0312805474095796,0.0
6.0,-0.7289686274214116,-1.0117302052785924,0.0
6.0,-0.684547105928689,-0.9628543499511242,0.0
6.0,-0.6374239897486896,-0.9335288367546433,0.0
6.0,-0.5877852522924734,-0.8846529814271751,0.0
6.0,-0.5358267949789963,-0.8357771260997069,0.0
6.0,-0.4817536741017153,-0.7966764418377323,0.0
6.0,-0.4257792915650722,-0.7380254154447705,0.0
6.0,-0.3681245526846787,-0.669599217986315,0.0
6.0,-0.3090169943749477,-0.6011730205278596,0.0
6.0,-0.24868988716485535,-0.5229716520039105,0.0
6.0,-0.18738131458572468,-0.45454545454545414,0.0
6.0,-0.12533323356430465,-0.37634408602150504,0.0
6.0,-0.06279051952931326,-0.2883675464320623,0.0
6.0,-2.4492935982947064e-16,-0.20039100684261957,0.0
6.0,0.06279051952931278,-0.1319648093841641,0.0
6.0,0.12533323356430418,-0.04398826979472137,0.0
6.0,0.1873813145857242,0.04398826979472137,0.0
6.0,0.24868988716485488,0.12218963831867047,0.0
6.0,0.3090169943749472,0.20039100684261957,0.0
6.0,0.3681245526846782,0.2883675464320623,0.0
6.0,0.42577929156507255,0.35679374389051777,0.0
6.0,0.48175367410171566,0.4447702834799605,0.0
6.0,0.5358267949789967,0.5131964809384169,0.0
6.0,0.5877852522924736,0.591397849462366,0.0
6.0,0.6374239897486899,0.669599217986315,0.0
6.0,0.6845471059286893,0.7575757575757578,0.0
6.0,0.7289686274214107,0.8357771260997069,0.0
6.0,0.7705132427757887,0.8944281524926687,0.0
6.0,0.8090169943749468,0.9628543499511242,0.0
6.0,0.8443279255020147,1.021505376344086,0.0
6.0,0.8763066800438631,1.1094819159335287,0.0
6.0,0.9048270524660194,1.1779081133919842,0.0
6.0,0.9297764858882511,1.236559139784946,0.0
6.0,0.9510565162951535,1.2952101661779079,0.0
6.0,0.968583161128631,1.344086021505376,0.0
6.0,0.9822872507286886,1.373411534701857,0.0
6.0,0.9921147013144778,1.3929618768328442,0.0
6.0,0.9980267284282716,1.4125122189638315,0.0
6.0,1.0,1.4320625610948188,0.0
6.0,0.9980267284282716,1.4222873900293251,0.0
6.0,0.9921147013144779,1.4125122189638315,0.0
6.0,0.9822872507286886,1.4027370478983379,0.0
6.0,0.9685831611286311,1.3831867057673506,0.0
6.0,0.9510565162951536,1.344086021505376,0.0
6.0,0.9297764858882517,1.3245356793743888,0.0
6.0,0.9048270524660192,1.2854349951124142,0.0
6.0,0.8763066800438634,1.236559139784946,0.0
6.0,0.8443279255020151,1.1876832844574778,0.0
6.0,0.8090169943749477,1.1388074291300097,0.0
6.0,0.7705132427757886,1.0899315738025415,0.0
6.0,0.728968627421411,1.0410557184750733,0.0
6.0,0.6845471059286897,0.9726295210166178,0.0
6.0,0.6374239897486911,0.913978494623656,0.0
6.0,0.5877852522924734,0.8455522971652005,0.0
6.0,0.5358267949789972,0.7869012707722387,0.0
6.0,0.4817536741017162,0.7086999022482896,0.0
6.0,0.42577929156507394,0.6207233626588469,0.0
6.0,0.368124552684678,0.5327468230694041,0.0
6.0,0.3090169943749478,0.43499511241446687,0.0
6.0,0.2486898871648555,0.34701857282502413,0.0
6.0,0.18738131458572568,0.26881720430107503,0.0
6.0,0.1253332335643039,0.17106549364613866,0.0
6.0,0.06279051952931339,0.07331378299120228,0.0
6.0,3.6739403974420594e-16,-0.014662756598240456,0.0
6.0,-0.06279051952931265,-0.09286412512218956,0.0
6.0,-0.12533323356430318,-0.17106549364613866,0.0
6.0,-0.18738131458572496,-0.2590420332355814,0.0
6.0,-0.24868988716485477,-0.34701857282502413,0.0
6.0,-0.30901699437494706,-0.4447702834799605,0.0
6.0,-0.36812455268467725,-0.5229716520039105,0.0
6.0,-0.42577929156507327,-0.6109481915933532,0.0
6.0,-0.48175367410171555,-0.698924731182796,0.0
6.0,-0.5358267949789965,-0.7771260997067451,0.0
6.0,-0.5877852522924728,-0.8455522971652005,0.0
6.0,-0.6374239897486905,-0.9335288367546433,0.0
6.0,-0.6845471059286892,-1.0019550342130987,0.0
6.0,-0.7289686274214106,-1.0703812316715542,0.0
6.0,-0.770513242775788,-1.1485826001955033,0.0
6.0,-0.8090169943749472,-1.2463343108504397,0.0
6.0,-0.8443279255020146,-1.304985337243402,0.0
6.0,-0.876306680043863,-1.3538611925708701,0.0
6.0,-0.9048270524660189,-1.4027370478983383,0.0
6.0,-0.9297764858882513,-1.4516129032258065,0.0
6.0,-0.9510565162951534,-1.490713587487781,0.0
6.0,-0.968583161128631,-1.5395894428152492,0.0
6.0,-0.9822872507286885,-1.5786901270772238,0.0
6.0,-0.9921147013144779,-1.598240469208211,0.0
6.0,-0.9980267284282716,-1.598240469208211,0.0
6.0,-1.0,-1.6177908113391983,0.0
6.0,-0.9980267284282716,-1.627565982404692,0.0
6.0,-0.992114701314478,-1.6177908113391983,0.0
6.0,-0.9822872507286886,-1.6177908113391983,0.0
6.0,-0.9685831611286312,-1.6177908113391983,0.0
6.0,-0.9510565162951538,-1.598240469208211,0.0
6.0,-0.9297764858882517,-1.5591397849462365,0.0
6.0,-0.9048270524660192,-1.5298142717497556,0.0
6.0,-0.8763066800438635,-1.490713587487781,0.0
6.0,-0.8443279255020151,-1.4613880742913001,0.0
6.0,-0.8090169943749477,-1.412512218963832,0.0
6.0,-0.7705132427757886,-1.3538611925708701,0.0
6.0,-0.7289686274214111,-1.304985337243402,0.0
6.0,-0.6845471059286898,-1.236559139784946,0.0
6.0,-0.6374239897486912,-1.1681329423264906,0.0
6.0,-0.5877852522924735,-1.0899315738025415,0.0
6.0,-0.5358267949789973,-1.0117302052785924,0.0
6.0,-0.4817536741017163,-0.9726295210166178,0.0
6.0,-0.42577929156507405,-0.9042033235581624,0.0
6.0,-0.3681245526846781,-0.8162267839687196,0.0
6.0,-0.3090169943749479,-0.7184750733137832,0.0
6.0,-0.2486898871648556,-0.6402737047898341,0.0
6.0,-0.1873813145857258,-0.562072336265885,0.0
6.0,-0.125333233564304,-0.48387096774193505,0.0
6.0,-0.06279051952931351,-0.40566959921798595,0.0
6.0,-4.898587196589413e-16,-0.3079178885630496,0.0
6.0,0.06279051952931075,-0.22971652003910048,0.0
6.0,0.12533323356430304,-0.15151515151515138,0.0
6.0,0.1873813145857231,-0.06353861192570864,0.0
6.0,0.24868988716485466,0.014662756598240456,0.0
6.0,0.30901699437494523,0.1026392961876832,0.0
6.0,0.36812455268467714,0.20039100684261957,0.0
6.0,0.42577929156507155,0.27859237536656867,0.0
6.0,0.48175367410171543,0.35679374389051777,0.0
6.0,0.535826794978995,0.43499511241446687,0.0
6.0,0.5877852522924727,0.5229716520039105,0.0
6.0,0.6374239897486891,0.6109481915933532,0.0
6.0,0.6845471059286891,0.6891495601173023,0.0
6.0,0.7289686274214104,0.7771260997067451,0.0
6.0,0.7705132427757891,0.8651026392961878,0.0
6.0,0.8090169943749471,0.9335288367546433,0.0
6.0,0.8443279255020155,1.0019550342130987,0.0
6.0,0.876306680043863,1.0703812316715542,0.0
6.0,0.9048270524660196,1.1388074291300097,0.0
6.0,0.9297764858882513,1.1974584555229715,0.0
6.0,0.951056516295154,1.236559139784946,0.0
6.0,0.9685831611286309,1.3049853372434015,0.0
6.0,0.9822872507286888,1.3343108504398824,0.0
6.0,0.9921147013144779,1.3636363636363633,0.0
6.0,0.9980267284282717,1.3929618768328442,0.0
6.0,1.0,1.4222873900293251,0.0
6.0,0.9980267284282718,1.4320625610948188,0.0
6.0,0.992114701314478,1.4125122189638315,0.0
6.0,0.9822872507286889,1.4125122189638315,0.0
6.0,0.9685831611286312,1.3929618768328442,0.0
6.0,0.9510565162951543,1.3636363636363633,0.0
6.0,0.9297764858882518,1.3245356793743888,0.0
6.0,0.90482705246602,1.2756598240469206,0.0
6.0,0.8763066800438635,1.236559139784946,0.0
6.0,0.8443279255020162,1.1876832844574778,0.0
6.0,0.8090169943749478,1.129032258064516,0.0
6.0,0.7705132427757898,1.0703812316715542,0.0
6.0,0.7289686274214112,1.0019550342130987,0.0
6.0,0.6845471059286898,0.9335288367546433,0.0
6.0,0.6374239897486899,0.8455522971652005,0.0
6.0,0.5877852522924736,0.7869012707722387,0.0
6.0,0.5358267949789959,0.7086999022482896,0.0
6.0,0.48175367410171643,0.6207233626588469,0.0
6.0,0.42577929156507255,0.5522971652003914,0.0
6.0,0.3681245526846782,0.48387096774193505,0.0
6.0,0.3090169943749463,0.3958944281524923,0.0
6.0,0.2486898871648557,0.3079178885630496,0.0
6.0,0.18738131458572418,0.21994134897360684,0.0
6.0,0.12533323356430415,0.1319648093841641,0.0
6.0,0.06279051952931186,0.04398826979472137,0.0
6.0,6.123233995736766e-16,-0.04398826979472137,0.0
6.0,-0.06279051952931064,-0.1319648093841641,0.0
6.0,-0.12533323356430293,-0.2101661779081132,0.0
6.0,-0.18738131458572296,-0.3079178885630496,0.0
6.0,-0.24868988716485452,-0.3958944281524923,0.0
6.0,-0.3090169943749451,-0.48387096774193505,0.0
6.0,-0.3681245526846787,-0.5816226783968723,0.0
6.0,-0.42577929156506983,-0.6598240469208214,0.0
6.0,-0.4817536741017154,-0.7478005865102642,0.0
6.0,-0.5358267949789964,-0.8162267839687196,0.0
6.0,-0.5877852522924726,-0.8748778103616814,0.0
6.0,-0.637423989748689,-0.9530791788856305,0.0
6.0,-0.6845471059286877,-1.0410557184750733,0.0
6.0,-0.7289686274214103,-1.1094819159335287,0.0
6.0,-0.7705132427757901,-1.1876832844574778,0.0
6.0,-0.809016994374946,-1.2463343108504397,0.0
6.0,-0.8443279255020155,-1.3147605083088956,0.0
6.0,-0.8763066800438638,-1.3538611925708701,0.0
6.0,-0.9048270524660196,-1.4027370478983383,0.0
6.0,-0.9297764858882513,-1.4613880742913001,0.0
6.0,-0.9510565162951534,-1.5004887585532747,0.0
6.0,-0.9685831611286309,-1.5591397849462365,0.0
6.0,-0.982287250728689,-1.598240469208211,0.0
6.0,-0.9921147013144777,-1.627565982404692,0.0
6.0,-0.9980267284282717,-1.6471163245356792,0.0
6.0,-1.0,-1.6568914956011729,0.0
6.0,-0.9980267284282718,-1.6568914956011729,0.0
6.0,-0.9921147013144778,-1.6568914956011729,0.0
6.0,-0.9822872507286894,-1.6568914956011729,0.0
6.0,-0.9685831611286312,-1.6568914956011729,0.0
6.0,-0.9510565162951538,-1.6471163245356792,0.0
6.0,-0.9297764858882518,-1.627565982404692,0.0
6.0,-0.9048270524660201,-1.5786901270772238,0.0
6.0,-0.8763066800438645,-1.5298142717497556,0.0
6.0,-0.8443279255020162,-1.490713587487781,0.0
6.0,-0.8090169943749468,-1.4222873900293256,0.0
6.0,-0.770513242775791,-1.3636363636363638,0.0
6.0,-0.7289686274214113,-1.304985337243402,0.0
6.0,-0.6845471059286887,-1.2170087976539588,0.0
6.0,-0.63742398974869,-1.129032258064516,0.0
6.0,-0.5877852522924737,-1.0801564027370478,0.0
6.0,-0.5358267949789975,-1.0117302052785924,0.0
6.0,-0.48175367410171654,-0.9628543499511242,0.0
6.0,-0.42577929156507105,-0.8944281524926687,0.0
6.0,-0.36812455268468,-0.8162267839687196,0.0
6.0,-0.3090169943749464,-0.7380254154447705,0.0
6.0,-0.2486898871648541,-0.6793743890518087,0.0
6.0,-0.1873813145857243,-0.6011730205278596,0.0
6.0,-0.12533323356430426,-0.5131964809384169,0.0
6.0,-0.06279051952931375,-0.4447702834799605,0.0
6.0,-7.347880794884119e-16,-0.35679374389051777,0.0
6.0,0.06279051952931229,-0.2590420332355814,0.0
6.0,0.12533323356430282,-0.17106549364613866,0.0
6.0,0.18738131458572285,-0.09286412512218956,0.0
6.0,0.24868988716485269,0.004887585532746819,0.0
6.0,0.309016994374945,0.09286412512218956,0.0
6.0,0.3681245526846786,0.16129032258064502,0.0
6.0,0.4257792915650697,0.27859237536656867,0.0
6.0,0.48175367410171527,0.3665689149560114,0.0
6.0,0.5358267949789963,0.4740957966764414,0.0
6.0,0.5877852522924725,0.5816226783968723,0.0
6.0,0.6374239897486889,0.6500488758553278,0.0
6.0,0.6845471059286876,0.7086999022482896,0.0
6.0,0.7289686274214102,0.7966764418377323,0.0
6.0,0.7705132427757901,0.8553274682306942,0.0
6.0,0.8090169943749459,0.9433040078201369,0.0
6.0,0.8443279255020154,1.0117302052785924,0.0
6.0,0.8763066800438637,1.0703812316715542,0.0
6.0,0.9048270524660195,1.158357771260997,0.0
6.0,0.9297764858882512,1.2072336265884651,0.0
6.0,0.9510565162951533,1.2561094819159333,0.0
6.0,0.9685831611286309,1.2952101661779079,0.0
6.0,0.982287250728689,1.344086021505376,0.0
6.0,0.9921147013144777,1.373411534701857,0.0
6.0,0.9980267284282717,1.3929618768328442,0.0
6.0,1.0,1.4027370478983379,0.0
6.0,0.9980267284282718,1.3929618768328442,0.0
6.0,0.9921147013144778,1.3831867057673506,0.0
6.0,0.9822872507286894,1.344086021505376,0.0
6.0,0.9685831611286312,1.3245356793743888,0.0
6.0,0.9510565162951539,1.2952101661779079,0.0
6.0,0.9297764858882518,1.236559139784946,0.0
6.0,0.9048270524660201,1.1974584555229715,0.0
6.0,0.8763066800438645,1.129032258064516,0.0
6.0,0.8443279255020163,1.0899315738025415,0.0
6.0,0.8090169943749469,1.0312805474095796,0.0
6.0,0.7705132427757911,1.0019550342130987,0.0
6.0,0.7289686274214113,0.9433040078201369,0.0
6.0,0.6845471059286887,0.8651026392961878,0.0
6.0,0.6374239897486901,0.806451612903226,0.0
6.0,0.5877852522924738,0.7575757575757578,0.0
6.0,0.5358267949789977,0.6793743890518087,0.0
6.0,0.48175367410171666,0.591397849462366,0.0
6.0,0.42577929156507116,0.5131964809384169,0.0
6.0,0.3681245526846801,0.45454545454545414,0.0
6.0,0.30901699437494656,0.35679374389051777,0.0
6.0,0.24868988716485424,0.27859237536656867,0.0
6.0,0.1873813145857244,0.20039100684261957,0.0
6.0,0.1253332335643044,0.11241446725317683,0.0
6.0,0.06279051952931387,0.024437927663734094,0.0
6.0,8.572527594031472e-16,-0.053763440860215006,0.0
6.0,-0.06279051952931217,-0.1319648093841641,0.0
6.0,-0.12533323356430268,-0.21994134897360684,0.0
6.0,-0.18738131458572274,-0.3176930596285432,0.0
6.0,-0.24868988716485257,-0.40566959921798595,0.0
6.0,-0.3090169943749449,-0.4936461388074287,0.0
6.0,-0.3681245526846785,-0.591397849462366,0.0
6.0,-0.4257792915650696,-0.6793743890518087,0.0
6.0,-0.48175367410171516,-0.7478005865102642,0.0
6.0,-0.5358267949789962,-0.8260019550342133,0.0
6.0,-0.5877852522924725,-0.913978494623656,0.0
6.0,-0.6374239897486887,-0.9726295210166178,0.0
6.0,-0.6845471059286875,-1.0410557184750733,0.0
6.0,-0.7289686274214101,-1.129032258064516,0.0
6.0,-0.77051324277579,-1.2170087976539588,0.0
6.0,-0.8090169943749459,-1.2952101661779083,0.0
6.0,-0.8443279255020153,-1.3245356793743892,0.0
6.0,-0.8763066800438637,-1.3929618768328447,0.0
6.0,-0.9048270524660195,-1.4516129032258065,0.0
6.0,-0.9297764858882512,-1.5004887585532747,0.0
6.0,-0.9510565162951533,-1.5493646138807429,0.0
6.0,-0.9685831611286309,-1.5786901270772238,0.0
6.0,-0.982287250728689,-1.6177908113391983,0.0
6.0,-0.9921147013144775,-1.6471163245356792,0.0
6.0,-0.9980267284282717,-1.6373411534701856,0.0
6.0,-1.0,-1.6568914956011729,0.0
6.0,-0.9980267284282718,-1.6471163245356792,0.0
6.0,-0.9921147013144778,-1.627565982404692,0.0
6.0,-0.9822872507286894,-1.6177908113391983,0.0
6.0,-0.9685831611286313,-1.6080156402737047,0.0
6.0,-0.9510565162951539,-1.5884652981427174,0.0
6.0,-0.9297764858882519,-1.5689149560117301,0.0
6.0,-0.9048270524660202,-1.520039100684262,0.0
6.0,-0.8763066800438646,-1.4809384164222874,0.0
6.0,-0.8443279255020164,-1.4320625610948192,0.0
6.0,-0.8090169943749469,-1.3538611925708701,0.0
6.0,-0.7705132427757913,-1.2952101661779083,0.0
6.0,-0.7289686274214114,-1.2267839687194524,0.0
6.0,-0.6845471059286888,-1.158357771260997,0.0
6.0,-0.6374239897486902,-1.0899315738025415,0.0
6.0,-0.5877852522924739,-1.0117302052785924,0.0
6.0,-0.5358267949789978,-0.9628543499511242,0.0
6.0,-0.48175367410171677,-0.8651026392961878,0.0
6.0,-0.42577929156507127,-0.806451612903226,0.0
6.0,-0.3681245526846802,-0.7282502443792769,0.0
6.0,-0.3090169943749467,-0.6402737047898341,0.0
6.0,-0.24868988716485435,-0.5425219941348978,0.0
6.0,-0.18738131458572455,-0.4447702834799605,0.0
6.0,-0.1253332335643045,-0.35679374389051777,0.0
6.0,-0.062790519529314,-0.26881720430107503,0.0
6.0,-9.797174393178826e-16,-0.19061583577712593,0.0
6.0,0.06279051952931204,-0.12218963831867047,0.0
6.0,0.12533323356429904,-0.03421309872922773,0.0
6.0,0.1873813145857261,0.04398826979472137,0.0
6.0,0.24868988716485246,0.14173998044965774,0.0
6.0,0.3090169943749448,0.23949169110459412,0.0
6.0,0.36812455268467503,0.32746823069403685,0.0
6.0,0.4257792915650727,0.4154447702834796,0.0
6.0,0.48175367410171505,0.4936461388074287,0.0
6.0,0.5358267949789961,0.5522971652003914,0.0
6.0,0.5877852522924695,0.6207233626588469,0.0
6.0,0.6374239897486914,0.6891495601173023,0.0
6.0,0.6845471059286874,0.7869012707722387,0.0
6.0,0.7289686274214101,0.8748778103616814,0.0
6.0,0.7705132427757877,0.9530791788856305,0.0
6.0,0.8090169943749479,1.0312805474095796,0.0
6.0,0.8443279255020153,1.1094819159335287,0.0
6.0,0.8763066800438636,1.1681329423264906,0.0
6.0,0.9048270524660179,1.2267839687194524,0.0
6.0,0.9297764858882525,1.2756598240469206,0.0
6.0,0.9510565162951533,1.3245356793743888,0.0
6.0,0.9685831611286307,1.3636363636363633,0.0
6.0,0.9822872507286884,1.3929618768328442,0.0
6.0,0.992114701314478,1.4125122189638315,0.0
6.0,0.9980267284282717,1.4222873900293251,0.0
6.0,1.0,1.4320625610948188,0.0
6.0,0.9980267284282718,1.4613880742912997,0.0
6.0,0.9921147013144783,1.4418377321603124,0.0
6.0,0.9822872507286887,1.4320625610948188,0.0
6.0,0.9685831611286313,1.4027370478983379,0.0
6.0,0.9510565162951539,1.3636363636363633,0.0
6.0,0.9297764858882532,1.344086021505376,0.0
6.0,0.9048270524660188,1.3147605083088951,0.0
6.0,0.8763066800438646,1.2756598240469206,0.0
6.0,0.8443279255020164,1.1974584555229715,0.0
6.0,0.8090169943749491,1.1485826001955033,0.0
6.0,0.770513242775789,1.0801564027370478,0.0
6.0,0.7289686274214116,1.0312805474095796,0.0
6.0,0.684547105928689,0.9726295210166178,0.0
6.0,0.637423989748693,0.9237536656891496,0.0
6.0,0.5877852522924711,0.8455522971652005,0.0
6.0,0.5358267949789979,0.7771260997067451,0.0
6.0,0.4817536741017169,0.669599217986315,0.0
6.0,0.4257792915650746,0.562072336265885,0.0
6.0,0.368124552684677,0.4936461388074287,0.0
6.0,0.3090169943749468,0.42521994134897323,0.0
6.0,0.24868988716485446,0.34701857282502413,0.0
6.0,0.18738131458572815,0.26881720430107503,0.0
6.0,0.1253332335643011,0.16129032258064502,0.0
6.0,0.06279051952931412,0.08308895405669592,0.0
6.0,1.102182119232618e-15,0.004887585532746819,0.0
6.0,-0.06279051952931192,-0.1026392961876832,0.0
6.0,-0.12533323356429893,-0.19061583577712593,0.0
6.0,-0.187381314585726,-0.26881720430107503,0.0
6.0,-0.24868988716485232,-0.35679374389051777,0.0
6.0,-0.3090169943749447,-0.4643206256109478,0.0
6.0,-0.3681245526846749,-0.5522971652003914,0.0
6.0,-0.4257792915650726,-0.6598240469208214,0.0
6.0,-0.48175367410171493,-0.7575757575757578,0.0
6.0,-0.535826794978996,-0.806451612903226,0.0
6.0,-0.5877852522924694,-0.8748778103616814,0.0
6.0,-0.6374239897486913,-0.9433040078201369,0.0
6.0,-0.6845471059286873,-1.0312805474095796,0.0
6.0,-0.72896862742141,-1.1094819159335287,0.0
6.0,-0.7705132427757876,-1.1974584555229715,0.0
6.0,-0.8090169943749478,-1.2658846529814274,0.0
6.0,-0.8443279255020152,-1.3245356793743892,0.0
6.0,-0.8763066800438636,-1.383186705767351,0.0
6.0,-0.9048270524660178,-1.4320625610948192,0.0
6.0,-0.9297764858882525,-1.490713587487781,0.0
6.0,-0.9510565162951532,-1.5298142717497556,0.0
6.0,-0.9685831611286307,-1.5689149560117301,0.0
6.0,-0.9822872507286883,-1.598240469208211,0.0
6.0,-0.992114701314478,-1.6177908113391983,0.0
6.0,-0.9980267284282717,-1.627565982404692,0.0
6.0,-1.0,-1.6471163245356792,0.0
6.0,-0.9980267284282718,-1.6471163245356792,0.0
6.0,-0.9921147013144783,-1.6568914956011729,0.0
6.0,-0.9822872507286887,-1.6471163245356792,0.0
6.0,-0.9685831611286313,-1.627565982404692,0.0
6.0,-0.951056516295154,-1.6177908113391983,0.0
6.0,-0.9297764858882532,-1.5884652981427174,0.0
6.0,-0.9048270524660188,-1.5689149560117301,0.0
6.0,-0.8763066800438647,-1.5298142717497556,0.0
6.0,-0.8443279255020165,-1.4809384164222874,0.0
6.0,-0.8090169943749491,-1.4027370478983383,0.0
6.0,-0.770513242775789,-1.3440860215053765,0.0
6.0,-0.7289686274214117,-1.275659824046921,0.0
6.0,-0.6845471059286891,-1.236559139784946,0.0
6.0,-0.6374239897486931,-1.1779081133919842,0.0
6.0,-0.5877852522924712,-1.099706744868035,0.0
6.0,-0.535826794978998,-1.0410557184750733,0.0
6.0,-0.481753674101717,-0.9628543499511242,0.0
6.0,-0.4257792915650747,-0.8846529814271751,0.0
6.0,-0.3681245526846771,-0.8260019550342133,0.0
6.0,-0.3090169943749469,-0.7380254154447705,0.0
6.0,-0.2486898871648546,-0.669599217986315,0.0
6.0,-0.18738131458572826,-0.5816226783968723,0.0
6.0,-0.12533323356430123,-0.48387096774193505,0.0
6.0,-0.06279051952931425,-0.3861192570869987,0.0
6.0,-1.2246467991473533e-15,-0.29814271749755594,0.0
6.0,0.06279051952931179,-0.20039100684261957,0.0
6.0,0.1253332335642988,-0.11241446725317683,0.0
6.0,0.18738131458572588,-0.024437927663734094,0.0
6.0,0.2486898871648522,0.053763440860215006,0.0
6.0,0.30901699437494456,0.14173998044965774,0.0
6.0,0.3681245526846748,0.22971652003910048,0.0
6.0,0.4257792915650725,0.3079178885630496,0.0
6.0,0.4817536741017148,0.37634408602150504,0.0
6.0,0.5358267949789959,0.45454545454545414,0.0
6.0,0.5877852522924693,0.5131964809384169,0.0
6.0,0.6374239897486885,0.5816226783968723,0.0
6.0,0.6845471059286898,0.6500488758553278,0.0
6.0,0.7289686274214099,0.7380254154447705,0.0
6.0,0.7705132427757853,0.806451612903226,0.0
6.0,0.8090169943749498,0.8846529814271751,0.0
6.0,0.8443279255020152,0.9530791788856305,0.0
6.0,0.8763066800438618,1.021505376344086,0.0
6.0,0.9048270524660192,1.0801564027370478,0.0
6.0,0.9297764858882523,1.1485826001955033,0.0
6.0,0.9510565162951532,1.2072336265884651,0.0
6.0,0.9685831611286316,1.265884652981427,0.0
6.0,0.9822872507286883,1.2952101661779079,0.0
6.0,0.992114701314478,1.3343108504398824,0.0
6.0,0.9980267284282713,1.373411534701857,0.0
6.0,1.0,1.3929618768328442,0.0
6.0,0.9980267284282718,1.3831867057673506,0.0
6.0,0.9921147013144788,1.3831867057673506,0.0
6.0,0.9822872507286882,1.373411534701857,0.0
6.0,0.9685831611286313,1.344086021505376,0.0
6.0,0.9510565162951551,1.3343108504398824,0.0
6.0,0.929776485888252,1.3049853372434015,0.0
6.0,0.9048270524660189,1.2561094819159333,0.0
6.0,0.8763066800438647,1.2072336265884651,0.0
6.0,0.8443279255020146,1.1681329423264906,0.0
6.0,0.8090169943749492,1.1388074291300097,0.0
6.0,0.7705132427757891,1.0801564027370478,0.0
6.0,0.7289686274214141,1.0410557184750733,0.0
6.0,0.6845471059286892,0.9921798631476051,0.0
6.0,0.6374239897486932,0.9237536656891496,0.0
6.0,0.5877852522924742,0.8651026392961878,0.0
6.0,0.535826794978995,0.7869012707722387,0.0
6.0,0.48175367410171704,0.7184750733137832,0.0
6.0,0.42577929156507804,0.6304985337243405,0.0
6.0,0.3681245526846739,0.5522971652003914,0.0
6.0,0.309016994374947,0.48387096774193505,0.0
6.0,0.24868988716485815,0.40566959921798595,0.0
6.0,0.1873813145857249,0.32746823069403685,0.0
6.0,0.12533323356430134,0.24926686217008776,0.0
6.0,0.06279051952931436,0.16129032258064502,0.0
6.0,4.899825157862589e-15,0.07331378299120228,0.0
6.0,-0.06279051952931168,-0.004887585532746819,0.0
6.0,-0.12533323356429868,-0.08308895405669592,0.0
6.0,-0.18738131458572224,-0.1808406647116323,0.0
6.0,-0.24868988716485554,-0.26881720430107503,0.0
6.0,-0.30901699437494445,-0.34701857282502413,0.0
6.0,-0.3681245526846714,-0.42521994134897323,0.0
6.0,-0.4257792915650756,-0.5327468230694041,0.0
6.0,-0.4817536741017147,-0.6207233626588469,0.0
6.0,-0.5358267949789928,-0.7086999022482896,0.0
6.0,-0.587785252292472,-0.7771260997067451,0.0
6.0,-0.6374239897486911,-0.8455522971652005,0.0
6.0,-0.6845471059286872,-0.9237536656891496,0.0
6.0,-0.7289686274214123,-0.9921798631476051,0.0
6.0,-0.7705132427757875,-1.0703812316715542,0.0
6.0,-0.8090169943749477,-1.1485826001955033,0.0
6.0,-0.8443279255020132,-1.2267839687194524,0.0
6.0,-0.8763066800438635,-1.304985337243402,0.0
6.0,-0.9048270524660177,-1.3636363636363638,0.0
6.0,-0.929776485888251,-1.412512218963832,0.0
6.0,-0.9510565162951542,-1.4613880742913001,0.0
6.0,-0.9685831611286306,-1.5102639296187683,0.0
6.0,-0.9822872507286876,-1.5493646138807429,0.0
6.0,-0.9921147013144784,-1.5786901270772238,0.0
6.0,-0.9980267284282716,-1.5884652981427174,0.0
6.0,-1.0,-1.5884652981427174,0.0
6.0,-0.9980267284282716,-1.598240469208211,0.0
6.0,-0.9921147013144783,-1.598240469208211,0.0
6.0,-0.9822872507286888,-1.5884652981427174,0.0
6.0,-0.9685831611286323,-1.5786901270772238,0.0
7.0,-0.9510565162951536,-0.004887585532746819,0.0
7.0,-0.9297764858882512,-0.004887585532746819,0.0
7.0,-0.9048270524660199,-0.014662756598240456,0.0
7.0,-0.8763066800438638,-0.014662756598240456,0.0
7.0,-0.8443279255020155,-0.5146627565982405,0.0
7.0,-0.8090169943749476,-1.0146627565982405,0.0
7.0,-0.7705132427757896,-1.021505376344086,0.0
7.0,-0.7289686274214116,-1.0117302052785924,0.0
7.0,-0.684547105928689,-0.9824046920821115,0.0
7.0,-0.6374239897486896,-0.9726295210166178,0.0
7.0,-0.5877852522924734,-0.9335288367546433,0.0
7.0,-0.5358267949789963,-0.913978494623656,0.0
7.0,-0.4817536741017153,-0.8651026392961878,0.0
7.0,-0.4257792915650722,-0.806451612903226,0.0
7.0,-0.3681245526846787,-0.7282502443792769,0.0
7.0,-0.3090169943749477,-0.669599217986315,0.0
7.0,-0.24868988716485535,-0.5816226783968723,0.0
7.0,-0.18738131458572468,-0.4936461388074287,0.0
7.0,-0.12533323356430465,-0.40566959921798595,0.0
7.0,-0.06279051952931326,-0.3372434017595305,0.0
7.0,-2.4492935982947064e-16,-0.22971652003910048,0.0
7.0,0.06279051952931278,-0.14173998044965774,0.0
7.0,0.12533323356430418,-0.06353861192570864,0.0
7.0,0.1873813145857242,0.024437927663734094,0.0
7.0,0.24868988716485488,0.11241446725317683,0.0
7.0,0.3090169943749472,0.2101661779081132,0.0
7.0,0.3681245526846782,0.3079178885630496,0.0
7.0,0.42577929156507255,0.37634408602150504,0.0
7.0,0.48175367410171566,0.4643206256109478,0.0
7.0,0.5358267949789967,0.5522971652003914,0.0
7.0,0.5877852522924736,0.6500488758553278,0.0
7.0,0.6374239897486899,0.7184750733137832,0.0
7.0,0.6845471059286893,0.7869012707722387,0.0
7.0,0.7289686274214107,0.8748778103616814,0.0
7.0,0.7705132427757887,0.9530791788856305,0.0
7.0,0.8090169943749468,1.0312805474095796,0.0
7.0,0.8443279255020147,1.0899315738025415,0.0
7.0,0.8763066800438631,1.1681329423264906,0.0
7.0,0.9048270524660194,1.2072336265884651,0.0
7.0,0.9297764858882511,1.2561094819159333,0.0
7.0,0.9510565162951535,1.3049853372434015,0.0
7.0,0.968583161128631,1.3343108504398824,0.0
7.0,0.9822872507286886,1.3636363636363633,0.0
7.0,0.9921147013144778,1.4027370478983379,0.0
7.0,0.9980267284282716,1.4222873900293251,0.0
7.0,1.0,1.4418377321603124,0.0
7.0,0.9980267284282716,1.4418377321603124,0.0
7.0,0.9921147013144779,1.4320625610948188,0.0
7.0,0.9822872507286886,1.4320625610948188,0.0
7.0,0.9685831611286311,1.3929618768328442,0.0
7.0,0.9510565162951536,1.3636363636363633,0.0
7.0,0.9297764858882517,1.3049853372434015,0.0
7.0,0.9048270524660192,1.2561094819159333,0.0
7.0,0.8763066800438634,1.2072336265884651,0.0
7.0,0.8443279255020151,1.1485826001955033,0.0
7.0,0.8090169943749477,1.0801564027370478,0.0
7.0,0.7705132427757886,1.0312805474095796,0.0
7.0,0.728968627421411,0.9530791788856305,0.0
7.0,0.6845471059286897,0.8651026392961878,0.0
7.0,0.6374239897486911,0.7869012707722387,0.0
7.0,0.5877852522924734,0.7184750733137832,0.0
7.0,0.5358267949789972,0.6402737047898341,0.0
7.0,0.4817536741017162,0.5522971652003914,0.0
7.0,0.42577929156507394,0.4740957966764414,0.0
7.0,0.368124552684678,0.3958944281524923,0.0
7.0,0.3090169943749478,0.3176930596285432,0.0
7.0,0.2486898871648555,0.23949169110459412,0.0
7.0,0.18738131458572568,0.14173998044965774,0.0
7.0,0.1253332335643039,0.053763440860215006,0.0
7.0,0.06279051952931339,-0.04398826979472137,0.0
7.0,3.6739403974420594e-16,-0.1319648093841641,0.0
7.0,-0.06279051952931265,-0.2101661779081132,0.0
7.0,-0.12533323356430318,-0.29814271749755594,0.0
7.0,-0.18738131458572496,-0.3665689149560114,0.0
7.0,-0.24868988716485477,-0.45454545454545414,0.0
7.0,-0.30901699437494706,-0.5327468230694041,0.0
7.0,-0.36812455268467725,-0.6109481915933532,0.0
7.0,-0.42577929156507327,-0.6891495601173023,0.0
7.0,-0.48175367410171555,-0.7673509286412514,0.0
7.0,-0.5358267949789965,-0.8260019550342133,0.0
7.0,-0.5877852522924728,-0.9042033235581624,0.0
7.0,-0.6374239897486905,-0.9921798631476051,0.0
7.0,-0.6845471059286892,-1.0703812316715542,0.0
7.0,-0.7289686274214106,-1.158357771260997,0.0
7.0,-0.770513242775788,-1.2170087976539588,0.0
7.0,-0.8090169943749472,-1.304985337243402,0.0
7.0,-0.8443279255020146,-1.3538611925708701,0.0
7.0,-0.876306680043863,-1.412512218963832,0.0
7.0,-0.9048270524660189,-1.4809384164222874,0.0
7.0,-0.9297764858882513,-1.520039100684262,0.0
7.0,-0.9510565162951534,-1.5689149560117301,0.0
7.0,-0.968583161128631,-1.6177908113391983,0.0
7.0,-0.9822872507286885,-1.6471163245356792,0.0
7.0,-0.9921147013144779,-1.6666666666666665,0.0
7.0,-0.9980267284282716,-1.6862170087976538,0.0
7.0,-1.0,-1.7155425219941347,0.0
7.0,-0.9980267284282716,-1.7253176930596283,0.0
7.0,-0.992114701314478,-1.7155425219941347,0.0
7.0,-0.9822872507286886,-1.6862170087976538,0.0
7.0,-0.9685831611286312,-1.6666666666666665,0.0
7.0,-0.9510565162951538,-1.6471163245356792,0.0
7.0,-0.9297764858882517,-1.6177908113391983,0.0
7.0,-0.9048270524660192,-1.5689149560117301,0.0
7.0,-0.8763066800438635,-1.5298142717497556,0.0
7.0,-0.8443279255020151,-1.490713587487781,0.0
7.0,-0.8090169943749477,-1.4613880742913001,0.0
7.0,-0.7705132427757886,-1.3929618768328447,0.0
7.0,-0.7289686274214111,-1.3147605083088956,0.0
7.0,-0.6845471059286898,-1.236559139784946,0.0
7.0,-0.6374239897486912,-1.1485826001955033,0.0
7.0,-0.5877852522924735,-1.0703812316715542,0.0
7.0,-0.5358267949789973,-0.9921798631476051,0.0
7.0,-0.4817536741017163,-0.9042033235581624,0.0
7.0,-0.42577929156507405,-0.8455522971652005,0.0
7.0,-0.3681245526846781,-0.7771260997067451,0.0
7.0,-0.3090169943749479,-0.6793743890518087,0.0
7.0,-0.2486898871648556,-0.6011730205278596,0.0
7.0,-0.1873813145857258,-0.5327468230694041,0.0
7.0,-0.125333233564304,-0.42521994134897323,0.0
7.0,-0.06279051952931351,-0.3372434017595305,0.0
7.0,-4.898587196589413e-16,-0.24926686217008776,0.0
7.0,0.06279051952931075,-0.1808406647116323,0.0
7.0,0.12533323356430304,-0.08308895405669592,0.0
7.0,0.1873813145857231,-0.014662756598240456,0.0
7.0,0.24868988716485466,0.03421309872922773,0.0
7.0,0.30901699437494523,0.12218963831867047,0.0
7.0,0.36812455268467714,0.23949169110459412,0.0
7.0,0.42577929156507155,0.32746823069403685,0.0
7.0,0.48175367410171543,0.3958944281524923,0.0
7.0,0.535826794978995,0.4740957966764414,0.0
7.0,0.5877852522924727,0.562072336265885,0.0
7.0,0.6374239897486891,0.6402737047898341,0.0
7.0,0.6845471059286891,0.7184750733137832,0.0
7.0,0.7289686274214104,0.7771260997067451,0.0
7.0,0.7705132427757891,0.8553274682306942,0.0
7.0,0.8090169943749471,0.9335288367546433,0.0
7.0,0.8443279255020155,1.0019550342130987,0.0
7.0,0.876306680043863,1.0703812316715542,0.0
7.0,0.9048270524660196,1.1681329423264906,0.0
7.0,0.9297764858882513,1.2561094819159333,0.0
7.0,0.951056516295154,1.3147605083088951,0.0
7.0,0.9685831611286309,1.3538611925708697,0.0
7.0,0.9822872507286888,1.4027370478983379,0.0
7.0,0.9921147013144779,1.4222873900293251,0.0
7.0,0.9980267284282717,1.4320625610948188,0.0
7.0,1.0,1.4418377321603124,0.0
7.0,0.9980267284282718,1.4418377321603124,0.0
7.0,0.992114701314478,1.4418377321603124,0.0
7.0,0.9822872507286889,1.4222873900293251,0.0
7.0,0.9685831611286312,1.4027370478983379,0.0
7.0,0.9510565162951543,1.373411534701857,0.0
7.0,0.9297764858882518,1.3147605083088951,0.0
7.0,0.90482705246602,1.265884652981427,0.0
7.0,0.8763066800438635,1.2072336265884651,0.0
7.0,0.8443279255020162,1.158357771260997,0.0
7.0,0.8090169943749478,1.1094819159335287,0.0
7.0,0.7705132427757898,1.0410557184750733,0.0
7.0,0.7289686274214112,0.9628543499511242,0.0
7.0,0.6845471059286898,0.8944281524926687,0.0
7.0,0.6374239897486899,0.8357771260997069,0.0
7.0,0.5877852522924736,0.7575757575757578,0.0
7.0,0.5358267949789959,0.6793743890518087,0.0
7.0,0.48175367410171643,0.6011730205278596,0.0
7.0,0.42577929156507255,0.5327468230694041,0.0
7.0,0.3681245526846782,0.45454545454545414,0.0
7.0,0.3090169943749463,0.3665689149560114,0.0
7.0,0.2486898871648557,0.2883675464320623,0.0
7.0,0.18738131458572418,0.20039100684261957,0.0
7.0,0.12533323356430415,0.1026392961876832,0.0
7.0,0.06279051952931186,0.014662756598240456,0.0
7.0,6.123233995736766e-16,-0.07331378299120228,0.0
7.0,-0.06279051952931064,-0.15151515151515138,0.0
7.0,-0.12533323356430293,-0.24926686217008776,0.0
7.0,-0.18738131458572296,-0.35679374389051777,0.0
7.0,-0.24868988716485452,-0.45454545454545414,0.0
7.0,-0.3090169943749451,-0.5327468230694041,0.0
7.0,-0.3681245526846787,-0.6109481915933532,0.0
7.0,-0.42577929156506983,-0.6891495601173023,0.0
7.0,-0.4817536741017154,-0.7771260997067451,0.0
7.0,-0.5358267949789964,-0.8553274682306942,0.0
7.0,-0.5877852522924726,-0.9237536656891496,0.0
7.0,-0.637423989748689,-0.9921798631476051,0.0
7.0,-0.6845471059286877,-1.0899315738025415,0.0
7.0,-0.7289686274214103,-1.158357771260997,0.0
7.0,-0.7705132427757901,-1.2267839687194524,0.0
7.0,-0.809016994374946,-1.3147605083088956,0.0
7.0,-0.8443279255020155,-1.3929618768328447,0.0
7.0,-0.8763066800438638,-1.4516129032258065,0.0
7.0,-0.9048270524660196,-1.5102639296187683,0.0
7.0,-0.9297764858882513,-1.5395894428152492,0.0
7.0,-0.9510565162951534,-1.5689149560117301,0.0
7.0,-0.9685831611286309,-1.598240469208211,0.0
7.0,-0.982287250728689,-1.6177908113391983,0.0
7.0,-0.9921147013144777,-1.6471163245356792,0.0
7.0,-0.9980267284282717,-1.6666666666666665,0.0
7.0,-1.0,-1.6764418377321602,0.0
7.0,-0.9980267284282718,-1.6666666666666665,0.0
7.0,-0.9921147013144778,-1.6568914956011729,0.0
7.0,-0.9822872507286894,-1.6373411534701856,0.0
7.0,-0.9685831611286312,-1.6373411534701856,0.0
7.0,-0.9510565162951538,-1.627565982404692,0.0
7.0,-0.9297764858882518,-1.6080156402737047,0.0
7.0,-0.9048270524660201,-1.5786901270772238,0.0
7.0,-0.8763066800438645,-1.5395894428152492,0.0
7.0,-0.8443279255020162,-1.4809384164222874,0.0
7.0,-0.8090169943749468,-1.4222873900293256,0.0
7.0,-0.770513242775791,-1.3538611925708701,0.0
7.0,-0.7289686274214113,-1.2854349951124147,0.0
7.0,-0.6845471059286887,-1.2170087976539588,0.0
7.0,-0.63742398974869,-1.1192570869990224,0.0
7.0,-0.5877852522924737,-1.0410557184750733,0.0
7.0,-0.5358267949789975,-0.9726295210166178,0.0
7.0,-0.48175367410171654,-0.9042033235581624,0.0
7.0,-0.42577929156507105,-0.8260019550342133,0.0
7.0,-0.36812455268468,-0.7575757575757578,0.0
7.0,-0.3090169943749464,-0.6793743890518087,0.0
7.0,-0.2486898871648541,-0.6109481915933532,0.0
7.0,-0.1873813145857243,-0.5034213098729232,0.0
7.0,-0.12533323356430426,-0.4154447702834796,0.0
7.0,-0.06279051952931375,-0.32746823069403685,0.0
7.0,-7.347880794884119e-16,-0.24926686217008776,0.0
7.0,0.06279051952931229,-0.1808406647116323,0.0
7.0,0.12533323356430282,-0.09286412512218956,0.0
7.0,0.18738131458572285,-0.004887585532746819,0.0
7.0,0.24868988716485269,0.09286412512218956,0.0
7.0,0.309016994374945,0.17106549364613866,0.0
7.0,0.3681245526846786,0.24926686217008776,0.0
7.0,0.4257792915650697,0.3372434017595305,0.0
7.0,0.48175367410171527,0.42521994134897323,0.0
7.0,0.5358267949789963,0.5034213098729223,0.0
7.0,0.5877852522924725,0.591397849462366,0.0
7.0,0.6374239897486889,0.6891495601173023,0.0
7.0,0.6845471059286876,0.7673509286412514,0.0
7.0,0.7289686274214102,0.8455522971652005,0.0
7.0,0.7705132427757901,0.9042033235581624,0.0
7.0,0.8090169943749459,0.9628543499511242,0.0
7.0,0.8443279255020154,1.0312805474095796,0.0
7.0,0.8763066800438637,1.0899315738025415,0.0
7.0,0.9048270524660195,1.1681329423264906,0.0
7.0,0.9297764858882512,1.2267839687194524,0.0
7.0,0.9510565162951533,1.2561094819159333,0.0
7.0,0.9685831611286309,1.2952101661779079,0.0
7.0,0.982287250728689,1.3343108504398824,0.0
7.0,0.9921147013144777,1.3538611925708697,0.0
7.0,0.9980267284282717,1.3636363636363633,0.0
7.0,1.0,1.3929618768328442,0.0
7.0,0.9980267284282718,1.3929618768328442,0.0
7.0,0.9921147013144778,1.3929618768328442,0.0
7.0,0.9822872507286894,1.3831867057673506,0.0
7.0,0.9685831611286312,1.373411534701857,0.0
7.0,0.9510565162951539,1.3538611925708697,0.0
7.0,0.9297764858882518,1.3147605083088951,0.0
7.0,0.9048270524660201,1.2854349951124142,0.0
7.0,0.8763066800438645,1.2267839687194524,0.0
7.0,0.8443279255020163,1.158357771260997,0.0
7.0,0.8090169943749469,1.099706744868035,0.0
7.0,0.7705132427757911,1.050830889540567,0.0
7.0,0.7289686274214113,1.0019550342130987,0.0
7.0,0.6845471059286887,0.9237536656891496,0.0
7.0,0.6374239897486901,0.8553274682306942,0.0
7.0,0.5877852522924738,0.7673509286412514,0.0
7.0,0.5358267949789977,0.6793743890518087,0.0
7.0,0.48175367410171666,0.5816226783968723,0.0
7.0,0.42577929156507116,0.4936461388074287,0.0
7.0,0.3681245526846801,0.4154447702834796,0.0
7.0,0.30901699437494656,0.3372434017595305,0.0
7.0,0.24868988716485424,0.26881720430107503,0.0
7.0,0.1873813145857244,0.19061583577712593,0.0
7.0,0.1253332335643044,0.12218963831867047,0.0
7.0,0.06279051952931387,0.024437927663734094,0.0
7.0,8.572527594031472e-16,-0.06353861192570864,0.0
7.0,-0.06279051952931217,-0.15151515151515138,0.0
7.0,-0.12533323356430268,-0.24926686217008776,0.0
7.0,-0.18738131458572274,-0.35679374389051777,0.0
7.0,-0.24868988716485257,-0.4447702834799605,0.0
7.0,-0.3090169943749449,-0.5327468230694041,0.0
7.0,-0.3681245526846785,-0.6207233626588469,0.0
7.0,-0.4257792915650696,-0.7086999022482896,0.0
7.0,-0.48175367410171516,-0.7966764418377323,0.0
7.0,-0.5358267949789962,-0.8651026392961878,0.0
7.0,-0.5877852522924725,-0.9530791788856305,0.0
7.0,-0.6374239897486887,-1.021505376344086,0.0
7.0,-0.6845471059286875,-1.0899315738025415,0.0
7.0,-0.7289686274214101,-1.1485826001955033,0.0
7.0,-0.77051324277579,-1.2170087976539588,0.0
7.0,-0.8090169943749459,-1.2658846529814274,0.0
7.0,-0.8443279255020153,-1.3147605083088956,0.0
7.0,-0.8763066800438637,-1.3734115347018574,0.0
7.0,-0.9048270524660195,-1.412512218963832,0.0
7.0,-0.9297764858882512,-1.4613880742913001,0.0
7.0,-0.9510565162951533,-1.520039100684262,0.0
7.0,-0.9685831611286309,-1.5591397849462365,0.0
7.0,-0.982287250728689,-1.5786901270772238,0.0
7.0,-0.9921147013144775,-1.6177908113391983,0.0
7.0,-0.9980267284282717,-1.627565982404692,0.0
7.0,-1.0,-1.6471163245356792,0.0
7.0,-0.9980267284282718,-1.6568914956011729,0.0
7.0,-0.9921147013144778,-1.6568914956011729,0.0
7.0,-0.9822872507286894,-1.6471163245356792,0.0
7.0,-0.9685831611286313,-1.6373411534701856,0.0
7.0,-0.9510565162951539,-1.627565982404692,0.0
7.0,-0.9297764858882519,-1.6177908113391983,0.0
7.0,-0.9048270524660202,-1.5786901270772238,0.0
7.0,-0.8763066800438646,-1.5395894428152492,0.0
7.0,-0.8443279255020164,-1.5004887585532747,0.0
7.0,-0.8090169943749469,-1.4320625610948192,0.0
7.0,-0.7705132427757913,-1.3734115347018574,0.0
7.0,-0.7289686274214114,-1.304985337243402,0.0
7.0,-0.6845471059286888,-1.236559139784946,0.0
7.0,-0.6374239897486902,-1.1779081133919842,0.0
7.0,-0.5877852522924739,-1.1192570869990224,0.0
7.0,-0.5358267949789978,-1.050830889540567,0.0
7.0,-0.48175367410171677,-0.9824046920821115,0.0
7.0,-0.42577929156507127,-0.8944281524926687,0.0
7.0,-0.3681245526846802,-0.806451612903226,0.0
7.0,-0.3090169943749467,-0.7380254154447705,0.0
7.0,-0.24868988716485435,-0.6500488758553278,0.0
7.0,-0.18738131458572455,-0.5522971652003914,0.0
7.0,-0.1253332335643045,-0.48387096774193505,0.0
7.0,-0.062790519529314,-0.3958944281524923,0.0
7.0,-9.797174393178826e-16,-0.3176930596285432,0.0
7.0,0.06279051952931204,-0.22971652003910048,0.0
7.0,0.12533323356429904,-0.14173998044965774,0.0
7.0,0.1873813145857261,-0.053763440860215006,0.0
7.0,0.24868988716485246,0.04398826979472137,0.0
7.0,0.3090169943749448,0.12218963831867047,0.0
7.0,0.36812455268467503,0.21994134897360684,0.0
7.0,0.4257792915650727,0.3176930596285432,0.0
7.0,0.48175367410171505,0.3958944281524923,0.0
7.0,0.5358267949789961,0.4643206256109478,0.0
7.0,0.5877852522924695,0.5522971652003914,0.0
7.0,0.6374239897486914,0.6207233626588469,0.0
7.0,0.6845471059286874,0.698924731182796,0.0
7.0,0.7289686274214101,0.7673509286412514,0.0
7.0,0.7705132427757877,0.8553274682306942,0.0
7.0,0.8090169943749479,0.9433040078201369,0.0
7.0,0.8443279255020153,1.021505376344086,0.0
7.0,0.8763066800438636,1.0801564027370478,0.0
7.0,0.9048270524660179,1.1485826001955033,0.0
7.0,0.9297764858882525,1.1974584555229715,0.0
7.0,0.9510565162951533,1.2561094819159333,0.0
7.0,0.9685831611286307,1.2952101661779079,0.0
7.0,0.9822872507286884,1.3343108504398824,0.0
7.0,0.992114701314478,1.373411534701857,0.0
7.0,0.9980267284282717,1.4027370478983379,0.0
7.0,1.0,1.4027370478983379,0.0
7.0,0.9980267284282718,1.4222873900293251,0.0
7.0,0.9921147013144783,1.4222873900293251,0.0
7.0,0.9822872507286887,1.4222873900293251,0.0
7.0,0.9685831611286313,1.4027370478983379,0.0
7.0,0.9510565162951539,1.3831867057673506,0.0
7.0,0.9297764858882532,1.3538611925708697,0.0
7.0,0.9048270524660188,1.3245356793743888,0.0
7.0,0.8763066800438646,1.2756598240469206,0.0
7.0,0.8443279255020164,1.2072336265884651,0.0
7.0,0.8090169943749491,1.1485826001955033,0.0
7.0,0.770513242775789,1.0899315738025415,0.0
7.0,0.7289686274214116,1.021505376344086,0.0
7.0,0.684547105928689,0.9530791788856305,0.0
7.0,0.637423989748693,0.8944281524926687,0.0
7.0,0.5877852522924711,0.8162267839687196,0.0
7.0,0.5358267949789979,0.7380254154447705,0.0
7.0,0.4817536741017169,0.6598240469208214,0.0
7.0,0.4257792915650746,0.5425219941348978,0.0
7.0,0.368124552684677,0.4740957966764414,0.0
7.0,0.3090169943749468,0.3958944281524923,0.0
7.0,0.24868988716485446,0.3176930596285432,0.0
7.0,0.18738131458572815,0.22971652003910048,0.0
7.0,0.1253332335643011,0.16129032258064502,0.0
7.0,0.06279051952931412,0.07331378299120228,0.0
7.0,1.102182119232618e-15,-0.004887585532746819,0.0
7.0,-0.06279051952931192,-0.1026392961876832,0.0
7.0,-0.12533323356429893,-0.20039100684261957,0.0
7.0,-0.187381314585726,-0.27859237536656867,0.0
7.0,-0.24868988716485232,-0.35679374389051777,0.0
7.0,-0.3090169943749447,-0.4447702834799605,0.0
7.0,-0.3681245526846749,-0.5131964809384169,0.0
7.0,-0.4257792915650726,-0.591397849462366,0.0
7.0,-0.48175367410171493,-0.6793743890518087,0.0
7.0,-0.535826794978996,-0.7575757575757578,0.0
7.0,-0.5877852522924694,-0.8455522971652005,0.0
7.0,-0.6374239897486913,-0.9237536656891496,0.0
7.0,-0.6845471059286873,-1.0312805474095796,0.0
7.0,-0.72896862742141,-1.1094819159335287,0.0
7.0,-0.7705132427757876,-1.1974584555229715,0.0
7.0,-0.8090169943749478,-1.2561094819159337,0.0
7.0,-0.8443279255020152,-1.304985337243402,0.0
7.0,-0.8763066800438636,-1.3734115347018574,0.0
7.0,-0.9048270524660178,-1.4418377321603129,0.0
7.0,-0.9297764858882525,-1.4809384164222874,0.0
7.0,-0.9510565162951532,-1.5395894428152492,0.0
7.0,-0.9685831611286307,-1.5689149560117301,0.0
7.0,-0.9822872507286883,-1.6177908113391983,0.0
7.0,-0.992114701314478,-1.6471163245356792,0.0
7.0,-0.9980267284282717,-1.6666666666666665,0.0
7.0,-1.0,-1.6666666666666665,0.0
7.0,-0.9980267284282718,-1.6862170087976538,0.0
7.0,-0.9921147013144783,-1.6959921798631474,0.0
7.0,-0.9822872507286887,-1.6959921798631474,0.0
7.0,-0.9685831611286313,-1.6764418377321602,0.0
7.0,-0.951056516295154,-1.6666666666666665,0.0
7.0,-0.9297764858882532,-1.6373411534701856,0.0
7.0,-0.9048270524660188,-1.6080156402737047,0.0
7.0,-0.8763066800438647,-1.5786901270772238,0.0
7.0,-0.8443279255020165,-1.5493646138807429,0.0
7.0,-0.8090169943749491,-1.5004887585532747,0.0
7.0,-0.770513242775789,-1.4222873900293256,0.0
7.0,-0.7289686274214117,-1.3538611925708701,0.0
7.0,-0.6845471059286891,-1.2854349951124147,0.0
7.0,-0.6374239897486931,-1.2267839687194524,0.0
7.0,-0.5877852522924712,-1.1485826001955033,0.0
7.0,-0.535826794978998,-1.0703812316715542,0.0
7.0,-0.481753674101717,-0.9824046920821115,0.0
7.0,-0.4257792915650747,-0.9042033235581624,0.0
7.0,-0.3681245526846771,-0.8455522971652005,0.0
7.0,-0.3090169943749469,-0.7673509286412514,0.0
7.0,-0.2486898871648546,-0.6793743890518087,0.0
7.0,-0.18738131458572826,-0.5816226783968723,0.0
7.0,-0.12533323356430123,-0.48387096774193505,0.0
7.0,-0.06279051952931425,-0.3861192570869987,0.0
7.0,-1.2246467991473533e-15,-0.29814271749755594,0.0
7.0,0.06279051952931179,-0.21994134897360684,0.0
7.0,0.1253332335642988,-0.14173998044965774,0.0
7.0,0.18738131458572588,-0.06353861192570864,0.0
7.0,0.2486898871648522,0.014662756598240456,0.0
7.0,0.30901699437494456,0.1026392961876832,0.0
7.0,0.3681245526846748,0.19061583577712593,0.0
7.0,0.4257792915650725,0.27859237536656867,0.0
7.0,0.4817536741017148,0.35679374389051777,0.0
7.0,0.5358267949789959,0.4447702834799605,0.0
7.0,0.5877852522924693,0.5327468230694041,0.0
7.0,0.6374239897486885,0.6011730205278596,0.0
7.0,0.6845471059286898,0.6891495601173023,0.0
7.0,0.7289686274214099,0.7869012707722387,0.0
7.0,0.7705132427757853,0.8553274682306942,0.0
7.0,0.8090169943749498,0.9433040078201369,0.0
7.0,0.8443279255020152,1.021505376344086,0.0
7.0,0.8763066800438618,1.099706744868035,0.0
7.0,0.9048270524660192,1.158357771260997,0.0
7.0,0.9297764858882523,1.2072336265884651,0.0
7.0,0.9510565162951532,1.2561094819159333,0.0
7.0,0.9685831611286316,1.2756598240469206,0.0
7.0,0.9822872507286883,1.3147605083088951,0.0
7.0,0.992114701314478,1.344086021505376,0.0
7.0,0.9980267284282713,1.3636363636363633,0.0
7.0,1.0,1.3538611925708697,0.0
7.0,0.9980267284282718,1.3831867057673506,0.0
7.0,0.9921147013144788,1.373411534701857,0.0
7.0,0.9822872507286882,1.3929618768328442,0.0
7.0,0.9685831611286313,1.3831867057673506,0.0
7.0,0.9510565162951551,1.3538611925708697,0.0
7.0,0.929776485888252,1.3147605083088951,0.0
7.0,0.9048270524660189,1.2463343108504397,0.0
7.0,0.8763066800438647,1.2072336265884651,0.0
7.0,0.8443279255020146,1.1681329423264906,0.0
7.0,0.8090169943749492,1.1192570869990224,0.0
7.0,0.7705132427757891,1.0410557184750733,0.0
7.0,0.7289686274214141,0.9824046920821115,0.0
7.0,0.6845471059286892,0.9237536656891496,0.0
7.0,0.6374239897486932,0.8455522971652005,0.0
7.0,0.5877852522924742,0.7771260997067451,0.0
7.0,0.535826794978995,0.6891495601173023,0.0
7.0,0.48175367410171704,0.6109481915933532,0.0
7.0,0.42577929156507804,0.5327468230694041,0.0
7.0,0.3681245526846739,0.43499511241446687,0.0
7.0,0.309016994374947,0.34701857282502413,0.0
7.0,0.24868988716485815,0.24926686217008776,0.0
7.0,0.1873813145857249,0.15151515151515138,0.0
7.0,0.12533323356430134,0.06353861192570864,0.0
7.0,0.06279051952931436,-0.014662756598240456,0.0
7.0,4.899825157862589e-15,-0.1026392961876832,0.0
7.0,-0.06279051952931168,-0.2101661779081132,0.0
7.0,-0.12533323356429868,-0.27859237536656867,0.0
7.0,-0.18738131458572224,-0.3665689149560114,0.0
7.0,-0.24868988716485554,-0.45454545454545414,0.0
7.0,-0.30901699437494445,-0.5425219941348978,0.0
7.0,-0.3681245526846714,-0.6109481915933532,0.0
7.0,-0.4257792915650756,-0.698924731182796,0.0
7.0,-0.4817536741017147,-0.7575757575757578,0.0
7.0,-0.5358267949789928,-0.8455522971652005,0.0
7.0,-0.587785252292472,-0.9042033235581624,0.0
7.0,-0.6374239897486911,-1.0117302052785924,0.0
7.0,-0.6845471059286872,-1.099706744868035,0.0
7.0,-0.7289686274214123,-1.1974584555229715,0.0
7.0,-0.7705132427757875,-1.2658846529814274,0.0
7.0,-0.8090169943749477,-1.3343108504398828,0.0
7.0,-0.8443279255020132,-1.383186705767351,0.0
7.0,-0.8763066800438635,-1.4418377321603129,0.0
7.0,-0.9048270524660177,-1.4809384164222874,0.0
7.0,-0.929776485888251,-1.5298142717497556,0.0
7.0,-0.9510565162951542,-1.5786901270772238,0.0
7.0,-0.9685831611286306,-1.598240469208211,0.0
7.0,-0.9822872507286876,-1.6080156402737047,0.0
7.0,-0.9921147013144784,-1.6373411534701856,0.0
7.0,-0.9980267284282716,-1.6764418377321602,0.0
7.0,-1.0,-1.705767350928641,0.0
7.0,-0.9980267284282716,-1.7155425219941347,0.0
7.0,-0.9921147013144783,-1.7253176930596283,0.0
7.0,-0.9822872507286888,-1.7155425219941347,0.0
7.0,-0.9685831611286323,-1.705767350928641,0.0
8.0,-0.9510565162951536,0.004887585532746819,0.0
8.0,-0.9297764858882512,-0.014662756598240456,0.0
8.0,-0.9048270524660199,-0.024437927663734094,0.0
8.0,-0.8763066800438638,-0.04398826979472137,0.0
8.0,-0.8443279255020155,-0.5439882697947214,0.0
8.0,-0.8090169943749476,-1.0439882697947214,0.0
8.0,-0.7705132427757896,-1.021505376344086,0.0
8.0,-0.7289686274214116,-1.021505376344086,0.0
8.0,-0.684547105928689,-1.0117302052785924,0.0
8.0,-0.6374239897486896,-0.9824046920821115,0.0
8.0,-0.5877852522924734,-0.9335288367546433,0.0
8.0,-0.5358267949789963,-0.9042033235581624,0.0
8.0,-0.4817536741017153,-0.8357771260997069,0.0
8.0,-0.4257792915650722,-0.7771260997067451,0.0
8.0,-0.3681245526846787,-0.7184750733137832,0.0
8.0,-0.3090169943749477,-0.6500488758553278,0.0
8.0,-0.24868988716485535,-0.562072336265885,0.0
8.0,-0.18738131458572468,-0.4936461388074287,0.0
8.0,-0.12533323356430465,-0.3958944281524923,0.0
8.0,-0.06279051952931326,-0.3176930596285432,0.0
8.0,-2.4492935982947064e-16,-0.24926686217008776,0.0
8.0,0.06279051952931278,-0.17106549364613866,0.0
8.0,0.12533323356430418,-0.08308895405669592,0.0
8.0,0.1873813145857242,0.024437927663734094,0.0
8.0,0.24868988716485488,0.11241446725317683,0.0
8.0,0.3090169943749472,0.2101661779081132,0.0
8.0,0.3681245526846782,0.29814271749755594,0.0
8.0,0.42577929156507255,0.3861192570869987,0.0
8.0,0.48175367410171566,0.4740957966764414,0.0
8.0,0.5358267949789967,0.5718475073313787,0.0
8.0,0.5877852522924736,0.669599217986315,0.0
8.0,0.6374239897486899,0.7575757575757578,0.0
8.0,0.6845471059286893,0.8162267839687196,0.0
8.0,0.7289686274214107,0.9237536656891496,0.0
8.0,0.7705132427757887,0.9921798631476051,0.0
8.0,0.8090169943749468,1.0801564027370478,0.0
8.0,0.8443279255020147,1.1681329423264906,0.0
8.0,0.8763066800438631,1.2267839687194524,0.0
8.0,0.9048270524660194,1.2756598240469206,0.0
8.0,0.9297764858882511,1.344086021505376,0.0
8.0,0.9510565162951535,1.4027370478983379,0.0
8.0,0.968583161128631,1.4613880742912997,0.0
8.0,0.9822872507286886,1.5102639296187688,0.0
8.0,0.9921147013144778,1.5493646138807433,0.0
8.0,0.9980267284282716,1.5786901270772242,0.0
8.0,1.0,1.6080156402737051,0.0
8.0,0.9980267284282716,1.6471163245356797,0.0
8.0,0.9921147013144779,1.6568914956011733,0.0
8.0,0.9822872507286886,1.6471163245356797,0.0
8.0,0.9685831611286311,1.6471163245356797,0.0
8.0,0.9510565162951536,1.6471163245356797,0.0
8.0,0.9297764858882517,1.6275659824046924,0.0
8.0,0.9048270524660192,1.5982404692082115,0.0
8.0,0.8763066800438634,1.5689149560117306,0.0
8.0,0.8443279255020151,1.529814271749756,0.0
8.0,0.8090169943749477,1.480938416422287,0.0
8.0,0.7705132427757886,1.4222873900293251,0.0
8.0,0.728968627421411,1.373411534701857,0.0
8.0,0.6845471059286897,1.3147605083088951,0.0
8.0,0.6374239897486911,1.2463343108504397,0.0
8.0,0.5877852522924734,1.1974584555229715,0.0
8.0,0.5358267949789972,1.1192570869990224,0.0
8.0,0.4817536741017162,1.0312805474095796,0.0
8.0,0.42577929156507394,0.9628543499511242,0.0
8.0,0.368124552684678,0.8846529814271751,0.0
8.0,0.3090169943749478,0.7869012707722387,0.0
8.0,0.2486898871648555,0.698924731182796,0.0
8.0,0.18738131458572568,0.6207233626588469,0.0
8.0,0.1253332335643039,0.5229716520039105,0.0
8.0,0.06279051952931339,0.4447702834799605,0.0
8.0,3.6739403974420594e-16,0.34701857282502413,0.0
8.0,-0.06279051952931265,0.26881720430107503,0.0
8.0,-0.12533323356430318,0.20039100684261957,0.0
8.0,-0.18738131458572496,0.12218963831867047,0.0
8.0,-0.24868988716485477,0.03421309872922773,0.0
8.0,-0.30901699437494706,-0.06353861192570864,0.0
8.0,-0.36812455268467725,-0.16129032258064502,0.0
8.0,-0.42577929156507327,-0.24926686217008776,0.0
8.0,-0.48175367410171555,-0.34701857282502413,0.0
8.0,-0.5358267949789965,-0.43499511241446687,0.0
8.0,-0.5877852522924728,-0.4936461388074287,0.0
8.0,-0.6374239897486905,-0.5718475073313787,0.0
8.0,-0.6845471059286892,-0.6598240469208214,0.0
8.0,-0.7289686274214106,-0.7478005865102642,0.0
8.0,-0.770513242775788,-0.8260019550342133,0.0
8.0,-0.8090169943749472,-0.9042033235581624,0.0
8.0,-0.8443279255020146,-1.0117302052785924,0.0
8.0,-0.876306680043863,-1.0606060606060606,0.0
8.0,-0.9048270524660189,-1.1192570869990224,0.0
8.0,-0.9297764858882513,-1.2072336265884651,0.0
8.0,-0.9510565162951534,-1.2658846529814274,0.0
8.0,-0.968583161128631,-1.304985337243402,0.0
8.0,-0.9822872507286885,-1.3636363636363638,0.0
8.0,-0.9921147013144779,-1.383186705767351,0.0
8.0,-0.9980267284282716,-1.4320625610948192,0.0
8.0,-1.0,-1.4613880742913001,0.0
8.0,-0.9980267284282716,-1.4809384164222874,0.0
8.0,-0.992114701314478,-1.5102639296187683,0.0
8.0,-0.9822872507286886,-1.5102639296187683,0.0
8.0,-0.9685831611286312,-1.5102639296187683,0.0
8.0,-0.9510565162951538,-1.5298142717497556,0.0
8.0,-0.9297764858882517,-1.490713587487781,0.0
8.0,-0.9048270524660192,-1.4809384164222874,0.0
8.0,-0.8763066800438635,-1.4516129032258065,0.0
8.0,-0.8443279255020151,-1.4027370478983383,0.0
8.0,-0.8090169943749477,-1.3538611925708701,0.0
8.0,-0.7705132427757886,-1.304985337243402,0.0
8.0,-0.7289686274214111,-1.2561094819159337,0.0
8.0,-0.6845471059286898,-1.1876832844574778,0.0
8.0,-0.6374239897486912,-1.1094819159335287,0.0
8.0,-0.5877852522924735,-1.0312805474095796,0.0
8.0,-0.5358267949789973,-0.9726295210166178,0.0
8.0,-0.4817536741017163,-0.9042033235581624,0.0
8.0,-0.42577929156507405,-0.8260019550342133,0.0
8.0,-0.3681245526846781,-0.7478005865102642,0.0
8.0,-0.3090169943749479,-0.6598240469208214,0.0
8.0,-0.2486898871648556,-0.562072336265885,0.0
8.0,-0.1873813145857258,-0.4740957966764414,0.0
8.0,-0.125333233564304,-0.3861192570869987,0.0
8.0,-0.06279051952931351,-0.3176930596285432,0.0
8.0,-4.898587196589413e-16,-0.21994134897360684,0.0
8.0,0.06279051952931075,-0.12218963831867047,0.0
8.0,0.12533323356430304,-0.04398826979472137,0.0
8.0,0.1873813145857231,0.053763440860215006,0.0
8.0,0.24868988716485466,0.14173998044965774,0.0
8.0,0.30901699437494523,0.2101661779081132,0.0
8.0,0.36812455268467714,0.2883675464320623,0.0
8.0,0.42577929156507155,0.3665689149560114,0.0
8.0,0.48175367410171543,0.4740957966764414,0.0
8.0,0.535826794978995,0.562072336265885,0.0
8.0,0.5877852522924727,0.6304985337243405,0.0
8.0,0.6374239897486891,0.6891495601173023,0.0
8.0,0.6845471059286891,0.7966764418377323,0.0
8.0,0.7289686274214104,0.8553274682306942,0.0
8.0,0.7705132427757891,0.9237536656891496,0.0
8.0,0.8090169943749471,1.0117302052785924,0.0
8.0,0.8443279255020155,1.099706744868035,0.0
8.0,0.876306680043863,1.1681329423264906,0.0
8.0,0.9048270524660196,1.2267839687194524,0.0
8.0,0.9297764858882513,1.3049853372434015,0.0
8.0,0.951056516295154,1.373411534701857,0.0
8.0,0.9685831611286309,1.4222873900293251,0.0
8.0,0.9822872507286888,1.4613880742912997,0.0
8.0,0.9921147013144779,1.5102639296187688,0.0
8.0,0.9980267284282717,1.5395894428152497,0.0
8.0,1.0,1.559139784946237,0.0
8.0,0.9980267284282718,1.5689149560117306,0.0
8.0,0.992114701314478,1.5689149560117306,0.0
8.0,0.9822872507286889,1.5786901270772242,0.0
8.0,0.9685831611286312,1.5786901270772242,0.0
8.0,0.9510565162951543,1.5689149560117306,0.0
8.0,0.9297764858882518,1.529814271749756,0.0
8.0,0.90482705246602,1.5200391006842624,0.0
8.0,0.8763066800438635,1.4711632453567933,0.0
8.0,0.8443279255020162,1.4222873900293251,0.0
8.0,0.8090169943749478,1.373411534701857,0.0
8.0,0.7705132427757898,1.3147605083088951,0.0
8.0,0.7289686274214112,1.2561094819159333,0.0
8.0,0.6845471059286898,1.2072336265884651,0.0
8.0,0.6374239897486899,1.129032258064516,0.0
8.0,0.5877852522924736,1.050830889540567,0.0
8.0,0.5358267949789959,0.9824046920821115,0.0
8.0,0.48175367410171643,0.913978494623656,0.0
8.0,0.42577929156507255,0.8260019550342133,0.0
8.0,0.3681245526846782,0.7575757575757578,0.0
8.0,0.3090169943749463,0.698924731182796,0.0
8.0,0.2486898871648557,0.6207233626588469,0.0
8.0,0.18738131458572418,0.5425219941348978,0.0
8.0,0.12533323356430415,0.4740957966764414,0.0
8.0,0.06279051952931186,0.3958944281524923,0.0
8.0,6.123233995736766e-16,0.3079178885630496,0.0
8.0,-0.06279051952931064,0.2101661779081132,0.0
8.0,-0.12533323356430293,0.12218963831867047,0.0
8.0,-0.18738131458572296,0.04398826979472137,0.0
8.0,-0.24868988716485452,-0.04398826979472137,0.0
8.0,-0.3090169943749451,-0.1319648093841641,0.0
8.0,-0.3681245526846787,-0.22971652003910048,0.0
8.0,-0.42577929156506983,-0.3176930596285432,0.0
8.0,-0.4817536741017154,-0.3958944281524923,0.0
8.0,-0.5358267949789964,-0.48387096774193505,0.0
8.0,-0.5877852522924726,-0.5522971652003914,0.0
8.0,-0.637423989748689,-0.6207233626588469,0.0
8.0,-0.6845471059286877,-0.7086999022482896,0.0
8.0,-0.7289686274214103,-0.7673509286412514,0.0
8.0,-0.7705132427757901,-0.8553274682306942,0.0
8.0,-0.809016994374946,-0.9433040078201369,0.0
8.0,-0.8443279255020155,-1.0312805474095796,0.0
8.0,-0.8763066800438638,-1.1192570869990224,0.0
8.0,-0.9048270524660196,-1.1876832844574778,0.0
8.0,-0.9297764858882513,-1.275659824046921,0.0
8.0,-0.9510565162951534,-1.3538611925708701,0.0
8.0,-0.9685831611286309,-1.4027370478983383,0.0
8.0,-0.982287250728689,-1.412512218963832,0.0
8.0,-0.9921147013144777,-1.4613880742913001,0.0
8.0,-0.9980267284282717,-1.4809384164222874,0.0
8.0,-1.0,-1.5004887585532747,0.0
8.0,-0.9980267284282718,-1.5395894428152492,0.0
8.0,-0.9921147013144778,-1.5298142717497556,0.0
8.0,-0.9822872507286894,-1.5102639296187683,0.0
8.0,-0.9685831611286312,-1.490713587487781,0.0
8.0,-0.9510565162951538,-1.4711632453567938,0.0
8.0,-0.9297764858882518,-1.4516129032258065,0.0
8.0,-0.9048270524660201,-1.4418377321603129,0.0
8.0,-0.8763066800438645,-1.412512218963832,0.0
8.0,-0.8443279255020162,-1.3440860215053765,0.0
8.0,-0.8090169943749468,-1.2854349951124147,0.0
8.0,-0.770513242775791,-1.2072336265884651,0.0
8.0,-0.7289686274214113,-1.1485826001955033,0.0
8.0,-0.6845471059286887,-1.0899315738025415,0.0
8.0,-0.63742398974869,-1.0410557184750733,0.0
8.0,-0.5877852522924737,-0.9824046920821115,0.0
8.0,-0.5358267949789975,-0.8944281524926687,0.0
8.0,-0.48175367410171654,-0.8357771260997069,0.0
8.0,-0.42577929156507105,-0.7575757575757578,0.0
8.0,-0.36812455268468,-0.6793743890518087,0.0
8.0,-0.3090169943749464,-0.6109481915933532,0.0
8.0,-0.2486898871648541,-0.5131964809384169,0.0
8.0,-0.1873813145857243,-0.43499511241446687,0.0
8.0,-0.12533323356430426,-0.34701857282502413,0.0
8.0,-0.06279051952931375,-0.27859237536656867,0.0
8.0,-7.347880794884119e-16,-0.21994134897360684,0.0
8.0,0.06279051952931229,-0.15151515151515138,0.0
8.0,0.12533323356430282,-0.08308895405669592,0.0
8.0,0.18738131458572285,0.014662756598240456,0.0
8.0,0.24868988716485269,0.1026392961876832,0.0
8.0,0.309016994374945,0.21994134897360684,0.0
8.0,0.3681245526846786,0.3176930596285432,0.0
8.0,0.4257792915650697,0.40566959921798595,0.0
8.0,0.48175367410171527,0.48387096774193505,0.0
8.0,0.5358267949789963,0.5816226783968723,0.0
8.0,0.5877852522924725,0.669599217986315,0.0
8.0,0.6374239897486889,0.7380254154447705,0.0
8.0,0.6845471059286876,0.8162267839687196,0.0
8.0,0.7289686274214102,0.9042033235581624,0.0
8.0,0.7705132427757901,0.9628543499511242,0.0
8.0,0.8090169943749459,1.0606060606060606,0.0
8.0,0.8443279255020154,1.1485826001955033,0.0
8.0,0.8763066800438637,1.2267839687194524,0.0
8.0,0.9048270524660195,1.3147605083088951,0.0
8.0,0.9297764858882512,1.3636363636363633,0.0
8.0,0.9510565162951533,1.4125122189638315,0.0
8.0,0.9685831611286309,1.4613880742912997,0.0
8.0,0.982287250728689,1.5102639296187688,0.0
8.0,0.9921147013144777,1.5689149560117306,0.0
8.0,0.9980267284282717,1.6177908113391988,0.0
8.0,1.0,1.6764418377321606,0.0
8.0,0.9980267284282718,1.6862170087976542,0.0
8.0,0.9921147013144778,1.7057673509286415,0.0
8.0,0.9822872507286894,1.7350928641251224,0.0
8.0,0.9685831611286312,1.7253176930596288,0.0
8.0,0.9510565162951539,1.7350928641251224,0.0
8.0,0.9297764858882518,1.6862170087976542,0.0
8.0,0.9048270524660201,1.6471163245356797,0.0
8.0,0.8763066800438645,1.6177908113391988,0.0
8.0,0.8443279255020163,1.5982404692082115,0.0
8.0,0.8090169943749469,1.5884652981427179,0.0
8.0,0.7705132427757911,1.529814271749756,0.0
8.0,0.7289686274214113,1.480938416422287,0.0
8.0,0.6845471059286887,1.4222873900293251,0.0
8.0,0.6374239897486901,1.3538611925708697,0.0
8.0,0.5877852522924738,1.3049853372434015,0.0
8.0,0.5358267949789977,1.2561094819159333,0.0
8.0,0.48175367410171666,1.2072336265884651,0.0
8.0,0.42577929156507116,1.1485826001955033,0.0
8.0,0.3681245526846801,1.0801564027370478,0.0
8.0,0.30901699437494656,1.021505376344086,0.0
8.0,0.24868988716485424,0.9628543499511242,0.0
8.0,0.1873813145857244,0.8651026392961878,0.0
8.0,0.1253332335643044,0.806451612903226,0.0
8.0,0.06279051952931387,0.7282502443792769,0.0
8.0,8.572527594031472e-16,0.6402737047898341,0.0
8.0,-0.06279051952931217,0.5522971652003914,0.0
8.0,-0.12533323356430268,0.4936461388074287,0.0
8.0,-0.18738131458572274,0.4154447702834796,0.0
8.0,-0.24868988716485257,0.3372434017595305,0.0
8.0,-0.3090169943749449,0.26881720430107503,0.0
8.0,-0.3681245526846785,0.19061583577712593,0.0
8.0,-0.4257792915650696,0.09286412512218956,0.0
8.0,-0.48175367410171516,-0.004887585532746819,0.0
8.0,-0.5358267949789962,-0.1026392961876832,0.0
8.0,-0.5877852522924725,-0.2101661779081132,0.0
8.0,-0.6374239897486887,-0.29814271749755594,0.0
8.0,-0.6845471059286875,-0.37634408602150504,0.0
8.0,-0.7289686274214101,-0.4447702834799605,0.0
8.0,-0.77051324277579,-0.5034213098729232,0.0
8.0,-0.8090169943749459,-0.5718475073313787,0.0
8.0,-0.8443279255020153,-0.6500488758553278,0.0
8.0,-0.8763066800438637,-0.7086999022482896,0.0
8.0,-0.9048270524660195,-0.7575757575757578,0.0
8.0,-0.9297764858882512,-0.8260019550342133,0.0
8.0,-0.9510565162951533,-0.8748778103616814,0.0
8.0,-0.9685831611286309,-0.9237536656891496,0.0
8.0,-0.982287250728689,-0.9921798631476051,0.0
8.0,-0.9921147013144775,-1.0312805474095796,0.0
8.0,-0.9980267284282717,-1.0606060606060606,0.0
8.0,-1.0,-1.099706744868035,0.0
8.0,-0.9980267284282718,-1.129032258064516,0.0
8.0,-0.9921147013144778,-1.158357771260997,0.0
8.0,-0.9822872507286894,-1.1974584555229715,0.0
8.0,-0.9685831611286313,-1.2170087976539588,0.0
8.0,-0.9510565162951539,-1.2170087976539588,0.0
8.0,-0.9297764858882519,-1.2170087976539588,0.0
8.0,-0.9048270524660202,-1.1974584555229715,0.0
8.0,-0.8763066800438646,-1.1779081133919842,0.0
8.0,-0.8443279255020164,-1.1485826001955033,0.0
8.0,-0.8090169943749469,-1.129032258064516,0.0
8.0,-0.7705132427757913,-1.1094819159335287,0.0
8.0,-0.7289686274214114,-1.0703812316715542,0.0
8.0,-0.6845471059286888,-1.0117302052785924,0.0
8.0,-0.6374239897486902,-0.9628543499511242,0.0
8.0,-0.5877852522924739,-0.9042033235581624,0.0
8.0,-0.5358267949789978,-0.8553274682306942,0.0
8.0,-0.48175367410171677,-0.7771260997067451,0.0
8.0,-0.42577929156507127,-0.698924731182796,0.0
8.0,-0.3681245526846802,-0.6402737047898341,0.0
8.0,-0.3090169943749467,-0.5718475073313787,0.0
8.0,-0.24868988716485435,-0.48387096774193505,0.0
8.0,-0.18738131458572455,-0.40566959921798595,0.0
8.0,-0.1253332335643045,-0.3372434017595305,0.0
8.0,-0.062790519529314,-0.2590420332355814,0.0
8.0,-9.797174393178826e-16,-0.1808406647116323,0.0
8.0,0.06279051952931204,-0.09286412512218956,0.0
8.0,0.12533323356429904,-0.004887585532746819,0.0
8.0,0.1873813145857261,0.1026392961876832,0.0
8.0,0.24868988716485246,0.2101661779081132,0.0
8.0,0.3090169943749448,0.32746823069403685,0.0
8.0,0.36812455268467503,0.42521994134897323,0.0
8.0,0.4257792915650727,0.5034213098729223,0.0
8.0,0.48175367410171505,0.5816226783968723,0.0
8.0,0.5358267949789961,0.6891495601173023,0.0
8.0,0.5877852522924695,0.7771260997067451,0.0
8.0,0.6374239897486914,0.8748778103616814,0.0
8.0,0.6845471059286874,0.9628543499511242,0.0
8.0,0.7289686274214101,1.0312805474095796,0.0
8.0,0.7705132427757877,1.0801564027370478,0.0
8.0,0.8090169943749479,1.158357771260997,0.0
8.0,0.8443279255020153,1.236559139784946,0.0
8.0,0.8763066800438636,1.2854349951124142,0.0
8.0,0.9048270524660179,1.3245356793743888,0.0
8.0,0.9297764858882525,1.3831867057673506,0.0
8.0,0.9510565162951533,1.4320625610948188,0.0
8.0,0.9685831611286307,1.4907135874877806,0.0
8.0,0.9822872507286884,1.5200391006842624,0.0
8.0,0.992114701314478,1.5982404692082115,0.0
8.0,0.9980267284282717,1.6471163245356797,0.0
8.0,1.0,1.6862170087976542,0.0
8.0,0.9980267284282718,1.7253176930596288,0.0
8.0,0.9921147013144783,1.7253176930596288,0.0
8.0,0.9822872507286887,1.7253176930596288,0.0
8.0,0.9685831611286313,1.7155425219941352,0.0
8.0,0.9510565162951539,1.6959921798631479,0.0
8.0,0.9297764858882532,1.6862170087976542,0.0
8.0,0.9048270524660188,1.6471163245356797,0.0
8.0,0.8763066800438646,1.6080156402737051,0.0
8.0,0.8443279255020164,1.5786901270772242,0.0
8.0,0.8090169943749491,1.529814271749756,0.0
8.0,0.770513242775789,1.4418377321603124,0.0
8.0,0.7289686274214116,1.373411534701857,0.0
8.0,0.684547105928689,1.344086021505376,0.0
8.0,0.637423989748693,1.3049853372434015,0.0
8.0,0.5877852522924711,1.1876832844574778,0.0
8.0,0.5358267949789979,1.099706744868035,0.0
8.0,0.4817536741017169,1.0410557184750733,0.0
8.0,0.4257792915650746,0.9530791788856305,0.0
8.0,0.368124552684677,0.8748778103616814,0.0
8.0,0.3090169943749468,0.7966764418377323,0.0
8.0,0.24868988716485446,0.7282502443792769,0.0
8.0,0.18738131458572815,0.6304985337243405,0.0
8.0,0.1253332335643011,0.5229716520039105,0.0
8.0,0.06279051952931412,0.43499511241446687,0.0
8.0,1.102182119232618e-15,0.3372434017595305,0.0
8.0,-0.06279051952931192,0.22971652003910048,0.0
8.0,-0.12533323356429893,0.16129032258064502,0.0
8.0,-0.187381314585726,0.08308895405669592,0.0
8.0,-0.24868988716485232,-0.004887585532746819,0.0
8.0,-0.3090169943749447,-0.1026392961876832,0.0
8.0,-0.3681245526846749,-0.19061583577712593,0.0
8.0,-0.4257792915650726,-0.27859237536656867,0.0
8.0,-0.48175367410171493,-0.3665689149560114,0.0
8.0,-0.535826794978996,-0.45454545454545414,0.0
8.0,-0.5877852522924694,-0.5425219941348978,0.0
8.0,-0.6374239897486913,-0.6207233626588469,0.0
8.0,-0.6845471059286873,-0.6891495601173023,0.0
8.0,-0.72896862742141,-0.7478005865102642,0.0
8.0,-0.7705132427757876,-0.8357771260997069,0.0
8.0,-0.8090169943749478,-0.9042033235581624,0.0
8.0,-0.8443279255020152,-0.9921798631476051,0.0
8.0,-0.8763066800438636,-1.0606060606060606,0.0
8.0,-0.9048270524660178,-1.1094819159335287,0.0
8.0,-0.9297764858882525,-1.1876832844574778,0.0
8.0,-0.9510565162951532,-1.275659824046921,0.0
8.0,-0.9685831611286307,-1.3538611925708701,0.0
8.0,-0.9822872507286883,-1.3929618768328447,0.0
8.0,-0.992114701314478,-1.4320625610948192,0.0
8.0,-0.9980267284282717,-1.4711632453567938,0.0
8.0,-1.0,-1.5102639296187683,0.0
8.0,-0.9980267284282718,-1.5102639296187683,0.0
8.0,-0.9921147013144783,-1.5298142717497556,0.0
8.0,-0.9822872507286887,-1.5395894428152492,0.0
8.0,-0.9685831611286313,-1.5298142717497556,0.0
8.0,-0.951056516295154,-1.5395894428152492,0.0
8.0,-0.9297764858882532,-1.5102639296187683,0.0
8.0,-0.9048270524660188,-1.4516129032258065,0.0
8.0,-0.8763066800438647,-1.4320625610948192,0.0
8.0,-0.8443279255020165,-1.383186705767351,0.0
8.0,-0.8090169943749491,-1.3440860215053765,0.0
8.0,-0.770513242775789,-1.304985337243402,0.0
8.0,-0.7289686274214117,-1.2561094819159337,0.0
8.0,-0.6845471059286891,-1.2072336265884651,0.0
8.0,-0.6374239897486931,-1.129032258064516,0.0
8.0,-0.5877852522924712,-1.0606060606060606,0.0
8.0,-0.535826794978998,-1.021505376344086,0.0
8.0,-0.481753674101717,-0.9335288367546433,0.0
8.0,-0.4257792915650747,-0.8553274682306942,0.0
8.0,-0.3681245526846771,-0.806451612903226,0.0
8.0,-0.3090169943749469,-0.7478005865102642,0.0
8.0,-0.2486898871648546,-0.6598240469208214,0.0
8.0,-0.18738131458572826,-0.5816226783968723,0.0
8.0,-0.12533323356430123,-0.48387096774193505,0.0
8.0,-0.06279051952931425,-0.3958944281524923,0.0
8.0,-1.2246467991473533e-15,-0.32746823069403685,0.0
8.0,0.06279051952931179,-0.2590420332355814,0.0
8.0,0.1253332335642988,-0.17106549364613866,0.0
8.0,0.18738131458572588,-0.1026392961876832,0.0
8.0,0.2486898871648522,-0.024437927663734094,0.0
8.0,0.30901699437494456,0.08308895405669592,0.0
8.0,0.3681245526846748,0.1808406647116323,0.0
8.0,0.4257792915650725,0.26881720430107503,0.0
8.0,0.4817536741017148,0.32746823069403685,0.0
8.0,0.5358267949789959,0.40566959921798595,0.0
8.0,0.5877852522924693,0.5034213098729223,0.0
8.0,0.6374239897486885,0.5718475073313787,0.0
8.0,0.6845471059286898,0.6500488758553278,0.0
8.0,0.7289686274214099,0.7380254154447705,0.0
8.0,0.7705132427757853,0.8260019550342133,0.0
8.0,0.8090169943749498,0.9237536656891496,0.0
8.0,0.8443279255020152,0.9824046920821115,0.0
8.0,0.8763066800438618,1.050830889540567,0.0
8.0,0.9048270524660192,1.0801564027370478,0.0
8.0,0.9297764858882523,1.1192570869990224,0.0
8.0,0.9510565162951532,1.1779081133919842,0.0
8.0,0.9685831611286316,1.2267839687194524,0.0
8.0,0.9822872507286883,1.2561094819159333,0.0
8.0,0.992114701314478,1.2854349951124142,0.0
8.0,0.9980267284282713,1.2854349951124142,0.0
8.0,1.0,1.2854349951124142,0.0
8.0,0.9980267284282718,1.2952101661779079,0.0
8.0,0.9921147013144788,1.2756598240469206,0.0
8.0,0.9822872507286882,1.265884652981427,0.0
8.0,0.9685831611286313,1.2561094819159333,0.0
8.0,0.9510565162951551,1.2267839687194524,0.0
8.0,0.929776485888252,1.2072336265884651,0.0
8.0,0.9048270524660189,1.1876832844574778,0.0
8.0,0.8763066800438647,1.1388074291300097,0.0
8.0,0.8443279255020146,1.0801564027370478,0.0
8.0,0.8090169943749492,1.0410557184750733,0.0
8.0,0.7705132427757891,0.9824046920821115,0.0
8.0,0.7289686274214141,0.8944281524926687,0.0
8.0,0.6845471059286892,0.8357771260997069,0.0
8.0,0.6374239897486932,0.7966764418377323,0.0
8.0,0.5877852522924742,0.7380254154447705,0.0
8.0,0.535826794978995,0.6598240469208214,0.0
8.0,0.48175367410171704,0.5718475073313787,0.0
8.0,0.42577929156507804,0.48387096774193505,0.0
8.0,0.3681245526846739,0.40566959921798595,0.0
8.0,0.309016994374947,0.3176930596285432,0.0
8.0,0.24868988716485815,0.21994134897360684,0.0
8.0,0.1873813145857249,0.1319648093841641,0.0
8.0,0.12533323356430134,0.053763440860215006,0.0
8.0,0.06279051952931436,-0.024437927663734094,0.0
8.0,4.899825157862589e-15,-0.1026392961876832,0.0
8.0,-0.06279051952931168,-0.20039100684261957,0.0
8.0,-0.12533323356429868,-0.26881720430107503,0.0
8.0,-0.18738131458572224,-0.34701857282502413,0.0
8.0,-0.24868988716485554,-0.4447702834799605,0.0
8.0,-0.30901699437494445,-0.5425219941348978,0.0
8.0,-0.3681245526846714,-0.6109481915933532,0.0
8.0,-0.4257792915650756,-0.6793743890518087,0.0
8.0,-0.4817536741017147,-0.7771260997067451,0.0
8.0,-0.5358267949789928,-0.8748778103616814,0.0
8.0,-0.587785252292472,-0.9433040078201369,0.0
8.0,-0.6374239897486911,-1.0117302052785924,0.0
8.0,-0.6845471059286872,-1.0801564027370478,0.0
8.0,-0.7289686274214123,-1.1485826001955033,0.0
8.0,-0.7705132427757875,-1.2170087976539588,0.0
8.0,-0.8090169943749477,-1.2952101661779083,0.0
8.0,-0.8443279255020132,-1.3538611925708701,0.0
8.0,-0.8763066800438635,-1.412512218963832,0.0
8.0,-0.9048270524660177,-1.4613880742913001,0.0
8.0,-0.929776485888251,-1.520039100684262,0.0
8.0,-0.9510565162951542,-1.5591397849462365,0.0
8.0,-0.9685831611286306,-1.598240469208211,0.0
8.0,-0.9822872507286876,-1.6177908113391983,0.0
8.0,-0.9921147013144784,-1.6373411534701856,0.0
8.0,-0.9980267284282716,-1.6764418377321602,0.0
8.0,-1.0,-1.6959921798631474,0.0
8.0,-0.9980267284282716,-1.6959921798631474,0.0
8.0,-0.9921147013144783,-1.6764418377321602,0.0
8.0,-0.9822872507286888,-1.6764418377321602,0.0
8.0,-0.9685831611286323,-1.6568914956011729,0.0
9.0,-0.9510565162951536,0.004887585532746819,0.0
9.0,-0.9297764858882512,0.014662756598240456,0.0
9.0,-0.9048270524660199,0.014662756598240456,0.0
9.0,-0.8763066800438638,0.004887585532746819,0.0
9.0,-0.8443279255020155,0.053763440860215006,0.0
9.0,-0.8090169943749476,-0.446236559139785,0.0
9.0,-0.7705132427757896,-0.946236559139785,0.0
9.0,-0.7289686274214116,-0.9628543499511242,0.0
9.0,-0.684547105928689,-0.9433040078201369,0.0
9.0,-0.6374239897486896,-0.9237536656891496,0.0
9.0,-0.5877852522924734,-0.8846529814271751,0.0
9.0,-0.5358267949789963,-0.8748778103616814,0.0
9.0,-0.4817536741017153,-0.806451612903226,0.0
9.0,-0.4257792915650722,-0.7575757575757578,0.0
9.0,-0.3681245526846787,-0.6793743890518087,0.0
9.0,-0.3090169943749477,-0.6011730205278596,0.0
9.0,-0.24868988716485535,-0.5229716520039105,0.0
9.0,-0.18738131458572468,-0.45454545454545414,0.0
9.0,-0.12533323356430465,-0.3861192570869987,0.0
9.0,-0.06279051952931326,-0.29814271749755594,0.0
9.0,-2.4492935982947064e-16,-0.21994134897360684,0.0
9.0,0.06279051952931278,-0.14173998044965774,0.0
9.0,0.12533323356430418,-0.06353861192570864,0.0
9.0,0.1873813145857242,0.053763440860215006,0.0
9.0,0.24868988716485488,0.15151515151515138,0.0
9.0,0.3090169943749472,0.2590420332355814,0.0
9.0,0.3681245526846782,0.35679374389051777,0.0
9.0,0.42577929156507255,0.42521994134897323,0.0
9.0,0.48175367410171566,0.5229716520039105,0.0
9.0,0.5358267949789967,0.591397849462366,0.0
9.0,0.5877852522924736,0.6500488758553278,0.0
9.0,0.6374239897486899,0.7282502443792769,0.0
9.0,0.6845471059286893,0.806451612903226,0.0
9.0,0.7289686274214107,0.8651026392961878,0.0
9.0,0.7705132427757887,0.9433040078201369,0.0
9.0,0.8090169943749468,1.0312805474095796,0.0
9.0,0.8443279255020147,1.1094819159335287,0.0
9.0,0.8763066800438631,1.1681329423264906,0.0
9.0,0.9048270524660194,1.2170087976539588,0.0
9.0,0.9297764858882511,1.265884652981427,0.0
9.0,0.9510565162951535,1.3147605083088951,0.0
9.0,0.968583161128631,1.3538611925708697,0.0
9.0,0.9822872507286886,1.373411534701857,0.0
9.0,0.9921147013144778,1.4125122189638315,0.0
9.0,0.9980267284282716,1.4125122189638315,0.0
9.0,1.0,1.4125122189638315,0.0
9.0,0.9980267284282716,1.4222873900293251,0.0
9.0,0.9921147013144779,1.4027370478983379,0.0
9.0,0.9822872507286886,1.3929618768328442,0.0
9.0,0.9685831611286311,1.3636363636363633,0.0
9.0,0.9510565162951536,1.344086021505376,0.0
9.0,0.9297764858882517,1.3147605083088951,0.0
9.0,0.9048270524660192,1.2463343108504397,0.0
9.0,0.8763066800438634,1.1779081133919842,0.0
9.0,0.8443279255020151,1.1388074291300097,0.0
9.0,0.8090169943749477,1.0899315738025415,0.0
9.0,0.7705132427757886,1.0410557184750733,0.0
9.0,0.728968627421411,0.9530791788856305,0.0
9.0,0.6845471059286897,0.8748778103616814,0.0
9.0,0.6374239897486911,0.806451612903226,0.0
9.0,0.5877852522924734,0.7380254154447705,0.0
9.0,0.5358267949789972,0.6500488758553278,0.0
9.0,0.4817536741017162,0.562072336265885,0.0
9.0,0.42577929156507394,0.5034213098729223,0.0
9.0,0.368124552684678,0.4154447702834796,0.0
9.0,0.3090169943749478,0.34701857282502413,0.0
9.0,0.2486898871648555,0.2590420332355814,0.0
9.0,0.18738131458572568,0.1808406647116323,0.0
9.0,0.1253332335643039,0.1026392961876832,0.0
9.0,0.06279051952931339,0.004887585532746819,0.0
9.0,3.6739403974420594e-16,-0.07331378299120228,0.0
9.0,-0.06279051952931265,-0.15151515151515138,0.0
9.0,-0.12533323356430318,-0.2590420332355814,0.0
9.0,-0.18738131458572496,-0.34701857282502413,0.0
9.0,-0.24868988716485477,-0.42521994134897323,0.0
9.0,-0.30901699437494706,-0.5131964809384169,0.0
9.0,-0.36812455268467725,-0.6011730205278596,0.0
9.0,-0.42577929156507327,-0.6793743890518087,0.0
9.0,-0.48175367410171555,-0.7575757575757578,0.0
9.0,-0.5358267949789965,-0.8455522971652005,0.0
9.0,-0.5877852522924728,-0.9237536656891496,0.0
9.0,-0.6374239897486905,-0.9921798631476051,0.0
9.0,-0.6845471059286892,-1.0606060606060606,0.0
9.0,-0.7289686274214106,-1.1485826001955033,0.0
9.0,-0.770513242775788,-1.2170087976539588,0.0
9.0,-0.8090169943749472,-1.2854349951124147,0.0
9.0,-0.8443279255020146,-1.3440860215053765,0.0
9.0,-0.876306680043863,-1.412512218963832,0.0
9.0,-0.9048270524660189,-1.4809384164222874,0.0
9.0,-0.9297764858882513,-1.5298142717497556,0.0
9.0,-0.9510565162951534,-1.5884652981427174,0.0
9.0,-0.968583161128631,-1.6177908113391983,0.0
9.0,-0.9822872507286885,-1.6568914956011729,0.0
9.0,-0.9921147013144779,-1.6764418377321602,0.0
9.0,-0.9980267284282716,-1.6862170087976538,0.0
9.0,-1.0,-1.705767350928641,0.0
9.0,-0.9980267284282716,-1.735092864125122,0.0
9.0,-0.992114701314478,-1.7253176930596283,0.0
9.0,-0.9822872507286886,-1.735092864125122,0.0
9.0,-0.9685831611286312,-1.7155425219941347,0.0
9.0,-0.9510565162951538,-1.705767350928641,0.0
9.0,-0.9297764858882517,-1.6862170087976538,0.0
9.0,-0.9048270524660192,-1.6373411534701856,0.0
9.0,-0.8763066800438635,-1.598240469208211,0.0
9.0,-0.8443279255020151,-1.5689149560117301,0.0
9.0,-0.8090169943749477,-1.520039100684262,0.0
9.0,-0.7705132427757886,-1.4418377321603129,0.0
9.0,-0.7289686274214111,-1.383186705767351,0.0
9.0,-0.6845471059286898,-1.2952101661779083,0.0
9.0,-0.6374239897486912,-1.2267839687194524,0.0
9.0,-0.5877852522924735,-1.129032258064516,0.0
9.0,-0.5358267949789973,-1.050830889540567,0.0
9.0,-0.4817536741017163,-0.9824046920821115,0.0
9.0,-0.42577929156507405,-0.8846529814271751,0.0
9.0,-0.3681245526846781,-0.806451612903226,0.0
9.0,-0.3090169943749479,-0.7086999022482896,0.0
9.0,-0.2486898871648556,-0.6402737047898341,0.0
9.0,-0.1873813145857258,-0.562072336265885,0.0
9.0,-0.125333233564304,-0.4643206256109478,0.0
9.0,-0.06279051952931351,-0.37634408602150504,0.0
9.0,-4.898587196589413e-16,-0.26881720430107503,0.0
9.0,0.06279051952931075,-0.22971652003910048,0.0
9.0,0.12533323356430304,-0.17106549364613866,0.0
9.0,0.1873813145857231,-0.11241446725317683,0.0
9.0,0.24868988716485466,-0.014662756598240456,0.0
9.0,0.30901699437494523,0.08308895405669592,0.0
9.0,0.36812455268467714,0.20039100684261957,0.0
9.0,0.42577929156507155,0.27859237536656867,0.0
9.0,0.48175367410171543,0.3958944281524923,0.0
9.0,0.535826794978995,0.45454545454545414,0.0
9.0,0.5877852522924727,0.5229716520039105,0.0
9.0,0.6374239897486891,0.5816226783968723,0.0
9.0,0.6845471059286891,0.6793743890518087,0.0
9.0,0.7289686274214104,0.7282502443792769,0.0
9.0,0.7705132427757891,0.7771260997067451,0.0
9.0,0.8090169943749471,0.8748778103616814,0.0
9.0,0.8443279255020155,0.9335288367546433,0.0
9.0,0.876306680043863,1.0312805474095796,0.0
9.0,0.9048270524660196,1.1192570869990224,0.0
9.0,0.9297764858882513,1.1876832844574778,0.0
9.0,0.951056516295154,1.2072336265884651,0.0
9.0,0.9685831611286309,1.2170087976539588,0.0
9.0,0.9822872507286888,1.2756598240469206,0.0
9.0,0.9921147013144779,1.3245356793743888,0.0
9.0,0.9980267284282717,1.3538611925708697,0.0
9.0,1.0,1.373411534701857,0.0
9.0,0.9980267284282718,1.3636363636363633,0.0
9.0,0.992114701314478,1.344086021505376,0.0
9.0,0.9822872507286889,1.3538611925708697,0.0
9.0,0.9685831611286312,1.344086021505376,0.0
9.0,0.9510565162951543,1.3343108504398824,0.0
9.0,0.9297764858882518,1.2952101661779079,0.0
9.0,0.90482705246602,1.2561094819159333,0.0
9.0,0.8763066800438635,1.2072336265884651,0.0
9.0,0.8443279255020162,1.1681329423264906,0.0
9.0,0.8090169943749478,1.099706744868035,0.0
9.0,0.7705132427757898,1.0312805474095796,0.0
9.0,0.7289686274214112,0.9628543499511242,0.0
9.0,0.6845471059286898,0.9042033235581624,0.0
9.0,0.6374239897486899,0.8455522971652005,0.0
9.0,0.5877852522924736,0.7869012707722387,0.0
9.0,0.5358267949789959,0.7282502443792769,0.0
9.0,0.48175367410171643,0.6402737047898341,0.0
9.0,0.42577929156507255,0.562072336265885,0.0
9.0,0.3681245526846782,0.48387096774193505,0.0
9.0,0.3090169943749463,0.3958944281524923,0.0
9.0,0.2486898871648557,0.27859237536656867,0.0
9.0,0.18738131458572418,0.20039100684261957,0.0
9.0,0.12533323356430415,0.11241446725317683,0.0
9.0,0.06279051952931186,0.04398826979472137,0.0
9.0,6.123233995736766e-16,-0.03421309872922773,0.0
9.0,-0.06279051952931064,-0.11241446725317683,0.0
9.0,-0.12533323356430293,-0.2101661779081132,0.0
9.0,-0.18738131458572296,-0.29814271749755594,0.0
9.0,-0.24868988716485452,-0.3665689149560114,0.0
9.0,-0.3090169943749451,-0.4447702834799605,0.0
9.0,-0.3681245526846787,-0.5327468230694041,0.0
9.0,-0.42577929156506983,-0.6207233626588469,0.0
9.0,-0.4817536741017154,-0.7086999022482896,0.0
9.0,-0.5358267949789964,-0.7966764418377323,0.0
9.0,-0.5877852522924726,-0.8944281524926687,0.0
9.0,-0.637423989748689,-0.9921798631476051,0.0
9.0,-0.6845471059286877,-1.0801564027370478,0.0
9.0,-0.7289686274214103,-1.1094819159335287,0.0
9.0,-0.7705132427757901,-1.1779081133919842,0.0
9.0,-0.809016994374946,-1.2658846529814274,0.0
9.0,-0.8443279255020155,-1.3343108504398828,0.0
9.0,-0.8763066800438638,-1.383186705767351,0.0
9.0,-0.9048270524660196,-1.4711632453567938,0.0
9.0,-0.9297764858882513,-1.5298142717497556,0.0
9.0,-0.9510565162951534,-1.5786901270772238,0.0
9.0,-0.9685831611286309,-1.6471163245356792,0.0
9.0,-0.982287250728689,-1.6568914956011729,0.0
9.0,-0.9921147013144777,-1.6471163245356792,0.0
9.0,-0.9980267284282717,-1.6862170087976538,0.0
9.0,-1.0,-1.705767350928641,0.0
9.0,-0.9980267284282718,-1.7155425219941347,0.0
9.0,-0.9921147013144778,-1.6959921798631474,0.0
9.0,-0.9822872507286894,-1.6862170087976538,0.0
9.0,-0.9685831611286312,-1.6568914956011729,0.0
9.0,-0.9510565162951538,-1.6373411534701856,0.0
9.0,-0.9297764858882518,-1.6177908113391983,0.0
9.0,-0.9048270524660201,-1.598240469208211,0.0
9.0,-0.8763066800438645,-1.5786901270772238,0.0
9.0,-0.8443279255020162,-1.5298142717497556,0.0
9.0,-0.8090169943749468,-1.4809384164222874,0.0
9.0,-0.770513242775791,-1.4222873900293256,0.0
9.0,-0.7289686274214113,-1.3440860215053765,0.0
9.0,-0.6845471059286887,-1.2952101661779083,0.0
9.0,-0.63742398974869,-1.236559139784946,0.0
9.0,-0.5877852522924737,-1.158357771260997,0.0
9.0,-0.5358267949789975,-1.0801564027370478,0.0
9.0,-0.48175367410171654,-0.9921798631476051,0.0
9.0,-0.42577929156507105,-0.913978494623656,0.0
9.0,-0.36812455268468,-0.8260019550342133,0.0
9.0,-0.3090169943749464,-0.7478005865102642,0.0
9.0,-0.2486898871648541,-0.6793743890518087,0.0
9.0,-0.1873813145857243,-0.6011730205278596,0.0
9.0,-0.12533323356430426,-0.5327468230694041,0.0
9.0,-0.06279051952931375,-0.4643206256109478,0.0
9.0,-7.347880794884119e-16,-0.37634408602150504,0.0
9.0,0.06279051952931229,-0.27859237536656867,0.0
9.0,0.12533323356430282,-0.2101661779081132,0.0
9.0,0.18738131458572285,-0.12218963831867047,0.0
9.0,0.24868988716485269,-0.04398826979472137,0.0
9.0,0.309016994374945,0.024437927663734094,0.0
9.0,0.3681245526846786,0.09286412512218956,0.0
9.0,0.4257792915650697,0.19061583577712593,0.0
9.0,0.48175367410171527,0.27859237536656867,0.0
9.0,0.5358267949789963,0.35679374389051777,0.0
9.0,0.5877852522924725,0.4447702834799605,0.0
9.0,0.6374239897486889,0.5816226783968723,0.0
9.0,0.6845471059286876,0.6304985337243405,0.0
9.0,0.7289686274214102,0.698924731182796,0.0
9.0,0.7705132427757901,0.7869012707722387,0.0
9.0,0.8090169943749459,0.8651026392961878,0.0
9.0,0.8443279255020154,0.9335288367546433,0.0
9.0,0.8763066800438637,0.9824046920821115,0.0
9.0,0.9048270524660195,1.0410557184750733,0.0
9.0,0.9297764858882512,1.1094819159335287,0.0
9.0,0.9510565162951533,1.1876832844574778,0.0
9.0,0.9685831611286309,1.2170087976539588,0.0
9.0,0.982287250728689,1.265884652981427,0.0
9.0,0.9921147013144777,1.2463343108504397,0.0
9.0,0.9980267284282717,1.2756598240469206,0.0
9.0,1.0,1.2267839687194524,0.0
9.0,0.9980267284282718,1.2267839687194524,0.0
9.0,0.9921147013144778,1.2170087976539588,0.0
9.0,0.9822872507286894,1.2072336265884651,0.0
9.0,0.9685831611286312,1.1779081133919842,0.0
9.0,0.9510565162951539,1.158357771260997,0.0
9.0,0.9297764858882518,1.1388074291300097,0.0
9.0,0.9048270524660201,1.1192570869990224,0.0
9.0,0.8763066800438645,1.0801564027370478,0.0
9.0,0.8443279255020163,1.0410557184750733,0.0
9.0,0.8090169943749469,0.9824046920821115,0.0
9.0,0.7705132427757911,0.9042033235581624,0.0
9.0,0.7289686274214113,0.8260019550342133,0.0
9.0,0.6845471059286887,0.7478005865102642,0.0
9.0,0.6374239897486901,0.6891495601173023,0.0
9.0,0.5877852522924738,0.6109481915933532,0.0
9.0,0.5358267949789977,0.5718475073313787,0.0
9.0,0.48175367410171666,0.4936461388074287,0.0
9.0,0.42577929156507116,0.40566959921798595,0.0
9.0,0.3681245526846801,0.3176930596285432,0.0
9.0,0.30901699437494656,0.24926686217008776,0.0
9.0,0.24868988716485424,0.17106549364613866,0.0
9.0,0.1873813145857244,0.09286412512218956,0.0
9.0,0.1253332335643044,0.03421309872922773,0.0
9.0,0.06279051952931387,-0.04398826979472137,0.0
9.0,8.572527594031472e-16,-0.1319648093841641,0.0
9.0,-0.06279051952931217,-0.21994134897360684,0.0
9.0,-0.12533323356430268,-0.3079178885630496,0.0
9.0,-0.18738131458572274,-0.40566959921798595,0.0
9.0,-0.24868988716485257,-0.4643206256109478,0.0
9.0,-0.3090169943749449,-0.5425219941348978,0.0
9.0,-0.3681245526846785,-0.6207233626588469,0.0
9.0,-0.4257792915650696,-0.6793743890518087,0.0
9.0,-0.48175367410171516,-0.7380254154447705,0.0
9.0,-0.5358267949789962,-0.8162267839687196,0.0
9.0,-0.5877852522924725,-0.8846529814271751,0.0
9.0,-0.6374239897486887,-0.9628543499511242,0.0
9.0,-0.6845471059286875,-1.0410557184750733,0.0
9.0,-0.7289686274214101,-1.129032258064516,0.0
9.0,-0.77051324277579,-1.2170087976539588,0.0
9.0,-0.8090169943749459,-1.2952101661779083,0.0
9.0,-0.8443279255020153,-1.3343108504398828,0.0
9.0,-0.8763066800438637,-1.4027370478983383,0.0
9.0,-0.9048270524660195,-1.4222873900293256,0.0
9.0,-0.9297764858882512,-1.4809384164222874,0.0
9.0,-0.9510565162951533,-1.5102639296187683,0.0
9.0,-0.9685831611286309,-1.5395894428152492,0.0
9.0,-0.982287250728689,-1.5689149560117301,0.0
9.0,-0.9921147013144775,-1.5786901270772238,0.0
9.0,-0.9980267284282717,-1.6080156402737047,0.0
9.0,-1.0,-1.6177908113391983,0.0
9.0,-0.9980267284282718,-1.627565982404692,0.0
9.0,-0.9921147013144778,-1.6373411534701856,0.0
9.0,-0.9822872507286894,-1.6471163245356792,0.0
9.0,-0.9685831611286313,-1.6373411534701856,0.0
9.0,-0.9510565162951539,-1.5884652981427174,0.0
9.0,-0.9297764858882519,-1.5786901270772238,0.0
9.0,-0.9048270524660202,-1.5395894428152492,0.0
9.0,-0.8763066800438646,-1.5004887585532747,0.0
9.0,-0.8443279255020164,-1.4613880742913001,0.0
9.0,-0.8090169943749469,-1.3636363636363638,0.0
9.0,-0.7705132427757913,-1.3147605083088956,0.0
9.0,-0.7289686274214114,-1.275659824046921,0.0
9.0,-0.6845471059286888,-1.236559139784946,0.0
9.0,-0.6374239897486902,-1.1974584555229715,0.0
9.0,-0.5877852522924739,-1.1388074291300097,0.0
9.0,-0.5358267949789978,-1.0703812316715542,0.0
9.0,-0.48175367410171677,-1.0019550342130987,0.0
9.0,-0.42577929156507127,-0.9335288367546433,0.0
9.0,-0.3681245526846802,-0.8651026392961878,0.0
9.0,-0.3090169943749467,-0.7673509286412514,0.0
9.0,-0.24868988716485435,-0.6598240469208214,0.0
9.0,-0.18738131458572455,-0.5816226783968723,0.0
9.0,-0.1253332335643045,-0.48387096774193505,0.0
9.0,-0.062790519529314,-0.3665689149560114,0.0
9.0,-9.797174393178826e-16,-0.2590420332355814,0.0
9.0,0.06279051952931204,-0.16129032258064502,0.0
9.0,0.12533323356429904,-0.07331378299120228,0.0
9.0,0.1873813145857261,-0.004887585532746819,0.0
9.0,0.24868988716485246,0.1026392961876832,0.0
9.0,0.3090169943749448,0.20039100684261957,0.0
9.0,0.36812455268467503,0.3176930596285432,0.0
9.0,0.4257792915650727,0.3861192570869987,0.0
9.0,0.48175367410171505,0.48387096774193505,0.0
9.0,0.5358267949789961,0.5816226783968723,0.0
9.0,0.5877852522924695,0.669599217986315,0.0
9.0,0.6374239897486914,0.7478005865102642,0.0
9.0,0.6845471059286874,0.8162267839687196,0.0
9.0,0.7289686274214101,0.8944281524926687,0.0
9.0,0.7705132427757877,0.9726295210166178,0.0
9.0,0.8090169943749479,1.0801564027370478,0.0
9.0,0.8443279255020153,1.158357771260997,0.0
9.0,0.8763066800438636,1.2170087976539588,0.0
9.0,0.9048270524660179,1.2756598240469206,0.0
9.0,0.9297764858882525,1.3147605083088951,0.0
9.0,0.9510565162951533,1.3831867057673506,0.0
9.0,0.9685831611286307,1.4222873900293251,0.0
9.0,0.9822872507286884,1.4613880742912997,0.0
9.0,0.992114701314478,1.5102639296187688,0.0
9.0,0.9980267284282717,1.529814271749756,0.0
9.0,1.0,1.5395894428152497,0.0
9.0,0.9980267284282718,1.5689149560117306,0.0
9.0,0.9921147013144783,1.5786901270772242,0.0
9.0,0.9822872507286887,1.5786901270772242,0.0
9.0,0.9685831611286313,1.559139784946237,0.0
9.0,0.9510565162951539,1.5786901270772242,0.0
9.0,0.9297764858882532,1.5493646138807433,0.0
9.0,0.9048270524660188,1.529814271749756,0.0
9.0,0.8763066800438646,1.5004887585532742,0.0
9.0,0.8443279255020164,1.451612903225806,0.0
9.0,0.8090169943749491,1.4320625610948188,0.0
9.0,0.770513242775789,1.3636363636363633,0.0
9.0,0.7289686274214116,1.2952101661779079,0.0
9.0,0.684547105928689,1.2072336265884651,0.0
9.0,0.637423989748693,1.158357771260997,0.0
9.0,0.5877852522924711,1.0899315738025415,0.0
9.0,0.5358267949789979,1.0117302052785924,0.0
9.0,0.4817536741017169,0.913978494623656,0.0
9.0,0.4257792915650746,0.8553274682306942,0.0
9.0,0.368124552684677,0.7869012707722387,0.0
9.0,0.3090169943749468,0.7086999022482896,0.0
9.0,0.24868988716485446,0.6304985337243405,0.0
9.0,0.18738131458572815,0.5425219941348978,0.0
9.0,0.1253332335643011,0.4447702834799605,0.0
9.0,0.06279051952931412,0.35679374389051777,0.0
9.0,1.102182119232618e-15,0.29814271749755594,0.0
9.0,-0.06279051952931192,0.20039100684261957,0.0
9.0,-0.12533323356429893,0.12218963831867047,0.0
9.0,-0.187381314585726,0.053763440860215006,0.0
9.0,-0.24868988716485232,-0.04398826979472137,0.0
9.0,-0.3090169943749447,-0.12218963831867047,0.0
9.0,-0.3681245526846749,-0.20039100684261957,0.0
9.0,-0.4257792915650726,-0.3079178885630496,0.0
9.0,-0.48175367410171493,-0.3861192570869987,0.0
9.0,-0.535826794978996,-0.45454545454545414,0.0
9.0,-0.5877852522924694,-0.5131964809384169,0.0
9.0,-0.6374239897486913,-0.6109481915933532,0.0
9.0,-0.6845471059286873,-0.7086999022482896,0.0
9.0,-0.72896862742141,-0.7771260997067451,0.0
9.0,-0.7705132427757876,-0.8553274682306942,0.0
9.0,-0.8090169943749478,-0.9335288367546433,0.0
9.0,-0.8443279255020152,-1.050830889540567,0.0
9.0,-0.8763066800438636,-1.1094819159335287,0.0
9.0,-0.9048270524660178,-1.1974584555229715,0.0
9.0,-0.9297764858882525,-1.2854349951124147,0.0
9.0,-0.9510565162951532,-1.3245356793743892,0.0
9.0,-0.9685831611286307,-1.3636363636363638,0.0
9.0,-0.9822872507286883,-1.412512218963832,0.0
9.0,-0.992114701314478,-1.4320625610948192,0.0
9.0,-0.9980267284282717,-1.4809384164222874,0.0
9.0,-1.0,-1.5004887585532747,0.0
9.0,-0.9980267284282718,-1.5102639296187683,0.0
9.0,-0.9921147013144783,-1.520039100684262,0.0
9.0,-0.9822872507286887,-1.5395894428152492,0.0
9.0,-0.9685831611286313,-1.5493646138807429,0.0
9.0,-0.951056516295154,-1.5493646138807429,0.0
9.0,-0.9297764858882532,-1.520039100684262,0.0
9.0,-0.9048270524660188,-1.490713587487781,0.0
9.0,-0.8763066800438647,-1.4613880742913001,0.0
9.0,-0.8443279255020165,-1.3929618768328447,0.0
9.0,-0.8090169943749491,-1.3245356793743892,0.0
9.0,-0.770513242775789,-1.2561094819159337,0.0
9.0,-0.7289686274214117,-1.2072336265884651,0.0
9.0,-0.6845471059286891,-1.1388074291300097,0.0
9.0,-0.6374239897486931,-1.0801564027370478,0.0
9.0,-0.5877852522924712,-1.0117302052785924,0.0
9.0,-0.535826794978998,-0.9433040078201369,0.0
9.0,-0.481753674101717,-0.8651026392961878,0.0
9.0,-0.4257792915650747,-0.806451612903226,0.0
9.0,-0.3681245526846771,-0.7380254154447705,0.0
9.0,-0.3090169943749469,-0.6598240469208214,0.0
9.0,-0.2486898871648546,-0.591397849462366,0.0
9.0,-0.18738131458572826,-0.4936461388074287,0.0
9.0,-0.12533323356430123,-0.42521994134897323,0.0
9.0,-0.06279051952931425,-0.32746823069403685,0.0
9.0,-1.2246467991473533e-15,-0.24926686217008776,0.0
9.0,0.06279051952931179,-0.19061583577712593,0.0
9.0,0.1253332335642988,-0.12218963831867047,0.0
9.0,0.18738131458572588,-0.03421309872922773,0.0
9.0,0.2486898871648522,0.04398826979472137,0.0
9.0,0.30901699437494456,0.14173998044965774,0.0
9.0,0.3681245526846748,0.21994134897360684,0.0
9.0,0.4257792915650725,0.3079178885630496,0.0
9.0,0.4817536741017148,0.4154447702834796,0.0
9.0,0.5358267949789959,0.5034213098729223,0.0
9.0,0.5877852522924693,0.5718475073313787,0.0
9.0,0.6374239897486885,0.6598240469208214,0.0
9.0,0.6845471059286898,0.7478005865102642,0.0
9.0,0.7289686274214099,0.8357771260997069,0.0
9.0,0.7705132427757853,0.913978494623656,0.0
9.0,0.8090169943749498,0.9921798631476051,0.0
9.0,0.8443279255020152,1.050830889540567,0.0
9.0,0.8763066800438618,1.129032258064516,0.0
9.0,0.9048270524660192,1.2072336265884651,0.0
9.0,0.9297764858882523,1.2561094819159333,0.0
9.0,0.9510565162951532,1.3245356793743888,0.0
9.0,0.9685831611286316,1.3831867057673506,0.0
9.0,0.9822872507286883,1.4222873900293251,0.0
9.0,0.992114701314478,1.4320625610948188,0.0
9.0,0.9980267284282713,1.451612903225806,0.0
9.0,1.0,1.4613880742912997,0.0
9.0,0.9980267284282718,1.4711632453567933,0.0
9.0,0.9921147013144788,1.4711632453567933,0.0
9.0,0.9822872507286882,1.4613880742912997,0.0
9.0,0.9685831611286313,1.4418377321603124,0.0
9.0,0.9510565162951551,1.4222873900293251,0.0
9.0,0.929776485888252,1.4027370478983379,0.0
9.0,0.9048270524660189,1.3831867057673506,0.0
9.0,0.8763066800438647,1.3245356793743888,0.0
9.0,0.8443279255020146,1.2561094819159333,0.0
9.0,0.8090169943749492,1.2072336265884651,0.0
9.0,0.7705132427757891,1.129032258064516,0.0
9.0,0.7289686274214141,1.0606060606060606,0.0
9.0,0.6845471059286892,0.9921798631476051,0.0
9.0,0.6374239897486932,0.9237536656891496,0.0
9.0,0.5877852522924742,0.8748778103616814,0.0
9.0,0.535826794978995,0.7771260997067451,0.0
9.0,0.48175367410171704,0.7086999022482896,0.0
9.0,0.42577929156507804,0.6304985337243405,0.0
9.0,0.3681245526846739,0.5229716520039105,0.0
9.0,0.309016994374947,0.42521994134897323,0.0
9.0,0.24868988716485815,0.3372434017595305,0.0
9.0,0.1873813145857249,0.26881720430107503,0.0
9.0,0.12533323356430134,0.19061583577712593,0.0
9.0,0.06279051952931436,0.1026392961876832,0.0
9.0,4.899825157862589e-15,0.004887585532746819,0.0
9.0,-0.06279051952931168,-0.06353861192570864,0.0
9.0,-0.12533323356429868,-0.15151515151515138,0.0
9.0,-0.18738131458572224,-0.26881720430107503,0.0
9.0,-0.24868988716485554,-0.37634408602150504,0.0
9.0,-0.30901699437494445,-0.4740957966764414,0.0
9.0,-0.3681245526846714,-0.5816226783968723,0.0
9.0,-0.4257792915650756,-0.6402737047898341,0.0
9.0,-0.4817536741017147,-0.7184750733137832,0.0
9.0,-0.5358267949789928,-0.7966764418377323,0.0
9.0,-0.587785252292472,-0.8651026392961878,0.0
9.0,-0.6374239897486911,-0.9335288367546433,0.0
9.0,-0.6845471059286872,-1.0019550342130987,0.0
9.0,-0.7289686274214123,-1.0703812316715542,0.0
9.0,-0.7705132427757875,-1.158357771260997,0.0
9.0,-0.8090169943749477,-1.2561094819159337,0.0
9.0,-0.8443279255020132,-1.3343108504398828,0.0
9.0,-0.8763066800438635,-1.3734115347018574,0.0
9.0,-0.9048270524660177,-1.4320625610948192,0.0
9.0,-0.929776485888251,-1.4809384164222874,0.0
9.0,-0.9510565162951542,-1.5395894428152492,0.0
9.0,-0.9685831611286306,-1.5786901270772238,0.0
9.0,-0.9822872507286876,-1.6080156402737047,0.0
9.0,-0.9921147013144784,-1.6373411534701856,0.0
9.0,-0.9980267284282716,-1.6471163245356792,0.0
9.0,-1.0,-1.6666666666666665,0.0
9.0,-0.9980267284282716,-1.6666666666666665,0.0
9.0,-0.9921147013144783,-1.6862170087976538,0.0
9.0,-0.9822872507286888,-1.6764418377321602,0.0
9.0,-0.9685831611286323,-1.6568914956011729,0.0
10.0,-0.9510565162951536,0.014662756598240456,0.0
10.0,-0.9297764858882512,0.03421309872922773,0.0
10.0,-0.9048270524660199,0.004887585532746819,0.0
10.0,-0.8763066800438638,-0.004887585532746819,0.0
10.0,-0.8443279255020155,-0.5048875855327468,0.0
10.0,-0.8090169943749476,-1.0048875855327468,0.0
10.0,-0.7705132427757896,-0.9921798631476051,0.0
10.0,-0.7289686274214116,-0.9726295210166178,0.0
10.0,-0.684547105928689,-0.9530791788856305,0.0
10.0,-0.6374239897486896,-0.9433040078201369,0.0
10.0,-0.5877852522924734,-0.913978494623656,0.0
10.0,-0.5358267949789963,-0.8846529814271751,0.0
10.0,-0.4817536741017153,-0.8162267839687196,0.0
10.0,-0.4257792915650722,-0.7575757575757578,0.0
10.0,-0.3681245526846787,-0.7086999022482896,0.0
10.0,-0.3090169943749477,-0.6500488758553278,0.0
10.0,-0.24868988716485535,-0.5327468230694041,0.0
10.0,-0.18738131458572468,-0.4447702834799605,0.0
10.0,-0.12533323356430465,-0.3665689149560114,0.0
10.0,-0.06279051952931326,-0.27859237536656867,0.0
10.0,-2.4492935982947064e-16,-0.2101661779081132,0.0
10.0,0.06279051952931278,-0.14173998044965774,0.0
10.0,0.12533323356430418,-0.07331378299120228,0.0
10.0,0.1873813145857242,0.03421309872922773,0.0
10.0,0.24868988716485488,0.11241446725317683,0.0
10.0,0.3090169943749472,0.20039100684261957,0.0
10.0,0.3681245526846782,0.29814271749755594,0.0
10.0,0.42577929156507255,0.35679374389051777,0.0
10.0,0.48175367410171566,0.4447702834799605,0.0
10.0,0.5358267949789967,0.5229716520039105,0.0
10.0,0.5877852522924736,0.6207233626588469,0.0
10.0,0.6374239897486899,0.698924731182796,0.0
10.0,0.6845471059286893,0.7869012707722387,0.0
10.0,0.7289686274214107,0.8651026392961878,0.0
10.0,0.7705132427757887,0.9530791788856305,0.0
10.0,0.8090169943749468,1.021505376344086,0.0
10.0,0.8443279255020147,1.1094819159335287,0.0
10.0,0.8763066800438631,1.1974584555229715,0.0
10.0,0.9048270524660194,1.2267839687194524,0.0
10.0,0.9297764858882511,1.2854349951124142,0.0
10.0,0.9510565162951535,1.3538611925708697,0.0
10.0,0.968583161128631,1.373411534701857,0.0
10.0,0.9822872507286886,1.3831867057673506,0.0
10.0,0.9921147013144778,1.3929618768328442,0.0
10.0,0.9980267284282716,1.3929618768328442,0.0
10.0,1.0,1.373411534701857,0.0
10.0,0.9980267284282716,1.3831867057673506,0.0
10.0,0.9921147013144779,1.3831867057673506,0.0
10.0,0.9822872507286886,1.3636363636363633,0.0
10.0,0.9685831611286311,1.3343108504398824,0.0
10.0,0.9510565162951536,1.3049853372434015,0.0
10.0,0.9297764858882517,1.2463343108504397,0.0
10.0,0.9048270524660192,1.1974584555229715,0.0
10.0,0.8763066800438634,1.129032258064516,0.0
10.0,0.8443279255020151,1.050830889540567,0.0
10.0,0.8090169943749477,1.0019550342130987,0.0
10.0,0.7705132427757886,0.913978494623656,0.0
10.0,0.728968627421411,0.8455522971652005,0.0
10.0,0.6845471059286897,0.7478005865102642,0.0
10.0,0.6374239897486911,0.6891495601173023,0.0
10.0,0.5877852522924734,0.6207233626588469,0.0
10.0,0.5358267949789972,0.5425219941348978,0.0
10.0,0.4817536741017162,0.45454545454545414,0.0
10.0,0.42577929156507394,0.3861192570869987,0.0
10.0,0.368124552684678,0.29814271749755594,0.0
10.0,0.3090169943749478,0.20039100684261957,0.0
10.0,0.2486898871648555,0.11241446725317683,0.0
10.0,0.18738131458572568,0.014662756598240456,0.0
10.0,0.1253332335643039,-0.04398826979472137,0.0
10.0,0.06279051952931339,-0.1319648093841641,0.0
10.0,3.6739403974420594e-16,-0.20039100684261957,0.0
10.0,-0.06279051952931265,-0.2883675464320623,0.0
10.0,-0.12533323356430318,-0.35679374389051777,0.0
10.0,-0.18738131458572496,-0.45454545454545414,0.0
10.0,-0.24868988716485477,-0.5425219941348978,0.0
10.0,-0.30901699437494706,-0.6011730205278596,0.0
10.0,-0.36812455268467725,-0.6891495601173023,0.0
10.0,-0.42577929156507327,-0.7673509286412514,0.0
10.0,-0.48175367410171555,-0.8455522971652005,0.0
10.0,-0.5358267949789965,-0.9042033235581624,0.0
10.0,-0.5877852522924728,-0.9921798631476051,0.0
10.0,-0.6374239897486905,-1.0703812316715542,0.0
10.0,-0.6845471059286892,-1.158357771260997,0.0
10.0,-0.7289686274214106,-1.2463343108504397,0.0
10.0,-0.770513242775788,-1.304985337243402,0.0
10.0,-0.8090169943749472,-1.3440860215053765,0.0
10.0,-0.8443279255020146,-1.4320625610948192,0.0
10.0,-0.876306680043863,-1.520039100684262,0.0
10.0,-0.9048270524660189,-1.5786901270772238,0.0
10.0,-0.9297764858882513,-1.6177908113391983,0.0
10.0,-0.9510565162951534,-1.6568914956011729,0.0
10.0,-0.968583161128631,-1.6959921798631474,0.0
10.0,-0.9822872507286885,-1.705767350928641,0.0
10.0,-0.9921147013144779,-1.7448680351906156,0.0
10.0,-0.9980267284282716,-1.7448680351906156,0.0
10.0,-1.0,-1.7546432062561097,0.0
10.0,-0.9980267284282716,-1.774193548387097,0.0
10.0,-0.992114701314478,-1.774193548387097,0.0
10.0,-0.9822872507286886,-1.7253176930596283,0.0
10.0,-0.9685831611286312,-1.705767350928641,0.0
10.0,-0.9510565162951538,-1.6568914956011729,0.0
10.0,-0.9297764858882517,-1.6373411534701856,0.0
10.0,-0.9048270524660192,-1.5493646138807429,0.0
10.0,-0.8763066800438635,-1.4809384164222874,0.0
10.0,-0.8443279255020151,-1.4613880742913001,0.0
10.0,-0.8090169943749477,-1.3636363636363638,0.0
10.0,-0.7705132427757886,-1.275659824046921,0.0
10.0,-0.7289686274214111,-1.1974584555229715,0.0
10.0,-0.6845471059286898,-1.1192570869990224,0.0
10.0,-0.6374239897486912,-1.0899315738025415,0.0
10.0,-0.5877852522924735,-1.021505376344086,0.0
10.0,-0.5358267949789973,-0.9530791788856305,0.0
10.0,-0.4817536741017163,-0.8846529814271751,0.0
10.0,-0.42577929156507405,-0.7673509286412514,0.0
10.0,-0.3681245526846781,-0.7380254154447705,0.0
10.0,-0.3090169943749479,-0.6891495601173023,0.0
10.0,-0.2486898871648556,-0.5718475073313787,0.0
10.0,-0.1873813145857258,-0.5034213098729232,0.0
10.0,-0.125333233564304,-0.4154447702834796,0.0
10.0,-0.06279051952931351,-0.32746823069403685,0.0
10.0,-4.898587196589413e-16,-0.26881720430107503,0.0
10.0,0.06279051952931075,-0.19061583577712593,0.0
10.0,0.12533323356430304,-0.1026392961876832,0.0
10.0,0.1873813145857231,-0.07331378299120228,0.0
10.0,0.24868988716485466,0.004887585532746819,0.0
10.0,0.30901699437494523,0.09286412512218956,0.0
10.0,0.36812455268467714,0.15151515151515138,0.0
10.0,0.42577929156507155,0.23949169110459412,0.0
10.0,0.48175367410171543,0.3176930596285432,0.0
10.0,0.535826794978995,0.42521994134897323,0.0
10.0,0.5877852522924727,0.5229716520039105,0.0
10.0,0.6374239897486891,0.6207233626588469,0.0
10.0,0.6845471059286891,0.698924731182796,0.0
10.0,0.7289686274214104,0.7575757575757578,0.0
10.0,0.7705132427757891,0.8357771260997069,0.0
10.0,0.8090169943749471,0.9237536656891496,0.0
10.0,0.8443279255020155,0.9824046920821115,0.0
10.0,0.876306680043863,1.0801564027370478,0.0
10.0,0.9048270524660196,1.1388074291300097,0.0
10.0,0.9297764858882513,1.1974584555229715,0.0
10.0,0.951056516295154,1.2463343108504397,0.0
10.0,0.9685831611286309,1.2756598240469206,0.0
10.0,0.9822872507286888,1.2854349951124142,0.0
10.0,0.9921147013144779,1.3147605083088951,0.0
10.0,0.9980267284282717,1.2952101661779079,0.0
10.0,1.0,1.3147605083088951,0.0
10.0,0.9980267284282718,1.3538611925708697,0.0
10.0,0.992114701314478,1.373411534701857,0.0
10.0,0.9822872507286889,1.373411534701857,0.0
10.0,0.9685831611286312,1.3245356793743888,0.0
10.0,0.9510565162951543,1.3049853372434015,0.0
10.0,0.9297764858882518,1.2756598240469206,0.0
10.0,0.90482705246602,1.236559139784946,0.0
10.0,0.8763066800438635,1.1779081133919842,0.0
10.0,0.8443279255020162,1.1388074291300097,0.0
10.0,0.8090169943749478,1.050830889540567,0.0
10.0,0.7705132427757898,1.0117302052785924,0.0
10.0,0.7289686274214112,0.9530791788856305,0.0
10.0,0.6845471059286898,0.8944281524926687,0.0
10.0,0.6374239897486899,0.8162267839687196,0.0
10.0,0.5877852522924736,0.7673509286412514,0.0
10.0,0.5358267949789959,0.6891495601173023,0.0
10.0,0.48175367410171643,0.6109481915933532,0.0
10.0,0.42577929156507255,0.5425219941348978,0.0
10.0,0.3681245526846782,0.4447702834799605,0.0
10.0,0.3090169943749463,0.3372434017595305,0.0
10.0,0.2486898871648557,0.26881720430107503,0.0
10.0,0.18738131458572418,0.1808406647116323,0.0
10.0,0.12533323356430415,0.06353861192570864,0.0
10.0,0.06279051952931186,0.014662756598240456,0.0
10.0,6.123233995736766e-16,-0.07331378299120228,0.0
10.0,-0.06279051952931064,-0.16129032258064502,0.0
10.0,-0.12533323356430293,-0.26881720430107503,0.0
10.0,-0.18738131458572296,-0.3372434017595305,0.0
10.0,-0.24868988716485452,-0.42521994134897323,0.0
10.0,-0.3090169943749451,-0.4740957966764414,0.0
10.0,-0.3681245526846787,-0.5522971652003914,0.0
10.0,-0.42577929156506983,-0.6304985337243405,0.0
10.0,-0.4817536741017154,-0.7086999022482896,0.0
10.0,-0.5358267949789964,-0.7771260997067451,0.0
10.0,-0.5877852522924726,-0.8455522971652005,0.0
10.0,-0.637423989748689,-0.913978494623656,0.0
10.0,-0.6845471059286877,-0.9921798631476051,0.0
10.0,-0.7289686274214103,-1.0801564027370478,0.0
10.0,-0.7705132427757901,-1.129032258064516,0.0
10.0,-0.809016994374946,-1.2267839687194524,0.0
10.0,-0.8443279255020155,-1.2952101661779083,0.0
10.0,-0.8763066800438638,-1.3734115347018574,0.0
10.0,-0.9048270524660196,-1.4222873900293256,0.0
10.0,-0.9297764858882513,-1.490713587487781,0.0
10.0,-0.9510565162951534,-1.5298142717497556,0.0
10.0,-0.9685831611286309,-1.5786901270772238,0.0
10.0,-0.982287250728689,-1.598240469208211,0.0
10.0,-0.9921147013144777,-1.598240469208211,0.0
10.0,-0.9980267284282717,-1.627565982404692,0.0
10.0,-1.0,-1.6373411534701856,0.0
10.0,-0.9980267284282718,-1.627565982404692,0.0
10.0,-0.9921147013144778,-1.5884652981427174,0.0
10.0,-0.9822872507286894,-1.5591397849462365,0.0
10.0,-0.9685831611286312,-1.5786901270772238,0.0
10.0,-0.9510565162951538,-1.5395894428152492,0.0
10.0,-0.9297764858882518,-1.490713587487781,0.0
10.0,-0.9048270524660201,-1.4418377321603129,0.0
10.0,-0.8763066800438645,-1.3929618768328447,0.0
10.0,-0.8443279255020162,-1.3245356793743892,0.0
10.0,-0.8090169943749468,-1.275659824046921,0.0
10.0,-0.770513242775791,-1.2170087976539588,0.0
10.0,-0.7289686274214113,-1.158357771260997,0.0
10.0,-0.6845471059286887,-1.0899315738025415,0.0
10.0,-0.63742398974869,-1.0606060606060606,0.0
10.0,-0.5877852522924737,-0.9726295210166178,0.0
10.0,-0.5358267949789975,-0.8944281524926687,0.0
10.0,-0.48175367410171654,-0.806451612903226,0.0
10.0,-0.42577929156507105,-0.7282502443792769,0.0
10.0,-0.36812455268468,-0.6500488758553278,0.0
10.0,-0.3090169943749464,-0.5816226783968723,0.0
10.0,-0.2486898871648541,-0.5131964809384169,0.0
10.0,-0.1873813145857243,-0.42521994134897323,0.0
10.0,-0.12533323356430426,-0.35679374389051777,0.0
10.0,-0.06279051952931375,-0.2590420332355814,0.0
10.0,-7.347880794884119e-16,-0.20039100684261957,0.0
10.0,0.06279051952931229,-0.11241446725317683,0.0
10.0,0.12533323356430282,-0.024437927663734094,0.0
10.0,0.18738131458572285,0.06353861192570864,0.0
10.0,0.24868988716485269,0.16129032258064502,0.0
10.0,0.309016994374945,0.24926686217008776,0.0
10.0,0.3681245526846786,0.32746823069403685,0.0
10.0,0.4257792915650697,0.4154447702834796,0.0
10.0,0.48175367410171527,0.48387096774193505,0.0
10.0,0.5358267949789963,0.5816226783968723,0.0
10.0,0.5877852522924725,0.669599217986315,0.0
10.0,0.6374239897486889,0.7673509286412514,0.0
10.0,0.6845471059286876,0.8553274682306942,0.0
10.0,0.7289686274214102,0.9237536656891496,0.0
10.0,0.7705132427757901,1.0117302052785924,0.0
10.0,0.8090169943749459,1.0801564027370478,0.0
10.0,0.8443279255020154,1.1485826001955033,0.0
10.0,0.8763066800438637,1.236559139784946,0.0
10.0,0.9048270524660195,1.2952101661779079,0.0
10.0,0.9297764858882512,1.3147605083088951,0.0
10.0,0.9510565162951533,1.373411534701857,0.0
10.0,0.9685831611286309,1.4418377321603124,0.0
10.0,0.982287250728689,1.4907135874877806,0.0
10.0,0.9921147013144777,1.5102639296187688,0.0
10.0,0.9980267284282717,1.5395894428152497,0.0
10.0,1.0,1.559139784946237,0.0
10.0,0.9980267284282718,1.5884652981427179,0.0
10.0,0.9921147013144778,1.5786901270772242,0.0
10.0,0.9822872507286894,1.5689149560117306,0.0
10.0,0.9685831611286312,1.5200391006842624,0.0
10.0,0.9510565162951539,1.529814271749756,0.0
10.0,0.9297764858882518,1.4907135874877806,0.0
10.0,0.9048270524660201,1.4320625610948188,0.0
10.0,0.8763066800438645,1.3636363636363633,0.0
10.0,0.8443279255020163,1.3147605083088951,0.0
10.0,0.8090169943749469,1.2267839687194524,0.0
10.0,0.7705132427757911,1.1779081133919842,0.0
10.0,0.7289686274214113,1.1192570869990224,0.0
10.0,0.6845471059286887,1.0410557184750733,0.0
10.0,0.6374239897486901,0.9824046920821115,0.0
10.0,0.5877852522924738,0.913978494623656,0.0
10.0,0.5358267949789977,0.8260019550342133,0.0
10.0,0.48175367410171666,0.7380254154447705,0.0
10.0,0.42577929156507116,0.6793743890518087,0.0
10.0,0.3681245526846801,0.591397849462366,0.0
10.0,0.30901699437494656,0.48387096774193505,0.0
10.0,0.24868988716485424,0.40566959921798595,0.0
10.0,0.1873813145857244,0.29814271749755594,0.0
10.0,0.1253332335643044,0.2101661779081132,0.0
10.0,0.06279051952931387,0.1319648093841641,0.0
10.0,8.572527594031472e-16,0.03421309872922773,0.0
10.0,-0.06279051952931217,-0.06353861192570864,0.0
10.0,-0.12533323356430268,-0.16129032258064502,0.0
10.0,-0.18738131458572274,-0.2590420332355814,0.0
10.0,-0.24868988716485257,-0.34701857282502413,0.0
10.0,-0.3090169943749449,-0.4447702834799605,0.0
10.0,-0.3681245526846785,-0.5327468230694041,0.0
10.0,-0.4257792915650696,-0.6207233626588469,0.0
10.0,-0.48175367410171516,-0.698924731182796,0.0
10.0,-0.5358267949789962,-0.7771260997067451,0.0
10.0,-0.5877852522924725,-0.8455522971652005,0.0
10.0,-0.6374239897486887,-0.9237536656891496,0.0
10.0,-0.6845471059286875,-1.0117302052785924,0.0
10.0,-0.7289686274214101,-1.0703812316715542,0.0
10.0,-0.77051324277579,-1.1485826001955033,0.0
10.0,-0.8090169943749459,-1.2267839687194524,0.0
10.0,-0.8443279255020153,-1.3245356793743892,0.0
10.0,-0.8763066800438637,-1.4027370478983383,0.0
10.0,-0.9048270524660195,-1.4711632453567938,0.0
10.0,-0.9297764858882512,-1.5298142717497556,0.0
10.0,-0.9510565162951533,-1.5786901270772238,0.0
10.0,-0.9685831611286309,-1.627565982404692,0.0
10.0,-0.982287250728689,-1.6666666666666665,0.0
10.0,-0.9921147013144775,-1.6862170087976538,0.0
10.0,-0.9980267284282717,-1.6862170087976538,0.0
10.0,-1.0,-1.6959921798631474,0.0
10.0,-0.9980267284282718,-1.6959921798631474,0.0
10.0,-0.9921147013144778,-1.705767350928641,0.0
10.0,-0.9822872507286894,-1.6959921798631474,0.0
10.0,-0.9685831611286313,-1.6666666666666665,0.0
10.0,-0.9510565162951539,-1.6568914956011729,0.0
10.0,-0.9297764858882519,-1.627565982404692,0.0
10.0,-0.9048270524660202,-1.6177908113391983,0.0
10.0,-0.8763066800438646,-1.5884652981427174,0.0
10.0,-0.8443279255020164,-1.5493646138807429,0.0
10.0,-0.8090169943749469,-1.4809384164222874,0.0
10.0,-0.7705132427757913,-1.412512218963832,0.0
10.0,-0.7289686274214114,-1.3440860215053765,0.0
10.0,-0.6845471059286888,-1.275659824046921,0.0
10.0,-0.6374239897486902,-1.2170087976539588,0.0
10.0,-0.5877852522924739,-1.1094819159335287,0.0
10.0,-0.5358267949789978,-1.021505376344086,0.0
10.0,-0.48175367410171677,-0.9335288367546433,0.0
10.0,-0.42577929156507127,-0.8846529814271751,0.0
10.0,-0.3681245526846802,-0.7771260997067451,0.0
10.0,-0.3090169943749467,-0.6891495601173023,0.0
10.0,-0.24868988716485435,-0.5816226783968723,0.0
10.0,-0.18738131458572455,-0.48387096774193505,0.0
10.0,-0.1253332335643045,-0.37634408602150504,0.0
10.0,-0.062790519529314,-0.3176930596285432,0.0
10.0,-9.797174393178826e-16,-0.2590420332355814,0.0
10.0,0.06279051952931204,-0.1808406647116323,0.0
10.0,0.12533323356429904,-0.12218963831867047,0.0
10.0,0.1873813145857261,-0.014662756598240456,0.0
10.0,0.24868988716485246,0.11241446725317683,0.0
10.0,0.3090169943749448,0.21994134897360684,0.0
10.0,0.36812455268467503,0.29814271749755594,0.0
10.0,0.4257792915650727,0.40566959921798595,0.0
10.0,0.48175367410171505,0.4936461388074287,0.0
10.0,0.5358267949789961,0.5718475073313787,0.0
10.0,0.5877852522924695,0.6304985337243405,0.0
10.0,0.6374239897486914,0.6891495601173023,0.0
10.0,0.6845471059286874,0.7673509286412514,0.0
10.0,0.7289686274214101,0.8455522971652005,0.0
10.0,0.7705132427757877,0.9530791788856305,0.0
10.0,0.8090169943749479,1.0312805474095796,0.0
10.0,0.8443279255020153,1.0801564027370478,0.0
10.0,0.8763066800438636,1.1485826001955033,0.0
10.0,0.9048270524660179,1.2267839687194524,0.0
10.0,0.9297764858882525,1.2561094819159333,0.0
10.0,0.9510565162951533,1.3049853372434015,0.0
10.0,0.9685831611286307,1.3343108504398824,0.0
10.0,0.9822872507286884,1.3538611925708697,0.0
10.0,0.992114701314478,1.3831867057673506,0.0
10.0,0.9980267284282717,1.4125122189638315,0.0
10.0,1.0,1.4125122189638315,0.0
10.0,0.9980267284282718,1.4222873900293251,0.0
10.0,0.9921147013144783,1.4222873900293251,0.0
10.0,0.9822872507286887,1.3929618768328442,0.0
10.0,0.9685831611286313,1.3929618768328442,0.0
10.0,0.9510565162951539,1.3636363636363633,0.0
10.0,0.9297764858882532,1.3245356793743888,0.0
10.0,0.9048270524660188,1.2756598240469206,0.0
10.0,0.8763066800438646,1.2463343108504397,0.0
10.0,0.8443279255020164,1.2267839687194524,0.0
10.0,0.8090169943749491,1.1681329423264906,0.0
10.0,0.770513242775789,1.0899315738025415,0.0
10.0,0.7289686274214116,1.021505376344086,0.0
10.0,0.684547105928689,0.9335288367546433,0.0
10.0,0.637423989748693,0.8553274682306942,0.0
10.0,0.5877852522924711,0.7869012707722387,0.0
10.0,0.5358267949789979,0.7282502443792769,0.0
10.0,0.4817536741017169,0.6500488758553278,0.0
10.0,0.4257792915650746,0.562072336265885,0.0
10.0,0.368124552684677,0.4936461388074287,0.0
10.0,0.3090169943749468,0.3958944281524923,0.0
10.0,0.24868988716485446,0.3176930596285432,0.0
10.0,0.18738131458572815,0.21994134897360684,0.0
10.0,0.1253332335643011,0.15151515151515138,0.0
10.0,0.06279051952931412,0.09286412512218956,0.0
10.0,1.102182119232618e-15,0.014662756598240456,0.0
10.0,-0.06279051952931192,-0.053763440860215006,0.0
10.0,-0.12533323356429893,-0.14173998044965774,0.0
10.0,-0.187381314585726,-0.23949169110459412,0.0
10.0,-0.24868988716485232,-0.32746823069403685,0.0
10.0,-0.3090169943749447,-0.40566959921798595,0.0
10.0,-0.3681245526846749,-0.5131964809384169,0.0
10.0,-0.4257792915650726,-0.6011730205278596,0.0
10.0,-0.48175367410171493,-0.6891495601173023,0.0
10.0,-0.535826794978996,-0.7673509286412514,0.0
10.0,-0.5877852522924694,-0.8748778103616814,0.0
10.0,-0.6374239897486913,-0.9335288367546433,0.0
10.0,-0.6845471059286873,-1.021505376344086,0.0
10.0,-0.72896862742141,-1.1094819159335287,0.0
10.0,-0.7705132427757876,-1.1876832844574778,0.0
10.0,-0.8090169943749478,-1.275659824046921,0.0
10.0,-0.8443279255020152,-1.3245356793743892,0.0
10.0,-0.8763066800438636,-1.383186705767351,0.0
10.0,-0.9048270524660178,-1.4418377321603129,0.0
10.0,-0.9297764858882525,-1.490713587487781,0.0
10.0,-0.9510565162951532,-1.5591397849462365,0.0
10.0,-0.9685831611286307,-1.598240469208211,0.0
10.0,-0.9822872507286883,-1.6373411534701856,0.0
10.0,-0.992114701314478,-1.6568914956011729,0.0
10.0,-0.9980267284282717,-1.6862170087976538,0.0
10.0,-1.0,-1.6959921798631474,0.0
10.0,-0.9980267284282718,-1.7155425219941347,0.0
10.0,-0.9921147013144783,-1.7155425219941347,0.0
10.0,-0.9822872507286887,-1.7253176930596283,0.0
10.0,-0.9685831611286313,-1.7155425219941347,0.0
10.0,-0.951056516295154,-1.6862170087976538,0.0
10.0,-0.9297764858882532,-1.6373411534701856,0.0
10.0,-0.9048270524660188,-1.5786901270772238,0.0
10.0,-0.8763066800438647,-1.5591397849462365,0.0
10.0,-0.8443279255020165,-1.520039100684262,0.0
10.0,-0.8090169943749491,-1.4809384164222874,0.0
10.0,-0.770513242775789,-1.412512218963832,0.0
10.0,-0.7289686274214117,-1.3440860215053765,0.0
10.0,-0.6845471059286891,-1.304985337243402,0.0
10.0,-0.6374239897486931,-1.2267839687194524,0.0
10.0,-0.5877852522924712,-1.158357771260997,0.0
10.0,-0.535826794978998,-1.0703812316715542,0.0
10.0,-0.481753674101717,-0.9921798631476051,0.0
10.0,-0.4257792915650747,-0.8846529814271751,0.0
10.0,-0.3681245526846771,-0.8260019550342133,0.0
10.0,-0.3090169943749469,-0.7478005865102642,0.0
10.0,-0.2486898871648546,-0.6793743890518087,0.0
10.0,-0.18738131458572826,-0.5816226783968723,0.0
10.0,-0.12533323356430123,-0.5034213098729232,0.0
10.0,-0.06279051952931425,-0.43499511241446687,0.0
10.0,-1.2246467991473533e-15,-0.3372434017595305,0.0
10.0,0.06279051952931179,-0.27859237536656867,0.0
10.0,0.1253332335642988,-0.19061583577712593,0.0
10.0,0.18738131458572588,-0.11241446725317683,0.0
10.0,0.2486898871648522,-0.03421309872922773,0.0
10.0,0.30901699437494456,0.03421309872922773,0.0
10.0,0.3681245526846748,0.11241446725317683,0.0
10.0,0.4257792915650725,0.22971652003910048,0.0
10.0,0.4817536741017148,0.3079178885630496,0.0
10.0,0.5358267949789959,0.4154447702834796,0.0
10.0,0.5877852522924693,0.5131964809384169,0.0
10.0,0.6374239897486885,0.5718475073313787,0.0
10.0,0.6845471059286898,0.6598240469208214,0.0
10.0,0.7289686274214099,0.7282502443792769,0.0
10.0,0.7705132427757853,0.8162267839687196,0.0
10.0,0.8090169943749498,0.8846529814271751,0.0
10.0,0.8443279255020152,0.9726295210166178,0.0
10.0,0.8763066800438618,1.0410557184750733,0.0
10.0,0.9048270524660192,1.0899315738025415,0.0
10.0,0.9297764858882523,1.158357771260997,0.0
10.0,0.9510565162951532,1.1779081133919842,0.0
10.0,0.9685831611286316,1.236559139784946,0.0
10.0,0.9822872507286883,1.2854349951124142,0.0
10.0,0.992114701314478,1.3245356793743888,0.0
10.0,0.9980267284282713,1.3636363636363633,0.0
10.0,1.0,1.3831867057673506,0.0
10.0,0.9980267284282718,1.3636363636363633,0.0
10.0,0.9921147013144788,1.3538611925708697,0.0
10.0,0.9822872507286882,1.3538611925708697,0.0
10.0,0.9685831611286313,1.3245356793743888,0.0
10.0,0.9510565162951551,1.3049853372434015,0.0
10.0,0.929776485888252,1.2561094819159333,0.0
10.0,0.9048270524660189,1.2267839687194524,0.0
10.0,0.8763066800438647,1.1974584555229715,0.0
10.0,0.8443279255020146,1.158357771260997,0.0
10.0,0.8090169943749492,1.1094819159335287,0.0
10.0,0.7705132427757891,1.0606060606060606,0.0
10.0,0.7289686274214141,0.9726295210166178,0.0
10.0,0.6845471059286892,0.9042033235581624,0.0
10.0,0.6374239897486932,0.8357771260997069,0.0
10.0,0.5877852522924742,0.7478005865102642,0.0
10.0,0.535826794978995,0.6598240469208214,0.0
10.0,0.48175367410171704,0.5718475073313787,0.0
10.0,0.42577929156507804,0.48387096774193505,0.0
10.0,0.3681245526846739,0.3958944281524923,0.0
10.0,0.309016994374947,0.3079178885630496,0.0
10.0,0.24868988716485815,0.23949169110459412,0.0
10.0,0.1873813145857249,0.14173998044965774,0.0
10.0,0.12533323356430134,0.04398826979472137,0.0
10.0,0.06279051952931436,-0.053763440860215006,0.0
10.0,4.899825157862589e-15,-0.1319648093841641,0.0
10.0,-0.06279051952931168,-0.22971652003910048,0.0
10.0,-0.12533323356429868,-0.3176930596285432,0.0
10.0,-0.18738131458572224,-0.3958944281524923,0.0
10.0,-0.24868988716485554,-0.5131964809384169,0.0
10.0,-0.30901699437494445,-0.6011730205278596,0.0
10.0,-0.3681245526846714,-0.7086999022482896,0.0
10.0,-0.4257792915650756,-0.7771260997067451,0.0
10.0,-0.4817536741017147,-0.8748778103616814,0.0
10.0,-0.5358267949789928,-0.9530791788856305,0.0
10.0,-0.587785252292472,-1.0606060606060606,0.0
10.0,-0.6374239897486911,-1.1876832844574778,0.0
10.0,-0.6845471059286872,-1.2170087976539588,0.0
10.0,-0.7289686274214123,-1.2854349951124147,0.0
10.0,-0.7705132427757875,-1.3440860215053765,0.0
10.0,-0.8090169943749477,-1.4418377321603129,0.0
10.0,-0.8443279255020132,-1.5298142717497556,0.0
10.0,-0.8763066800438635,-1.5884652981427174,0.0
10.0,-0.9048270524660177,-1.6373411534701856,0.0
10.0,-0.929776485888251,-1.6471163245356792,0.0
10.0,-0.9510565162951542,-1.6862170087976538,0.0
10.0,-0.9685831611286306,-1.705767350928641,0.0
10.0,-0.9822872507286876,-1.735092864125122,0.0
10.0,-0.9921147013144784,-1.7546432062561097,0.0
10.0,-0.9980267284282716,-1.7644183773216033,0.0
10.0,-1.0,-1.774193548387097,0.0
10.0,-0.9980267284282716,-1.774193548387097,0.0
10.0,-0.9921147013144783,-1.774193548387097,0.0
10.0,-0.9822872507286888,-1.7448680351906156,0.0
10.0,-0.9685831611286323,-1.7253176930596283,0.0
11.0,-0.9510565162951536,-0.004887585532746819,0.0
11.0,-0.9297764858882512,-0.014662756598240456,0.0
11.0,-0.9048270524660199,-0.014662756598240456,0.0
11.0,-0.8763066800438638,-0.004887585532746819,0.0
11.0,-0.8443279255020155,-0.5048875855327468,0.0
11.0,-0.8090169943749476,-1.0048875855327468,0.0
11.0,-0.7705132427757896,-1.0117302052785924,0.0
11.0,-0.7289686274214116,-0.9726295210166178,0.0
11.0,-0.684547105928689,-0.9335288367546433,0.0
11.0,-0.6374239897486896,-0.913978494623656,0.0
11.0,-0.5877852522924734,-0.8748778103616814,0.0
11.0,-0.5358267949789963,-0.8260019550342133,0.0
11.0,-0.4817536741017153,-0.7869012707722387,0.0
11.0,-0.4257792915650722,-0.7282502443792769,0.0
11.0,-0.3681245526846787,-0.6793743890518087,0.0
11.0,-0.3090169943749477,-0.6011730205278596,0.0
11.0,-0.24868988716485535,-0.5229716520039105,0.0
11.0,-0.18738131458572468,-0.45454545454545414,0.0
11.0,-0.12533323356430465,-0.34701857282502413,0.0
11.0,-0.06279051952931326,-0.26881720430107503,0.0
11.0,-2.4492935982947064e-16,-0.1808406647116323,0.0
11.0,0.06279051952931278,-0.09286412512218956,0.0
11.0,0.12533323356430418,-0.014662756598240456,0.0
11.0,0.1873813145857242,0.053763440860215006,0.0
11.0,0.24868988716485488,0.1319648093841641,0.0
11.0,0.3090169943749472,0.21994134897360684,0.0
11.0,0.3681245526846782,0.29814271749755594,0.0
11.0,0.42577929156507255,0.37634408602150504,0.0
11.0,0.48175367410171566,0.4643206256109478,0.0
11.0,0.5358267949789967,0.5229716520039105,0.0
11.0,0.5877852522924736,0.6011730205278596,0.0
11.0,0.6374239897486899,0.6891495601173023,0.0
11.0,0.6845471059286893,0.7771260997067451,0.0
11.0,0.7289686274214107,0.8455522971652005,0.0
11.0,0.7705132427757887,0.9433040078201369,0.0
11.0,0.8090169943749468,1.0606060606060606,0.0
11.0,0.8443279255020147,1.1094819159335287,0.0
11.0,0.8763066800438631,1.1485826001955033,0.0
11.0,0.9048270524660194,1.1974584555229715,0.0
11.0,0.9297764858882511,1.265884652981427,0.0
11.0,0.9510565162951535,1.2952101661779079,0.0
11.0,0.968583161128631,1.3147605083088951,0.0
11.0,0.9822872507286886,1.3538611925708697,0.0
11.0,0.9921147013144778,1.3538611925708697,0.0
11.0,0.9980267284282716,1.3636363636363633,0.0
11.0,1.0,1.3929618768328442,0.0
11.0,0.9980267284282716,1.3929618768328442,0.0
11.0,0.9921147013144779,1.3538611925708697,0.0
11.0,0.9822872507286886,1.3343108504398824,0.0
11.0,0.9685831611286311,1.2952101661779079,0.0
11.0,0.9510565162951536,1.2463343108504397,0.0
11.0,0.9297764858882517,1.2170087976539588,0.0
11.0,0.9048270524660192,1.158357771260997,0.0
11.0,0.8763066800438634,1.129032258064516,0.0
11.0,0.8443279255020151,1.0801564027370478,0.0
11.0,0.8090169943749477,1.0117302052785924,0.0
11.0,0.7705132427757886,0.9628543499511242,0.0
11.0,0.728968627421411,0.8846529814271751,0.0
11.0,0.6845471059286897,0.806451612903226,0.0
11.0,0.6374239897486911,0.7184750733137832,0.0
11.0,0.5877852522924734,0.6304985337243405,0.0
11.0,0.5358267949789972,0.5522971652003914,0.0
11.0,0.4817536741017162,0.45454545454545414,0.0
11.0,0.42577929156507394,0.3861192570869987,0.0
11.0,0.368124552684678,0.27859237536656867,0.0
11.0,0.3090169943749478,0.20039100684261957,0.0
11.0,0.2486898871648555,0.12218963831867047,0.0
11.0,0.18738131458572568,0.024437927663734094,0.0
11.0,0.1253332335643039,-0.053763440860215006,0.0
11.0,0.06279051952931339,-0.1319648093841641,0.0
11.0,3.6739403974420594e-16,-0.21994134897360684,0.0
11.0,-0.06279051952931265,-0.29814271749755594,0.0
11.0,-0.12533323356430318,-0.40566959921798595,0.0
11.0,-0.18738131458572496,-0.5327468230694041,0.0
11.0,-0.24868988716485477,-0.591397849462366,0.0
11.0,-0.30901699437494706,-0.6793743890518087,0.0
11.0,-0.36812455268467725,-0.7869012707722387,0.0
11.0,-0.42577929156507327,-0.8748778103616814,0.0
11.0,-0.48175367410171555,-0.9237536656891496,0.0
11.0,-0.5358267949789965,-0.9824046920821115,0.0
11.0,-0.5877852522924728,-1.0703812316715542,0.0
11.0,-0.6374239897486905,-1.1485826001955033,0.0
11.0,-0.6845471059286892,-1.2072336265884651,0.0
11.0,-0.7289686274214106,-1.2561094819159337,0.0
11.0,-0.770513242775788,-1.304985337243402,0.0
11.0,-0.8090169943749472,-1.3538611925708701,0.0
11.0,-0.8443279255020146,-1.412512218963832,0.0
11.0,-0.876306680043863,-1.4613880742913001,0.0
11.0,-0.9048270524660189,-1.4809384164222874,0.0
11.0,-0.9297764858882513,-1.520039100684262,0.0
11.0,-0.9510565162951534,-1.5298142717497556,0.0
11.0,-0.968583161128631,-1.5689149560117301,0.0
11.0,-0.9822872507286885,-1.598240469208211,0.0
11.0,-0.9921147013144779,-1.627565982404692,0.0
11.0,-0.9980267284282716,-1.6666666666666665,0.0
11.0,-1.0,-1.6764418377321602,0.0
11.0,-0.9980267284282716,-1.6666666666666665,0.0
11.0,-0.992114701314478,-1.6764418377321602,0.0
11.0,-0.9822872507286886,-1.6764418377321602,0.0
11.0,-0.9685831611286312,-1.6764418377321602,0.0
11.0,-0.9510565162951538,-1.6568914956011729,0.0
11.0,-0.9297764858882517,-1.6373411534701856,0.0
11.0,-0.9048270524660192,-1.627565982404692,0.0
11.0,-0.8763066800438635,-1.6080156402737047,0.0
11.0,-0.8443279255020151,-1.5884652981427174,0.0
11.0,-0.8090169943749477,-1.520039100684262,0.0
11.0,-0.7705132427757886,-1.4613880742913001,0.0
11.0,-0.7289686274214111,-1.3734115347018574,0.0
11.0,-0.6845471059286898,-1.3147605083088956,0.0
11.0,-0.6374239897486912,-1.2267839687194524,0.0
11.0,-0.5877852522924735,-1.1681329423264906,0.0
11.0,-0.5358267949789973,-1.1094819159335287,0.0
11.0,-0.4817536741017163,-1.0019550342130987,0.0
11.0,-0.42577929156507405,-0.8944281524926687,0.0
11.0,-0.3681245526846781,-0.7966764418377323,0.0
11.0,-0.3090169943749479,-0.7184750733137832,0.0
11.0,-0.2486898871648556,-0.6207233626588469,0.0
11.0,-0.1873813145857258,-0.5327468230694041,0.0
11.0,-0.125333233564304,-0.4643206256109478,0.0
11.0,-0.06279051952931351,-0.3958944281524923,0.0
11.0,-4.898587196589413e-16,-0.3176930596285432,0.0
11.0,0.06279051952931075,-0.21994134897360684,0.0
11.0,0.12533323356430304,-0.1319648093841641,0.0
11.0,0.1873813145857231,-0.06353861192570864,0.0
11.0,0.24868988716485466,0.03421309872922773,0.0
11.0,0.30901699437494523,0.11241446725317683,0.0
11.0,0.36812455268467714,0.20039100684261957,0.0
11.0,0.42577929156507155,0.27859237536656867,0.0
11.0,0.48175367410171543,0.3372434017595305,0.0
11.0,0.535826794978995,0.4154447702834796,0.0
11.0,0.5877852522924727,0.5425219941348978,0.0
11.0,0.6374239897486891,0.6207233626588469,0.0
11.0,0.6845471059286891,0.6891495601173023,0.0
11.0,0.7289686274214104,0.7673509286412514,0.0
11.0,0.7705132427757891,0.8357771260997069,0.0
11.0,0.8090169943749471,0.9042033235581624,0.0
11.0,0.8443279255020155,0.9628543499511242,0.0
11.0,0.876306680043863,1.050830889540567,0.0
11.0,0.9048270524660196,1.1094819159335287,0.0
11.0,0.9297764858882513,1.158357771260997,0.0
11.0,0.951056516295154,1.2072336265884651,0.0
11.0,0.9685831611286309,1.2463343108504397,0.0
11.0,0.9822872507286888,1.3049853372434015,0.0
11.0,0.9921147013144779,1.344086021505376,0.0
11.0,0.9980267284282717,1.3538611925708697,0.0
11.0,1.0,1.3831867057673506,0.0
11.0,0.9980267284282718,1.3831867057673506,0.0
11.0,0.992114701314478,1.3831867057673506,0.0
11.0,0.9822872507286889,1.3636363636363633,0.0
11.0,0.9685831611286312,1.3245356793743888,0.0
11.0,0.9510565162951543,1.2952101661779079,0.0
11.0,0.9297764858882518,1.2561094819159333,0.0
11.0,0.90482705246602,1.2072336265884651,0.0
11.0,0.8763066800438635,1.1485826001955033,0.0
11.0,0.8443279255020162,1.0899315738025415,0.0
11.0,0.8090169943749478,1.0410557184750733,0.0
11.0,0.7705132427757898,0.9726295210166178,0.0
11.0,0.7289686274214112,0.9237536656891496,0.0
11.0,0.6845471059286898,0.8455522971652005,0.0
11.0,0.6374239897486899,0.7673509286412514,0.0
11.0,0.5877852522924736,0.6891495601173023,0.0
11.0,0.5358267949789959,0.6304985337243405,0.0
11.0,0.48175367410171643,0.5425219941348978,0.0
11.0,0.42577929156507255,0.4447702834799605,0.0
11.0,0.3681245526846782,0.3665689149560114,0.0
11.0,0.3090169943749463,0.29814271749755594,0.0
11.0,0.2486898871648557,0.21994134897360684,0.0
11.0,0.18738131458572418,0.15151515151515138,0.0
11.0,0.12533323356430415,0.04398826979472137,0.0
11.0,0.06279051952931186,-0.024437927663734094,0.0
11.0,6.123233995736766e-16,-0.09286412512218956,0.0
11.0,-0.06279051952931064,-0.17106549364613866,0.0
11.0,-0.12533323356430293,-0.26881720430107503,0.0
11.0,-0.18738131458572296,-0.3372434017595305,0.0
11.0,-0.24868988716485452,-0.43499511241446687,0.0
11.0,-0.3090169943749451,-0.5229716520039105,0.0
11.0,-0.3681245526846787,-0.591397849462366,0.0
11.0,-0.42577929156506983,-0.669599217986315,0.0
11.0,-0.4817536741017154,-0.7771260997067451,0.0
11.0,-0.5358267949789964,-0.8748778103616814,0.0
11.0,-0.5877852522924726,-0.9726295210166178,0.0
11.0,-0.637423989748689,-1.0410557184750733,0.0
11.0,-0.6845471059286877,-1.1192570869990224,0.0
11.0,-0.7289686274214103,-1.2072336265884651,0.0
11.0,-0.7705132427757901,-1.2952101661779083,0.0
11.0,-0.809016994374946,-1.3440860215053765,0.0
11.0,-0.8443279255020155,-1.4027370478983383,0.0
11.0,-0.8763066800438638,-1.4809384164222874,0.0
11.0,-0.9048270524660196,-1.5591397849462365,0.0
11.0,-0.9297764858882513,-1.6080156402737047,0.0
11.0,-0.9510565162951534,-1.6471163245356792,0.0
11.0,-0.9685831611286309,-1.6862170087976538,0.0
11.0,-0.982287250728689,-1.705767350928641,0.0
11.0,-0.9921147013144777,-1.7253176930596283,0.0
11.0,-0.9980267284282717,-1.7546432062561097,0.0
11.0,-1.0,-1.7644183773216033,0.0
11.0,-0.9980267284282718,-1.774193548387097,0.0
11.0,-0.9921147013144778,-1.774193548387097,0.0
11.0,-0.9822872507286894,-1.7448680351906156,0.0
11.0,-0.9685831611286312,-1.735092864125122,0.0
11.0,-0.9510565162951538,-1.7155425219941347,0.0
11.0,-0.9297764858882518,-1.6764418377321602,0.0
11.0,-0.9048270524660201,-1.627565982404692,0.0
11.0,-0.8763066800438645,-1.5786901270772238,0.0
11.0,-0.8443279255020162,-1.5395894428152492,0.0
11.0,-0.8090169943749468,-1.490713587487781,0.0
11.0,-0.770513242775791,-1.4027370478983383,0.0
11.0,-0.7289686274214113,-1.3636363636363638,0.0
11.0,-0.6845471059286887,-1.275659824046921,0.0
11.0,-0.63742398974869,-1.1974584555229715,0.0
11.0,-0.5877852522924737,-1.129032258064516,0.0
11.0,-0.5358267949789975,-1.0703812316715542,0.0
11.0,-0.48175367410171654,-1.021505376344086,0.0
11.0,-0.42577929156507105,-0.9433040078201369,0.0
11.0,-0.36812455268468,-0.8553274682306942,0.0
11.0,-0.3090169943749464,-0.7478005865102642,0.0
11.0,-0.2486898871648541,-0.669599217986315,0.0
11.0,-0.1873813145857243,-0.5816226783968723,0.0
11.0,-0.12533323356430426,-0.4740957966764414,0.0
11.0,-0.06279051952931375,-0.3665689149560114,0.0
11.0,-7.347880794884119e-16,-0.2590420332355814,0.0
11.0,0.06279051952931229,-0.19061583577712593,0.0
11.0,0.12533323356430282,-0.1026392961876832,0.0
11.0,0.18738131458572285,-0.004887585532746819,0.0
11.0,0.24868988716485269,0.11241446725317683,0.0
11.0,0.309016994374945,0.2101661779081132,0.0
11.0,0.3681245526846786,0.2883675464320623,0.0
11.0,0.4257792915650697,0.3861192570869987,0.0
11.0,0.48175367410171527,0.45454545454545414,0.0
11.0,0.5358267949789963,0.5327468230694041,0.0
11.0,0.5877852522924725,0.6207233626588469,0.0
11.0,0.6374239897486889,0.7086999022482896,0.0
11.0,0.6845471059286876,0.7869012707722387,0.0
11.0,0.7289686274214102,0.8651026392961878,0.0
11.0,0.7705132427757901,0.9530791788856305,0.0
11.0,0.8090169943749459,1.0117302052785924,0.0
11.0,0.8443279255020154,1.0801564027370478,0.0
11.0,0.8763066800438637,1.1388074291300097,0.0
11.0,0.9048270524660195,1.2170087976539588,0.0
11.0,0.9297764858882512,1.2756598240469206,0.0
11.0,0.9510565162951533,1.3343108504398824,0.0
11.0,0.9685831611286309,1.4027370478983379,0.0
11.0,0.982287250728689,1.4320625610948188,0.0
11.0,0.9921147013144777,1.4907135874877806,0.0
11.0,0.9980267284282717,1.5102639296187688,0.0
11.0,1.0,1.5200391006842624,0.0
11.0,0.9980267284282718,1.5200391006842624,0.0
11.0,0.9921147013144778,1.5493646138807433,0.0
11.0,0.9822872507286894,1.5395894428152497,0.0
11.0,0.9685831611286312,1.5004887585532742,0.0
11.0,0.9510565162951539,1.4711632453567933,0.0
11.0,0.9297764858882518,1.4320625610948188,0.0
11.0,0.9048270524660201,1.4027370478983379,0.0
11.0,0.8763066800438645,1.373411534701857,0.0
11.0,0.8443279255020163,1.2952101661779079,0.0
11.0,0.8090169943749469,1.2267839687194524,0.0
11.0,0.7705132427757911,1.1681329423264906,0.0
11.0,0.7289686274214113,1.1094819159335287,0.0
11.0,0.6845471059286887,1.050830889540567,0.0
11.0,0.6374239897486901,0.9530791788856305,0.0
11.0,0.5877852522924738,0.8455522971652005,0.0
11.0,0.5358267949789977,0.7575757575757578,0.0
11.0,0.48175367410171666,0.669599217986315,0.0
11.0,0.42577929156507116,0.591397849462366,0.0
11.0,0.3681245526846801,0.5229716520039105,0.0
11.0,0.30901699437494656,0.4154447702834796,0.0
11.0,0.24868988716485424,0.32746823069403685,0.0
11.0,0.1873813145857244,0.22971652003910048,0.0
11.0,0.1253332335643044,0.15151515151515138,0.0
11.0,0.06279051952931387,0.07331378299120228,0.0
11.0,8.572527594031472e-16,0.014662756598240456,0.0
11.0,-0.06279051952931217,-0.06353861192570864,0.0
11.0,-0.12533323356430268,-0.16129032258064502,0.0
11.0,-0.18738131458572274,-0.24926686217008776,0.0
11.0,-0.24868988716485257,-0.3665689149560114,0.0
11.0,-0.3090169943749449,-0.42521994134897323,0.0
11.0,-0.3681245526846785,-0.4936461388074287,0.0
11.0,-0.4257792915650696,-0.5816226783968723,0.0
11.0,-0.48175367410171516,-0.6500488758553278,0.0
11.0,-0.5358267949789962,-0.7575757575757578,0.0
11.0,-0.5877852522924725,-0.8260019550342133,0.0
11.0,-0.6374239897486887,-0.913978494623656,0.0
11.0,-0.6845471059286875,-0.9921798631476051,0.0
11.0,-0.7289686274214101,-1.0703812316715542,0.0
11.0,-0.77051324277579,-1.1681329423264906,0.0
11.0,-0.8090169943749459,-1.2561094819159337,0.0
11.0,-0.8443279255020153,-1.2952101661779083,0.0
11.0,-0.8763066800438637,-1.3636363636363638,0.0
11.0,-0.9048270524660195,-1.4222873900293256,0.0
11.0,-0.9297764858882512,-1.4711632453567938,0.0
11.0,-0.9510565162951533,-1.520039100684262,0.0
11.0,-0.9685831611286309,-1.5786901270772238,0.0
11.0,-0.982287250728689,-1.6373411534701856,0.0
11.0,-0.9921147013144775,-1.6568914956011729,0.0
11.0,-0.9980267284282717,-1.6471163245356792,0.0
11.0,-1.0,-1.6568914956011729,0.0
11.0,-0.9980267284282718,-1.6568914956011729,0.0
11.0,-0.9921147013144778,-1.6666666666666665,0.0
11.0,-0.9822872507286894,-1.6568914956011729,0.0
11.0,-0.9685831611286313,-1.6373411534701856,0.0
11.0,-0.9510565162951539,-1.627565982404692,0.0
11.0,-0.9297764858882519,-1.6080156402737047,0.0
11.0,-0.9048270524660202,-1.5591397849462365,0.0
11.0,-0.8763066800438646,-1.5395894428152492,0.0
11.0,-0.8443279255020164,-1.4809384164222874,0.0
11.0,-0.8090169943749469,-1.412512218963832,0.0
11.0,-0.7705132427757913,-1.3440860215053765,0.0
11.0,-0.7289686274214114,-1.2561094819159337,0.0
11.0,-0.6845471059286888,-1.1681329423264906,0.0
11.0,-0.6374239897486902,-1.0899315738025415,0.0
11.0,-0.5877852522924739,-1.0019550342130987,0.0
11.0,-0.5358267949789978,-0.913978494623656,0.0
11.0,-0.48175367410171677,-0.8357771260997069,0.0
11.0,-0.42577929156507127,-0.7575757575757578,0.0
11.0,-0.3681245526846802,-0.6598240469208214,0.0
11.0,-0.3090169943749467,-0.591397849462366,0.0
11.0,-0.24868988716485435,-0.4936461388074287,0.0
11.0,-0.18738131458572455,-0.3958944281524923,0.0
11.0,-0.1253332335643045,-0.3176930596285432,0.0
11.0,-0.062790519529314,-0.21994134897360684,0.0
11.0,-9.797174393178826e-16,-0.12218963831867047,0.0
11.0,0.06279051952931204,-0.04398826979472137,0.0
11.0,0.12533323356429904,0.053763440860215006,0.0
11.0,0.1873813145857261,0.1319648093841641,0.0
11.0,0.24868988716485246,0.21994134897360684,0.0
11.0,0.3090169943749448,0.27859237536656867,0.0
11.0,0.36812455268467503,0.35679374389051777,0.0
11.0,0.4257792915650727,0.45454545454545414,0.0
11.0,0.48175367410171505,0.5816226783968723,0.0
11.0,0.5358267949789961,0.6598240469208214,0.0
11.0,0.5877852522924695,0.7478005865102642,0.0
11.0,0.6374239897486914,0.806451612903226,0.0
11.0,0.6845471059286874,0.8748778103616814,0.0
11.0,0.7289686274214101,0.9433040078201369,0.0
11.0,0.7705132427757877,1.021505376344086,0.0
11.0,0.8090169943749479,1.0801564027370478,0.0
11.0,0.8443279255020153,1.1779081133919842,0.0
11.0,0.8763066800438636,1.2561094819159333,0.0
11.0,0.9048270524660179,1.2952101661779079,0.0
11.0,0.9297764858882525,1.3538611925708697,0.0
11.0,0.9510565162951533,1.4125122189638315,0.0
11.0,0.9685831611286307,1.451612903225806,0.0
11.0,0.9822872507286884,1.4907135874877806,0.0
11.0,0.992114701314478,1.5395894428152497,0.0
11.0,0.9980267284282717,1.5884652981427179,0.0
11.0,1.0,1.5786901270772242,0.0
11.0,0.9980267284282718,1.5884652981427179,0.0
11.0,0.9921147013144783,1.5786901270772242,0.0
11.0,0.9822872507286887,1.559139784946237,0.0
11.0,0.9685831611286313,1.5786901270772242,0.0
11.0,0.9510565162951539,1.5689149560117306,0.0
11.0,0.9297764858882532,1.529814271749756,0.0
11.0,0.9048270524660188,1.480938416422287,0.0
11.0,0.8763066800438646,1.4222873900293251,0.0
11.0,0.8443279255020164,1.3831867057673506,0.0
11.0,0.8090169943749491,1.3343108504398824,0.0
11.0,0.770513242775789,1.2854349951124142,0.0
11.0,0.7289686274214116,1.2072336265884651,0.0
11.0,0.684547105928689,1.1485826001955033,0.0
11.0,0.637423989748693,1.0801564027370478,0.0
11.0,0.5877852522924711,0.9921798631476051,0.0
11.0,0.5358267949789979,0.9433040078201369,0.0
11.0,0.4817536741017169,0.8846529814271751,0.0
11.0,0.4257792915650746,0.8260019550342133,0.0
11.0,0.368124552684677,0.7478005865102642,0.0
11.0,0.3090169943749468,0.6500488758553278,0.0
11.0,0.24868988716485446,0.5522971652003914,0.0
11.0,0.18738131458572815,0.48387096774193505,0.0
11.0,0.1253332335643011,0.42521994134897323,0.0
11.0,0.06279051952931412,0.3861192570869987,0.0
11.0,1.102182119232618e-15,0.29814271749755594,0.0
11.0,-0.06279051952931192,0.21994134897360684,0.0
11.0,-0.12533323356429893,0.1319648093841641,0.0
11.0,-0.187381314585726,0.06353861192570864,0.0
11.0,-0.24868988716485232,-0.014662756598240456,0.0
11.0,-0.3090169943749447,-0.1026392961876832,0.0
11.0,-0.3681245526846749,-0.19061583577712593,0.0
11.0,-0.4257792915650726,-0.2590420332355814,0.0
11.0,-0.48175367410171493,-0.3372434017595305,0.0
11.0,-0.535826794978996,-0.40566959921798595,0.0
11.0,-0.5877852522924694,-0.4936461388074287,0.0
11.0,-0.6374239897486913,-0.5816226783968723,0.0
11.0,-0.6845471059286873,-0.6598240469208214,0.0
11.0,-0.72896862742141,-0.7282502443792769,0.0
11.0,-0.7705132427757876,-0.806451612903226,0.0
11.0,-0.8090169943749478,-0.8846529814271751,0.0
11.0,-0.8443279255020152,-0.9530791788856305,0.0
11.0,-0.8763066800438636,-1.0312805474095796,0.0
11.0,-0.9048270524660178,-1.1094819159335287,0.0
11.0,-0.9297764858882525,-1.1779081133919842,0.0
11.0,-0.9510565162951532,-1.2561094819159337,0.0
11.0,-0.9685831611286307,-1.3245356793743892,0.0
11.0,-0.9822872507286883,-1.3636363636363638,0.0
11.0,-0.992114701314478,-1.3929618768328447,0.0
11.0,-0.9980267284282717,-1.412512218963832,0.0
11.0,-1.0,-1.4320625610948192,0.0
11.0,-0.9980267284282718,-1.4613880742913001,0.0
11.0,-0.9921147013144783,-1.4809384164222874,0.0
11.0,-0.9822872507286887,-1.490713587487781,0.0
11.0,-0.9685831611286313,-1.4809384164222874,0.0
11.0,-0.951056516295154,-1.4711632453567938,0.0
11.0,-0.9297764858882532,-1.4516129032258065,0.0
11.0,-0.9048270524660188,-1.4222873900293256,0.0
11.0,-0.8763066800438647,-1.412512218963832,0.0
11.0,-0.8443279255020165,-1.383186705767351,0.0
11.0,-0.8090169943749491,-1.3245356793743892,0.0
11.0,-0.770513242775789,-1.2658846529814274,0.0
11.0,-0.7289686274214117,-1.2267839687194524,0.0
11.0,-0.6845471059286891,-1.158357771260997,0.0
11.0,-0.6374239897486931,-1.099706744868035,0.0
11.0,-0.5877852522924712,-1.050830889540567,0.0
11.0,-0.535826794978998,-0.9921798631476051,0.0
11.0,-0.481753674101717,-0.9237536656891496,0.0
11.0,-0.4257792915650747,-0.8455522971652005,0.0
11.0,-0.3681245526846771,-0.7673509286412514,0.0
11.0,-0.3090169943749469,-0.6500488758553278,0.0
11.0,-0.2486898871648546,-0.5718475073313787,0.0
11.0,-0.18738131458572826,-0.4936461388074287,0.0
11.0,-0.12533323356430123,-0.42521994134897323,0.0
11.0,-0.06279051952931425,-0.34701857282502413,0.0
11.0,-1.2246467991473533e-15,-0.26881720430107503,0.0
11.0,0.06279051952931179,-0.17106549364613866,0.0
11.0,0.1253332335642988,-0.09286412512218956,0.0
11.0,0.18738131458572588,-0.024437927663734094,0.0
11.0,0.2486898871648522,0.06353861192570864,0.0
11.0,0.30901699437494456,0.14173998044965774,0.0
11.0,0.3681245526846748,0.2590420332355814,0.0
11.0,0.4257792915650725,0.32746823069403685,0.0
11.0,0.4817536741017148,0.40566959921798595,0.0
11.0,0.5358267949789959,0.4936461388074287,0.0
11.0,0.5877852522924693,0.562072336265885,0.0
11.0,0.6374239897486885,0.6598240469208214,0.0
11.0,0.6845471059286898,0.7478005865102642,0.0
11.0,0.7289686274214099,0.8357771260997069,0.0
11.0,0.7705132427757853,0.913978494623656,0.0
11.0,0.8090169943749498,0.9628543499511242,0.0
11.0,0.8443279255020152,1.021505376344086,0.0
11.0,0.8763066800438618,1.0801564027370478,0.0
11.0,0.9048270524660192,1.129032258064516,0.0
11.0,0.9297764858882523,1.1779081133919842,0.0
11.0,0.9510565162951532,1.2463343108504397,0.0
11.0,0.9685831611286316,1.3049853372434015,0.0
11.0,0.9822872507286883,1.3343108504398824,0.0
11.0,0.992114701314478,1.373411534701857,0.0
11.0,0.9980267284282713,1.4125122189638315,0.0
11.0,1.0,1.4027370478983379,0.0
11.0,0.9980267284282718,1.3929618768328442,0.0
11.0,0.9921147013144788,1.373411534701857,0.0
11.0,0.9822872507286882,1.3831867057673506,0.0
11.0,0.9685831611286313,1.3831867057673506,0.0
11.0,0.9510565162951551,1.3147605083088951,0.0
11.0,0.929776485888252,1.2854349951124142,0.0
11.0,0.9048270524660189,1.2463343108504397,0.0
11.0,0.8763066800438647,1.1974584555229715,0.0
11.0,0.8443279255020146,1.1094819159335287,0.0
11.0,0.8090169943749492,1.0703812316715542,0.0
11.0,0.7705132427757891,0.9921798631476051,0.0
11.0,0.7289686274214141,0.9530791788856305,0.0
11.0,0.6845471059286892,0.8748778103616814,0.0
11.0,0.6374239897486932,0.7869012707722387,0.0
11.0,0.5877852522924742,0.7086999022482896,0.0
11.0,0.535826794978995,0.6207233626588469,0.0
11.0,0.48175367410171704,0.5425219941348978,0.0
11.0,0.42577929156507804,0.45454545454545414,0.0
11.0,0.3681245526846739,0.3372434017595305,0.0
11.0,0.309016994374947,0.24926686217008776,0.0
11.0,0.24868988716485815,0.1808406647116323,0.0
11.0,0.1873813145857249,0.08308895405669592,0.0
11.0,0.12533323356430134,-0.014662756598240456,0.0
11.0,0.06279051952931436,-0.1026392961876832,0.0
11.0,4.899825157862589e-15,-0.2101661779081132,0.0
11.0,-0.06279051952931168,-0.3079178885630496,0.0
11.0,-0.12533323356429868,-0.3958944281524923,0.0
11.0,-0.18738131458572224,-0.48387096774193505,0.0
11.0,-0.24868988716485554,-0.5522971652003914,0.0
11.0,-0.30901699437494445,-0.6207233626588469,0.0
11.0,-0.3681245526846714,-0.6891495601173023,0.0
11.0,-0.4257792915650756,-0.7673509286412514,0.0
11.0,-0.4817536741017147,-0.8357771260997069,0.0
11.0,-0.5358267949789928,-0.9042033235581624,0.0
11.0,-0.587785252292472,-0.9824046920821115,0.0
11.0,-0.6374239897486911,-1.050830889540567,0.0
11.0,-0.6845471059286872,-1.1388074291300097,0.0
11.0,-0.7289686274214123,-1.2072336265884651,0.0
11.0,-0.7705132427757875,-1.2463343108504397,0.0
11.0,-0.8090169943749477,-1.3147605083088956,0.0
11.0,-0.8443279255020132,-1.383186705767351,0.0
11.0,-0.8763066800438635,-1.4613880742913001,0.0
11.0,-0.9048270524660177,-1.520039100684262,0.0
11.0,-0.929776485888251,-1.5591397849462365,0.0
11.0,-0.9510565162951542,-1.6080156402737047,0.0
11.0,-0.9685831611286306,-1.6471163245356792,0.0
11.0,-0.9822872507286876,-1.6764418377321602,0.0
11.0,-0.9921147013144784,-1.7253176930596283,0.0
11.0,-0.9980267284282716,-1.7448680351906156,0.0
11.0,-1.0,-1.7546432062561097,0.0
11.0,-0.9980267284282716,-1.7839687194525906,0.0
11.0,-0.9921147013144783,-1.774193548387097,0.0
11.0,-0.9822872507286888,-1.7644183773216033,0.0
11.0,-0.9685831611286323,-1.7546432062561097,0.0
12.0,-0.9510565162951536,0.004887585532746819,0.0
12.0,-0.9297764858882512,-0.014662756598240456,0.0
12.0,-0.9048270524660199,0.004887585532746819,0.0
12.0,-0.8763066800438638,-0.004887585532746819,0.0
12.0,-0.8443279255020155,-0.06353861192570864,0.0
12.0,-0.8090169943749476,-0.5635386119257086,0.0
12.0,-0.7705132427757896,-1.0635386119257086,0.0
12.0,-0.7289686274214116,-1.0410557184750733,0.0
12.0,-0.684547105928689,-1.021505376344086,0.0
12.0,-0.6374239897486896,-0.9530791788856305,0.0
12.0,-0.5877852522924734,-0.913978494623656,0.0
12.0,-0.5358267949789963,-0.8846529814271751,0.0
12.0,-0.4817536741017153,-0.8357771260997069,0.0
12.0,-0.4257792915650722,-0.7771260997067451,0.0
12.0,-0.3681245526846787,-0.698924731182796,0.0
12.0,-0.3090169943749477,-0.6207233626588469,0.0
12.0,-0.24868988716485535,-0.5425219941348978,0.0
12.0,-0.18738131458572468,-0.48387096774193505,0.0
12.0,-0.12533323356430465,-0.3665689149560114,0.0
12.0,-0.06279051952931326,-0.3176930596285432,0.0
12.0,-2.4492935982947064e-16,-0.22971652003910048,0.0
12.0,0.06279051952931278,-0.15151515151515138,0.0
12.0,0.12533323356430418,-0.08308895405669592,0.0
12.0,0.1873813145857242,0.014662756598240456,0.0
12.0,0.24868988716485488,0.11241446725317683,0.0
12.0,0.3090169943749472,0.22971652003910048,0.0
12.0,0.3681245526846782,0.32746823069403685,0.0
12.0,0.42577929156507255,0.40566959921798595,0.0
12.0,0.48175367410171566,0.48387096774193505,0.0
12.0,0.5358267949789967,0.562072336265885,0.0
12.0,0.5877852522924736,0.6304985337243405,0.0
12.0,0.6374239897486899,0.7184750733137832,0.0
12.0,0.6845471059286893,0.7966764418377323,0.0
12.0,0.7289686274214107,0.9042033235581624,0.0
12.0,0.7705132427757887,0.9628543499511242,0.0
12.0,0.8090169943749468,1.0312805474095796,0.0
12.0,0.8443279255020147,1.0801564027370478,0.0
12.0,0.8763066800438631,1.1876832844574778,0.0
12.0,0.9048270524660194,1.2267839687194524,0.0
12.0,0.9297764858882511,1.2561094819159333,0.0
12.0,0.9510565162951535,1.2952101661779079,0.0
12.0,0.968583161128631,1.3049853372434015,0.0
12.0,0.9822872507286886,1.3147605083088951,0.0
12.0,0.9921147013144778,1.3147605083088951,0.0
12.0,0.9980267284282716,1.344086021505376,0.0
12.0,1.0,1.3636363636363633,0.0
12.0,0.9980267284282716,1.373411534701857,0.0
12.0,0.9921147013144779,1.3636363636363633,0.0
12.0,0.9822872507286886,1.344086021505376,0.0
12.0,0.9685831611286311,1.3343108504398824,0.0
12.0,0.9510565162951536,1.3538611925708697,0.0
12.0,0.9297764858882517,1.3147605083088951,0.0
12.0,0.9048270524660192,1.2561094819159333,0.0
12.0,0.8763066800438634,1.2463343108504397,0.0
12.0,0.8443279255020151,1.1876832844574778,0.0
12.0,0.8090169943749477,1.129032258064516,0.0
12.0,0.7705132427757886,1.0410557184750733,0.0
12.0,0.728968627421411,0.9824046920821115,0.0
12.0,0.6845471059286897,0.9433040078201369,0.0
12.0,0.6374239897486911,0.8651026392961878,0.0
12.0,0.5877852522924734,0.806451612903226,0.0
12.0,0.5358267949789972,0.7282502443792769,0.0
12.0,0.4817536741017162,0.669599217986315,0.0
12.0,0.42577929156507394,0.591397849462366,0.0
12.0,0.368124552684678,0.48387096774193505,0.0
12.0,0.3090169943749478,0.3861192570869987,0.0
12.0,0.2486898871648555,0.3079178885630496,0.0
12.0,0.18738131458572568,0.22971652003910048,0.0
12.0,0.1253332335643039,0.16129032258064502,0.0
12.0,0.06279051952931339,0.053763440860215006,0.0
12.0,3.6739403974420594e-16,-0.053763440860215006,0.0
12.0,-0.06279051952931265,-0.16129032258064502,0.0
12.0,-0.12533323356430318,-0.27859237536656867,0.0
12.0,-0.18738131458572496,-0.32746823069403685,0.0
12.0,-0.24868988716485477,-0.4447702834799605,0.0
12.0,-0.30901699437494706,-0.5522971652003914,0.0
12.0,-0.36812455268467725,-0.6402737047898341,0.0
12.0,-0.42577929156507327,-0.7575757575757578,0.0
12.0,-0.48175367410171555,-0.8553274682306942,0.0
12.0,-0.5358267949789965,-0.913978494623656,0.0
12.0,-0.5877852522924728,-1.0117302052785924,0.0
12.0,-0.6374239897486905,-1.0899315738025415,0.0
12.0,-0.6845471059286892,-1.1876832844574778,0.0
12.0,-0.7289686274214106,-1.2952101661779083,0.0
12.0,-0.770513242775788,-1.3734115347018574,0.0
12.0,-0.8090169943749472,-1.412512218963832,0.0
12.0,-0.8443279255020146,-1.5102639296187683,0.0
12.0,-0.876306680043863,-1.5591397849462365,0.0
12.0,-0.9048270524660189,-1.6373411534701856,0.0
12.0,-0.9297764858882513,-1.6862170087976538,0.0
12.0,-0.9510565162951534,-1.7155425219941347,0.0
12.0,-0.968583161128631,-1.7155425219941347,0.0
12.0,-0.9822872507286885,-1.774193548387097,0.0
12.0,-0.9921147013144779,-1.7937438905180842,0.0
12.0,-0.9980267284282716,-1.774193548387097,0.0
12.0,-1.0,-1.7546432062561097,0.0
12.0,-0.9980267284282716,-1.7253176930596283,0.0
12.0,-0.992114701314478,-1.7448680351906156,0.0
12.0,-0.9822872507286886,-1.7253176930596283,0.0
12.0,-0.9685831611286312,-1.7155425219941347,0.0
12.0,-0.9510565162951538,-1.6959921798631474,0.0
12.0,-0.9297764858882517,-1.6373411534701856,0.0
12.0,-0.9048270524660192,-1.5884652981427174,0.0
12.0,-0.8763066800438635,-1.5395894428152492,0.0
12.0,-0.8443279255020151,-1.4613880742913001,0.0
12.0,-0.8090169943749477,-1.383186705767351,0.0
12.0,-0.7705132427757886,-1.3343108504398828,0.0
12.0,-0.7289686274214111,-1.2463343108504397,0.0
12.0,-0.6845471059286898,-1.1974584555229715,0.0
12.0,-0.6374239897486912,-1.158357771260997,0.0
12.0,-0.5877852522924735,-1.099706744868035,0.0
12.0,-0.5358267949789973,-1.0312805474095796,0.0
12.0,-0.4817536741017163,-0.9628543499511242,0.0
12.0,-0.42577929156507405,-0.8748778103616814,0.0
12.0,-0.3681245526846781,-0.7966764418377323,0.0
12.0,-0.3090169943749479,-0.7380254154447705,0.0
12.0,-0.2486898871648556,-0.6598240469208214,0.0
12.0,-0.1873813145857258,-0.6011730205278596,0.0
12.0,-0.125333233564304,-0.5229716520039105,0.0
12.0,-0.06279051952931351,-0.4154447702834796,0.0
12.0,-4.898587196589413e-16,-0.34701857282502413,0.0
12.0,0.06279051952931075,-0.23949169110459412,0.0
12.0,0.12533323356430304,-0.14173998044965774,0.0
12.0,0.1873813145857231,-0.06353861192570864,0.0
12.0,0.24868988716485466,0.004887585532746819,0.0
12.0,0.30901699437494523,0.1026392961876832,0.0
12.0,0.36812455268467714,0.1808406647116323,0.0
12.0,0.42577929156507155,0.27859237536656867,0.0
12.0,0.48175367410171543,0.3861192570869987,0.0
12.0,0.535826794978995,0.4936461388074287,0.0
12.0,0.5877852522924727,0.5718475073313787,0.0
12.0,0.6374239897486891,0.6500488758553278,0.0
12.0,0.6845471059286891,0.7184750733137832,0.0
12.0,0.7289686274214104,0.7966764418377323,0.0
12.0,0.7705132427757891,0.8357771260997069,0.0
12.0,0.8090169943749471,0.913978494623656,0.0
12.0,0.8443279255020155,0.9921798631476051,0.0
12.0,0.876306680043863,1.0801564027370478,0.0
12.0,0.9048270524660196,1.1192570869990224,0.0
12.0,0.9297764858882513,1.1681329423264906,0.0
12.0,0.951056516295154,1.2170087976539588,0.0
12.0,0.9685831611286309,1.265884652981427,0.0
12.0,0.9822872507286888,1.3147605083088951,0.0
12.0,0.9921147013144779,1.3343108504398824,0.0
12.0,0.9980267284282717,1.3636363636363633,0.0
12.0,1.0,1.3929618768328442,0.0
12.0,0.9980267284282718,1.4125122189638315,0.0
12.0,0.992114701314478,1.3929618768328442,0.0
12.0,0.9822872507286889,1.373411534701857,0.0
12.0,0.9685831611286312,1.3636363636363633,0.0
12.0,0.9510565162951543,1.344086021505376,0.0
12.0,0.9297764858882518,1.3343108504398824,0.0
12.0,0.90482705246602,1.2952101661779079,0.0
12.0,0.8763066800438635,1.2561094819159333,0.0
12.0,0.8443279255020162,1.1974584555229715,0.0
12.0,0.8090169943749478,1.1485826001955033,0.0
12.0,0.7705132427757898,1.0899315738025415,0.0
12.0,0.7289686274214112,1.0312805474095796,0.0
12.0,0.6845471059286898,0.9824046920821115,0.0
12.0,0.6374239897486899,0.913978494623656,0.0
12.0,0.5877852522924736,0.806451612903226,0.0
12.0,0.5358267949789959,0.7282502443792769,0.0
12.0,0.48175367410171643,0.6402737047898341,0.0
12.0,0.42577929156507255,0.5327468230694041,0.0
12.0,0.3681245526846782,0.42521994134897323,0.0
12.0,0.3090169943749463,0.34701857282502413,0.0
12.0,0.2486898871648557,0.2883675464320623,0.0
12.0,0.18738131458572418,0.19061583577712593,0.0
12.0,0.12533323356430415,0.1026392961876832,0.0
12.0,0.06279051952931186,0.004887585532746819,0.0
12.0,6.123233995736766e-16,-0.07331378299120228,0.0
12.0,-0.06279051952931064,-0.16129032258064502,0.0
12.0,-0.12533323356430293,-0.26881720430107503,0.0
12.0,-0.18738131458572296,-0.3372434017595305,0.0
12.0,-0.24868988716485452,-0.3958944281524923,0.0
12.0,-0.3090169943749451,-0.4936461388074287,0.0
12.0,-0.3681245526846787,-0.6011730205278596,0.0
12.0,-0.42577929156506983,-0.6793743890518087,0.0
12.0,-0.4817536741017154,-0.7673509286412514,0.0
12.0,-0.5358267949789964,-0.8748778103616814,0.0
12.0,-0.5877852522924726,-0.9921798631476051,0.0
12.0,-0.637423989748689,-1.0801564027370478,0.0
12.0,-0.6845471059286877,-1.1485826001955033,0.0
12.0,-0.7289686274214103,-1.2072336265884651,0.0
12.0,-0.7705132427757901,-1.2952101661779083,0.0
12.0,-0.809016994374946,-1.3440860215053765,0.0
12.0,-0.8443279255020155,-1.4027370478983383,0.0
12.0,-0.8763066800438638,-1.4516129032258065,0.0
12.0,-0.9048270524660196,-1.5004887585532747,0.0
12.0,-0.9297764858882513,-1.5493646138807429,0.0
12.0,-0.9510565162951534,-1.5884652981427174,0.0
12.0,-0.9685831611286309,-1.598240469208211,0.0
12.0,-0.982287250728689,-1.598240469208211,0.0
12.0,-0.9921147013144777,-1.598240469208211,0.0
12.0,-0.9980267284282717,-1.6373411534701856,0.0
12.0,-1.0,-1.6471163245356792,0.0
12.0,-0.9980267284282718,-1.6568914956011729,0.0
12.0,-0.9921147013144778,-1.6568914956011729,0.0
12.0,-0.9822872507286894,-1.6471163245356792,0.0
12.0,-0.9685831611286312,-1.6373411534701856,0.0
12.0,-0.9510565162951538,-1.6080156402737047,0.0
12.0,-0.9297764858882518,-1.598240469208211,0.0
12.0,-0.9048270524660201,-1.5786901270772238,0.0
12.0,-0.8763066800438645,-1.5493646138807429,0.0
12.0,-0.8443279255020162,-1.520039100684262,0.0
12.0,-0.8090169943749468,-1.4516129032258065,0.0
12.0,-0.770513242775791,-1.383186705767351,0.0
12.0,-0.7289686274214113,-1.3147605083088956,0.0
12.0,-0.6845471059286887,-1.2561094819159337,0.0
12.0,-0.63742398974869,-1.1876832844574778,0.0
12.0,-0.5877852522924737,-1.0899315738025415,0.0
12.0,-0.5358267949789975,-1.0019550342130987,0.0
12.0,-0.48175367410171654,-0.9237536656891496,0.0
12.0,-0.42577929156507105,-0.8357771260997069,0.0
12.0,-0.36812455268468,-0.7771260997067451,0.0
12.0,-0.3090169943749464,-0.698924731182796,0.0
12.0,-0.2486898871648541,-0.591397849462366,0.0
12.0,-0.1873813145857243,-0.48387096774193505,0.0
12.0,-0.12533323356430426,-0.37634408602150504,0.0
12.0,-0.06279051952931375,-0.2590420332355814,0.0
12.0,-7.347880794884119e-16,-0.1808406647116323,0.0
12.0,0.06279051952931229,-0.1026392961876832,0.0
12.0,0.12533323356430282,-0.03421309872922773,0.0
12.0,0.18738131458572285,0.04398826979472137,0.0
12.0,0.24868988716485269,0.11241446725317683,0.0
12.0,0.309016994374945,0.2101661779081132,0.0
12.0,0.3681245526846786,0.29814271749755594,0.0
12.0,0.4257792915650697,0.3665689149560114,0.0
12.0,0.48175367410171527,0.45454545454545414,0.0
12.0,0.5358267949789963,0.5327468230694041,0.0
12.0,0.5877852522924725,0.6109481915933532,0.0
12.0,0.6374239897486889,0.7380254154447705,0.0
12.0,0.6845471059286876,0.8455522971652005,0.0
12.0,0.7289686274214102,0.9237536656891496,0.0
12.0,0.7705132427757901,1.0117302052785924,0.0
12.0,0.8090169943749459,1.0801564027370478,0.0
12.0,0.8443279255020154,1.1779081133919842,0.0
12.0,0.8763066800438637,1.236559139784946,0.0
12.0,0.9048270524660195,1.3049853372434015,0.0
12.0,0.9297764858882512,1.3538611925708697,0.0
12.0,0.9510565162951533,1.4027370478983379,0.0
12.0,0.9685831611286309,1.451612903225806,0.0
12.0,0.982287250728689,1.4711632453567933,0.0
12.0,0.9921147013144777,1.5102639296187688,0.0
12.0,0.9980267284282717,1.5395894428152497,0.0
12.0,1.0,1.5689149560117306,0.0
12.0,0.9980267284282718,1.559139784946237,0.0
12.0,0.9921147013144778,1.559139784946237,0.0
12.0,0.9822872507286894,1.5395894428152497,0.0
12.0,0.9685831611286312,1.4907135874877806,0.0
12.0,0.9510565162951539,1.5004887585532742,0.0
12.0,0.9297764858882518,1.4613880742912997,0.0
12.0,0.9048270524660201,1.4125122189638315,0.0
12.0,0.8763066800438645,1.373411534701857,0.0
12.0,0.8443279255020163,1.3147605083088951,0.0
12.0,0.8090169943749469,1.265884652981427,0.0
12.0,0.7705132427757911,1.1974584555229715,0.0
12.0,0.7289686274214113,1.1388074291300097,0.0
12.0,0.6845471059286887,1.0606060606060606,0.0
12.0,0.6374239897486901,1.0117302052785924,0.0
12.0,0.5877852522924738,0.9824046920821115,0.0
12.0,0.5358267949789977,0.913978494623656,0.0
12.0,0.48175367410171666,0.8357771260997069,0.0
12.0,0.42577929156507116,0.7478005865102642,0.0
12.0,0.3681245526846801,0.669599217986315,0.0
12.0,0.30901699437494656,0.5816226783968723,0.0
12.0,0.24868988716485424,0.5131964809384169,0.0
12.0,0.1873813145857244,0.42521994134897323,0.0
12.0,0.1253332335643044,0.34701857282502413,0.0
12.0,0.06279051952931387,0.27859237536656867,0.0
12.0,8.572527594031472e-16,0.1808406647116323,0.0
12.0,-0.06279051952931217,0.11241446725317683,0.0
12.0,-0.12533323356430268,0.06353861192570864,0.0
12.0,-0.18738131458572274,-0.004887585532746819,0.0
12.0,-0.24868988716485257,-0.09286412512218956,0.0
12.0,-0.3090169943749449,-0.17106549364613866,0.0
12.0,-0.3681245526846785,-0.2590420332355814,0.0
12.0,-0.4257792915650696,-0.3372434017595305,0.0
12.0,-0.48175367410171516,-0.45454545454545414,0.0
12.0,-0.5358267949789962,-0.5522971652003914,0.0
12.0,-0.5877852522924725,-0.6304985337243405,0.0
12.0,-0.6374239897486887,-0.698924731182796,0.0
12.0,-0.6845471059286875,-0.7771260997067451,0.0
12.0,-0.7289686274214101,-0.8553274682306942,0.0
12.0,-0.77051324277579,-0.9237536656891496,0.0
12.0,-0.8090169943749459,-1.0117302052785924,0.0
12.0,-0.8443279255020153,-1.0801564027370478,0.0
12.0,-0.8763066800438637,-1.158357771260997,0.0
12.0,-0.9048270524660195,-1.2267839687194524,0.0
12.0,-0.9297764858882512,-1.275659824046921,0.0
12.0,-0.9510565162951533,-1.3343108504398828,0.0
12.0,-0.9685831611286309,-1.4027370478983383,0.0
12.0,-0.982287250728689,-1.4516129032258065,0.0
12.0,-0.9921147013144775,-1.4809384164222874,0.0
12.0,-0.9980267284282717,-1.5004887585532747,0.0
12.0,-1.0,-1.5102639296187683,0.0
12.0,-0.9980267284282718,-1.5298142717497556,0.0
12.0,-0.9921147013144778,-1.5493646138807429,0.0
12.0,-0.9822872507286894,-1.5689149560117301,0.0
12.0,-0.9685831611286313,-1.5493646138807429,0.0
12.0,-0.9510565162951539,-1.5298142717497556,0.0
12.0,-0.9297764858882519,-1.490713587487781,0.0
12.0,-0.9048270524660202,-1.490713587487781,0.0
12.0,-0.8763066800438646,-1.4711632453567938,0.0
12.0,-0.8443279255020164,-1.4222873900293256,0.0
12.0,-0.8090169943749469,-1.3440860215053765,0.0
12.0,-0.7705132427757913,-1.2854349951124147,0.0
12.0,-0.7289686274214114,-1.236559139784946,0.0
12.0,-0.6845471059286888,-1.1681329423264906,0.0
12.0,-0.6374239897486902,-1.0899315738025415,0.0
12.0,-0.5877852522924739,-1.0117302052785924,0.0
12.0,-0.5358267949789978,-0.9530791788856305,0.0
12.0,-0.48175367410171677,-0.8553274682306942,0.0
12.0,-0.42577929156507127,-0.7869012707722387,0.0
12.0,-0.3681245526846802,-0.7086999022482896,0.0
12.0,-0.3090169943749467,-0.6304985337243405,0.0
12.0,-0.24868988716485435,-0.5327468230694041,0.0
12.0,-0.18738131458572455,-0.48387096774193505,0.0
12.0,-0.1253332335643045,-0.40566959921798595,0.0
12.0,-0.062790519529314,-0.3176930596285432,0.0
12.0,-9.797174393178826e-16,-0.22971652003910048,0.0
12.0,0.06279051952931204,-0.14173998044965774,0.0
12.0,0.12533323356429904,-0.07331378299120228,0.0
12.0,0.1873813145857261,0.004887585532746819,0.0
12.0,0.24868988716485246,0.07331378299120228,0.0
12.0,0.3090169943749448,0.16129032258064502,0.0
12.0,0.36812455268467503,0.2590420332355814,0.0
12.0,0.4257792915650727,0.3665689149560114,0.0
12.0,0.48175367410171505,0.43499511241446687,0.0
12.0,0.5358267949789961,0.5034213098729223,0.0
12.0,0.5877852522924695,0.5718475073313787,0.0
12.0,0.6374239897486914,0.6402737047898341,0.0
12.0,0.6845471059286874,0.7380254154447705,0.0
12.0,0.7289686274214101,0.8357771260997069,0.0
12.0,0.7705132427757877,0.9042033235581624,0.0
12.0,0.8090169943749479,0.9628543499511242,0.0
12.0,0.8443279255020153,1.0117302052785924,0.0
12.0,0.8763066800438636,1.0703812316715542,0.0
12.0,0.9048270524660179,1.1388074291300097,0.0
12.0,0.9297764858882525,1.1876832844574778,0.0
12.0,0.9510565162951533,1.2463343108504397,0.0
12.0,0.9685831611286307,1.3147605083088951,0.0
12.0,0.9822872507286884,1.3538611925708697,0.0
12.0,0.992114701314478,1.3831867057673506,0.0
12.0,0.9980267284282717,1.3929618768328442,0.0
12.0,1.0,1.4027370478983379,0.0
12.0,0.9980267284282718,1.4125122189638315,0.0
12.0,0.9921147013144783,1.4125122189638315,0.0
12.0,0.9822872507286887,1.4027370478983379,0.0
12.0,0.9685831611286313,1.373411534701857,0.0
12.0,0.9510565162951539,1.373411534701857,0.0
12.0,0.9297764858882532,1.3538611925708697,0.0
12.0,0.9048270524660188,1.3147605083088951,0.0
12.0,0.8763066800438646,1.2561094819159333,0.0
12.0,0.8443279255020164,1.1779081133919842,0.0
12.0,0.8090169943749491,1.1094819159335287,0.0
12.0,0.770513242775789,1.0606060606060606,0.0
12.0,0.7289686274214116,0.9824046920821115,0.0
12.0,0.684547105928689,0.8944281524926687,0.0
12.0,0.637423989748693,0.8260019550342133,0.0
12.0,0.5877852522924711,0.7673509286412514,0.0
12.0,0.5358267949789979,0.698924731182796,0.0
12.0,0.4817536741017169,0.6207233626588469,0.0
12.0,0.4257792915650746,0.5522971652003914,0.0
12.0,0.368124552684677,0.45454545454545414,0.0
12.0,0.3090169943749468,0.35679374389051777,0.0
12.0,0.24868988716485446,0.27859237536656867,0.0
12.0,0.18738131458572815,0.16129032258064502,0.0
12.0,0.1253332335643011,0.08308895405669592,0.0
12.0,0.06279051952931412,-0.03421309872922773,0.0
12.0,1.102182119232618e-15,-0.1319648093841641,0.0
12.0,-0.06279051952931192,-0.24926686217008776,0.0
12.0,-0.12533323356429893,-0.32746823069403685,0.0
12.0,-0.187381314585726,-0.4154447702834796,0.0
12.0,-0.24868988716485232,-0.5131964809384169,0.0
12.0,-0.3090169943749447,-0.6011730205278596,0.0
12.0,-0.3681245526846749,-0.6891495601173023,0.0
12.0,-0.4257792915650726,-0.7673509286412514,0.0
12.0,-0.48175367410171493,-0.8260019550342133,0.0
12.0,-0.535826794978996,-0.9042033235581624,0.0
12.0,-0.5877852522924694,-0.9824046920821115,0.0
12.0,-0.6374239897486913,-1.0410557184750733,0.0
12.0,-0.6845471059286873,-1.1094819159335287,0.0
12.0,-0.72896862742141,-1.1485826001955033,0.0
12.0,-0.7705132427757876,-1.2267839687194524,0.0
12.0,-0.8090169943749478,-1.3147605083088956,0.0
12.0,-0.8443279255020152,-1.383186705767351,0.0
12.0,-0.8763066800438636,-1.4711632453567938,0.0
12.0,-0.9048270524660178,-1.5395894428152492,0.0
12.0,-0.9297764858882525,-1.6080156402737047,0.0
12.0,-0.9510565162951532,-1.6471163245356792,0.0
12.0,-0.9685831611286307,-1.6764418377321602,0.0
12.0,-0.9822872507286883,-1.705767350928641,0.0
12.0,-0.992114701314478,-1.7155425219941347,0.0
12.0,-0.9980267284282717,-1.735092864125122,0.0
12.0,-1.0,-1.7448680351906156,0.0
12.0,-0.9980267284282718,-1.7546432062561097,0.0
12.0,-0.9921147013144783,-1.7546432062561097,0.0
12.0,-0.9822872507286887,-1.7839687194525906,0.0
12.0,-0.9685831611286313,-1.7644183773216033,0.0
12.0,-0.951056516295154,-1.7546432062561097,0.0
12.0,-0.9297764858882532,-1.7155425219941347,0.0
12.0,-0.9048270524660188,-1.6764418377321602,0.0
12.0,-0.8763066800438647,-1.627565982404692,0.0
12.0,-0.8443279255020165,-1.5786901270772238,0.0
12.0,-0.8090169943749491,-1.520039100684262,0.0
12.0,-0.770513242775789,-1.4613880742913001,0.0
12.0,-0.7289686274214117,-1.3929618768328447,0.0
12.0,-0.6845471059286891,-1.3440860215053765,0.0
12.0,-0.6374239897486931,-1.275659824046921,0.0
12.0,-0.5877852522924712,-1.1974584555229715,0.0
12.0,-0.535826794978998,-1.129032258064516,0.0
12.0,-0.481753674101717,-1.0410557184750733,0.0
12.0,-0.4257792915650747,-0.9628543499511242,0.0
12.0,-0.3681245526846771,-0.8651026392961878,0.0
12.0,-0.3090169943749469,-0.7869012707722387,0.0
12.0,-0.2486898871648546,-0.7184750733137832,0.0
12.0,-0.18738131458572826,-0.6207233626588469,0.0
12.0,-0.12533323356430123,-0.4936461388074287,0.0
12.0,-0.06279051952931425,-0.4154447702834796,0.0
12.0,-1.2246467991473533e-15,-0.3176930596285432,0.0
12.0,0.06279051952931179,-0.24926686217008776,0.0
12.0,0.1253332335642988,-0.1808406647116323,0.0
12.0,0.18738131458572588,-0.08308895405669592,0.0
12.0,0.2486898871648522,-0.004887585532746819,0.0
12.0,0.30901699437494456,0.09286412512218956,0.0
12.0,0.3681245526846748,0.1808406647116323,0.0
12.0,0.4257792915650725,0.26881720430107503,0.0
12.0,0.4817536741017148,0.32746823069403685,0.0
12.0,0.5358267949789959,0.43499511241446687,0.0
12.0,0.5877852522924693,0.5131964809384169,0.0
12.0,0.6374239897486885,0.591397849462366,0.0
12.0,0.6845471059286898,0.6793743890518087,0.0
12.0,0.7289686274214099,0.7673509286412514,0.0
12.0,0.7705132427757853,0.8553274682306942,0.0
12.0,0.8090169943749498,0.9530791788856305,0.0
12.0,0.8443279255020152,1.0703812316715542,0.0
12.0,0.8763066800438618,1.0703812316715542,0.0
12.0,0.9048270524660192,1.129032258064516,0.0
12.0,0.9297764858882523,1.1779081133919842,0.0
12.0,0.9510565162951532,1.236559139784946,0.0
12.0,0.9685831611286316,1.2756598240469206,0.0
12.0,0.9822872507286883,1.3147605083088951,0.0
12.0,0.992114701314478,1.344086021505376,0.0
12.0,0.9980267284282713,1.3636363636363633,0.0
12.0,1.0,1.3538611925708697,0.0
12.0,0.9980267284282718,1.373411534701857,0.0
12.0,0.9921147013144788,1.3538611925708697,0.0
12.0,0.9822872507286882,1.3245356793743888,0.0
12.0,0.9685831611286313,1.2756598240469206,0.0
12.0,0.9510565162951551,1.1876832844574778,0.0
12.0,0.929776485888252,1.129032258064516,0.0
12.0,0.9048270524660189,1.0899315738025415,0.0
12.0,0.8763066800438647,1.0410557184750733,0.0
12.0,0.8443279255020146,0.9824046920821115,0.0
12.0,0.8090169943749492,0.913978494623656,0.0
12.0,0.7705132427757891,0.8455522971652005,0.0
12.0,0.7289686274214141,0.7771260997067451,0.0
12.0,0.6845471059286892,0.7184750733137832,0.0
12.0,0.6374239897486932,0.669599217986315,0.0
12.0,0.5877852522924742,0.6011730205278596,0.0
12.0,0.535826794978995,0.5425219941348978,0.0
12.0,0.48175367410171704,0.45454545454545414,0.0
12.0,0.42577929156507804,0.3861192570869987,0.0
12.0,0.3681245526846739,0.29814271749755594,0.0
12.0,0.309016994374947,0.24926686217008776,0.0
12.0,0.24868988716485815,0.15151515151515138,0.0
12.0,0.1873813145857249,0.09286412512218956,0.0
12.0,0.12533323356430134,0.024437927663734094,0.0
12.0,0.06279051952931436,-0.06353861192570864,0.0
12.0,4.899825157862589e-15,-0.14173998044965774,0.0
12.0,-0.06279051952931168,-0.21994134897360684,0.0
12.0,-0.12533323356429868,-0.3372434017595305,0.0
12.0,-0.18738131458572224,-0.40566959921798595,0.0
12.0,-0.24868988716485554,-0.5034213098729232,0.0
12.0,-0.30901699437494445,-0.591397849462366,0.0
12.0,-0.3681245526846714,-0.6891495601173023,0.0
12.0,-0.4257792915650756,-0.7575757575757578,0.0
12.0,-0.4817536741017147,-0.8162267839687196,0.0
12.0,-0.5358267949789928,-0.913978494623656,0.0
12.0,-0.587785252292472,-0.9824046920821115,0.0
12.0,-0.6374239897486911,-1.0899315738025415,0.0
12.0,-0.6845471059286872,-1.1779081133919842,0.0
12.0,-0.7289686274214123,-1.2658846529814274,0.0
12.0,-0.7705132427757875,-1.3440860215053765,0.0
12.0,-0.8090169943749477,-1.4320625610948192,0.0
12.0,-0.8443279255020132,-1.5004887585532747,0.0
12.0,-0.8763066800438635,-1.5591397849462365,0.0
12.0,-0.9048270524660177,-1.6177908113391983,0.0
12.0,-0.929776485888251,-1.6471163245356792,0.0
12.0,-0.9510565162951542,-1.6862170087976538,0.0
12.0,-0.9685831611286306,-1.7253176930596283,0.0
12.0,-0.9822872507286876,-1.774193548387097,0.0
12.0,-0.9921147013144784,-1.8035190615835779,0.0
12.0,-0.9980267284282716,-1.8035190615835779,0.0
12.0,-1.0,-1.7839687194525906,0.0
12.0,-0.9980267284282716,-1.8035190615835779,0.0
12.0,-0.9921147013144783,-1.7937438905180842,0.0
12.0,-0.9822872507286888,-1.8230694037145652,0.0
12.0,-0.9685831611286323,-1.8035190615835779,0.0
13.0,-0.9510565162951536,0.004887585532746819,0.0
13.0,-0.9297764858882512,-0.004887585532746819,0.0
13.0,-0.9048270524660199,-0.004887585532746819,0.0
13.0,-0.8763066800438638,0.004887585532746819,0.0
13.0,-0.8443279255020155,-0.4951124144672532,0.0
13.0,-0.8090169943749476,-0.9951124144672532,0.0
13.0,-0.7705132427757896,-1.0117302052785924,0.0
13.0,-0.7289686274214116,-0.9921798631476051,0.0
13.0,-0.684547105928689,-0.9530791788856305,0.0
13.0,-0.6374239897486896,-0.9335288367546433,0.0
13.0,-0.5877852522924734,-0.9042033235581624,0.0
13.0,-0.5358267949789963,-0.8651026392961878,0.0
13.0,-0.4817536741017153,-0.7771260997067451,0.0
13.0,-0.4257792915650722,-0.7282502443792769,0.0
13.0,-0.3681245526846787,-0.6500488758553278,0.0
13.0,-0.3090169943749477,-0.5718475073313787,0.0
13.0,-0.24868988716485535,-0.4740957966764414,0.0
13.0,-0.18738131458572468,-0.3861192570869987,0.0
13.0,-0.12533323356430465,-0.32746823069403685,0.0
13.0,-0.06279051952931326,-0.24926686217008776,0.0
13.0,-2.4492935982947064e-16,-0.17106549364613866,0.0
13.0,0.06279051952931278,-0.09286412512218956,0.0
13.0,0.12533323356430418,-0.004887585532746819,0.0
13.0,0.1873813145857242,0.11241446725317683,0.0
13.0,0.24868988716485488,0.22971652003910048,0.0
13.0,0.3090169943749472,0.3079178885630496,0.0
13.0,0.3681245526846782,0.4154447702834796,0.0
13.0,0.42577929156507255,0.5034213098729223,0.0
13.0,0.48175367410171566,0.5816226783968723,0.0
13.0,0.5358267949789967,0.6891495601173023,0.0
13.0,0.5877852522924736,0.7869012707722387,0.0
13.0,0.6374239897486899,0.8553274682306942,0.0
13.0,0.6845471059286893,0.9042033235581624,0.0
13.0,0.7289686274214107,0.9921798631476051,0.0
13.0,0.7705132427757887,1.0410557184750733,0.0
13.0,0.8090169943749468,1.1192570869990224,0.0
13.0,0.8443279255020147,1.1974584555229715,0.0
13.0,0.8763066800438631,1.2854349951124142,0.0
13.0,0.9048270524660194,1.344086021505376,0.0
13.0,0.9297764858882511,1.3929618768328442,0.0
13.0,0.9510565162951535,1.4418377321603124,0.0
13.0,0.968583161128631,1.5200391006842624,0.0
13.0,0.9822872507286886,1.5689149560117306,0.0
13.0,0.9921147013144778,1.6275659824046924,0.0
13.0,0.9980267284282716,1.6568914956011733,0.0
13.0,1.0,1.6862170087976542,0.0
13.0,0.9980267284282716,1.7253176930596288,0.0
13.0,0.9921147013144779,1.7546432062561097,0.0
13.0,0.9822872507286886,1.7644183773216033,0.0
13.0,0.9685831611286311,1.7546432062561097,0.0
13.0,0.9510565162951536,1.7350928641251224,0.0
13.0,0.9297764858882517,1.7057673509286415,0.0
13.0,0.9048270524660192,1.6862170087976542,0.0
13.0,0.8763066800438634,1.6862170087976542,0.0
13.0,0.8443279255020151,1.6862170087976542,0.0
13.0,0.8090169943749477,1.6471163245356797,0.0
13.0,0.7705132427757886,1.5982404692082115,0.0
13.0,0.728968627421411,1.5689149560117306,0.0
13.0,0.6845471059286897,1.480938416422287,0.0
13.0,0.6374239897486911,1.3831867057673506,0.0
13.0,0.5877852522924734,1.3147605083088951,0.0
13.0,0.5358267949789972,1.2463343108504397,0.0
13.0,0.4817536741017162,1.1681329423264906,0.0
13.0,0.42577929156507394,1.099706744868035,0.0
13.0,0.368124552684678,1.0410557184750733,0.0
13.0,0.3090169943749478,0.9628543499511242,0.0
13.0,0.2486898871648555,0.8651026392961878,0.0
13.0,0.18738131458572568,0.7966764418377323,0.0
13.0,0.1253332335643039,0.7380254154447705,0.0
13.0,0.06279051952931339,0.6500488758553278,0.0
13.0,3.6739403974420594e-16,0.5718475073313787,0.0
13.0,-0.06279051952931265,0.48387096774193505,0.0
13.0,-0.12533323356430318,0.3665689149560114,0.0
13.0,-0.18738131458572496,0.3079178885630496,0.0
13.0,-0.24868988716485477,0.2101661779081132,0.0
13.0,-0.30901699437494706,0.1319648093841641,0.0
13.0,-0.36812455268467725,0.08308895405669592,0.0
13.0,-0.42577929156507327,0.024437927663734094,0.0
13.0,-0.48175367410171555,-0.053763440860215006,0.0
13.0,-0.5358267949789965,-0.14173998044965774,0.0
13.0,-0.5877852522924728,-0.2101661779081132,0.0
13.0,-0.6374239897486905,-0.29814271749755594,0.0
13.0,-0.6845471059286892,-0.3665689149560114,0.0
13.0,-0.7289686274214106,-0.43499511241446687,0.0
13.0,-0.770513242775788,-0.5327468230694041,0.0
13.0,-0.8090169943749472,-0.6304985337243405,0.0
13.0,-0.8443279255020146,-0.7086999022482896,0.0
13.0,-0.876306680043863,-0.7771260997067451,0.0
13.0,-0.9048270524660189,-0.8455522971652005,0.0
13.0,-0.9297764858882513,-0.8846529814271751,0.0
13.0,-0.9510565162951534,-0.9433040078201369,0.0
13.0,-0.968583161128631,-1.0019550342130987,0.0
13.0,-0.9822872507286885,-1.0312805474095796,0.0
13.0,-0.9921147013144779,-1.0801564027370478,0.0
13.0,-0.9980267284282716,-1.1094819159335287,0.0
13.0,-1.0,-1.129032258064516,0.0
13.0,-0.9980267284282716,-1.129032258064516,0.0
13.0,-0.992114701314478,-1.1681329423264906,0.0
13.0,-0.9822872507286886,-1.1876832844574778,0.0
13.0,-0.9685831611286312,-1.1876832844574778,0.0
13.0,-0.9510565162951538,-1.1779081133919842,0.0
13.0,-0.9297764858882517,-1.1779081133919842,0.0
13.0,-0.9048270524660192,-1.158357771260997,0.0
13.0,-0.8763066800438635,-1.129032258064516,0.0
13.0,-0.8443279255020151,-1.129032258064516,0.0
13.0,-0.8090169943749477,-1.129032258064516,0.0
13.0,-0.7705132427757886,-1.0899315738025415,0.0
13.0,-0.7289686274214111,-1.0312805474095796,0.0
13.0,-0.6845471059286898,-1.0019550342130987,0.0
13.0,-0.6374239897486912,-0.9433040078201369,0.0
13.0,-0.5877852522924735,-0.913978494623656,0.0
13.0,-0.5358267949789973,-0.8651026392961878,0.0
13.0,-0.4817536741017163,-0.7966764418377323,0.0
13.0,-0.42577929156507405,-0.7184750733137832,0.0
13.0,-0.3681245526846781,-0.6304985337243405,0.0
13.0,-0.3090169943749479,-0.5425219941348978,0.0
13.0,-0.2486898871648556,-0.42521994134897323,0.0
13.0,-0.1873813145857258,-0.34701857282502413,0.0
13.0,-0.125333233564304,-0.2590420332355814,0.0
13.0,-0.06279051952931351,-0.19061583577712593,0.0
13.0,-4.898587196589413e-16,-0.11241446725317683,0.0
13.0,0.06279051952931075,-0.014662756598240456,0.0
13.0,0.12533323356430304,0.053763440860215006,0.0
13.0,0.1873813145857231,0.16129032258064502,0.0
13.0,0.24868988716485466,0.26881720430107503,0.0
13.0,0.30901699437494523,0.34701857282502413,0.0
13.0,0.36812455268467714,0.4643206256109478,0.0
13.0,0.42577929156507155,0.5425219941348978,0.0
13.0,0.48175367410171543,0.6304985337243405,0.0
13.0,0.535826794978995,0.7184750733137832,0.0
13.0,0.5877852522924727,0.806451612903226,0.0
13.0,0.6374239897486891,0.8748778103616814,0.0
13.0,0.6845471059286891,0.9433040078201369,0.0
13.0,0.7289686274214104,1.0019550342130987,0.0
13.0,0.7705132427757891,1.0801564027370478,0.0
13.0,0.8090169943749471,1.1485826001955033,0.0
13.0,0.8443279255020155,1.1779081133919842,0.0
13.0,0.876306680043863,1.2267839687194524,0.0
13.0,0.9048270524660196,1.3049853372434015,0.0
13.0,0.9297764858882513,1.3636363636363633,0.0
13.0,0.951056516295154,1.3929618768328442,0.0
13.0,0.9685831611286309,1.451612903225806,0.0
13.0,0.9822872507286888,1.4907135874877806,0.0
13.0,0.9921147013144779,1.5395894428152497,0.0
13.0,0.9980267284282717,1.5395894428152497,0.0
13.0,1.0,1.5395894428152497,0.0
13.0,0.9980267284282718,1.5395894428152497,0.0
13.0,0.992114701314478,1.529814271749756,0.0
13.0,0.9822872507286889,1.5200391006842624,0.0
13.0,0.9685831611286312,1.5004887585532742,0.0
13.0,0.9510565162951543,1.5102639296187688,0.0
13.0,0.9297764858882518,1.4907135874877806,0.0
13.0,0.90482705246602,1.4418377321603124,0.0
13.0,0.8763066800438635,1.3831867057673506,0.0
13.0,0.8443279255020162,1.344086021505376,0.0
13.0,0.8090169943749478,1.2854349951124142,0.0
13.0,0.7705132427757898,1.2170087976539588,0.0
13.0,0.7289686274214112,1.1192570869990224,0.0
13.0,0.6845471059286898,1.0410557184750733,0.0
13.0,0.6374239897486899,1.0019550342130987,0.0
13.0,0.5877852522924736,0.9042033235581624,0.0
13.0,0.5358267949789959,0.8357771260997069,0.0
13.0,0.48175367410171643,0.7673509286412514,0.0
13.0,0.42577929156507255,0.7086999022482896,0.0
13.0,0.3681245526846782,0.6011730205278596,0.0
13.0,0.3090169943749463,0.4936461388074287,0.0
13.0,0.2486898871648557,0.4154447702834796,0.0
13.0,0.18738131458572418,0.34701857282502413,0.0
13.0,0.12533323356430415,0.26881720430107503,0.0
13.0,0.06279051952931186,0.1808406647116323,0.0
13.0,6.123233995736766e-16,0.08308895405669592,0.0
13.0,-0.06279051952931064,0.014662756598240456,0.0
13.0,-0.12533323356430293,-0.09286412512218956,0.0
13.0,-0.18738131458572296,-0.1808406647116323,0.0
13.0,-0.24868988716485452,-0.2590420332355814,0.0
13.0,-0.3090169943749451,-0.32746823069403685,0.0
13.0,-0.3681245526846787,-0.40566959921798595,0.0
13.0,-0.42577929156506983,-0.5034213098729232,0.0
13.0,-0.4817536741017154,-0.5816226783968723,0.0
13.0,-0.5358267949789964,-0.6598240469208214,0.0
13.0,-0.5877852522924726,-0.7478005865102642,0.0
13.0,-0.637423989748689,-0.806451612903226,0.0
13.0,-0.6845471059286877,-0.8944281524926687,0.0
13.0,-0.7289686274214103,-0.9921798631476051,0.0
13.0,-0.7705132427757901,-1.0801564027370478,0.0
13.0,-0.809016994374946,-1.1681329423264906,0.0
13.0,-0.8443279255020155,-1.236559139784946,0.0
13.0,-0.8763066800438638,-1.304985337243402,0.0
13.0,-0.9048270524660196,-1.3929618768328447,0.0
13.0,-0.9297764858882513,-1.4516129032258065,0.0
13.0,-0.9510565162951534,-1.5102639296187683,0.0
13.0,-0.9685831611286309,-1.5591397849462365,0.0
13.0,-0.982287250728689,-1.6177908113391983,0.0
13.0,-0.9921147013144777,-1.6471163245356792,0.0
13.0,-0.9980267284282717,-1.6666666666666665,0.0
13.0,-1.0,-1.6862170087976538,0.0
13.0,-0.9980267284282718,-1.6666666666666665,0.0
13.0,-0.9921147013144778,-1.6666666666666665,0.0
13.0,-0.9822872507286894,-1.6471163245356792,0.0
13.0,-0.9685831611286312,-1.6471163245356792,0.0
13.0,-0.9510565162951538,-1.6177908113391983,0.0
13.0,-0.9297764858882518,-1.5689149560117301,0.0
13.0,-0.9048270524660201,-1.5395894428152492,0.0
13.0,-0.8763066800438645,-1.490713587487781,0.0
13.0,-0.8443279255020162,-1.4320625610948192,0.0
13.0,-0.8090169943749468,-1.383186705767351,0.0
13.0,-0.770513242775791,-1.304985337243402,0.0
13.0,-0.7289686274214113,-1.236559139784946,0.0
13.0,-0.6845471059286887,-1.1485826001955033,0.0
13.0,-0.63742398974869,-1.0899315738025415,0.0
13.0,-0.5877852522924737,-1.0312805474095796,0.0
13.0,-0.5358267949789975,-0.9628543499511242,0.0
13.0,-0.48175367410171654,-0.9042033235581624,0.0
13.0,-0.42577929156507105,-0.8260019550342133,0.0
13.0,-0.36812455268468,-0.7086999022482896,0.0
13.0,-0.3090169943749464,-0.6304985337243405,0.0
13.0,-0.2486898871648541,-0.5229716520039105,0.0
13.0,-0.1873813145857243,-0.4447702834799605,0.0
13.0,-0.12533323356430426,-0.37634408602150504,0.0
13.0,-0.06279051952931375,-0.32746823069403685,0.0
13.0,-7.347880794884119e-16,-0.22971652003910048,0.0
13.0,0.06279051952931229,-0.16129032258064502,0.0
13.0,0.12533323356430282,-0.08308895405669592,0.0
13.0,0.18738131458572285,0.014662756598240456,0.0
13.0,0.24868988716485269,0.09286412512218956,0.0
13.0,0.309016994374945,0.17106549364613866,0.0
13.0,0.3681245526846786,0.23949169110459412,0.0
13.0,0.4257792915650697,0.32746823069403685,0.0
13.0,0.48175367410171527,0.43499511241446687,0.0
13.0,0.5358267949789963,0.48387096774193505,0.0
13.0,0.5877852522924725,0.5816226783968723,0.0
13.0,0.6374239897486889,0.669599217986315,0.0
13.0,0.6845471059286876,0.7869012707722387,0.0
13.0,0.7289686274214102,0.8553274682306942,0.0
13.0,0.7705132427757901,0.9237536656891496,0.0
13.0,0.8090169943749459,1.0312805474095796,0.0
13.0,0.8443279255020154,1.1094819159335287,0.0
13.0,0.8763066800438637,1.158357771260997,0.0
13.0,0.9048270524660195,1.1974584555229715,0.0
13.0,0.9297764858882512,1.2463343108504397,0.0
13.0,0.9510565162951533,1.3147605083088951,0.0
13.0,0.9685831611286309,1.344086021505376,0.0
13.0,0.982287250728689,1.3636363636363633,0.0
13.0,0.9921147013144777,1.4027370478983379,0.0
13.0,0.9980267284282717,1.451612903225806,0.0
13.0,1.0,1.4711632453567933,0.0
13.0,0.9980267284282718,1.4711632453567933,0.0
13.0,0.9921147013144778,1.4613880742912997,0.0
13.0,0.9822872507286894,1.4418377321603124,0.0
13.0,0.9685831611286312,1.3929618768328442,0.0
13.0,0.9510565162951539,1.3538611925708697,0.0
13.0,0.9297764858882518,1.3147605083088951,0.0
13.0,0.9048270524660201,1.265884652981427,0.0
13.0,0.8763066800438645,1.2072336265884651,0.0
13.0,0.8443279255020163,1.158357771260997,0.0
13.0,0.8090169943749469,1.0899315738025415,0.0
13.0,0.7705132427757911,1.0312805474095796,0.0
13.0,0.7289686274214113,0.9824046920821115,0.0
13.0,0.6845471059286887,0.9042033235581624,0.0
13.0,0.6374239897486901,0.8162267839687196,0.0
13.0,0.5877852522924738,0.7184750733137832,0.0
13.0,0.5358267949789977,0.6304985337243405,0.0
13.0,0.48175367410171666,0.5425219941348978,0.0
13.0,0.42577929156507116,0.4643206256109478,0.0
13.0,0.3681245526846801,0.3861192570869987,0.0
13.0,0.30901699437494656,0.29814271749755594,0.0
13.0,0.24868988716485424,0.21994134897360684,0.0
13.0,0.1873813145857244,0.16129032258064502,0.0
13.0,0.1253332335643044,0.09286412512218956,0.0
13.0,0.06279051952931387,-0.014662756598240456,0.0
13.0,8.572527594031472e-16,-0.08308895405669592,0.0
13.0,-0.06279051952931217,-0.16129032258064502,0.0
13.0,-0.12533323356430268,-0.24926686217008776,0.0
13.0,-0.18738131458572274,-0.34701857282502413,0.0
13.0,-0.24868988716485257,-0.42521994134897323,0.0
13.0,-0.3090169943749449,-0.5229716520039105,0.0
13.0,-0.3681245526846785,-0.6109481915933532,0.0
13.0,-0.4257792915650696,-0.6793743890518087,0.0
13.0,-0.48175367410171516,-0.7771260997067451,0.0
13.0,-0.5358267949789962,-0.8455522971652005,0.0
13.0,-0.5877852522924725,-0.9237536656891496,0.0
13.0,-0.6374239897486887,-0.9921798631476051,0.0
13.0,-0.6845471059286875,-1.0801564027370478,0.0
13.0,-0.7289686274214101,-1.1681329423264906,0.0
13.0,-0.77051324277579,-1.2561094819159337,0.0
13.0,-0.8090169943749459,-1.3636363636363638,0.0
13.0,-0.8443279255020153,-1.4222873900293256,0.0
13.0,-0.8763066800438637,-1.4711632453567938,0.0
13.0,-0.9048270524660195,-1.5493646138807429,0.0
13.0,-0.9297764858882512,-1.5884652981427174,0.0
13.0,-0.9510565162951533,-1.627565982404692,0.0
13.0,-0.9685831611286309,-1.6568914956011729,0.0
13.0,-0.982287250728689,-1.705767350928641,0.0
13.0,-0.9921147013144775,-1.7253176930596283,0.0
13.0,-0.9980267284282717,-1.7448680351906156,0.0
13.0,-1.0,-1.774193548387097,0.0
13.0,-0.9980267284282718,-1.7839687194525906,0.0
13.0,-0.9921147013144778,-1.7937438905180842,0.0
13.0,-0.9822872507286894,-1.7937438905180842,0.0
13.0,-0.9685831611286313,-1.7644183773216033,0.0
13.0,-0.9510565162951539,-1.7155425219941347,0.0
13.0,-0.9297764858882519,-1.6862170087976538,0.0
13.0,-0.9048270524660202,-1.6471163245356792,0.0
13.0,-0.8763066800438646,-1.6177908113391983,0.0
13.0,-0.8443279255020164,-1.5786901270772238,0.0
13.0,-0.8090169943749469,-1.520039100684262,0.0
13.0,-0.7705132427757913,-1.4711632453567938,0.0
13.0,-0.7289686274214114,-1.3440860215053765,0.0
13.0,-0.6845471059286888,-1.2854349951124147,0.0
13.0,-0.6374239897486902,-1.2072336265884651,0.0
13.0,-0.5877852522924739,-1.1388074291300097,0.0
13.0,-0.5358267949789978,-1.0410557184750733,0.0
13.0,-0.48175367410171677,-0.9530791788856305,0.0
13.0,-0.42577929156507127,-0.8944281524926687,0.0
13.0,-0.3681245526846802,-0.7966764418377323,0.0
13.0,-0.3090169943749467,-0.7380254154447705,0.0
13.0,-0.24868988716485435,-0.669599217986315,0.0
13.0,-0.18738131458572455,-0.5718475073313787,0.0
13.0,-0.1253332335643045,-0.4643206256109478,0.0
13.0,-0.062790519529314,-0.3665689149560114,0.0
13.0,-9.797174393178826e-16,-0.29814271749755594,0.0
13.0,0.06279051952931204,-0.24926686217008776,0.0
13.0,0.12533323356429904,-0.15151515151515138,0.0
13.0,0.1873813145857261,-0.03421309872922773,0.0
13.0,0.24868988716485246,0.004887585532746819,0.0
13.0,0.3090169943749448,0.08308895405669592,0.0
13.0,0.36812455268467503,0.1808406647116323,0.0
13.0,0.4257792915650727,0.26881720430107503,0.0
13.0,0.48175367410171505,0.35679374389051777,0.0
13.0,0.5358267949789961,0.45454545454545414,0.0
13.0,0.5877852522924695,0.5522971652003914,0.0
13.0,0.6374239897486914,0.6500488758553278,0.0
13.0,0.6845471059286874,0.7673509286412514,0.0
13.0,0.7289686274214101,0.8455522971652005,0.0
13.0,0.7705132427757877,0.9237536656891496,0.0
13.0,0.8090169943749479,1.0019550342130987,0.0
13.0,0.8443279255020153,1.0899315738025415,0.0
13.0,0.8763066800438636,1.158357771260997,0.0
13.0,0.9048270524660179,1.2072336265884651,0.0
13.0,0.9297764858882525,1.2561094819159333,0.0
13.0,0.9510565162951533,1.2952101661779079,0.0
13.0,0.9685831611286307,1.3245356793743888,0.0
13.0,0.9822872507286884,1.373411534701857,0.0
13.0,0.992114701314478,1.3929618768328442,0.0
13.0,0.9980267284282717,1.4320625610948188,0.0
13.0,1.0,1.4125122189638315,0.0
13.0,0.9980267284282718,1.4027370478983379,0.0
13.0,0.9921147013144783,1.3831867057673506,0.0
13.0,0.9822872507286887,1.373411534701857,0.0
13.0,0.9685831611286313,1.373411534701857,0.0
13.0,0.9510565162951539,1.344086021505376,0.0
13.0,0.9297764858882532,1.3343108504398824,0.0
13.0,0.9048270524660188,1.2854349951124142,0.0
13.0,0.8763066800438646,1.236559139784946,0.0
13.0,0.8443279255020164,1.1974584555229715,0.0
13.0,0.8090169943749491,1.1388074291300097,0.0
13.0,0.770513242775789,1.0703812316715542,0.0
13.0,0.7289686274214116,1.0312805474095796,0.0
13.0,0.684547105928689,0.9921798631476051,0.0
13.0,0.637423989748693,0.9237536656891496,0.0
13.0,0.5877852522924711,0.8455522971652005,0.0
13.0,0.5358267949789979,0.7673509286412514,0.0
13.0,0.4817536741017169,0.698924731182796,0.0
13.0,0.4257792915650746,0.6207233626588469,0.0
13.0,0.368124552684677,0.5131964809384169,0.0
13.0,0.3090169943749468,0.4447702834799605,0.0
13.0,0.24868988716485446,0.3372434017595305,0.0
13.0,0.18738131458572815,0.24926686217008776,0.0
13.0,0.1253332335643011,0.16129032258064502,0.0
13.0,0.06279051952931412,0.08308895405669592,0.0
13.0,1.102182119232618e-15,-0.03421309872922773,0.0
13.0,-0.06279051952931192,-0.1319648093841641,0.0
13.0,-0.12533323356429893,-0.2101661779081132,0.0
13.0,-0.187381314585726,-0.32746823069403685,0.0
13.0,-0.24868988716485232,-0.4154447702834796,0.0
13.0,-0.3090169943749447,-0.5034213098729232,0.0
13.0,-0.3681245526846749,-0.5522971652003914,0.0
13.0,-0.4257792915650726,-0.6402737047898341,0.0
13.0,-0.48175367410171493,-0.7184750733137832,0.0
13.0,-0.535826794978996,-0.7966764418377323,0.0
13.0,-0.5877852522924694,-0.8846529814271751,0.0
13.0,-0.6374239897486913,-0.9921798631476051,0.0
13.0,-0.6845471059286873,-1.099706744868035,0.0
13.0,-0.72896862742141,-1.158357771260997,0.0
13.0,-0.7705132427757876,-1.236559139784946,0.0
13.0,-0.8090169943749478,-1.3343108504398828,0.0
13.0,-0.8443279255020152,-1.4027370478983383,0.0
13.0,-0.8763066800438636,-1.4613880742913001,0.0
13.0,-0.9048270524660178,-1.5102639296187683,0.0
13.0,-0.9297764858882525,-1.5591397849462365,0.0
13.0,-0.9510565162951532,-1.6177908113391983,0.0
13.0,-0.9685831611286307,-1.6568914956011729,0.0
13.0,-0.9822872507286883,-1.6764418377321602,0.0
13.0,-0.992114701314478,-1.7155425219941347,0.0
13.0,-0.9980267284282717,-1.774193548387097,0.0
13.0,-1.0,-1.7839687194525906,0.0
13.0,-0.9980267284282718,-1.8132942326490715,0.0
13.0,-0.9921147013144783,-1.8035190615835779,0.0
13.0,-0.9822872507286887,-1.774193548387097,0.0
13.0,-0.9685831611286313,-1.774193548387097,0.0
13.0,-0.951056516295154,-1.7448680351906156,0.0
13.0,-0.9297764858882532,-1.6959921798631474,0.0
13.0,-0.9048270524660188,-1.6568914956011729,0.0
13.0,-0.8763066800438647,-1.627565982404692,0.0
13.0,-0.8443279255020165,-1.5689149560117301,0.0
13.0,-0.8090169943749491,-1.4809384164222874,0.0
13.0,-0.770513242775789,-1.412512218963832,0.0
13.0,-0.7289686274214117,-1.3440860215053765,0.0
13.0,-0.6845471059286891,-1.304985337243402,0.0
13.0,-0.6374239897486931,-1.236559139784946,0.0
13.0,-0.5877852522924712,-1.1681329423264906,0.0
13.0,-0.535826794978998,-1.0899315738025415,0.0
13.0,-0.481753674101717,-1.0117302052785924,0.0
13.0,-0.4257792915650747,-0.8846529814271751,0.0
13.0,-0.3681245526846771,-0.7966764418377323,0.0
13.0,-0.3090169943749469,-0.6891495601173023,0.0
13.0,-0.2486898871648546,-0.591397849462366,0.0
13.0,-0.18738131458572826,-0.5229716520039105,0.0
13.0,-0.12533323356430123,-0.43499511241446687,0.0
13.0,-0.06279051952931425,-0.32746823069403685,0.0
13.0,-1.2246467991473533e-15,-0.23949169110459412,0.0
13.0,0.06279051952931179,-0.1808406647116323,0.0
13.0,0.1253332335642988,-0.12218963831867047,0.0
13.0,0.18738131458572588,-0.014662756598240456,0.0
13.0,0.2486898871648522,0.08308895405669592,0.0
13.0,0.30901699437494456,0.1808406647116323,0.0
13.0,0.3681245526846748,0.2590420332355814,0.0
13.0,0.4257792915650725,0.34701857282502413,0.0
13.0,0.4817536741017148,0.42521994134897323,0.0
13.0,0.5358267949789959,0.5034213098729223,0.0
13.0,0.5877852522924693,0.5816226783968723,0.0
13.0,0.6374239897486885,0.6793743890518087,0.0
13.0,0.6845471059286898,0.7771260997067451,0.0
13.0,0.7289686274214099,0.8651026392961878,0.0
13.0,0.7705132427757853,0.9530791788856305,0.0
13.0,0.8090169943749498,1.0312805474095796,0.0
13.0,0.8443279255020152,1.1192570869990224,0.0
13.0,0.8763066800438618,1.1876832844574778,0.0
13.0,0.9048270524660192,1.2267839687194524,0.0
13.0,0.9297764858882523,1.2756598240469206,0.0
13.0,0.9510565162951532,1.3147605083088951,0.0
13.0,0.9685831611286316,1.344086021505376,0.0
13.0,0.9822872507286883,1.3636363636363633,0.0
13.0,0.992114701314478,1.3831867057673506,0.0
13.0,0.9980267284282713,1.4125122189638315,0.0
13.0,1.0,1.4222873900293251,0.0
13.0,0.9980267284282718,1.4125122189638315,0.0
13.0,0.9921147013144788,1.4320625610948188,0.0
13.0,0.9822872507286882,1.4027370478983379,0.0
13.0,0.9685831611286313,1.3831867057673506,0.0
13.0,0.9510565162951551,1.3147605083088951,0.0
13.0,0.929776485888252,1.2952101661779079,0.0
13.0,0.9048270524660189,1.2756598240469206,0.0
13.0,0.8763066800438647,1.1974584555229715,0.0
13.0,0.8443279255020146,1.1681329423264906,0.0
13.0,0.8090169943749492,1.1388074291300097,0.0
13.0,0.7705132427757891,1.0606060606060606,0.0
13.0,0.7289686274214141,1.0019550342130987,0.0
13.0,0.6845471059286892,0.9433040078201369,0.0
13.0,0.6374239897486932,0.8651026392961878,0.0
13.0,0.5877852522924742,0.7771260997067451,0.0
13.0,0.535826794978995,0.698924731182796,0.0
13.0,0.48175367410171704,0.6011730205278596,0.0
13.0,0.42577929156507804,0.5229716520039105,0.0
13.0,0.3681245526846739,0.43499511241446687,0.0
13.0,0.309016994374947,0.3665689149560114,0.0
13.0,0.24868988716485815,0.2883675464320623,0.0
13.0,0.1873813145857249,0.2101661779081132,0.0
13.0,0.12533323356430134,0.15151515151515138,0.0
13.0,0.06279051952931436,0.04398826979472137,0.0
13.0,4.899825157862589e-15,-0.04398826979472137,0.0
13.0,-0.06279051952931168,-0.12218963831867047,0.0
13.0,-0.12533323356429868,-0.2101661779081132,0.0
13.0,-0.18738131458572224,-0.27859237536656867,0.0
13.0,-0.24868988716485554,-0.35679374389051777,0.0
13.0,-0.30901699437494445,-0.45454545454545414,0.0
13.0,-0.3681245526846714,-0.5425219941348978,0.0
13.0,-0.4257792915650756,-0.6304985337243405,0.0
13.0,-0.4817536741017147,-0.7184750733137832,0.0
13.0,-0.5358267949789928,-0.8162267839687196,0.0
13.0,-0.587785252292472,-0.8846529814271751,0.0
13.0,-0.6374239897486911,-0.9628543499511242,0.0
13.0,-0.6845471059286872,-1.050830889540567,0.0
13.0,-0.7289686274214123,-1.129032258064516,0.0
13.0,-0.7705132427757875,-1.2170087976539588,0.0
13.0,-0.8090169943749477,-1.3245356793743892,0.0
13.0,-0.8443279255020132,-1.383186705767351,0.0
13.0,-0.8763066800438635,-1.383186705767351,0.0
13.0,-0.9048270524660177,-1.4809384164222874,0.0
13.0,-0.929776485888251,-1.5493646138807429,0.0
13.0,-0.9510565162951542,-1.6177908113391983,0.0
13.0,-0.9685831611286306,-1.6862170087976538,0.0
13.0,-0.9822872507286876,-1.7155425219941347,0.0
13.0,-0.9921147013144784,-1.735092864125122,0.0
13.0,-0.9980267284282716,-1.774193548387097,0.0
13.0,-1.0,-1.7546432062561097,0.0
13.0,-0.9980267284282716,-1.7644183773216033,0.0
13.0,-0.9921147013144783,-1.774193548387097,0.0
13.0,-0.9822872507286888,-1.7937438905180842,0.0
13.0,-0.9685831611286323,-1.774193548387097,0.0
14.0,-0.9510565162951536,-0.014662756598240456,0.0
14.0,-0.9297764858882512,-0.04398826979472137,0.0
14.0,-0.9048270524660199,-0.04398826979472137,0.0
14.0,-0.8763066800438638,-0.5439882697947214,0.0
14.0,-0.8443279255020155,-1.0439882697947214,0.0
14.0,-0.8090169943749476,-1.0899315738025415,0.0
14.0,-0.7705132427757896,-1.0703812316715542,0.0
14.0,-0.7289686274214116,-1.050830889540567,0.0
14.0,-0.684547105928689,-1.050830889540567,0.0
14.0,-0.6374239897486896,-1.0312805474095796,0.0
14.0,-0.5877852522924734,-0.9824046920821115,0.0
14.0,-0.5358267949789963,-0.9042033235581624,0.0
14.0,-0.4817536741017153,-0.8553274682306942,0.0
14.0,-0.4257792915650722,-0.7869012707722387,0.0
14.0,-0.3681245526846787,-0.6891495601173023,0.0
14.0,-0.3090169943749477,-0.6500488758553278,0.0
14.0,-0.24868988716485535,-0.5522971652003914,0.0
14.0,-0.18738131458572468,-0.4936461388074287,0.0
14.0,-0.12533323356430465,-0.3958944281524923,0.0
14.0,-0.06279051952931326,-0.3372434017595305,0.0
14.0,-2.4492935982947064e-16,-0.2590420332355814,0.0
14.0,0.06279051952931278,-0.16129032258064502,0.0
14.0,0.12533323356430418,-0.06353861192570864,0.0
14.0,0.1873813145857242,0.04398826979472137,0.0
14.0,0.24868988716485488,0.16129032258064502,0.0
14.0,0.3090169943749472,0.27859237536656867,0.0
14.0,0.3681245526846782,0.3958944281524923,0.0
14.0,0.42577929156507255,0.4447702834799605,0.0
14.0,0.48175367410171566,0.5327468230694041,0.0
14.0,0.5358267949789967,0.6207233626588469,0.0
14.0,0.5877852522924736,0.698924731182796,0.0
14.0,0.6374239897486899,0.7966764418377323,0.0
14.0,0.6845471059286893,0.9042033235581624,0.0
14.0,0.7289686274214107,0.9824046920821115,0.0
14.0,0.7705132427757887,1.0801564027370478,0.0
14.0,0.8090169943749468,1.1388074291300097,0.0
14.0,0.8443279255020147,1.1876832844574778,0.0
14.0,0.8763066800438631,1.2170087976539588,0.0
14.0,0.9048270524660194,1.2756598240469206,0.0
14.0,0.9297764858882511,1.3147605083088951,0.0
14.0,0.9510565162951535,1.3636363636363633,0.0
14.0,0.968583161128631,1.4125122189638315,0.0
14.0,0.9822872507286886,1.4125122189638315,0.0
14.0,0.9921147013144778,1.4320625610948188,0.0
14.0,0.9980267284282716,1.4418377321603124,0.0
14.0,1.0,1.451612903225806,0.0
14.0,0.9980267284282716,1.4613880742912997,0.0
14.0,0.9921147013144779,1.4711632453567933,0.0
14.0,0.9822872507286886,1.4418377321603124,0.0
14.0,0.9685831611286311,1.3636363636363633,0.0
14.0,0.9510565162951536,1.2952101661779079,0.0
14.0,0.9297764858882517,1.2267839687194524,0.0
14.0,0.9048270524660192,1.1485826001955033,0.0
14.0,0.8763066800438634,1.0899315738025415,0.0
14.0,0.8443279255020151,1.0703812316715542,0.0
14.0,0.8090169943749477,1.0312805474095796,0.0
14.0,0.7705132427757886,0.9726295210166178,0.0
14.0,0.728968627421411,0.9042033235581624,0.0
14.0,0.6845471059286897,0.8260019550342133,0.0
14.0,0.6374239897486911,0.7575757575757578,0.0
14.0,0.5877852522924734,0.6891495601173023,0.0
14.0,0.5358267949789972,0.6011730205278596,0.0
14.0,0.4817536741017162,0.5034213098729223,0.0
14.0,0.42577929156507394,0.42521994134897323,0.0
14.0,0.368124552684678,0.32746823069403685,0.0
14.0,0.3090169943749478,0.23949169110459412,0.0
14.0,0.2486898871648555,0.16129032258064502,0.0
14.0,0.18738131458572568,0.09286412512218956,0.0
14.0,0.1253332335643039,0.004887585532746819,0.0
14.0,0.06279051952931339,-0.08308895405669592,0.0
14.0,3.6739403974420594e-16,-0.19061583577712593,0.0
14.0,-0.06279051952931265,-0.2883675464320623,0.0
14.0,-0.12533323356430318,-0.3665689149560114,0.0
14.0,-0.18738131458572496,-0.42521994134897323,0.0
14.0,-0.24868988716485477,-0.4936461388074287,0.0
14.0,-0.30901699437494706,-0.5816226783968723,0.0
14.0,-0.36812455268467725,-0.7086999022482896,0.0
14.0,-0.42577929156507327,-0.7771260997067451,0.0
14.0,-0.48175367410171555,-0.8553274682306942,0.0
14.0,-0.5358267949789965,-0.9335288367546433,0.0
14.0,-0.5877852522924728,-1.0117302052785924,0.0
14.0,-0.6374239897486905,-1.1094819159335287,0.0
14.0,-0.6845471059286892,-1.2170087976539588,0.0
14.0,-0.7289686274214106,-1.275659824046921,0.0
14.0,-0.770513242775788,-1.3343108504398828,0.0
14.0,-0.8090169943749472,-1.412512218963832,0.0
14.0,-0.8443279255020146,-1.4809384164222874,0.0
14.0,-0.876306680043863,-1.5591397849462365,0.0
14.0,-0.9048270524660189,-1.598240469208211,0.0
14.0,-0.9297764858882513,-1.6471163245356792,0.0
14.0,-0.9510565162951534,-1.7448680351906156,0.0
14.0,-0.968583161128631,-1.7644183773216033,0.0
14.0,-0.9822872507286885,-1.8035190615835779,0.0
14.0,-0.9921147013144779,-1.8132942326490715,0.0
14.0,-0.9980267284282716,-1.8328445747800588,0.0
14.0,-1.0,-1.8328445747800588,0.0
14.0,-0.9980267284282716,-1.8328445747800588,0.0
14.0,-0.992114701314478,-1.8132942326490715,0.0
14.0,-0.9822872507286886,-1.8035190615835779,0.0
14.0,-0.9685831611286312,-1.7937438905180842,0.0
14.0,-0.9510565162951538,-1.7644183773216033,0.0
14.0,-0.9297764858882517,-1.7644183773216033,0.0
14.0,-0.9048270524660192,-1.7155425219941347,0.0
14.0,-0.8763066800438635,-1.6764418377321602,0.0
14.0,-0.8443279255020151,-1.627565982404692,0.0
14.0,-0.8090169943749477,-1.5689149560117301,0.0
14.0,-0.7705132427757886,-1.490713587487781,0.0
14.0,-0.7289686274214111,-1.4027370478983383,0.0
14.0,-0.6845471059286898,-1.3440860215053765,0.0
14.0,-0.6374239897486912,-1.2463343108504397,0.0
14.0,-0.5877852522924735,-1.1876832844574778,0.0
14.0,-0.5358267949789973,-1.099706744868035,0.0
14.0,-0.4817536741017163,-0.9921798631476051,0.0
14.0,-0.42577929156507405,-0.9042033235581624,0.0
14.0,-0.3681245526846781,-0.7966764418377323,0.0
14.0,-0.3090169943749479,-0.6891495601173023,0.0
14.0,-0.2486898871648556,-0.6304985337243405,0.0
14.0,-0.1873813145857258,-0.5425219941348978,0.0
14.0,-0.125333233564304,-0.43499511241446687,0.0
14.0,-0.06279051952931351,-0.3665689149560114,0.0
14.0,-4.898587196589413e-16,-0.29814271749755594,0.0
14.0,0.06279051952931075,-0.24926686217008776,0.0
14.0,0.12533323356430304,-0.16129032258064502,0.0
14.0,0.1873813145857231,-0.07331378299120228,0.0
14.0,0.24868988716485466,0.014662756598240456,0.0
14.0,0.30901699437494523,0.12218963831867047,0.0
14.0,0.36812455268467714,0.20039100684261957,0.0
14.0,0.42577929156507155,0.2883675464320623,0.0
14.0,0.48175367410171543,0.3665689149560114,0.0
14.0,0.535826794978995,0.42521994134897323,0.0
14.0,0.5877852522924727,0.5034213098729223,0.0
14.0,0.6374239897486891,0.6207233626588469,0.0
14.0,0.6845471059286891,0.7184750733137832,0.0
14.0,0.7289686274214104,0.8162267839687196,0.0
14.0,0.7705132427757891,0.913978494623656,0.0
14.0,0.8090169943749471,1.0117302052785924,0.0
14.0,0.8443279255020155,1.099706744868035,0.0
14.0,0.876306680043863,1.1779081133919842,0.0
14.0,0.9048270524660196,1.236559139784946,0.0
14.0,0.9297764858882513,1.2854349951124142,0.0
14.0,0.951056516295154,1.3147605083088951,0.0
14.0,0.9685831611286309,1.3538611925708697,0.0
14.0,0.9822872507286888,1.4027370478983379,0.0
14.0,0.9921147013144779,1.4222873900293251,0.0
14.0,0.9980267284282717,1.4222873900293251,0.0
14.0,1.0,1.4711632453567933,0.0
14.0,0.9980267284282718,1.4613880742912997,0.0
14.0,0.992114701314478,1.4418377321603124,0.0
14.0,0.9822872507286889,1.4613880742912997,0.0
14.0,0.9685831611286312,1.4222873900293251,0.0
14.0,0.9510565162951543,1.373411534701857,0.0
14.0,0.9297764858882518,1.344086021505376,0.0
14.0,0.90482705246602,1.3147605083088951,0.0
14.0,0.8763066800438635,1.236559139784946,0.0
14.0,0.8443279255020162,1.1974584555229715,0.0
14.0,0.8090169943749478,1.1192570869990224,0.0
14.0,0.7705132427757898,1.0606060606060606,0.0
14.0,0.7289686274214112,1.021505376344086,0.0
14.0,0.6845471059286898,0.9433040078201369,0.0
14.0,0.6374239897486899,0.8944281524926687,0.0
14.0,0.5877852522924736,0.7771260997067451,0.0
14.0,0.5358267949789959,0.6891495601173023,0.0
14.0,0.48175367410171643,0.591397849462366,0.0
14.0,0.42577929156507255,0.5131964809384169,0.0
14.0,0.3681245526846782,0.42521994134897323,0.0
14.0,0.3090169943749463,0.3665689149560114,0.0
14.0,0.2486898871648557,0.26881720430107503,0.0
14.0,0.18738131458572418,0.17106549364613866,0.0
14.0,0.12533323356430415,0.07331378299120228,0.0
14.0,0.06279051952931186,0.004887585532746819,0.0
14.0,6.123233995736766e-16,-0.1026392961876832,0.0
14.0,-0.06279051952931064,-0.19061583577712593,0.0
14.0,-0.12533323356430293,-0.2883675464320623,0.0
14.0,-0.18738131458572296,-0.37634408602150504,0.0
14.0,-0.24868988716485452,-0.4643206256109478,0.0
14.0,-0.3090169943749451,-0.5425219941348978,0.0
14.0,-0.3681245526846787,-0.6304985337243405,0.0
14.0,-0.42577929156506983,-0.6891495601173023,0.0
14.0,-0.4817536741017154,-0.7966764418377323,0.0
14.0,-0.5358267949789964,-0.8846529814271751,0.0
14.0,-0.5877852522924726,-0.9824046920821115,0.0
14.0,-0.637423989748689,-1.050830889540567,0.0
14.0,-0.6845471059286877,-1.1388074291300097,0.0
14.0,-0.7289686274214103,-1.2267839687194524,0.0
14.0,-0.7705132427757901,-1.2658846529814274,0.0
14.0,-0.809016994374946,-1.3440860215053765,0.0
14.0,-0.8443279255020155,-1.383186705767351,0.0
14.0,-0.8763066800438638,-1.4418377321603129,0.0
14.0,-0.9048270524660196,-1.4809384164222874,0.0
14.0,-0.9297764858882513,-1.5298142717497556,0.0
14.0,-0.9510565162951534,-1.598240469208211,0.0
14.0,-0.9685831611286309,-1.6568914956011729,0.0
14.0,-0.982287250728689,-1.6862170087976538,0.0
14.0,-0.9921147013144777,-1.705767350928641,0.0
14.0,-0.9980267284282717,-1.7253176930596283,0.0
14.0,-1.0,-1.7448680351906156,0.0
14.0,-0.9980267284282718,-1.774193548387097,0.0
14.0,-0.9921147013144778,-1.7448680351906156,0.0
14.0,-0.9822872507286894,-1.7253176930596283,0.0
14.0,-0.9685831611286312,-1.7155425219941347,0.0
14.0,-0.9510565162951538,-1.6959921798631474,0.0
14.0,-0.9297764858882518,-1.6764418377321602,0.0
14.0,-0.9048270524660201,-1.627565982404692,0.0
14.0,-0.8763066800438645,-1.5689149560117301,0.0
14.0,-0.8443279255020162,-1.5395894428152492,0.0
14.0,-0.8090169943749468,-1.4711632453567938,0.0
14.0,-0.770513242775791,-1.3929618768328447,0.0
14.0,-0.7289686274214113,-1.3245356793743892,0.0
14.0,-0.6845471059286887,-1.2561094819159337,0.0
14.0,-0.63742398974869,-1.158357771260997,0.0
14.0,-0.5877852522924737,-1.0801564027370478,0.0
14.0,-0.5358267949789975,-1.0019550342130987,0.0
14.0,-0.48175367410171654,-0.9042033235581624,0.0
14.0,-0.42577929156507105,-0.8357771260997069,0.0
14.0,-0.36812455268468,-0.7575757575757578,0.0
14.0,-0.3090169943749464,-0.698924731182796,0.0
14.0,-0.2486898871648541,-0.6011730205278596,0.0
14.0,-0.1873813145857243,-0.5034213098729232,0.0
14.0,-0.12533323356430426,-0.43499511241446687,0.0
14.0,-0.06279051952931375,-0.35679374389051777,0.0
14.0,-7.347880794884119e-16,-0.29814271749755594,0.0
14.0,0.06279051952931229,-0.2101661779081132,0.0
14.0,0.12533323356430282,-0.12218963831867047,0.0
14.0,0.18738131458572285,-0.014662756598240456,0.0
14.0,0.24868988716485269,0.07331378299120228,0.0
14.0,0.309016994374945,0.15151515151515138,0.0
14.0,0.3681245526846786,0.21994134897360684,0.0
14.0,0.4257792915650697,0.29814271749755594,0.0
14.0,0.48175367410171527,0.40566959921798595,0.0
14.0,0.5358267949789963,0.4643206256109478,0.0
14.0,0.5877852522924725,0.5522971652003914,0.0
14.0,0.6374239897486889,0.6304985337243405,0.0
14.0,0.6845471059286876,0.698924731182796,0.0
14.0,0.7289686274214102,0.7575757575757578,0.0
14.0,0.7705132427757901,0.8455522971652005,0.0
14.0,0.8090169943749459,0.9237536656891496,0.0
14.0,0.8443279255020154,1.021505376344086,0.0
14.0,0.8763066800438637,1.0801564027370478,0.0
14.0,0.9048270524660195,1.1094819159335287,0.0
14.0,0.9297764858882512,1.1388074291300097,0.0
14.0,0.9510565162951533,1.1876832844574778,0.0
14.0,0.9685831611286309,1.2463343108504397,0.0
14.0,0.982287250728689,1.2561094819159333,0.0
14.0,0.9921147013144777,1.3049853372434015,0.0
14.0,0.9980267284282717,1.3343108504398824,0.0
14.0,1.0,1.3343108504398824,0.0
14.0,0.9980267284282718,1.3245356793743888,0.0
14.0,0.9921147013144778,1.3049853372434015,0.0
14.0,0.9822872507286894,1.2854349951124142,0.0
14.0,0.9685831611286312,1.2561094819159333,0.0
14.0,0.9510565162951539,1.2170087976539588,0.0
14.0,0.9297764858882518,1.1876832844574778,0.0
14.0,0.9048270524660201,1.158357771260997,0.0
14.0,0.8763066800438645,1.099706744868035,0.0
14.0,0.8443279255020163,1.0606060606060606,0.0
14.0,0.8090169943749469,1.0410557184750733,0.0
14.0,0.7705132427757911,0.9824046920821115,0.0
14.0,0.7289686274214113,0.9237536656891496,0.0
14.0,0.6845471059286887,0.8846529814271751,0.0
14.0,0.6374239897486901,0.8162267839687196,0.0
14.0,0.5877852522924738,0.7282502443792769,0.0
14.0,0.5358267949789977,0.6500488758553278,0.0
14.0,0.48175367410171666,0.5816226783968723,0.0
14.0,0.42577929156507116,0.5034213098729223,0.0
14.0,0.3681245526846801,0.43499511241446687,0.0
14.0,0.30901699437494656,0.3372434017595305,0.0
14.0,0.24868988716485424,0.26881720430107503,0.0
14.0,0.1873813145857244,0.17106549364613866,0.0
14.0,0.1253332335643044,0.09286412512218956,0.0
14.0,0.06279051952931387,0.014662756598240456,0.0
14.0,8.572527594031472e-16,-0.09286412512218956,0.0
14.0,-0.06279051952931217,-0.20039100684261957,0.0
14.0,-0.12533323356430268,-0.29814271749755594,0.0
14.0,-0.18738131458572274,-0.3958944281524923,0.0
14.0,-0.24868988716485257,-0.5034213098729232,0.0
14.0,-0.3090169943749449,-0.5816226783968723,0.0
14.0,-0.3681245526846785,-0.6891495601173023,0.0
14.0,-0.4257792915650696,-0.7771260997067451,0.0
14.0,-0.48175367410171516,-0.8553274682306942,0.0
14.0,-0.5358267949789962,-0.9433040078201369,0.0
14.0,-0.5877852522924725,-1.0117302052785924,0.0
14.0,-0.6374239897486887,-1.1485826001955033,0.0
14.0,-0.6845471059286875,-1.2561094819159337,0.0
14.0,-0.7289686274214101,-1.304985337243402,0.0
14.0,-0.77051324277579,-1.383186705767351,0.0
14.0,-0.8090169943749459,-1.4418377321603129,0.0
14.0,-0.8443279255020153,-1.520039100684262,0.0
14.0,-0.8763066800438637,-1.5493646138807429,0.0
14.0,-0.9048270524660195,-1.5786901270772238,0.0
14.0,-0.9297764858882512,-1.627565982404692,0.0
14.0,-0.9510565162951533,-1.6568914956011729,0.0
14.0,-0.9685831611286309,-1.6666666666666665,0.0
14.0,-0.982287250728689,-1.6862170087976538,0.0
14.0,-0.9921147013144775,-1.705767350928641,0.0
14.0,-0.9980267284282717,-1.7546432062561097,0.0
14.0,-1.0,-1.7644183773216033,0.0
14.0,-0.9980267284282718,-1.774193548387097,0.0
14.0,-0.9921147013144778,-1.7448680351906156,0.0
14.0,-0.9822872507286894,-1.7253176930596283,0.0
14.0,-0.9685831611286313,-1.7253176930596283,0.0
14.0,-0.9510565162951539,-1.7155425219941347,0.0
14.0,-0.9297764858882519,-1.6862170087976538,0.0
14.0,-0.9048270524660202,-1.6568914956011729,0.0
14.0,-0.8763066800438646,-1.627565982404692,0.0
14.0,-0.8443279255020164,-1.5591397849462365,0.0
14.0,-0.8090169943749469,-1.490713587487781,0.0
14.0,-0.7705132427757913,-1.4222873900293256,0.0
14.0,-0.7289686274214114,-1.3636363636363638,0.0
14.0,-0.6845471059286888,-1.275659824046921,0.0
14.0,-0.6374239897486902,-1.1974584555229715,0.0
14.0,-0.5877852522924739,-1.158357771260997,0.0
14.0,-0.5358267949789978,-1.0410557184750733,0.0
14.0,-0.48175367410171677,-0.9335288367546433,0.0
14.0,-0.42577929156507127,-0.8846529814271751,0.0
14.0,-0.3681245526846802,-0.7673509286412514,0.0
14.0,-0.3090169943749467,-0.698924731182796,0.0
14.0,-0.24868988716485435,-0.6402737047898341,0.0
14.0,-0.18738131458572455,-0.5425219941348978,0.0
14.0,-0.1253332335643045,-0.45454545454545414,0.0
14.0,-0.062790519529314,-0.3861192570869987,0.0
14.0,-9.797174393178826e-16,-0.27859237536656867,0.0
14.0,0.06279051952931204,-0.19061583577712593,0.0
14.0,0.12533323356429904,-0.09286412512218956,0.0
14.0,0.1873813145857261,-0.004887585532746819,0.0
14.0,0.24868988716485246,0.07331378299120228,0.0
14.0,0.3090169943749448,0.1808406647116323,0.0
14.0,0.36812455268467503,0.2590420332355814,0.0
14.0,0.4257792915650727,0.34701857282502413,0.0
14.0,0.48175367410171505,0.43499511241446687,0.0
14.0,0.5358267949789961,0.5131964809384169,0.0
14.0,0.5877852522924695,0.591397849462366,0.0
14.0,0.6374239897486914,0.669599217986315,0.0
14.0,0.6845471059286874,0.7771260997067451,0.0
14.0,0.7289686274214101,0.8748778103616814,0.0
14.0,0.7705132427757877,0.9726295210166178,0.0
14.0,0.8090169943749479,1.0410557184750733,0.0
14.0,0.8443279255020153,1.1485826001955033,0.0
14.0,0.8763066800438636,1.1974584555229715,0.0
14.0,0.9048270524660179,1.265884652981427,0.0
14.0,0.9297764858882525,1.3147605083088951,0.0
14.0,0.9510565162951533,1.344086021505376,0.0
14.0,0.9685831611286307,1.373411534701857,0.0
14.0,0.9822872507286884,1.373411534701857,0.0
14.0,0.992114701314478,1.3831867057673506,0.0
14.0,0.9980267284282717,1.373411534701857,0.0
14.0,1.0,1.373411534701857,0.0
14.0,0.9980267284282718,1.373411534701857,0.0
14.0,0.9921147013144783,1.3049853372434015,0.0
14.0,0.9822872507286887,1.3343108504398824,0.0
14.0,0.9685831611286313,1.3343108504398824,0.0
14.0,0.9510565162951539,1.3049853372434015,0.0
14.0,0.9297764858882532,1.2561094819159333,0.0
14.0,0.9048270524660188,1.1681329423264906,0.0
14.0,0.8763066800438646,1.1192570869990224,0.0
14.0,0.8443279255020164,1.050830889540567,0.0
14.0,0.8090169943749491,1.0410557184750733,0.0
14.0,0.770513242775789,0.9726295210166178,0.0
14.0,0.7289686274214116,0.8944281524926687,0.0
14.0,0.684547105928689,0.8357771260997069,0.0
14.0,0.637423989748693,0.7673509286412514,0.0
14.0,0.5877852522924711,0.7086999022482896,0.0
14.0,0.5358267949789979,0.6402737047898341,0.0
14.0,0.4817536741017169,0.562072336265885,0.0
14.0,0.4257792915650746,0.42521994134897323,0.0
14.0,0.368124552684677,0.3372434017595305,0.0
14.0,0.3090169943749468,0.2590420332355814,0.0
14.0,0.24868988716485446,0.19061583577712593,0.0
14.0,0.18738131458572815,0.12218963831867047,0.0
14.0,0.1253332335643011,0.024437927663734094,0.0
14.0,0.06279051952931412,-0.04398826979472137,0.0
14.0,1.102182119232618e-15,-0.14173998044965774,0.0
14.0,-0.06279051952931192,-0.24926686217008776,0.0
14.0,-0.12533323356429893,-0.32746823069403685,0.0
14.0,-0.187381314585726,-0.40566959921798595,0.0
14.0,-0.24868988716485232,-0.5327468230694041,0.0
14.0,-0.3090169943749447,-0.6304985337243405,0.0
14.0,-0.3681245526846749,-0.6891495601173023,0.0
14.0,-0.4257792915650726,-0.7673509286412514,0.0
14.0,-0.48175367410171493,-0.8357771260997069,0.0
14.0,-0.535826794978996,-0.9530791788856305,0.0
14.0,-0.5877852522924694,-1.0801564027370478,0.0
14.0,-0.6374239897486913,-1.1681329423264906,0.0
14.0,-0.6845471059286873,-1.2463343108504397,0.0
14.0,-0.72896862742141,-1.2854349951124147,0.0
14.0,-0.7705132427757876,-1.3734115347018574,0.0
14.0,-0.8090169943749478,-1.383186705767351,0.0
14.0,-0.8443279255020152,-1.4418377321603129,0.0
14.0,-0.8763066800438636,-1.520039100684262,0.0
14.0,-0.9048270524660178,-1.5689149560117301,0.0
14.0,-0.9297764858882525,-1.6177908113391983,0.0
14.0,-0.9510565162951532,-1.6666666666666665,0.0
14.0,-0.9685831611286307,-1.705767350928641,0.0
14.0,-0.9822872507286883,-1.7155425219941347,0.0
14.0,-0.992114701314478,-1.735092864125122,0.0
14.0,-0.9980267284282717,-1.735092864125122,0.0
14.0,-1.0,-1.7253176930596283,0.0
14.0,-0.9980267284282718,-1.7155425219941347,0.0
14.0,-0.9921147013144783,-1.7155425219941347,0.0
14.0,-0.9822872507286887,-1.6959921798631474,0.0
14.0,-0.9685831611286313,-1.6862170087976538,0.0
14.0,-0.951056516295154,-1.6568914956011729,0.0
14.0,-0.9297764858882532,-1.6471163245356792,0.0
14.0,-0.9048270524660188,-1.6177908113391983,0.0
14.0,-0.8763066800438647,-1.6080156402737047,0.0
14.0,-0.8443279255020165,-1.5591397849462365,0.0
14.0,-0.8090169943749491,-1.520039100684262,0.0
14.0,-0.770513242775789,-1.4516129032258065,0.0
14.0,-0.7289686274214117,-1.3734115347018574,0.0
14.0,-0.6845471059286891,-1.2952101661779083,0.0
14.0,-0.6374239897486931,-1.1974584555229715,0.0
14.0,-0.5877852522924712,-1.1094819159335287,0.0
14.0,-0.535826794978998,-1.0117302052785924,0.0
14.0,-0.481753674101717,-0.9726295210166178,0.0
14.0,-0.4257792915650747,-0.8944281524926687,0.0
14.0,-0.3681245526846771,-0.8357771260997069,0.0
14.0,-0.3090169943749469,-0.7380254154447705,0.0
14.0,-0.2486898871648546,-0.6402737047898341,0.0
14.0,-0.18738131458572826,-0.5425219941348978,0.0
14.0,-0.12533323356430123,-0.4936461388074287,0.0
14.0,-0.06279051952931425,-0.4154447702834796,0.0
14.0,-1.2246467991473533e-15,-0.3079178885630496,0.0
14.0,0.06279051952931179,-0.21994134897360684,0.0
14.0,0.1253332335642988,-0.15151515151515138,0.0
14.0,0.18738131458572588,-0.04398826979472137,0.0
14.0,0.2486898871648522,0.03421309872922773,0.0
14.0,0.30901699437494456,0.1319648093841641,0.0
14.0,0.3681245526846748,0.23949169110459412,0.0
14.0,0.4257792915650725,0.3079178885630496,0.0
14.0,0.4817536741017148,0.40566959921798595,0.0
14.0,0.5358267949789959,0.48387096774193505,0.0
14.0,0.5877852522924693,0.6011730205278596,0.0
14.0,0.6374239897486885,0.6500488758553278,0.0
14.0,0.6845471059286898,0.7184750733137832,0.0
14.0,0.7289686274214099,0.806451612903226,0.0
14.0,0.7705132427757853,0.8748778103616814,0.0
14.0,0.8090169943749498,0.9530791788856305,0.0
14.0,0.8443279255020152,1.0312805474095796,0.0
14.0,0.8763066800438618,1.099706744868035,0.0
14.0,0.9048270524660192,1.1876832844574778,0.0
14.0,0.9297764858882523,1.2561094819159333,0.0
14.0,0.9510565162951532,1.2854349951124142,0.0
14.0,0.9685831611286316,1.3147605083088951,0.0
14.0,0.9822872507286883,1.3538611925708697,0.0
14.0,0.992114701314478,1.3538611925708697,0.0
14.0,0.9980267284282713,1.3929618768328442,0.0
14.0,1.0,1.4418377321603124,0.0
14.0,0.9980267284282718,1.4222873900293251,0.0
14.0,0.9921147013144788,1.4320625610948188,0.0
14.0,0.9822872507286882,1.4027370478983379,0.0
14.0,0.9685831611286313,1.3929618768328442,0.0
14.0,0.9510565162951551,1.373411534701857,0.0
14.0,0.929776485888252,1.3049853372434015,0.0
14.0,0.9048270524660189,1.2463343108504397,0.0
14.0,0.8763066800438647,1.1974584555229715,0.0
14.0,0.8443279255020146,1.1388074291300097,0.0
14.0,0.8090169943749492,1.0801564027370478,0.0
14.0,0.7705132427757891,1.0410557184750733,0.0
14.0,0.7289686274214141,0.9726295210166178,0.0
14.0,0.6845471059286892,0.913978494623656,0.0
14.0,0.6374239897486932,0.8260019550342133,0.0
14.0,0.5877852522924742,0.7380254154447705,0.0
14.0,0.535826794978995,0.6598240469208214,0.0
14.0,0.48175367410171704,0.562072336265885,0.0
14.0,0.42577929156507804,0.48387096774193505,0.0
14.0,0.3681245526846739,0.3958944281524923,0.0
14.0,0.309016994374947,0.26881720430107503,0.0
14.0,0.24868988716485815,0.1808406647116323,0.0
14.0,0.1873813145857249,0.1026392961876832,0.0
14.0,0.12533323356430134,0.024437927663734094,0.0
14.0,0.06279051952931436,-0.07331378299120228,0.0
14.0,4.899825157862589e-15,-0.15151515151515138,0.0
14.0,-0.06279051952931168,-0.24926686217008776,0.0
14.0,-0.12533323356429868,-0.3372434017595305,0.0
14.0,-0.18738131458572224,-0.4447702834799605,0.0
14.0,-0.24868988716485554,-0.5229716520039105,0.0
14.0,-0.30901699437494445,-0.6011730205278596,0.0
14.0,-0.3681245526846714,-0.698924731182796,0.0
14.0,-0.4257792915650756,-0.806451612903226,0.0
14.0,-0.4817536741017147,-0.8846529814271751,0.0
14.0,-0.5358267949789928,-0.9530791788856305,0.0
14.0,-0.587785252292472,-1.0410557184750733,0.0
14.0,-0.6374239897486911,-1.099706744868035,0.0
14.0,-0.6845471059286872,-1.158357771260997,0.0
14.0,-0.7289686274214123,-1.2267839687194524,0.0
14.0,-0.7705132427757875,-1.3245356793743892,0.0
14.0,-0.8090169943749477,-1.4320625610948192,0.0
14.0,-0.8443279255020132,-1.5102639296187683,0.0
14.0,-0.8763066800438635,-1.5493646138807429,0.0
14.0,-0.9048270524660177,-1.5786901270772238,0.0
14.0,-0.929776485888251,-1.6177908113391983,0.0
14.0,-0.9510565162951542,-1.6568914956011729,0.0
14.0,-0.9685831611286306,-1.6666666666666665,0.0
14.0,-0.9822872507286876,-1.7155425219941347,0.0
14.0,-0.9921147013144784,-1.7546432062561097,0.0
14.0,-0.9980267284282716,-1.7546432062561097,0.0
14.0,-1.0,-1.7546432062561097,0.0
14.0,-0.9980267284282716,-1.7546432062561097,0.0
14.0,-0.9921147013144783,-1.7644183773216033,0.0
14.0,-0.9822872507286888,-1.774193548387097,0.0
14.0,-0.9685831611286323,-1.7644183773216033,0.0
15.0,-0.9510565162951536,-0.004887585532746819,0.0
15.0,-0.9297764858882512,-0.014662756598240456,0.0
15.0,-0.9048270524660199,-0.004887585532746819,0.0
15.0,-0.8763066800438638,-0.004887585532746819,0.0
15.0,-0.8443279255020155,-0.5048875855327468,0.0
15.0,-0.8090169943749476,-1.0048875855327468,0.0
15.0,-0.7705132427757896,-0.9824046920821115,0.0
15.0,-0.7289686274214116,-0.9726295210166178,0.0
15.0,-0.684547105928689,-0.9726295210166178,0.0
15.0,-0.6374239897486896,-0.9237536656891496,0.0
15.0,-0.5877852522924734,-0.8553274682306942,0.0
15.0,-0.5358267949789963,-0.7966764418377323,0.0
15.0,-0.4817536741017153,-0.7478005865102642,0.0
15.0,-0.4257792915650722,-0.669599217986315,0.0
15.0,-0.3681245526846787,-0.591397849462366,0.0
15.0,-0.3090169943749477,-0.5425219941348978,0.0
15.0,-0.24868988716485535,-0.4643206256109478,0.0
15.0,-0.18738131458572468,-0.37634408602150504,0.0
15.0,-0.12533323356430465,-0.3176930596285432,0.0
15.0,-0.06279051952931326,-0.26881720430107503,0.0
15.0,-2.4492935982947064e-16,-0.19061583577712593,0.0
15.0,0.06279051952931278,-0.09286412512218956,0.0
15.0,0.12533323356430418,-0.004887585532746819,0.0
15.0,0.1873813145857242,0.1026392961876832,0.0
15.0,0.24868988716485488,0.21994134897360684,0.0
15.0,0.3090169943749472,0.3079178885630496,0.0
15.0,0.3681245526846782,0.40566959921798595,0.0
15.0,0.42577929156507255,0.4740957966764414,0.0
15.0,0.48175367410171566,0.5718475073313787,0.0
15.0,0.5358267949789967,0.6598240469208214,0.0
15.0,0.5877852522924736,0.7380254154447705,0.0
15.0,0.6374239897486899,0.7966764418377323,0.0
15.0,0.6845471059286893,0.8944281524926687,0.0
15.0,0.7289686274214107,0.9628543499511242,0.0
15.0,0.7705132427757887,1.0312805474095796,0.0
15.0,0.8090169943749468,1.099706744868035,0.0
15.0,0.8443279255020147,1.1876832844574778,0.0
15.0,0.8763066800438631,1.2463343108504397,0.0
15.0,0.9048270524660194,1.3049853372434015,0.0
15.0,0.9297764858882511,1.373411534701857,0.0
15.0,0.9510565162951535,1.4320625610948188,0.0
15.0,0.968583161128631,1.5004887585532742,0.0
15.0,0.9822872507286886,1.5004887585532742,0.0
15.0,0.9921147013144778,1.529814271749756,0.0
15.0,0.9980267284282716,1.5786901270772242,0.0
15.0,1.0,1.5786901270772242,0.0
15.0,0.9980267284282716,1.5884652981427179,0.0
15.0,0.9921147013144779,1.5982404692082115,0.0
15.0,0.9822872507286886,1.5786901270772242,0.0
15.0,0.9685831611286311,1.5689149560117306,0.0
15.0,0.9510565162951536,1.5689149560117306,0.0
15.0,0.9297764858882517,1.5395894428152497,0.0
15.0,0.9048270524660192,1.5102639296187688,0.0
15.0,0.8763066800438634,1.4907135874877806,0.0
15.0,0.8443279255020151,1.4711632453567933,0.0
15.0,0.8090169943749477,1.4418377321603124,0.0
15.0,0.7705132427757886,1.4027370478983379,0.0
15.0,0.728968627421411,1.3245356793743888,0.0
15.0,0.6845471059286897,1.2561094819159333,0.0
15.0,0.6374239897486911,1.1779081133919842,0.0
15.0,0.5877852522924734,1.0899315738025415,0.0
15.0,0.5358267949789972,1.0019550342130987,0.0
15.0,0.4817536741017162,0.9042033235581624,0.0
15.0,0.42577929156507394,0.8357771260997069,0.0
15.0,0.368124552684678,0.7673509286412514,0.0
15.0,0.3090169943749478,0.6500488758553278,0.0
15.0,0.2486898871648555,0.5229716520039105,0.0
15.0,0.18738131458572568,0.40566959921798595,0.0
15.0,0.1253332335643039,0.3372434017595305,0.0
15.0,0.06279051952931339,0.23949169110459412,0.0
15.0,3.6739403974420594e-16,0.15151515151515138,0.0
15.0,-0.06279051952931265,0.06353861192570864,0.0
15.0,-0.12533323356430318,-0.053763440860215006,0.0
15.0,-0.18738131458572496,-0.1026392961876832,0.0
15.0,-0.24868988716485477,-0.1808406647116323,0.0
15.0,-0.30901699437494706,-0.27859237536656867,0.0
15.0,-0.36812455268467725,-0.34701857282502413,0.0
15.0,-0.42577929156507327,-0.42521994134897323,0.0
15.0,-0.48175367410171555,-0.4936461388074287,0.0
15.0,-0.5358267949789965,-0.5718475073313787,0.0
15.0,-0.5877852522924728,-0.6500488758553278,0.0
15.0,-0.6374239897486905,-0.7380254154447705,0.0
15.0,-0.6845471059286892,-0.8357771260997069,0.0
15.0,-0.7289686274214106,-0.8944281524926687,0.0
15.0,-0.770513242775788,-0.9628543499511242,0.0
15.0,-0.8090169943749472,-1.021505376344086,0.0
15.0,-0.8443279255020146,-1.0899315738025415,0.0
15.0,-0.876306680043863,-1.1779081133919842,0.0
15.0,-0.9048270524660189,-1.236559139784946,0.0
15.0,-0.9297764858882513,-1.3538611925708701,0.0
15.0,-0.9510565162951534,-1.412512218963832,0.0
15.0,-0.968583161128631,-1.4418377321603129,0.0
15.0,-0.9822872507286885,-1.520039100684262,0.0
15.0,-0.9921147013144779,-1.5395894428152492,0.0
15.0,-0.9980267284282716,-1.5493646138807429,0.0
15.0,-1.0,-1.5689149560117301,0.0
15.0,-0.9980267284282716,-1.5493646138807429,0.0
15.0,-0.992114701314478,-1.5786901270772238,0.0
15.0,-0.9822872507286886,-1.5786901270772238,0.0
15.0,-0.9685831611286312,-1.5591397849462365,0.0
15.0,-0.9510565162951538,-1.5493646138807429,0.0
15.0,-0.9297764858882517,-1.5102639296187683,0.0
15.0,-0.9048270524660192,-1.5102639296187683,0.0
15.0,-0.8763066800438635,-1.4516129032258065,0.0
15.0,-0.8443279255020151,-1.4027370478983383,0.0
15.0,-0.8090169943749477,-1.3734115347018574,0.0
15.0,-0.7705132427757886,-1.2854349951124147,0.0
15.0,-0.7289686274214111,-1.2072336265884651,0.0
15.0,-0.6845471059286898,-1.0899315738025415,0.0
15.0,-0.6374239897486912,-1.021505376344086,0.0
15.0,-0.5877852522924735,-0.9530791788856305,0.0
15.0,-0.5358267949789973,-0.8846529814271751,0.0
15.0,-0.4817536741017163,-0.7869012707722387,0.0
15.0,-0.42577929156507405,-0.669599217986315,0.0
15.0,-0.3681245526846781,-0.591397849462366,0.0
15.0,-0.3090169943749479,-0.5034213098729232,0.0
15.0,-0.2486898871648556,-0.4643206256109478,0.0
15.0,-0.1873813145857258,-0.3861192570869987,0.0
15.0,-0.125333233564304,-0.29814271749755594,0.0
15.0,-0.06279051952931351,-0.20039100684261957,0.0
15.0,-4.898587196589413e-16,-0.11241446725317683,0.0
15.0,0.06279051952931075,-0.06353861192570864,0.0
15.0,0.12533323356430304,0.024437927663734094,0.0
15.0,0.1873813145857231,0.09286412512218956,0.0
15.0,0.24868988716485466,0.19061583577712593,0.0
15.0,0.30901699437494523,0.29814271749755594,0.0
15.0,0.36812455268467714,0.3861192570869987,0.0
15.0,0.42577929156507155,0.4740957966764414,0.0
15.0,0.48175367410171543,0.562072336265885,0.0
15.0,0.535826794978995,0.6598240469208214,0.0
15.0,0.5877852522924727,0.7282502443792769,0.0
15.0,0.6374239897486891,0.8162267839687196,0.0
15.0,0.6845471059286891,0.9237536656891496,0.0
15.0,0.7289686274214104,1.0117302052785924,0.0
15.0,0.7705132427757891,1.0703812316715542,0.0
15.0,0.8090169943749471,1.129032258064516,0.0
15.0,0.8443279255020155,1.2072336265884651,0.0
15.0,0.876306680043863,1.2463343108504397,0.0
15.0,0.9048270524660196,1.265884652981427,0.0
15.0,0.9297764858882513,1.2854349951124142,0.0
15.0,0.951056516295154,1.373411534701857,0.0
15.0,0.9685831611286309,1.4222873900293251,0.0
15.0,0.9822872507286888,1.4125122189638315,0.0
15.0,0.9921147013144779,1.4222873900293251,0.0
15.0,0.9980267284282717,1.4222873900293251,0.0
15.0,1.0,1.3636363636363633,0.0
15.0,0.9980267284282718,1.4027370478983379,0.0
15.0,0.992114701314478,1.3929618768328442,0.0
15.0,0.9822872507286889,1.4320625610948188,0.0
15.0,0.9685831611286312,1.3831867057673506,0.0
15.0,0.9510565162951543,1.373411534701857,0.0
15.0,0.9297764858882518,1.3147605083088951,0.0
15.0,0.90482705246602,1.265884652981427,0.0
15.0,0.8763066800438635,1.2072336265884651,0.0
15.0,0.8443279255020162,1.129032258064516,0.0
15.0,0.8090169943749478,1.099706744868035,0.0
15.0,0.7705132427757898,1.0312805474095796,0.0
15.0,0.7289686274214112,0.9921798631476051,0.0
15.0,0.6845471059286898,0.9042033235581624,0.0
15.0,0.6374239897486899,0.8260019550342133,0.0
15.0,0.5877852522924736,0.7575757575757578,0.0
15.0,0.5358267949789959,0.669599217986315,0.0
15.0,0.48175367410171643,0.5816226783968723,0.0
15.0,0.42577929156507255,0.5034213098729223,0.0
15.0,0.3681245526846782,0.40566959921798595,0.0
15.0,0.3090169943749463,0.3372434017595305,0.0
15.0,0.2486898871648557,0.24926686217008776,0.0
15.0,0.18738131458572418,0.1808406647116323,0.0
15.0,0.12533323356430415,0.08308895405669592,0.0
15.0,0.06279051952931186,0.014662756598240456,0.0
15.0,6.123233995736766e-16,-0.06353861192570864,0.0
15.0,-0.06279051952931064,-0.12218963831867047,0.0
15.0,-0.12533323356430293,-0.2101661779081132,0.0
15.0,-0.18738131458572296,-0.2883675464320623,0.0
15.0,-0.24868988716485452,-0.3861192570869987,0.0
15.0,-0.3090169943749451,-0.4740957966764414,0.0
15.0,-0.3681245526846787,-0.5718475073313787,0.0
15.0,-0.42577929156506983,-0.6598240469208214,0.0
15.0,-0.4817536741017154,-0.7282502443792769,0.0
15.0,-0.5358267949789964,-0.806451612903226,0.0
15.0,-0.5877852522924726,-0.913978494623656,0.0
15.0,-0.637423989748689,-0.9824046920821115,0.0
15.0,-0.6845471059286877,-1.0801564027370478,0.0
15.0,-0.7289686274214103,-1.1485826001955033,0.0
15.0,-0.7705132427757901,-1.1974584555229715,0.0
15.0,-0.809016994374946,-1.2658846529814274,0.0
15.0,-0.8443279255020155,-1.3343108504398828,0.0
15.0,-0.8763066800438638,-1.383186705767351,0.0
15.0,-0.9048270524660196,-1.4320625610948192,0.0
15.0,-0.9297764858882513,-1.490713587487781,0.0
15.0,-0.9510565162951534,-1.5493646138807429,0.0
15.0,-0.9685831611286309,-1.5884652981427174,0.0
15.0,-0.982287250728689,-1.6177908113391983,0.0
15.0,-0.9921147013144777,-1.6373411534701856,0.0
15.0,-0.9980267284282717,-1.6373411534701856,0.0
15.0,-1.0,-1.6666666666666665,0.0
15.0,-0.9980267284282718,-1.6568914956011729,0.0
15.0,-0.9921147013144778,-1.6471163245356792,0.0
15.0,-0.9822872507286894,-1.6666666666666665,0.0
15.0,-0.9685831611286312,-1.6666666666666665,0.0
15.0,-0.9510565162951538,-1.627565982404692,0.0
15.0,-0.9297764858882518,-1.5786901270772238,0.0
15.0,-0.9048270524660201,-1.5689149560117301,0.0
15.0,-0.8763066800438645,-1.5298142717497556,0.0
15.0,-0.8443279255020162,-1.5102639296187683,0.0
15.0,-0.8090169943749468,-1.4613880742913001,0.0
15.0,-0.770513242775791,-1.3734115347018574,0.0
15.0,-0.7289686274214113,-1.3636363636363638,0.0
15.0,-0.6845471059286887,-1.275659824046921,0.0
15.0,-0.63742398974869,-1.1974584555229715,0.0
15.0,-0.5877852522924737,-1.1094819159335287,0.0
15.0,-0.5358267949789975,-1.0606060606060606,0.0
15.0,-0.48175367410171654,-0.9824046920821115,0.0
15.0,-0.42577929156507105,-0.8651026392961878,0.0
15.0,-0.36812455268468,-0.7380254154447705,0.0
15.0,-0.3090169943749464,-0.6402737047898341,0.0
15.0,-0.2486898871648541,-0.5425219941348978,0.0
15.0,-0.1873813145857243,-0.4643206256109478,0.0
15.0,-0.12533323356430426,-0.34701857282502413,0.0
15.0,-0.06279051952931375,-0.29814271749755594,0.0
15.0,-7.347880794884119e-16,-0.21994134897360684,0.0
15.0,0.06279051952931229,-0.12218963831867047,0.0
15.0,0.12533323356430282,-0.03421309872922773,0.0
15.0,0.18738131458572285,0.04398826979472137,0.0
15.0,0.24868988716485269,0.11241446725317683,0.0
15.0,0.309016994374945,0.2101661779081132,0.0
15.0,0.3681245526846786,0.32746823069403685,0.0
15.0,0.4257792915650697,0.4154447702834796,0.0
15.0,0.48175367410171527,0.5327468230694041,0.0
15.0,0.5358267949789963,0.6207233626588469,0.0
15.0,0.5877852522924725,0.6891495601173023,0.0
15.0,0.6374239897486889,0.7673509286412514,0.0
15.0,0.6845471059286876,0.8357771260997069,0.0
15.0,0.7289686274214102,0.9530791788856305,0.0
15.0,0.7705132427757901,1.0410557184750733,0.0
15.0,0.8090169943749459,1.099706744868035,0.0
15.0,0.8443279255020154,1.158357771260997,0.0
15.0,0.8763066800438637,1.2267839687194524,0.0
15.0,0.9048270524660195,1.3049853372434015,0.0
15.0,0.9297764858882512,1.3636363636363633,0.0
15.0,0.9510565162951533,1.4125122189638315,0.0
15.0,0.9685831611286309,1.4320625610948188,0.0
15.0,0.982287250728689,1.4711632453567933,0.0
15.0,0.9921147013144777,1.5004887585532742,0.0
15.0,0.9980267284282717,1.5102639296187688,0.0
15.0,1.0,1.529814271749756,0.0
15.0,0.9980267284282718,1.559139784946237,0.0
15.0,0.9921147013144778,1.5200391006842624,0.0
15.0,0.9822872507286894,1.4907135874877806,0.0
15.0,0.9685831611286312,1.480938416422287,0.0
15.0,0.9510565162951539,1.4222873900293251,0.0
15.0,0.9297764858882518,1.4125122189638315,0.0
15.0,0.9048270524660201,1.3343108504398824,0.0
15.0,0.8763066800438645,1.2561094819159333,0.0
15.0,0.8443279255020163,1.1876832844574778,0.0
15.0,0.8090169943749469,1.1094819159335287,0.0
15.0,0.7705132427757911,0.9921798631476051,0.0
15.0,0.7289686274214113,0.8748778103616814,0.0
15.0,0.6845471059286887,0.8455522971652005,0.0
15.0,0.6374239897486901,0.7771260997067451,0.0
15.0,0.5877852522924738,0.6891495601173023,0.0
15.0,0.5358267949789977,0.6011730205278596,0.0
15.0,0.48175367410171666,0.5327468230694041,0.0
15.0,0.42577929156507116,0.40566959921798595,0.0
15.0,0.3681245526846801,0.3176930596285432,0.0
15.0,0.30901699437494656,0.23949169110459412,0.0
15.0,0.24868988716485424,0.17106549364613866,0.0
15.0,0.1873813145857244,0.053763440860215006,0.0
15.0,0.1253332335643044,-0.04398826979472137,0.0
15.0,0.06279051952931387,-0.14173998044965774,0.0
15.0,8.572527594031472e-16,-0.22971652003910048,0.0
15.0,-0.06279051952931217,-0.2883675464320623,0.0
15.0,-0.12533323356430268,-0.42521994134897323,0.0
15.0,-0.18738131458572274,-0.5034213098729232,0.0
15.0,-0.24868988716485257,-0.6500488758553278,0.0
15.0,-0.3090169943749449,-0.7575757575757578,0.0
15.0,-0.3681245526846785,-0.8455522971652005,0.0
15.0,-0.4257792915650696,-0.9042033235581624,0.0
15.0,-0.48175367410171516,-0.9824046920821115,0.0
15.0,-0.5358267949789962,-1.0899315738025415,0.0
15.0,-0.5877852522924725,-1.1876832844574778,0.0
15.0,-0.6374239897486887,-1.2658846529814274,0.0
15.0,-0.6845471059286875,-1.3343108504398828,0.0
15.0,-0.7289686274214101,-1.4222873900293256,0.0
15.0,-0.77051324277579,-1.520039100684262,0.0
15.0,-0.8090169943749459,-1.5689149560117301,0.0
15.0,-0.8443279255020153,-1.6568914956011729,0.0
15.0,-0.8763066800438637,-1.7253176930596283,0.0
15.0,-0.9048270524660195,-1.774193548387097,0.0
15.0,-0.9297764858882512,-1.8230694037145652,0.0
15.0,-0.9510565162951533,-1.8426197458455524,0.0
15.0,-0.9685831611286309,-1.8621700879765397,0.0
15.0,-0.982287250728689,-1.8719452590420333,0.0
15.0,-0.9921147013144775,-1.881720430107527,0.0
15.0,-0.9980267284282717,-1.8914956011730206,0.0
15.0,-1.0,-1.8914956011730206,0.0
15.0,-0.9980267284282718,-1.8719452590420333,0.0
15.0,-0.9921147013144778,-1.8328445747800588,0.0
15.0,-0.9822872507286894,-1.8035190615835779,0.0
15.0,-0.9685831611286313,-1.774193548387097,0.0
15.0,-0.9510565162951539,-1.735092864125122,0.0
15.0,-0.9297764858882519,-1.705767350928641,0.0
15.0,-0.9048270524660202,-1.6471163245356792,0.0
15.0,-0.8763066800438646,-1.5884652981427174,0.0
15.0,-0.8443279255020164,-1.5493646138807429,0.0
15.0,-0.8090169943749469,-1.520039100684262,0.0
15.0,-0.7705132427757913,-1.4418377321603129,0.0
15.0,-0.7289686274214114,-1.3245356793743892,0.0
15.0,-0.6845471059286888,-1.2463343108504397,0.0
15.0,-0.6374239897486902,-1.158357771260997,0.0
15.0,-0.5877852522924739,-1.0899315738025415,0.0
15.0,-0.5358267949789978,-1.0117302052785924,0.0
15.0,-0.48175367410171677,-0.9237536656891496,0.0
15.0,-0.42577929156507127,-0.8260019550342133,0.0
15.0,-0.3681245526846802,-0.7771260997067451,0.0
15.0,-0.3090169943749467,-0.6500488758553278,0.0
15.0,-0.24868988716485435,-0.562072336265885,0.0
15.0,-0.18738131458572455,-0.4740957966764414,0.0
15.0,-0.1253332335643045,-0.3861192570869987,0.0
15.0,-0.062790519529314,-0.2883675464320623,0.0
15.0,-9.797174393178826e-16,-0.19061583577712593,0.0
15.0,0.06279051952931204,-0.1026392961876832,0.0
15.0,0.12533323356429904,-0.004887585532746819,0.0
15.0,0.1873813145857261,0.11241446725317683,0.0
15.0,0.24868988716485246,0.2101661779081132,0.0
15.0,0.3090169943749448,0.3079178885630496,0.0
15.0,0.36812455268467503,0.43499511241446687,0.0
15.0,0.4257792915650727,0.5327468230694041,0.0
15.0,0.48175367410171505,0.6011730205278596,0.0
15.0,0.5358267949789961,0.7086999022482896,0.0
15.0,0.5877852522924695,0.7673509286412514,0.0
15.0,0.6374239897486914,0.8651026392961878,0.0
15.0,0.6845471059286874,0.9237536656891496,0.0
15.0,0.7289686274214101,0.9921798631476051,0.0
15.0,0.7705132427757877,1.0703812316715542,0.0
15.0,0.8090169943749479,1.1974584555229715,0.0
15.0,0.8443279255020153,1.2756598240469206,0.0
15.0,0.8763066800438636,1.344086021505376,0.0
15.0,0.9048270524660179,1.4027370478983379,0.0
15.0,0.9297764858882525,1.4613880742912997,0.0
15.0,0.9510565162951533,1.5004887585532742,0.0
15.0,0.9685831611286307,1.5786901270772242,0.0
15.0,0.9822872507286884,1.6080156402737051,0.0
15.0,0.992114701314478,1.637341153470186,0.0
15.0,0.9980267284282717,1.6275659824046924,0.0
15.0,1.0,1.6275659824046924,0.0
15.0,0.9980267284282718,1.6275659824046924,0.0
15.0,0.9921147013144783,1.6177908113391988,0.0
15.0,0.9822872507286887,1.5884652981427179,0.0
15.0,0.9685831611286313,1.529814271749756,0.0
15.0,0.9510565162951539,1.4418377321603124,0.0
15.0,0.9297764858882532,1.3929618768328442,0.0
15.0,0.9048270524660188,1.3343108504398824,0.0
15.0,0.8763066800438646,1.2952101661779079,0.0
15.0,0.8443279255020164,1.1974584555229715,0.0
15.0,0.8090169943749491,1.1388074291300097,0.0
15.0,0.770513242775789,1.0606060606060606,0.0
15.0,0.7289686274214116,0.9824046920821115,0.0
15.0,0.684547105928689,0.9335288367546433,0.0
15.0,0.637423989748693,0.8553274682306942,0.0
15.0,0.5877852522924711,0.7478005865102642,0.0
15.0,0.5358267949789979,0.669599217986315,0.0
15.0,0.4817536741017169,0.591397849462366,0.0
15.0,0.4257792915650746,0.48387096774193505,0.0
15.0,0.368124552684677,0.42521994134897323,0.0
15.0,0.3090169943749468,0.32746823069403685,0.0
15.0,0.24868988716485446,0.24926686217008776,0.0
15.0,0.18738131458572815,0.15151515151515138,0.0
15.0,0.1253332335643011,0.12218963831867047,0.0
15.0,0.06279051952931412,0.024437927663734094,0.0
15.0,1.102182119232618e-15,-0.07331378299120228,0.0
15.0,-0.06279051952931192,-0.15151515151515138,0.0
15.0,-0.12533323356429893,-0.21994134897360684,0.0
15.0,-0.187381314585726,-0.3176930596285432,0.0
15.0,-0.24868988716485232,-0.3665689149560114,0.0
15.0,-0.3090169943749447,-0.43499511241446687,0.0
15.0,-0.3681245526846749,-0.5034213098729232,0.0
15.0,-0.4257792915650726,-0.591397849462366,0.0
15.0,-0.48175367410171493,-0.6793743890518087,0.0
15.0,-0.535826794978996,-0.7771260997067451,0.0
15.0,-0.5877852522924694,-0.8357771260997069,0.0
15.0,-0.6374239897486913,-0.9335288367546433,0.0
15.0,-0.6845471059286873,-0.9726295210166178,0.0
15.0,-0.72896862742141,-1.0606060606060606,0.0
15.0,-0.7705132427757876,-1.158357771260997,0.0
15.0,-0.8090169943749478,-1.236559139784946,0.0
15.0,-0.8443279255020152,-1.304985337243402,0.0
15.0,-0.8763066800438636,-1.3929618768328447,0.0
15.0,-0.9048270524660178,-1.412512218963832,0.0
15.0,-0.9297764858882525,-1.4809384164222874,0.0
15.0,-0.9510565162951532,-1.5493646138807429,0.0
15.0,-0.9685831611286307,-1.5884652981427174,0.0
15.0,-0.9822872507286883,-1.6471163245356792,0.0
15.0,-0.992114701314478,-1.6666666666666665,0.0
15.0,-0.9980267284282717,-1.705767350928641,0.0
15.0,-1.0,-1.735092864125122,0.0
15.0,-0.9980267284282718,-1.7644183773216033,0.0
15.0,-0.9921147013144783,-1.7937438905180842,0.0
15.0,-0.9822872507286887,-1.774193548387097,0.0
15.0,-0.9685831611286313,-1.774193548387097,0.0
15.0,-0.951056516295154,-1.735092864125122,0.0
15.0,-0.9297764858882532,-1.7155425219941347,0.0
15.0,-0.9048270524660188,-1.6568914956011729,0.0
15.0,-0.8763066800438647,-1.6177908113391983,0.0
15.0,-0.8443279255020165,-1.5786901270772238,0.0
15.0,-0.8090169943749491,-1.5004887585532747,0.0
15.0,-0.770513242775789,-1.4613880742913001,0.0
15.0,-0.7289686274214117,-1.4222873900293256,0.0
15.0,-0.6845471059286891,-1.3636363636363638,0.0
15.0,-0.6374239897486931,-1.2854349951124147,0.0
15.0,-0.5877852522924712,-1.2170087976539588,0.0
15.0,-0.535826794978998,-1.129032258064516,0.0
15.0,-0.481753674101717,-1.050830889540567,0.0
15.0,-0.4257792915650747,-0.9628543499511242,0.0
15.0,-0.3681245526846771,-0.8651026392961878,0.0
15.0,-0.3090169943749469,-0.7771260997067451,0.0
15.0,-0.2486898871648546,-0.6891495601173023,0.0
15.0,-0.18738131458572826,-0.591397849462366,0.0
15.0,-0.12533323356430123,-0.48387096774193505,0.0
15.0,-0.06279051952931425,-0.35679374389051777,0.0
15.0,-1.2246467991473533e-15,-0.2590420332355814,0.0
15.0,0.06279051952931179,-0.17106549364613866,0.0
15.0,0.1253332335642988,-0.11241446725317683,0.0
15.0,0.18738131458572588,-0.024437927663734094,0.0
15.0,0.2486898871648522,0.04398826979472137,0.0
15.0,0.30901699437494456,0.19061583577712593,0.0
15.0,0.3681245526846748,0.24926686217008776,0.0
15.0,0.4257792915650725,0.35679374389051777,0.0
15.0,0.4817536741017148,0.42521994134897323,0.0
15.0,0.5358267949789959,0.48387096774193505,0.0
15.0,0.5877852522924693,0.562072336265885,0.0
15.0,0.6374239897486885,0.6793743890518087,0.0
15.0,0.6845471059286898,0.7380254154447705,0.0
15.0,0.7289686274214099,0.7575757575757578,0.0
15.0,0.7705132427757853,0.8260019550342133,0.0
15.0,0.8090169943749498,0.8846529814271751,0.0
15.0,0.8443279255020152,0.9824046920821115,0.0
15.0,0.8763066800438618,1.050830889540567,0.0
15.0,0.9048270524660192,1.1192570869990224,0.0
15.0,0.9297764858882523,1.1876832844574778,0.0
15.0,0.9510565162951532,1.2170087976539588,0.0
15.0,0.9685831611286316,1.2561094819159333,0.0
15.0,0.9822872507286883,1.3245356793743888,0.0
15.0,0.992114701314478,1.3538611925708697,0.0
15.0,0.9980267284282713,1.373411534701857,0.0
15.0,1.0,1.3831867057673506,0.0
15.0,0.9980267284282718,1.3929618768328442,0.0
15.0,0.9921147013144788,1.3831867057673506,0.0
15.0,0.9822872507286882,1.3929618768328442,0.0
15.0,0.9685831611286313,1.3538611925708697,0.0
15.0,0.9510565162951551,1.344086021505376,0.0
15.0,0.929776485888252,1.2854349951124142,0.0
15.0,0.9048270524660189,1.2267839687194524,0.0
15.0,0.8763066800438647,1.1876832844574778,0.0
15.0,0.8443279255020146,1.1388074291300097,0.0
15.0,0.8090169943749492,1.1094819159335287,0.0
15.0,0.7705132427757891,1.0312805474095796,0.0
15.0,0.7289686274214141,0.9726295210166178,0.0
15.0,0.6845471059286892,0.9042033235581624,0.0
15.0,0.6374239897486932,0.8553274682306942,0.0
15.0,0.5877852522924742,0.7966764418377323,0.0
15.0,0.535826794978995,0.7086999022482896,0.0
15.0,0.48175367410171704,0.6304985337243405,0.0
15.0,0.42577929156507804,0.5522971652003914,0.0
15.0,0.3681245526846739,0.5034213098729223,0.0
15.0,0.309016994374947,0.4447702834799605,0.0
15.0,0.24868988716485815,0.3372434017595305,0.0
15.0,0.1873813145857249,0.24926686217008776,0.0
15.0,0.12533323356430134,0.19061583577712593,0.0
15.0,0.06279051952931436,0.09286412512218956,0.0
15.0,4.899825157862589e-15,-0.004887585532746819,0.0
15.0,-0.06279051952931168,-0.12218963831867047,0.0
15.0,-0.12533323356429868,-0.20039100684261957,0.0
15.0,-0.18738131458572224,-0.2590420332355814,0.0
15.0,-0.24868988716485554,-0.37634408602150504,0.0
15.0,-0.30901699437494445,-0.45454545454545414,0.0
15.0,-0.3681245526846714,-0.562072336265885,0.0
15.0,-0.4257792915650756,-0.6598240469208214,0.0
15.0,-0.4817536741017147,-0.7478005865102642,0.0
15.0,-0.5358267949789928,-0.8455522971652005,0.0
15.0,-0.587785252292472,-0.913978494623656,0.0
15.0,-0.6374239897486911,-1.0117302052785924,0.0
15.0,-0.6845471059286872,-1.129032258064516,0.0
15.0,-0.7289686274214123,-1.2267839687194524,0.0
15.0,-0.7705132427757875,-1.304985337243402,0.0
15.0,-0.8090169943749477,-1.3734115347018574,0.0
15.0,-0.8443279255020132,-1.4320625610948192,0.0
15.0,-0.8763066800438635,-1.5004887585532747,0.0
15.0,-0.9048270524660177,-1.5591397849462365,0.0
15.0,-0.929776485888251,-1.6177908113391983,0.0
15.0,-0.9510565162951542,-1.6862170087976538,0.0
15.0,-0.9685831611286306,-1.7155425219941347,0.0
15.0,-0.9822872507286876,-1.7448680351906156,0.0
15.0,-0.9921147013144784,-1.7546432062561097,0.0
15.0,-0.9980267284282716,-1.774193548387097,0.0
15.0,-1.0,-1.7644183773216033,0.0
15.0,-0.9980267284282716,-1.7546432062561097,0.0
15.0,-0.9921147013144783,-1.7546432062561097,0.0
15.0,-0.9822872507286888,-1.7253176930596283,0.0
15.0,-0.9685831611286323,-1.7155425219941347,0.0
16.0,-0.9510565162951536,0.024437927663734094,0.0
16.0,-0.9297764858882512,0.04398826979472137,0.0
16.0,-0.9048270524660199,0.053763440860215006,0.0
16.0,-0.8763066800438638,0.053763440860215006,0.0
16.0,-0.8443279255020155,-0.446236559139785,0.0
16.0,-0.8090169943749476,-0.946236559139785,0.0
16.0,-0.7705132427757896,-0.9530791788856305,0.0
16.0,-0.7289686274214116,-0.9042033235581624,0.0
16.0,-0.684547105928689,-0.8748778103616814,0.0
16.0,-0.6374239897486896,-0.8553274682306942,0.0
16.0,-0.5877852522924734,-0.806451612903226,0.0
16.0,-0.5358267949789963,-0.7282502443792769,0.0
16.0,-0.4817536741017153,-0.6891495601173023,0.0
16.0,-0.4257792915650722,-0.6207233626588469,0.0
16.0,-0.3681245526846787,-0.5522971652003914,0.0
16.0,-0.3090169943749477,-0.48387096774193505,0.0
16.0,-0.24868988716485535,-0.42521994134897323,0.0
16.0,-0.18738131458572468,-0.4154447702834796,0.0
16.0,-0.12533323356430465,-0.32746823069403685,0.0
16.0,-0.06279051952931326,-0.27859237536656867,0.0
16.0,-2.4492935982947064e-16,-0.20039100684261957,0.0
16.0,0.06279051952931278,-0.11241446725317683,0.0
16.0,0.12533323356430418,-0.03421309872922773,0.0
16.0,0.1873813145857242,0.06353861192570864,0.0
16.0,0.24868988716485488,0.14173998044965774,0.0
16.0,0.3090169943749472,0.23949169110459412,0.0
16.0,0.3681245526846782,0.3176930596285432,0.0
16.0,0.42577929156507255,0.3861192570869987,0.0
16.0,0.48175367410171566,0.4643206256109478,0.0
16.0,0.5358267949789967,0.5816226783968723,0.0
16.0,0.5877852522924736,0.6793743890518087,0.0
16.0,0.6374239897486899,0.7575757575757578,0.0
16.0,0.6845471059286893,0.8260019550342133,0.0
16.0,0.7289686274214107,0.9237536656891496,0.0
16.0,0.7705132427757887,1.0117302052785924,0.0
16.0,0.8090169943749468,1.099706744868035,0.0
16.0,0.8443279255020147,1.1485826001955033,0.0
16.0,0.8763066800438631,1.2267839687194524,0.0
16.0,0.9048270524660194,1.2463343108504397,0.0
16.0,0.9297764858882511,1.3049853372434015,0.0
16.0,0.9510565162951535,1.3343108504398824,0.0
16.0,0.968583161128631,1.344086021505376,0.0
16.0,0.9822872507286886,1.373411534701857,0.0
16.0,0.9921147013144778,1.373411534701857,0.0
16.0,0.9980267284282716,1.4320625610948188,0.0
16.0,1.0,1.4613880742912997,0.0
16.0,0.9980267284282716,1.4907135874877806,0.0
16.0,0.9921147013144779,1.5102639296187688,0.0
16.0,0.9822872507286886,1.451612903225806,0.0
16.0,0.9685831611286311,1.451612903225806,0.0
16.0,0.9510565162951536,1.4711632453567933,0.0
16.0,0.9297764858882517,1.480938416422287,0.0
16.0,0.9048270524660192,1.4711632453567933,0.0
16.0,0.8763066800438634,1.4125122189638315,0.0
16.0,0.8443279255020151,1.3831867057673506,0.0
16.0,0.8090169943749477,1.3147605083088951,0.0
16.0,0.7705132427757886,1.2463343108504397,0.0
16.0,0.728968627421411,1.1876832844574778,0.0
16.0,0.6845471059286897,1.1192570869990224,0.0
16.0,0.6374239897486911,0.9921798631476051,0.0
16.0,0.5877852522924734,0.913978494623656,0.0
16.0,0.5358267949789972,0.806451612903226,0.0
16.0,0.4817536741017162,0.7282502443792769,0.0
16.0,0.42577929156507394,0.6402737047898341,0.0
16.0,0.368124552684678,0.5816226783968723,0.0
16.0,0.3090169943749478,0.4936461388074287,0.0
16.0,0.2486898871648555,0.3958944281524923,0.0
16.0,0.18738131458572568,0.3176930596285432,0.0
16.0,0.1253332335643039,0.23949169110459412,0.0
16.0,0.06279051952931339,0.1319648093841641,0.0
16.0,3.6739403974420594e-16,0.1026392961876832,0.0
16.0,-0.06279051952931265,0.03421309872922773,0.0
16.0,-0.12533323356430318,-0.053763440860215006,0.0
16.0,-0.18738131458572496,-0.14173998044965774,0.0
16.0,-0.24868988716485477,-0.22971652003910048,0.0
16.0,-0.30901699437494706,-0.32746823069403685,0.0
16.0,-0.36812455268467725,-0.3665689149560114,0.0
16.0,-0.42577929156507327,-0.4643206256109478,0.0
16.0,-0.48175367410171555,-0.562072336265885,0.0
16.0,-0.5358267949789965,-0.6304985337243405,0.0
16.0,-0.5877852522924728,-0.7478005865102642,0.0
16.0,-0.6374239897486905,-0.8357771260997069,0.0
16.0,-0.6845471059286892,-0.9237536656891496,0.0
16.0,-0.7289686274214106,-1.050830889540567,0.0
16.0,-0.770513242775788,-1.099706744868035,0.0
16.0,-0.8090169943749472,-1.2072336265884651,0.0
16.0,-0.8443279255020146,-1.2952101661779083,0.0
16.0,-0.876306680043863,-1.383186705767351,0.0
16.0,-0.9048270524660189,-1.4320625610948192,0.0
16.0,-0.9297764858882513,-1.4613880742913001,0.0
16.0,-0.9510565162951534,-1.520039100684262,0.0
16.0,-0.968583161128631,-1.5493646138807429,0.0
16.0,-0.9822872507286885,-1.5689149560117301,0.0
16.0,-0.9921147013144779,-1.6373411534701856,0.0
16.0,-0.9980267284282716,-1.6373411534701856,0.0
16.0,-1.0,-1.6568914956011729,0.0
16.0,-0.9980267284282716,-1.6764418377321602,0.0
16.0,-0.992114701314478,-1.6471163245356792,0.0
16.0,-0.9822872507286886,-1.6177908113391983,0.0
16.0,-0.9685831611286312,-1.6177908113391983,0.0
16.0,-0.9510565162951538,-1.5786901270772238,0.0
16.0,-0.9297764858882517,-1.5786901270772238,0.0
16.0,-0.9048270524660192,-1.5786901270772238,0.0
16.0,-0.8763066800438635,-1.5298142717497556,0.0
16.0,-0.8443279255020151,-1.5004887585532747,0.0
16.0,-0.8090169943749477,-1.4516129032258065,0.0
16.0,-0.7705132427757886,-1.4027370478983383,0.0
16.0,-0.7289686274214111,-1.3245356793743892,0.0
16.0,-0.6845471059286898,-1.2463343108504397,0.0
16.0,-0.6374239897486912,-1.1876832844574778,0.0
16.0,-0.5877852522924735,-1.1388074291300097,0.0
16.0,-0.5358267949789973,-1.050830889540567,0.0
16.0,-0.4817536741017163,-0.9726295210166178,0.0
16.0,-0.42577929156507405,-0.9335288367546433,0.0
16.0,-0.3681245526846781,-0.8944281524926687,0.0
16.0,-0.3090169943749479,-0.8455522971652005,0.0
16.0,-0.2486898871648556,-0.7478005865102642,0.0
16.0,-0.1873813145857258,-0.6304985337243405,0.0
16.0,-0.125333233564304,-0.5425219941348978,0.0
16.0,-0.06279051952931351,-0.4447702834799605,0.0
16.0,-4.898587196589413e-16,-0.35679374389051777,0.0
16.0,0.06279051952931075,-0.29814271749755594,0.0
16.0,0.12533323356430304,-0.2101661779081132,0.0
16.0,0.1873813145857231,-0.20039100684261957,0.0
16.0,0.24868988716485466,-0.07331378299120228,0.0
16.0,0.30901699437494523,0.04398826979472137,0.0
16.0,0.36812455268467714,0.14173998044965774,0.0
16.0,0.42577929156507155,0.24926686217008776,0.0
16.0,0.48175367410171543,0.34701857282502413,0.0
16.0,0.535826794978995,0.3958944281524923,0.0
16.0,0.5877852522924727,0.4643206256109478,0.0
16.0,0.6374239897486891,0.562072336265885,0.0
16.0,0.6845471059286891,0.6402737047898341,0.0
16.0,0.7289686274214104,0.7673509286412514,0.0
16.0,0.7705132427757891,0.8455522971652005,0.0
16.0,0.8090169943749471,0.9335288367546433,0.0
16.0,0.8443279255020155,0.9824046920821115,0.0
16.0,0.876306680043863,1.0606060606060606,0.0
16.0,0.9048270524660196,1.099706744868035,0.0
16.0,0.9297764858882513,1.1681329423264906,0.0
16.0,0.951056516295154,1.2170087976539588,0.0
16.0,0.9685831611286309,1.2561094819159333,0.0
16.0,0.9822872507286888,1.2561094819159333,0.0
16.0,0.9921147013144779,1.265884652981427,0.0
16.0,0.9980267284282717,1.2854349951124142,0.0
16.0,1.0,1.2952101661779079,0.0
16.0,0.9980267284282718,1.3245356793743888,0.0
16.0,0.992114701314478,1.3343108504398824,0.0
16.0,0.9822872507286889,1.3147605083088951,0.0
16.0,0.9685831611286312,1.2854349951124142,0.0
16.0,0.9510565162951543,1.2463343108504397,0.0
16.0,0.9297764858882518,1.1974584555229715,0.0
16.0,0.90482705246602,1.1388074291300097,0.0
16.0,0.8763066800438635,1.099706744868035,0.0
16.0,0.8443279255020162,1.0410557184750733,0.0
16.0,0.8090169943749478,0.9726295210166178,0.0
16.0,0.7705132427757898,0.9237536656891496,0.0
16.0,0.7289686274214112,0.8553274682306942,0.0
16.0,0.6845471059286898,0.7869012707722387,0.0
16.0,0.6374239897486899,0.698924731182796,0.0
16.0,0.5877852522924736,0.6402737047898341,0.0
16.0,0.5358267949789959,0.5034213098729223,0.0
16.0,0.48175367410171643,0.42521994134897323,0.0
16.0,0.42577929156507255,0.34701857282502413,0.0
16.0,0.3681245526846782,0.26881720430107503,0.0
16.0,0.3090169943749463,0.1808406647116323,0.0
16.0,0.2486898871648557,0.06353861192570864,0.0
16.0,0.18738131458572418,-0.024437927663734094,0.0
16.0,0.12533323356430415,-0.1319648093841641,0.0
16.0,0.06279051952931186,-0.19061583577712593,0.0
16.0,6.123233995736766e-16,-0.2590420332355814,0.0
16.0,-0.06279051952931064,-0.3665689149560114,0.0
16.0,-0.12533323356430293,-0.4154447702834796,0.0
16.0,-0.18738131458572296,-0.5229716520039105,0.0
16.0,-0.24868988716485452,-0.6598240469208214,0.0
16.0,-0.3090169943749451,-0.7380254154447705,0.0
16.0,-0.3681245526846787,-0.8162267839687196,0.0
16.0,-0.42577929156506983,-0.8651026392961878,0.0
16.0,-0.4817536741017154,-0.9433040078201369,0.0
16.0,-0.5358267949789964,-1.0410557184750733,0.0
16.0,-0.5877852522924726,-1.158357771260997,0.0
16.0,-0.637423989748689,-1.275659824046921,0.0
16.0,-0.6845471059286877,-1.3929618768328447,0.0
16.0,-0.7289686274214103,-1.412512218963832,0.0
16.0,-0.7705132427757901,-1.4516129032258065,0.0
16.0,-0.809016994374946,-1.5102639296187683,0.0
16.0,-0.8443279255020155,-1.6080156402737047,0.0
16.0,-0.8763066800438638,-1.6862170087976538,0.0
16.0,-0.9048270524660196,-1.7253176930596283,0.0
16.0,-0.9297764858882513,-1.7839687194525906,0.0
16.0,-0.9510565162951534,-1.8230694037145652,0.0
16.0,-0.9685831611286309,-1.8426197458455524,0.0
16.0,-0.982287250728689,-1.8426197458455524,0.0
16.0,-0.9921147013144777,-1.8328445747800588,0.0
16.0,-0.9980267284282717,-1.7937438905180842,0.0
16.0,-1.0,-1.7839687194525906,0.0
16.0,-0.9980267284282718,-1.7644183773216033,0.0
16.0,-0.9921147013144778,-1.7448680351906156,0.0
16.0,-0.9822872507286894,-1.7253176930596283,0.0
16.0,-0.9685831611286312,-1.6862170087976538,0.0
16.0,-0.9510565162951538,-1.6764418377321602,0.0
16.0,-0.9297764858882518,-1.6666666666666665,0.0
16.0,-0.9048270524660201,-1.627565982404692,0.0
16.0,-0.8763066800438645,-1.5591397849462365,0.0
16.0,-0.8443279255020162,-1.520039100684262,0.0
16.0,-0.8090169943749468,-1.4516129032258065,0.0
16.0,-0.770513242775791,-1.3734115347018574,0.0
16.0,-0.7289686274214113,-1.2561094819159337,0.0
16.0,-0.6845471059286887,-1.2072336265884651,0.0
16.0,-0.63742398974869,-1.0801564027370478,0.0
16.0,-0.5877852522924737,-1.0019550342130987,0.0
16.0,-0.5358267949789975,-0.9335288367546433,0.0
16.0,-0.48175367410171654,-0.8748778103616814,0.0
16.0,-0.42577929156507105,-0.7966764418377323,0.0
16.0,-0.36812455268468,-0.7086999022482896,0.0
16.0,-0.3090169943749464,-0.6109481915933532,0.0
16.0,-0.2486898871648541,-0.5425219941348978,0.0
16.0,-0.1873813145857243,-0.42521994134897323,0.0
16.0,-0.12533323356430426,-0.32746823069403685,0.0
16.0,-0.06279051952931375,-0.21994134897360684,0.0
16.0,-7.347880794884119e-16,-0.14173998044965774,0.0
16.0,0.06279051952931229,-0.014662756598240456,0.0
16.0,0.12533323356430282,0.07331378299120228,0.0
16.0,0.18738131458572285,0.16129032258064502,0.0
16.0,0.24868988716485269,0.23949169110459412,0.0
16.0,0.309016994374945,0.32746823069403685,0.0
16.0,0.3681245526846786,0.3665689149560114,0.0
16.0,0.4257792915650697,0.48387096774193505,0.0
16.0,0.48175367410171527,0.6011730205278596,0.0
16.0,0.5358267949789963,0.6891495601173023,0.0
16.0,0.5877852522924725,0.8162267839687196,0.0
16.0,0.6374239897486889,0.9042033235581624,0.0
16.0,0.6845471059286876,0.9824046920821115,0.0
16.0,0.7289686274214102,1.0801564027370478,0.0
16.0,0.7705132427757901,1.1388074291300097,0.0
16.0,0.8090169943749459,1.2072336265884651,0.0
16.0,0.8443279255020154,1.2854349951124142,0.0
16.0,0.8763066800438637,1.3245356793743888,0.0
16.0,0.9048270524660195,1.373411534701857,0.0
16.0,0.9297764858882512,1.4320625610948188,0.0
16.0,0.9510565162951533,1.4907135874877806,0.0
16.0,0.9685831611286309,1.5200391006842624,0.0
16.0,0.982287250728689,1.5493646138807433,0.0
16.0,0.9921147013144777,1.5689149560117306,0.0
16.0,0.9980267284282717,1.5884652981427179,0.0
16.0,1.0,1.5982404692082115,0.0
16.0,0.9980267284282718,1.6177908113391988,0.0
16.0,0.9921147013144778,1.5982404692082115,0.0
16.0,0.9822872507286894,1.6177908113391988,0.0
16.0,0.9685831611286312,1.5982404692082115,0.0
16.0,0.9510565162951539,1.5689149560117306,0.0
16.0,0.9297764858882518,1.5200391006842624,0.0
16.0,0.9048270524660201,1.4711632453567933,0.0
16.0,0.8763066800438645,1.4027370478983379,0.0
16.0,0.8443279255020163,1.344086021505376,0.0
16.0,0.8090169943749469,1.2854349951124142,0.0
16.0,0.7705132427757911,1.1876832844574778,0.0
16.0,0.7289686274214113,1.0606060606060606,0.0
16.0,0.6845471059286887,0.9628543499511242,0.0
16.0,0.6374239897486901,0.8944281524926687,0.0
16.0,0.5877852522924738,0.7966764418377323,0.0
16.0,0.5358267949789977,0.6891495601173023,0.0
16.0,0.48175367410171666,0.6207233626588469,0.0
16.0,0.42577929156507116,0.5229716520039105,0.0
16.0,0.3681245526846801,0.42521994134897323,0.0
16.0,0.30901699437494656,0.35679374389051777,0.0
16.0,0.24868988716485424,0.2883675464320623,0.0
16.0,0.1873813145857244,0.1808406647116323,0.0
16.0,0.1253332335643044,0.06353861192570864,0.0
16.0,0.06279051952931387,-0.04398826979472137,0.0
16.0,8.572527594031472e-16,-0.11241446725317683,0.0
16.0,-0.06279051952931217,-0.24926686217008776,0.0
16.0,-0.12533323356430268,-0.37634408602150504,0.0
16.0,-0.18738131458572274,-0.45454545454545414,0.0
16.0,-0.24868988716485257,-0.5522971652003914,0.0
16.0,-0.3090169943749449,-0.6402737047898341,0.0
16.0,-0.3681245526846785,-0.7184750733137832,0.0
16.0,-0.4257792915650696,-0.7966764418377323,0.0
16.0,-0.48175367410171516,-0.8651026392961878,0.0
16.0,-0.5358267949789962,-0.9530791788856305,0.0
16.0,-0.5877852522924725,-1.021505376344086,0.0
16.0,-0.6374239897486887,-1.1192570869990224,0.0
16.0,-0.6845471059286875,-1.1876832844574778,0.0
16.0,-0.7289686274214101,-1.2952101661779083,0.0
16.0,-0.77051324277579,-1.3245356793743892,0.0
16.0,-0.8090169943749459,-1.4222873900293256,0.0
16.0,-0.8443279255020153,-1.4613880742913001,0.0
16.0,-0.8763066800438637,-1.520039100684262,0.0
16.0,-0.9048270524660195,-1.5689149560117301,0.0
16.0,-0.9297764858882512,-1.6177908113391983,0.0
16.0,-0.9510565162951533,-1.6568914956011729,0.0
16.0,-0.9685831611286309,-1.7253176930596283,0.0
16.0,-0.982287250728689,-1.7546432062561097,0.0
16.0,-0.9921147013144775,-1.8035190615835779,0.0
16.0,-0.9980267284282717,-1.8328445747800588,0.0
16.0,-1.0,-1.852394916911046,0.0
16.0,-0.9980267284282718,-1.8621700879765397,0.0
16.0,-0.9921147013144778,-1.8230694037145652,0.0
16.0,-0.9822872507286894,-1.8132942326490715,0.0
16.0,-0.9685831611286313,-1.8035190615835779,0.0
16.0,-0.9510565162951539,-1.774193548387097,0.0
16.0,-0.9297764858882519,-1.735092864125122,0.0
16.0,-0.9048270524660202,-1.6764418377321602,0.0
16.0,-0.8763066800438646,-1.6373411534701856,0.0
16.0,-0.8443279255020164,-1.5884652981427174,0.0
16.0,-0.8090169943749469,-1.5493646138807429,0.0
16.0,-0.7705132427757913,-1.4613880742913001,0.0
16.0,-0.7289686274214114,-1.3440860215053765,0.0
16.0,-0.6845471059286888,-1.275659824046921,0.0
16.0,-0.6374239897486902,-1.2072336265884651,0.0
16.0,-0.5877852522924739,-1.129032258064516,0.0
16.0,-0.5358267949789978,-1.050830889540567,0.0
16.0,-0.48175367410171677,-0.9824046920821115,0.0
16.0,-0.42577929156507127,-0.8944281524926687,0.0
16.0,-0.3681245526846802,-0.806451612903226,0.0
16.0,-0.3090169943749467,-0.6891495601173023,0.0
16.0,-0.24868988716485435,-0.6011730205278596,0.0
16.0,-0.18738131458572455,-0.5034213098729232,0.0
16.0,-0.1253332335643045,-0.42521994134897323,0.0
16.0,-0.062790519529314,-0.3372434017595305,0.0
16.0,-9.797174393178826e-16,-0.23949169110459412,0.0
16.0,0.06279051952931204,-0.14173998044965774,0.0
16.0,0.12533323356429904,-0.053763440860215006,0.0
16.0,0.1873813145857261,0.04398826979472137,0.0
16.0,0.24868988716485246,0.12218963831867047,0.0
16.0,0.3090169943749448,0.2101661779081132,0.0
16.0,0.36812455268467503,0.2883675464320623,0.0
16.0,0.4257792915650727,0.35679374389051777,0.0
16.0,0.48175367410171505,0.48387096774193505,0.0
16.0,0.5358267949789961,0.5718475073313787,0.0
16.0,0.5877852522924695,0.6304985337243405,0.0
16.0,0.6374239897486914,0.6891495601173023,0.0
16.0,0.6845471059286874,0.7380254154447705,0.0
16.0,0.7289686274214101,0.8357771260997069,0.0
16.0,0.7705132427757877,0.9042033235581624,0.0
16.0,0.8090169943749479,0.9824046920821115,0.0
16.0,0.8443279255020153,1.0312805474095796,0.0
16.0,0.8763066800438636,1.1094819159335287,0.0
16.0,0.9048270524660179,1.158357771260997,0.0
16.0,0.9297764858882525,1.2170087976539588,0.0
16.0,0.9510565162951533,1.2463343108504397,0.0
16.0,0.9685831611286307,1.2756598240469206,0.0
16.0,0.9822872507286884,1.3245356793743888,0.0
16.0,0.992114701314478,1.344086021505376,0.0
16.0,0.9980267284282717,1.3538611925708697,0.0
16.0,1.0,1.373411534701857,0.0
16.0,0.9980267284282718,1.3538611925708697,0.0
16.0,0.9921147013144783,1.3831867057673506,0.0
16.0,0.9822872507286887,1.3831867057673506,0.0
16.0,0.9685831611286313,1.4125122189638315,0.0
16.0,0.9510565162951539,1.4125122189638315,0.0
16.0,0.9297764858882532,1.3929618768328442,0.0
16.0,0.9048270524660188,1.3147605083088951,0.0
16.0,0.8763066800438646,1.265884652981427,0.0
16.0,0.8443279255020164,1.2267839687194524,0.0
16.0,0.8090169943749491,1.1681329423264906,0.0
16.0,0.770513242775789,1.1192570869990224,0.0
16.0,0.7289686274214116,1.050830889540567,0.0
16.0,0.684547105928689,0.9824046920821115,0.0
16.0,0.637423989748693,0.913978494623656,0.0
16.0,0.5877852522924711,0.8455522971652005,0.0
16.0,0.5358267949789979,0.7966764418377323,0.0
16.0,0.4817536741017169,0.698924731182796,0.0
16.0,0.4257792915650746,0.6207233626588469,0.0
16.0,0.368124552684677,0.5034213098729223,0.0
16.0,0.3090169943749468,0.3861192570869987,0.0
16.0,0.24868988716485446,0.3176930596285432,0.0
16.0,0.18738131458572815,0.2101661779081132,0.0
16.0,0.1253332335643011,0.14173998044965774,0.0
16.0,0.06279051952931412,0.04398826979472137,0.0
16.0,1.102182119232618e-15,-0.03421309872922773,0.0
16.0,-0.06279051952931192,-0.16129032258064502,0.0
16.0,-0.12533323356429893,-0.27859237536656867,0.0
16.0,-0.187381314585726,-0.3665689149560114,0.0
16.0,-0.24868988716485232,-0.4740957966764414,0.0
16.0,-0.3090169943749447,-0.562072336265885,0.0
16.0,-0.3681245526846749,-0.6500488758553278,0.0
16.0,-0.4257792915650726,-0.7771260997067451,0.0
16.0,-0.48175367410171493,-0.8162267839687196,0.0
16.0,-0.535826794978996,-0.8455522971652005,0.0
16.0,-0.5877852522924694,-0.9335288367546433,0.0
16.0,-0.6374239897486913,-1.021505376344086,0.0
16.0,-0.6845471059286873,-1.1094819159335287,0.0
16.0,-0.72896862742141,-1.1779081133919842,0.0
16.0,-0.7705132427757876,-1.236559139784946,0.0
16.0,-0.8090169943749478,-1.2952101661779083,0.0
16.0,-0.8443279255020152,-1.3636363636363638,0.0
16.0,-0.8763066800438636,-1.4418377321603129,0.0
16.0,-0.9048270524660178,-1.4613880742913001,0.0
16.0,-0.9297764858882525,-1.520039100684262,0.0
16.0,-0.9510565162951532,-1.5493646138807429,0.0
16.0,-0.9685831611286307,-1.6177908113391983,0.0
16.0,-0.9822872507286883,-1.6764418377321602,0.0
16.0,-0.992114701314478,-1.6862170087976538,0.0
16.0,-0.9980267284282717,-1.7546432062561097,0.0
16.0,-1.0,-1.7546432062561097,0.0
16.0,-0.9980267284282718,-1.7644183773216033,0.0
16.0,-0.9921147013144783,-1.7546432062561097,0.0
16.0,-0.9822872507286887,-1.735092864125122,0.0
16.0,-0.9685831611286313,-1.7253176930596283,0.0
16.0,-0.951056516295154,-1.6862170087976538,0.0
16.0,-0.9297764858882532,-1.6666666666666665,0.0
16.0,-0.9048270524660188,-1.6471163245356792,0.0
16.0,-0.8763066800438647,-1.627565982404692,0.0
16.0,-0.8443279255020165,-1.627565982404692,0.0
16.0,-0.8090169943749491,-1.5786901270772238,0.0
16.0,-0.770513242775789,-1.4809384164222874,0.0
16.0,-0.7289686274214117,-1.412512218963832,0.0
16.0,-0.6845471059286891,-1.3538611925708701,0.0
16.0,-0.6374239897486931,-1.2658846529814274,0.0
16.0,-0.5877852522924712,-1.158357771260997,0.0
16.0,-0.535826794978998,-1.0899315738025415,0.0
16.0,-0.481753674101717,-1.0117302052785924,0.0
16.0,-0.4257792915650747,-0.9335288367546433,0.0
16.0,-0.3681245526846771,-0.8162267839687196,0.0
16.0,-0.3090169943749469,-0.7282502443792769,0.0
16.0,-0.2486898871648546,-0.6500488758553278,0.0
16.0,-0.18738131458572826,-0.5718475073313787,0.0
16.0,-0.12533323356430123,-0.4643206256109478,0.0
16.0,-0.06279051952931425,-0.3665689149560114,0.0
16.0,-1.2246467991473533e-15,-0.2590420332355814,0.0
16.0,0.06279051952931179,-0.17106549364613866,0.0
16.0,0.1253332335642988,-0.07331378299120228,0.0
16.0,0.18738131458572588,0.03421309872922773,0.0
16.0,0.2486898871648522,0.09286412512218956,0.0
16.0,0.30901699437494456,0.1808406647116323,0.0
16.0,0.3681245526846748,0.26881720430107503,0.0
16.0,0.4257792915650725,0.3665689149560114,0.0
16.0,0.4817536741017148,0.4447702834799605,0.0
16.0,0.5358267949789959,0.5327468230694041,0.0
16.0,0.5877852522924693,0.6109481915933532,0.0
16.0,0.6374239897486885,0.7282502443792769,0.0
16.0,0.6845471059286898,0.8162267839687196,0.0
16.0,0.7289686274214099,0.8944281524926687,0.0
16.0,0.7705132427757853,0.9726295210166178,0.0
16.0,0.8090169943749498,1.0606060606060606,0.0
16.0,0.8443279255020152,1.1094819159335287,0.0
16.0,0.8763066800438618,1.158357771260997,0.0
16.0,0.9048270524660192,1.2267839687194524,0.0
16.0,0.9297764858882523,1.236559139784946,0.0
16.0,0.9510565162951532,1.265884652981427,0.0
16.0,0.9685831611286316,1.2756598240469206,0.0
16.0,0.9822872507286883,1.3147605083088951,0.0
16.0,0.992114701314478,1.3343108504398824,0.0
16.0,0.9980267284282713,1.3147605083088951,0.0
16.0,1.0,1.3538611925708697,0.0
16.0,0.9980267284282718,1.3831867057673506,0.0
16.0,0.9921147013144788,1.344086021505376,0.0
16.0,0.9822872507286882,1.3343108504398824,0.0
16.0,0.9685831611286313,1.3245356793743888,0.0
16.0,0.9510565162951551,1.2756598240469206,0.0
16.0,0.929776485888252,1.2463343108504397,0.0
16.0,0.9048270524660189,1.1974584555229715,0.0
16.0,0.8763066800438647,1.158357771260997,0.0
16.0,0.8443279255020146,1.129032258064516,0.0
16.0,0.8090169943749492,1.0606060606060606,0.0
16.0,0.7705132427757891,0.9824046920821115,0.0
16.0,0.7289686274214141,0.9530791788856305,0.0
16.0,0.6845471059286892,0.8357771260997069,0.0
16.0,0.6374239897486932,0.7673509286412514,0.0
16.0,0.5877852522924742,0.7086999022482896,0.0
16.0,0.535826794978995,0.6500488758553278,0.0
16.0,0.48175367410171704,0.562072336265885,0.0
16.0,0.42577929156507804,0.4643206256109478,0.0
16.0,0.3681245526846739,0.3861192570869987,0.0
16.0,0.309016994374947,0.32746823069403685,0.0
16.0,0.24868988716485815,0.24926686217008776,0.0
16.0,0.1873813145857249,0.15151515151515138,0.0
16.0,0.12533323356430134,0.07331378299120228,0.0
16.0,0.06279051952931436,-0.04398826979472137,0.0
16.0,4.899825157862589e-15,-0.11241446725317683,0.0
16.0,-0.06279051952931168,-0.24926686217008776,0.0
16.0,-0.12533323356429868,-0.35679374389051777,0.0
16.0,-0.18738131458572224,-0.4643206256109478,0.0
16.0,-0.24868988716485554,-0.562072336265885,0.0
16.0,-0.30901699437494445,-0.6598240469208214,0.0
16.0,-0.3681245526846714,-0.7673509286412514,0.0
16.0,-0.4257792915650756,-0.8846529814271751,0.0
16.0,-0.4817536741017147,-0.9628543499511242,0.0
16.0,-0.5358267949789928,-1.0606060606060606,0.0
16.0,-0.587785252292472,-1.1779081133919842,0.0
16.0,-0.6374239897486911,-1.2561094819159337,0.0
16.0,-0.6845471059286872,-1.2952101661779083,0.0
16.0,-0.7289686274214123,-1.3734115347018574,0.0
16.0,-0.7705132427757875,-1.4222873900293256,0.0
16.0,-0.8090169943749477,-1.520039100684262,0.0
16.0,-0.8443279255020132,-1.598240469208211,0.0
16.0,-0.8763066800438635,-1.6177908113391983,0.0
16.0,-0.9048270524660177,-1.6568914956011729,0.0
16.0,-0.929776485888251,-1.7253176930596283,0.0
16.0,-0.9510565162951542,-1.7644183773216033,0.0
16.0,-0.9685831611286306,-1.8328445747800588,0.0
16.0,-0.9822872507286876,-1.8914956011730206,0.0
16.0,-0.9921147013144784,-1.9012707722385143,0.0
16.0,-0.9980267284282716,-1.8914956011730206,0.0
16.0,-1.0,-1.8914956011730206,0.0
16.0,-0.9980267284282716,-1.8621700879765397,0.0
16.0,-0.9921147013144783,-1.8621700879765397,0.0
16.0,-0.9822872507286888,-1.8621700879765397,0.0
16.0,-0.9685831611286323,-1.7937438905180842,0.0
17.0,-0.9510565162951536,-0.004887585532746819,0.0
17.0,-0.9297764858882512,0.004887585532746819,0.0
17.0,-0.9048270524660199,-0.004887585532746819,0.0
17.0,-0.8763066800438638,-0.024437927663734094,0.0
17.0,-0.8443279255020155,-0.5244379276637341,0.0
17.0,-0.8090169943749476,-1.024437927663734,0.0
17.0,-0.7705132427757896,-1.0117302052785924,0.0
17.0,-0.7289686274214116,-0.9921798631476051,0.0
17.0,-0.684547105928689,-0.9433040078201369,0.0
17.0,-0.6374239897486896,-0.9335288367546433,0.0
17.0,-0.5877852522924734,-0.9237536656891496,0.0
17.0,-0.5358267949789963,-0.913978494623656,0.0
17.0,-0.4817536741017153,-0.8651026392961878,0.0
17.0,-0.4257792915650722,-0.7771260997067451,0.0
17.0,-0.3681245526846787,-0.6793743890518087,0.0
17.0,-0.3090169943749477,-0.5816226783968723,0.0
17.0,-0.24868988716485535,-0.5522971652003914,0.0
17.0,-0.18738131458572468,-0.5131964809384169,0.0
17.0,-0.12533323356430465,-0.42521994134897323,0.0
17.0,-0.06279051952931326,-0.3372434017595305,0.0
17.0,-2.4492935982947064e-16,-0.23949169110459412,0.0
17.0,0.06279051952931278,-0.17106549364613866,0.0
17.0,0.12533323356430418,-0.07331378299120228,0.0
17.0,0.1873813145857242,0.004887585532746819,0.0
17.0,0.24868988716485488,0.08308895405669592,0.0
17.0,0.3090169943749472,0.1319648093841641,0.0
17.0,0.3681245526846782,0.21994134897360684,0.0
17.0,0.42577929156507255,0.32746823069403685,0.0
17.0,0.48175367410171566,0.42521994134897323,0.0
17.0,0.5358267949789967,0.5131964809384169,0.0
17.0,0.5877852522924736,0.6011730205278596,0.0
17.0,0.6374239897486899,0.669599217986315,0.0
17.0,0.6845471059286893,0.7575757575757578,0.0
17.0,0.7289686274214107,0.7869012707722387,0.0
17.0,0.7705132427757887,0.8651026392961878,0.0
17.0,0.8090169943749468,0.9335288367546433,0.0
17.0,0.8443279255020147,1.0312805474095796,0.0
17.0,0.8763066800438631,1.0899315738025415,0.0
17.0,0.9048270524660194,1.1192570869990224,0.0
17.0,0.9297764858882511,1.1876832844574778,0.0
17.0,0.9510565162951535,1.2267839687194524,0.0
17.0,0.968583161128631,1.2463343108504397,0.0
17.0,0.9822872507286886,1.2854349951124142,0.0
17.0,0.9921147013144778,1.3147605083088951,0.0
17.0,0.9980267284282716,1.3147605083088951,0.0
17.0,1.0,1.3245356793743888,0.0
17.0,0.9980267284282716,1.344086021505376,0.0
17.0,0.9921147013144779,1.3343108504398824,0.0
17.0,0.9822872507286886,1.3636363636363633,0.0
17.0,0.9685831611286311,1.3343108504398824,0.0
17.0,0.9510565162951536,1.3049853372434015,0.0
17.0,0.9297764858882517,1.3147605083088951,0.0
17.0,0.9048270524660192,1.2854349951124142,0.0
17.0,0.8763066800438634,1.2267839687194524,0.0
17.0,0.8443279255020151,1.1779081133919842,0.0
17.0,0.8090169943749477,1.0703812316715542,0.0
17.0,0.7705132427757886,1.0117302052785924,0.0
17.0,0.728968627421411,0.9237536656891496,0.0
17.0,0.6845471059286897,0.806451612903226,0.0
17.0,0.6374239897486911,0.7478005865102642,0.0
17.0,0.5877852522924734,0.6598240469208214,0.0
17.0,0.5358267949789972,0.5718475073313787,0.0
17.0,0.4817536741017162,0.4740957966764414,0.0
17.0,0.42577929156507394,0.40566959921798595,0.0
17.0,0.368124552684678,0.29814271749755594,0.0
17.0,0.3090169943749478,0.2101661779081132,0.0
17.0,0.2486898871648555,0.16129032258064502,0.0
17.0,0.18738131458572568,0.09286412512218956,0.0
17.0,0.1253332335643039,-0.004887585532746819,0.0
17.0,0.06279051952931339,-0.11241446725317683,0.0
17.0,3.6739403974420594e-16,-0.15151515151515138,0.0
17.0,-0.06279051952931265,-0.23949169110459412,0.0
17.0,-0.12533323356430318,-0.37634408602150504,0.0
17.0,-0.18738131458572496,-0.45454545454545414,0.0
17.0,-0.24868988716485477,-0.5425219941348978,0.0
17.0,-0.30901699437494706,-0.6304985337243405,0.0
17.0,-0.36812455268467725,-0.7673509286412514,0.0
17.0,-0.42577929156507327,-0.8357771260997069,0.0
17.0,-0.48175367410171555,-0.9237536656891496,0.0
17.0,-0.5358267949789965,-1.0410557184750733,0.0
17.0,-0.5877852522924728,-1.158357771260997,0.0
17.0,-0.6374239897486905,-1.2854349951124147,0.0
17.0,-0.6845471059286892,-1.3929618768328447,0.0
17.0,-0.7289686274214106,-1.4613880742913001,0.0
17.0,-0.770513242775788,-1.5591397849462365,0.0
17.0,-0.8090169943749472,-1.5884652981427174,0.0
17.0,-0.8443279255020146,-1.6666666666666665,0.0
17.0,-0.876306680043863,-1.7155425219941347,0.0
17.0,-0.9048270524660189,-1.7644183773216033,0.0
17.0,-0.9297764858882513,-1.8035190615835779,0.0
17.0,-0.9510565162951534,-1.7937438905180842,0.0
17.0,-0.968583161128631,-1.8328445747800588,0.0
17.0,-0.9822872507286885,-1.8719452590420333,0.0
17.0,-0.9921147013144779,-1.881720430107527,0.0
17.0,-0.9980267284282716,-1.911045943304008,0.0
17.0,-1.0,-1.8914956011730206,0.0
17.0,-0.9980267284282716,-1.911045943304008,0.0
17.0,-0.992114701314478,-1.881720430107527,0.0
17.0,-0.9822872507286886,-1.8719452590420333,0.0
17.0,-0.9685831611286312,-1.8621700879765397,0.0
17.0,-0.9510565162951538,-1.8132942326490715,0.0
17.0,-0.9297764858882517,-1.774193548387097,0.0
17.0,-0.9048270524660192,-1.6862170087976538,0.0
17.0,-0.8763066800438635,-1.6080156402737047,0.0
17.0,-0.8443279255020151,-1.5689149560117301,0.0
17.0,-0.8090169943749477,-1.4809384164222874,0.0
17.0,-0.7705132427757886,-1.4516129032258065,0.0
17.0,-0.7289686274214111,-1.383186705767351,0.0
17.0,-0.6845471059286898,-1.304985337243402,0.0
17.0,-0.6374239897486912,-1.1974584555229715,0.0
17.0,-0.5877852522924735,-1.1192570869990224,0.0
17.0,-0.5358267949789973,-1.0606060606060606,0.0
17.0,-0.4817536741017163,-0.9628543499511242,0.0
17.0,-0.42577929156507405,-0.8846529814271751,0.0
17.0,-0.3681245526846781,-0.7966764418377323,0.0
17.0,-0.3090169943749479,-0.6891495601173023,0.0
17.0,-0.2486898871648556,-0.6304985337243405,0.0
17.0,-0.1873813145857258,-0.5327468230694041,0.0
17.0,-0.125333233564304,-0.4643206256109478,0.0
17.0,-0.06279051952931351,-0.40566959921798595,0.0
17.0,-4.898587196589413e-16,-0.26881720430107503,0.0
17.0,0.06279051952931075,-0.21994134897360684,0.0
17.0,0.12533323356430304,-0.14173998044965774,0.0
17.0,0.1873813145857231,-0.024437927663734094,0.0
17.0,0.24868988716485466,0.09286412512218956,0.0
17.0,0.30901699437494523,0.2101661779081132,0.0
17.0,0.36812455268467714,0.3079178885630496,0.0
17.0,0.42577929156507155,0.40566959921798595,0.0
17.0,0.48175367410171543,0.4936461388074287,0.0
17.0,0.535826794978995,0.562072336265885,0.0
17.0,0.5877852522924727,0.6500488758553278,0.0
17.0,0.6374239897486891,0.6793743890518087,0.0
17.0,0.6845471059286891,0.7771260997067451,0.0
17.0,0.7289686274214104,0.8846529814271751,0.0
17.0,0.7705132427757891,0.9824046920821115,0.0
17.0,0.8090169943749471,1.0312805474095796,0.0
17.0,0.8443279255020155,1.0801564027370478,0.0
17.0,0.876306680043863,1.1876832844574778,0.0
17.0,0.9048270524660196,1.2756598240469206,0.0
17.0,0.9297764858882513,1.344086021505376,0.0
17.0,0.951056516295154,1.3538611925708697,0.0
17.0,0.9685831611286309,1.3831867057673506,0.0
17.0,0.9822872507286888,1.3636363636363633,0.0
17.0,0.9921147013144779,1.4027370478983379,0.0
17.0,0.9980267284282717,1.4613880742912997,0.0
17.0,1.0,1.480938416422287,0.0
17.0,0.9980267284282718,1.4711632453567933,0.0
17.0,0.992114701314478,1.451612903225806,0.0
17.0,0.9822872507286889,1.4222873900293251,0.0
17.0,0.9685831611286312,1.4222873900293251,0.0
17.0,0.9510565162951543,1.4418377321603124,0.0
17.0,0.9297764858882518,1.373411534701857,0.0
17.0,0.90482705246602,1.3538611925708697,0.0
17.0,0.8763066800438635,1.2854349951124142,0.0
17.0,0.8443279255020162,1.1974584555229715,0.0
17.0,0.8090169943749478,1.1485826001955033,0.0
17.0,0.7705132427757898,1.0801564027370478,0.0
17.0,0.7289686274214112,0.9726295210166178,0.0
17.0,0.6845471059286898,0.8944281524926687,0.0
17.0,0.6374239897486899,0.8357771260997069,0.0
17.0,0.5877852522924736,0.7966764418377323,0.0
17.0,0.5358267949789959,0.7380254154447705,0.0
17.0,0.48175367410171643,0.6500488758553278,0.0
17.0,0.42577929156507255,0.5034213098729223,0.0
17.0,0.3681245526846782,0.4154447702834796,0.0
17.0,0.3090169943749463,0.3079178885630496,0.0
17.0,0.2486898871648557,0.21994134897360684,0.0
17.0,0.18738131458572418,0.11241446725317683,0.0
17.0,0.12533323356430415,0.04398826979472137,0.0
17.0,0.06279051952931186,-0.03421309872922773,0.0
17.0,6.123233995736766e-16,-0.11241446725317683,0.0
17.0,-0.06279051952931064,-0.2101661779081132,0.0
17.0,-0.12533323356430293,-0.29814271749755594,0.0
17.0,-0.18738131458572296,-0.3861192570869987,0.0
17.0,-0.24868988716485452,-0.5425219941348978,0.0
17.0,-0.3090169943749451,-0.6109481915933532,0.0
17.0,-0.3681245526846787,-0.7380254154447705,0.0
17.0,-0.42577929156506983,-0.8357771260997069,0.0
17.0,-0.4817536741017154,-0.9335288367546433,0.0
17.0,-0.5358267949789964,-1.050830889540567,0.0
17.0,-0.5877852522924726,-1.1779081133919842,0.0
17.0,-0.637423989748689,-1.236559139784946,0.0
17.0,-0.6845471059286877,-1.3343108504398828,0.0
17.0,-0.7289686274214103,-1.4222873900293256,0.0
17.0,-0.7705132427757901,-1.5004887585532747,0.0
17.0,-0.809016994374946,-1.5884652981427174,0.0
17.0,-0.8443279255020155,-1.6764418377321602,0.0
17.0,-0.8763066800438638,-1.7155425219941347,0.0
17.0,-0.9048270524660196,-1.7546432062561097,0.0
17.0,-0.9297764858882513,-1.7839687194525906,0.0
17.0,-0.9510565162951534,-1.8426197458455524,0.0
17.0,-0.9685831611286309,-1.8621700879765397,0.0
17.0,-0.982287250728689,-1.881720430107527,0.0
17.0,-0.9921147013144777,-1.9208211143695015,0.0
17.0,-0.9980267284282717,-1.9305962854349952,0.0
17.0,-1.0,-1.9501466275659824,0.0
17.0,-0.9980267284282718,-1.9305962854349952,0.0
17.0,-0.9921147013144778,-1.8914956011730206,0.0
17.0,-0.9822872507286894,-1.8719452590420333,0.0
17.0,-0.9685831611286312,-1.8426197458455524,0.0
17.0,-0.9510565162951538,-1.8426197458455524,0.0
17.0,-0.9297764858882518,-1.8132942326490715,0.0
17.0,-0.9048270524660201,-1.7937438905180842,0.0
17.0,-0.8763066800438645,-1.7546432062561097,0.0
17.0,-0.8443279255020162,-1.6862170087976538,0.0
17.0,-0.8090169943749468,-1.598240469208211,0.0
17.0,-0.770513242775791,-1.520039100684262,0.0
17.0,-0.7289686274214113,-1.4222873900293256,0.0
17.0,-0.6845471059286887,-1.3734115347018574,0.0
17.0,-0.63742398974869,-1.3343108504398828,0.0
17.0,-0.5877852522924737,-1.236559139784946,0.0
17.0,-0.5358267949789975,-1.1388074291300097,0.0
17.0,-0.48175367410171654,-1.0117302052785924,0.0
17.0,-0.42577929156507105,-0.9042033235581624,0.0
17.0,-0.36812455268468,-0.806451612903226,0.0
17.0,-0.3090169943749464,-0.7086999022482896,0.0
17.0,-0.2486898871648541,-0.6304985337243405,0.0
17.0,-0.1873813145857243,-0.5229716520039105,0.0
17.0,-0.12533323356430426,-0.42521994134897323,0.0
17.0,-0.06279051952931375,-0.3079178885630496,0.0
17.0,-7.347880794884119e-16,-0.21994134897360684,0.0
17.0,0.06279051952931229,-0.14173998044965774,0.0
17.0,0.12533323356430282,-0.053763440860215006,0.0
17.0,0.18738131458572285,0.053763440860215006,0.0
17.0,0.24868988716485269,0.16129032258064502,0.0
17.0,0.309016994374945,0.2590420332355814,0.0
17.0,0.3681245526846786,0.3372434017595305,0.0
17.0,0.4257792915650697,0.45454545454545414,0.0
17.0,0.48175367410171527,0.5425219941348978,0.0
17.0,0.5358267949789963,0.6402737047898341,0.0
17.0,0.5877852522924725,0.698924731182796,0.0
17.0,0.6374239897486889,0.7966764418377323,0.0
17.0,0.6845471059286876,0.8944281524926687,0.0
17.0,0.7289686274214102,0.9921798631476051,0.0
17.0,0.7705132427757901,1.1094819159335287,0.0
17.0,0.8090169943749459,1.2072336265884651,0.0
17.0,0.8443279255020154,1.2561094819159333,0.0
17.0,0.8763066800438637,1.2952101661779079,0.0
17.0,0.9048270524660195,1.373411534701857,0.0
17.0,0.9297764858882512,1.4222873900293251,0.0
17.0,0.9510565162951533,1.4125122189638315,0.0
17.0,0.9685831611286309,1.4907135874877806,0.0
17.0,0.982287250728689,1.529814271749756,0.0
17.0,0.9921147013144777,1.559139784946237,0.0
17.0,0.9980267284282717,1.529814271749756,0.0
17.0,1.0,1.529814271749756,0.0
17.0,0.9980267284282718,1.5004887585532742,0.0
17.0,0.9921147013144778,1.4320625610948188,0.0
17.0,0.9822872507286894,1.3538611925708697,0.0
17.0,0.9685831611286312,1.2952101661779079,0.0
17.0,0.9510565162951539,1.2952101661779079,0.0
17.0,0.9297764858882518,1.3049853372434015,0.0
17.0,0.9048270524660201,1.3147605083088951,0.0
17.0,0.8763066800438645,1.158357771260997,0.0
17.0,0.8443279255020163,1.1974584555229715,0.0
17.0,0.8090169943749469,1.0899315738025415,0.0
17.0,0.7705132427757911,1.0703812316715542,0.0
17.0,0.7289686274214113,0.9726295210166178,0.0
17.0,0.6845471059286887,0.8846529814271751,0.0
17.0,0.6374239897486901,0.8260019550342133,0.0
17.0,0.5877852522924738,0.669599217986315,0.0
17.0,0.5358267949789977,0.6402737047898341,0.0
17.0,0.48175367410171666,0.5327468230694041,0.0
17.0,0.42577929156507116,0.5131964809384169,0.0
17.0,0.3681245526846801,0.4447702834799605,0.0
17.0,0.30901699437494656,0.4154447702834796,0.0
17.0,0.24868988716485424,0.2883675464320623,0.0
17.0,0.1873813145857244,0.17106549364613866,0.0
17.0,0.1253332335643044,0.053763440860215006,0.0
17.0,0.06279051952931387,-0.03421309872922773,0.0
17.0,8.572527594031472e-16,-0.20039100684261957,0.0
17.0,-0.06279051952931217,-0.27859237536656867,0.0
17.0,-0.12533323356430268,-0.3958944281524923,0.0
17.0,-0.18738131458572274,-0.5034213098729232,0.0
17.0,-0.24868988716485257,-0.591397849462366,0.0
17.0,-0.3090169943749449,-0.6598240469208214,0.0
17.0,-0.3681245526846785,-0.7771260997067451,0.0
17.0,-0.4257792915650696,-0.8162267839687196,0.0
17.0,-0.48175367410171516,-0.8357771260997069,0.0
17.0,-0.5358267949789962,-0.913978494623656,0.0
17.0,-0.5877852522924725,-0.9726295210166178,0.0
17.0,-0.6374239897486887,-1.0606060606060606,0.0
17.0,-0.6845471059286875,-1.1681329423264906,0.0
17.0,-0.7289686274214101,-1.275659824046921,0.0
17.0,-0.77051324277579,-1.383186705767351,0.0
17.0,-0.8090169943749459,-1.4809384164222874,0.0
17.0,-0.8443279255020153,-1.5689149560117301,0.0
17.0,-0.8763066800438637,-1.6666666666666665,0.0
17.0,-0.9048270524660195,-1.7546432062561097,0.0
17.0,-0.9297764858882512,-1.7937438905180842,0.0
17.0,-0.9510565162951533,-1.8230694037145652,0.0
17.0,-0.9685831611286309,-1.8621700879765397,0.0
17.0,-0.982287250728689,-1.881720430107527,0.0
17.0,-0.9921147013144775,-1.9012707722385143,0.0
17.0,-0.9980267284282717,-1.881720430107527,0.0
17.0,-1.0,-1.8621700879765397,0.0
17.0,-0.9980267284282718,-1.881720430107527,0.0
17.0,-0.9921147013144778,-1.9305962854349952,0.0
17.0,-0.9822872507286894,-1.9208211143695015,0.0
17.0,-0.9685831611286313,-1.8914956011730206,0.0
17.0,-0.9510565162951539,-1.774193548387097,0.0
17.0,-0.9297764858882519,-1.735092864125122,0.0
17.0,-0.9048270524660202,-1.6568914956011729,0.0
17.0,-0.8763066800438646,-1.5884652981427174,0.0
17.0,-0.8443279255020164,-1.5493646138807429,0.0
17.0,-0.8090169943749469,-1.490713587487781,0.0
17.0,-0.7705132427757913,-1.412512218963832,0.0
17.0,-0.7289686274214114,-1.383186705767351,0.0
17.0,-0.6845471059286888,-1.304985337243402,0.0
17.0,-0.6374239897486902,-1.2561094819159337,0.0
17.0,-0.5877852522924739,-1.1974584555229715,0.0
17.0,-0.5358267949789978,-1.1094819159335287,0.0
17.0,-0.48175367410171677,-1.0312805474095796,0.0
17.0,-0.42577929156507127,-0.9433040078201369,0.0
17.0,-0.3681245526846802,-0.8846529814271751,0.0
17.0,-0.3090169943749467,-0.806451612903226,0.0
17.0,-0.24868988716485435,-0.7184750733137832,0.0
17.0,-0.18738131458572455,-0.6598240469208214,0.0
17.0,-0.1253332335643045,-0.5229716520039105,0.0
17.0,-0.062790519529314,-0.42521994134897323,0.0
17.0,-9.797174393178826e-16,-0.3176930596285432,0.0
17.0,0.06279051952931204,-0.22971652003910048,0.0
17.0,0.12533323356429904,-0.1319648093841641,0.0
17.0,0.1873813145857261,-0.053763440860215006,0.0
17.0,0.24868988716485246,0.03421309872922773,0.0
17.0,0.3090169943749448,0.12218963831867047,0.0
17.0,0.36812455268467503,0.21994134897360684,0.0
17.0,0.4257792915650727,0.3372434017595305,0.0
17.0,0.48175367410171505,0.40566959921798595,0.0
17.0,0.5358267949789961,0.5131964809384169,0.0
17.0,0.5877852522924695,0.5816226783968723,0.0
17.0,0.6374239897486914,0.6793743890518087,0.0
17.0,0.6845471059286874,0.7282502443792769,0.0
17.0,0.7289686274214101,0.8260019550342133,0.0
17.0,0.7705132427757877,0.9237536656891496,0.0
17.0,0.8090169943749479,0.9530791788856305,0.0
17.0,0.8443279255020153,1.0410557184750733,0.0
17.0,0.8763066800438636,1.1388074291300097,0.0
17.0,0.9048270524660179,1.1876832844574778,0.0
17.0,0.9297764858882525,1.2072336265884651,0.0
17.0,0.9510565162951533,1.2561094819159333,0.0
17.0,0.9685831611286307,1.265884652981427,0.0
17.0,0.9822872507286884,1.2854349951124142,0.0
17.0,0.992114701314478,1.2952101661779079,0.0
17.0,0.9980267284282717,1.344086021505376,0.0
17.0,1.0,1.373411534701857,0.0
17.0,0.9980267284282718,1.4125122189638315,0.0
17.0,0.9921147013144783,1.4222873900293251,0.0
17.0,0.9822872507286887,1.3929618768328442,0.0
17.0,0.9685831611286313,1.4027370478983379,0.0
17.0,0.9510565162951539,1.373411534701857,0.0
17.0,0.9297764858882532,1.3636363636363633,0.0
17.0,0.9048270524660188,1.3049853372434015,0.0
17.0,0.8763066800438646,1.2854349951124142,0.0
17.0,0.8443279255020164,1.1876832844574778,0.0
17.0,0.8090169943749491,1.1876832844574778,0.0
17.0,0.770513242775789,1.1094819159335287,0.0
17.0,0.7289686274214116,1.0312805474095796,0.0
17.0,0.684547105928689,0.9921798631476051,0.0
17.0,0.637423989748693,0.913978494623656,0.0
17.0,0.5877852522924711,0.8944281524926687,0.0
17.0,0.5358267949789979,0.7869012707722387,0.0
17.0,0.4817536741017169,0.6891495601173023,0.0
17.0,0.4257792915650746,0.6011730205278596,0.0
17.0,0.368124552684677,0.5229716520039105,0.0
17.0,0.3090169943749468,0.42521994134897323,0.0
17.0,0.24868988716485446,0.3665689149560114,0.0
17.0,0.18738131458572815,0.29814271749755594,0.0
17.0,0.1253332335643011,0.2101661779081132,0.0
17.0,0.06279051952931412,0.12218963831867047,0.0
17.0,1.102182119232618e-15,0.004887585532746819,0.0
17.0,-0.06279051952931192,-0.12218963831867047,0.0
17.0,-0.12533323356429893,-0.2101661779081132,0.0
17.0,-0.187381314585726,-0.35679374389051777,0.0
17.0,-0.24868988716485232,-0.4447702834799605,0.0
17.0,-0.3090169943749447,-0.5327468230694041,0.0
17.0,-0.3681245526846749,-0.6402737047898341,0.0
17.0,-0.4257792915650726,-0.7282502443792769,0.0
17.0,-0.48175367410171493,-0.8357771260997069,0.0
17.0,-0.535826794978996,-0.9237536656891496,0.0
17.0,-0.5877852522924694,-1.0117302052785924,0.0
17.0,-0.6374239897486913,-1.1094819159335287,0.0
17.0,-0.6845471059286873,-1.1974584555229715,0.0
17.0,-0.72896862742141,-1.3440860215053765,0.0
17.0,-0.7705132427757876,-1.3929618768328447,0.0
17.0,-0.8090169943749478,-1.4418377321603129,0.0
17.0,-0.8443279255020152,-1.490713587487781,0.0
17.0,-0.8763066800438636,-1.5102639296187683,0.0
17.0,-0.9048270524660178,-1.5591397849462365,0.0
17.0,-0.9297764858882525,-1.6177908113391983,0.0
17.0,-0.9510565162951532,-1.6764418377321602,0.0
17.0,-0.9685831611286307,-1.6862170087976538,0.0
17.0,-0.9822872507286883,-1.7448680351906156,0.0
17.0,-0.992114701314478,-1.774193548387097,0.0
17.0,-0.9980267284282717,-1.7839687194525906,0.0
17.0,-1.0,-1.774193548387097,0.0
17.0,-0.9980267284282718,-1.7937438905180842,0.0
17.0,-0.9921147013144783,-1.8035190615835779,0.0
17.0,-0.9822872507286887,-1.7644183773216033,0.0
17.0,-0.9685831611286313,-1.7546432062561097,0.0
17.0,-0.951056516295154,-1.7253176930596283,0.0
17.0,-0.9297764858882532,-1.7253176930596283,0.0
17.0,-0.9048270524660188,-1.6862170087976538,0.0
17.0,-0.8763066800438647,-1.6080156402737047,0.0
17.0,-0.8443279255020165,-1.5689149560117301,0.0
17.0,-0.8090169943749491,-1.490713587487781,0.0
17.0,-0.770513242775789,-1.412512218963832,0.0
17.0,-0.7289686274214117,-1.3734115347018574,0.0
17.0,-0.6845471059286891,-1.2952101661779083,0.0
17.0,-0.6374239897486931,-1.1974584555229715,0.0
17.0,-0.5877852522924712,-1.099706744868035,0.0
17.0,-0.535826794978998,-0.9921798631476051,0.0
17.0,-0.481753674101717,-0.9237536656891496,0.0
17.0,-0.4257792915650747,-0.8260019550342133,0.0
17.0,-0.3681245526846771,-0.7380254154447705,0.0
17.0,-0.3090169943749469,-0.6598240469208214,0.0
17.0,-0.2486898871648546,-0.6207233626588469,0.0
17.0,-0.18738131458572826,-0.5718475073313787,0.0
17.0,-0.12533323356430123,-0.5034213098729232,0.0
17.0,-0.06279051952931425,-0.3958944281524923,0.0
17.0,-1.2246467991473533e-15,-0.2883675464320623,0.0
17.0,0.06279051952931179,-0.1808406647116323,0.0
17.0,0.1253332335642988,-0.08308895405669592,0.0
17.0,0.18738131458572588,0.004887585532746819,0.0
17.0,0.2486898871648522,0.07331378299120228,0.0
17.0,0.30901699437494456,0.14173998044965774,0.0
17.0,0.3681245526846748,0.24926686217008776,0.0
17.0,0.4257792915650725,0.3079178885630496,0.0
17.0,0.4817536741017148,0.3665689149560114,0.0
17.0,0.5358267949789959,0.4447702834799605,0.0
17.0,0.5877852522924693,0.5816226783968723,0.0
17.0,0.6374239897486885,0.669599217986315,0.0
17.0,0.6845471059286898,0.7673509286412514,0.0
17.0,0.7289686274214099,0.8748778103616814,0.0
17.0,0.7705132427757853,0.9824046920821115,0.0
17.0,0.8090169943749498,1.0606060606060606,0.0
17.0,0.8443279255020152,1.129032258064516,0.0
17.0,0.8763066800438618,1.1974584555229715,0.0
17.0,0.9048270524660192,1.2561094819159333,0.0
17.0,0.9297764858882523,1.2952101661779079,0.0
17.0,0.9510565162951532,1.3245356793743888,0.0
17.0,0.9685831611286316,1.344086021505376,0.0
17.0,0.9822872507286883,1.4027370478983379,0.0
17.0,0.992114701314478,1.480938416422287,0.0
17.0,0.9980267284282713,1.5102639296187688,0.0
17.0,1.0,1.5004887585532742,0.0
17.0,0.9980267284282718,1.5200391006842624,0.0
17.0,0.9921147013144788,1.4711632453567933,0.0
17.0,0.9822872507286882,1.5102639296187688,0.0
17.0,0.9685831611286313,1.480938416422287,0.0
17.0,0.9510565162951551,1.480938416422287,0.0
17.0,0.929776485888252,1.4320625610948188,0.0
17.0,0.9048270524660189,1.3831867057673506,0.0
17.0,0.8763066800438647,1.3343108504398824,0.0
17.0,0.8443279255020146,1.2854349951124142,0.0
17.0,0.8090169943749492,1.2072336265884651,0.0
17.0,0.7705132427757891,1.1485826001955033,0.0
17.0,0.7289686274214141,1.0703812316715542,0.0
17.0,0.6845471059286892,0.9824046920821115,0.0
17.0,0.6374239897486932,0.9042033235581624,0.0
17.0,0.5877852522924742,0.8357771260997069,0.0
17.0,0.535826794978995,0.7575757575757578,0.0
17.0,0.48175367410171704,0.6793743890518087,0.0
17.0,0.42577929156507804,0.6109481915933532,0.0
17.0,0.3681245526846739,0.5229716520039105,0.0
17.0,0.309016994374947,0.45454545454545414,0.0
17.0,0.24868988716485815,0.34701857282502413,0.0
17.0,0.1873813145857249,0.29814271749755594,0.0
17.0,0.12533323356430134,0.17106549364613866,0.0
17.0,0.06279051952931436,0.1026392961876832,0.0
17.0,4.899825157862589e-15,0.024437927663734094,0.0
17.0,-0.06279051952931168,-0.07331378299120228,0.0
17.0,-0.12533323356429868,-0.17106549364613866,0.0
17.0,-0.18738131458572224,-0.23949169110459412,0.0
17.0,-0.24868988716485554,-0.32746823069403685,0.0
17.0,-0.30901699437494445,-0.43499511241446687,0.0
17.0,-0.3681245526846714,-0.5131964809384169,0.0
17.0,-0.4257792915650756,-0.562072336265885,0.0
17.0,-0.4817536741017147,-0.6793743890518087,0.0
17.0,-0.5358267949789928,-0.7869012707722387,0.0
17.0,-0.587785252292472,-0.8357771260997069,0.0
17.0,-0.6374239897486911,-0.9433040078201369,0.0
17.0,-0.6845471059286872,-1.021505376344086,0.0
17.0,-0.7289686274214123,-1.0606060606060606,0.0
17.0,-0.7705132427757875,-1.1681329423264906,0.0
17.0,-0.8090169943749477,-1.2854349951124147,0.0
17.0,-0.8443279255020132,-1.3538611925708701,0.0
17.0,-0.8763066800438635,-1.4516129032258065,0.0
17.0,-0.9048270524660177,-1.5493646138807429,0.0
17.0,-0.929776485888251,-1.5884652981427174,0.0
17.0,-0.9510565162951542,-1.6373411534701856,0.0
17.0,-0.9685831611286306,-1.6568914956011729,0.0
17.0,-0.9822872507286876,-1.6373411534701856,0.0
17.0,-0.9921147013144784,-1.6471163245356792,0.0
17.0,-0.9980267284282716,-1.627565982404692,0.0
17.0,-1.0,-1.6471163245356792,0.0
17.0,-0.9980267284282716,-1.6568914956011729,0.0
17.0,-0.9921147013144783,-1.627565982404692,0.0
17.0,-0.9822872507286888,-1.6177908113391983,0.0
17.0,-0.9685831611286323,-1.6471163245356792,0.0
18.0,-0.9510565162951536,-0.06353861192570864,0.0
18.0,-0.9297764858882512,-0.053763440860215006,0.0
18.0,-0.9048270524660199,-0.08308895405669592,0.0
18.0,-0.8763066800438638,-0.024437927663734094,0.0
18.0,-0.8443279255020155,-0.5244379276637341,0.0
18.0,-0.8090169943749476,-1.024437927663734,0.0
18.0,-0.7705132427757896,-1.021505376344086,0.0
18.0,-0.7289686274214116,-0.9824046920821115,0.0
18.0,-0.684547105928689,-0.9628543499511242,0.0
18.0,-0.6374239897486896,-0.9530791788856305,0.0
18.0,-0.5877852522924734,-0.8846529814271751,0.0
18.0,-0.5358267949789963,-0.8553274682306942,0.0
18.0,-0.4817536741017153,-0.7966764418377323,0.0
18.0,-0.4257792915650722,-0.7184750733137832,0.0
18.0,-0.3681245526846787,-0.6402737047898341,0.0
18.0,-0.3090169943749477,-0.6011730205278596,0.0
18.0,-0.24868988716485535,-0.5229716520039105,0.0
18.0,-0.18738131458572468,-0.45454545454545414,0.0
18.0,-0.12533323356430465,-0.37634408602150504,0.0
18.0,-0.06279051952931326,-0.29814271749755594,0.0
18.0,-2.4492935982947064e-16,-0.24926686217008776,0.0
18.0,0.06279051952931278,-0.17106549364613866,0.0
18.0,0.12533323356430418,-0.1319648093841641,0.0
18.0,0.1873813145857242,-0.04398826979472137,0.0
18.0,0.24868988716485488,0.1026392961876832,0.0
18.0,0.3090169943749472,0.1808406647116323,0.0
18.0,0.3681245526846782,0.29814271749755594,0.0
18.0,0.42577929156507255,0.3958944281524923,0.0
18.0,0.48175367410171566,0.4936461388074287,0.0
18.0,0.5358267949789967,0.5522971652003914,0.0
18.0,0.5877852522924736,0.6304985337243405,0.0
18.0,0.6374239897486899,0.7282502443792769,0.0
18.0,0.6845471059286893,0.8455522971652005,0.0
18.0,0.7289686274214107,0.9433040078201369,0.0
18.0,0.7705132427757887,1.021505376344086,0.0
18.0,0.8090169943749468,1.0703812316715542,0.0
18.0,0.8443279255020147,1.1485826001955033,0.0
18.0,0.8763066800438631,1.236559139784946,0.0
18.0,0.9048270524660194,1.265884652981427,0.0
18.0,0.9297764858882511,1.344086021505376,0.0
18.0,0.9510565162951535,1.344086021505376,0.0
18.0,0.968583161128631,1.4027370478983379,0.0
18.0,0.9822872507286886,1.4125122189638315,0.0
18.0,0.9921147013144778,1.5200391006842624,0.0
18.0,0.9980267284282716,1.529814271749756,0.0
18.0,1.0,1.5689149560117306,0.0
18.0,0.9980267284282716,1.559139784946237,0.0
18.0,0.9921147013144779,1.5493646138807433,0.0
18.0,0.9822872507286886,1.5493646138807433,0.0
18.0,0.9685831611286311,1.5493646138807433,0.0
18.0,0.9510565162951536,1.5493646138807433,0.0
18.0,0.9297764858882517,1.5200391006842624,0.0
18.0,0.9048270524660192,1.4711632453567933,0.0
18.0,0.8763066800438634,1.4125122189638315,0.0
18.0,0.8443279255020151,1.3636363636363633,0.0
18.0,0.8090169943749477,1.2952101661779079,0.0
18.0,0.7705132427757886,1.1876832844574778,0.0
18.0,0.728968627421411,1.158357771260997,0.0
18.0,0.6845471059286897,1.0899315738025415,0.0
18.0,0.6374239897486911,0.9921798631476051,0.0
18.0,0.5877852522924734,0.9042033235581624,0.0
18.0,0.5358267949789972,0.8357771260997069,0.0
18.0,0.4817536741017162,0.7478005865102642,0.0
18.0,0.42577929156507394,0.669599217986315,0.0
18.0,0.368124552684678,0.591397849462366,0.0
18.0,0.3090169943749478,0.5327468230694041,0.0
18.0,0.2486898871648555,0.42521994134897323,0.0
18.0,0.18738131458572568,0.29814271749755594,0.0
18.0,0.1253332335643039,0.21994134897360684,0.0
18.0,0.06279051952931339,0.12218963831867047,0.0
18.0,3.6739403974420594e-16,0.004887585532746819,0.0
18.0,-0.06279051952931265,-0.09286412512218956,0.0
18.0,-0.12533323356430318,-0.20039100684261957,0.0
18.0,-0.18738131458572496,-0.3079178885630496,0.0
18.0,-0.24868988716485477,-0.40566959921798595,0.0
18.0,-0.30901699437494706,-0.5229716520039105,0.0
18.0,-0.36812455268467725,-0.6500488758553278,0.0
18.0,-0.42577929156507327,-0.7575757575757578,0.0
18.0,-0.48175367410171555,-0.8553274682306942,0.0
18.0,-0.5358267949789965,-0.913978494623656,0.0
18.0,-0.5877852522924728,-1.0312805474095796,0.0
18.0,-0.6374239897486905,-1.129032258064516,0.0
18.0,-0.6845471059286892,-1.2267839687194524,0.0
18.0,-0.7289686274214106,-1.3343108504398828,0.0
18.0,-0.770513242775788,-1.4222873900293256,0.0
18.0,-0.8090169943749472,-1.520039100684262,0.0
18.0,-0.8443279255020146,-1.5786901270772238,0.0
18.0,-0.876306680043863,-1.6568914956011729,0.0
18.0,-0.9048270524660189,-1.7253176930596283,0.0
18.0,-0.9297764858882513,-1.8035190615835779,0.0
18.0,-0.9510565162951534,-1.852394916911046,0.0
18.0,-0.968583161128631,-1.9012707722385143,0.0
18.0,-0.9822872507286885,-1.9208211143695015,0.0
18.0,-0.9921147013144779,-1.9305962854349952,0.0
18.0,-0.9980267284282716,-1.9794721407624634,0.0
18.0,-1.0,-1.959921798631476,0.0
18.0,-0.9980267284282716,-1.9794721407624634,0.0
18.0,-0.992114701314478,-1.9696969696969697,0.0
18.0,-0.9822872507286886,-1.9501466275659824,0.0
18.0,-0.9685831611286312,-1.9501466275659824,0.0
18.0,-0.9510565162951538,-1.9305962854349952,0.0
18.0,-0.9297764858882517,-1.8621700879765397,0.0
18.0,-0.9048270524660192,-1.7448680351906156,0.0
18.0,-0.8763066800438635,-1.7155425219941347,0.0
18.0,-0.8443279255020151,-1.6373411534701856,0.0
18.0,-0.8090169943749477,-1.5786901270772238,0.0
18.0,-0.7705132427757886,-1.5591397849462365,0.0
18.0,-0.7289686274214111,-1.520039100684262,0.0
18.0,-0.6845471059286898,-1.4613880742913001,0.0
18.0,-0.6374239897486912,-1.3929618768328447,0.0
18.0,-0.5877852522924735,-1.275659824046921,0.0
18.0,-0.5358267949789973,-1.1779081133919842,0.0
18.0,-0.4817536741017163,-1.099706744868035,0.0
18.0,-0.42577929156507405,-1.0117302052785924,0.0
18.0,-0.3681245526846781,-0.9042033235581624,0.0
18.0,-0.3090169943749479,-0.806451612903226,0.0
18.0,-0.2486898871648556,-0.7184750733137832,0.0
18.0,-0.1873813145857258,-0.591397849462366,0.0
18.0,-0.125333233564304,-0.4936461388074287,0.0
18.0,-0.06279051952931351,-0.4154447702834796,0.0
18.0,-4.898587196589413e-16,-0.3176930596285432,0.0
18.0,0.06279051952931075,-0.2101661779081132,0.0
18.0,0.12533323356430304,-0.1026392961876832,0.0
18.0,0.1873813145857231,-0.04398826979472137,0.0
18.0,0.24868988716485466,-0.004887585532746819,0.0
18.0,0.30901699437494523,0.1319648093841641,0.0
18.0,0.36812455268467714,0.22971652003910048,0.0
18.0,0.42577929156507155,0.3079178885630496,0.0
18.0,0.48175367410171543,0.40566959921798595,0.0
18.0,0.535826794978995,0.5034213098729223,0.0
18.0,0.5877852522924727,0.6011730205278596,0.0
18.0,0.6374239897486891,0.6598240469208214,0.0
18.0,0.6845471059286891,0.7478005865102642,0.0
18.0,0.7289686274214104,0.8748778103616814,0.0
18.0,0.7705132427757891,0.9726295210166178,0.0
18.0,0.8090169943749471,1.0312805474095796,0.0
18.0,0.8443279255020155,1.1192570869990224,0.0
18.0,0.876306680043863,1.2072336265884651,0.0
18.0,0.9048270524660196,1.2561094819159333,0.0
18.0,0.9297764858882513,1.3049853372434015,0.0
18.0,0.951056516295154,1.373411534701857,0.0
18.0,0.9685831611286309,1.4418377321603124,0.0
18.0,0.9822872507286888,1.4320625610948188,0.0
18.0,0.9921147013144779,1.4125122189638315,0.0
18.0,0.9980267284282717,1.4320625610948188,0.0
18.0,1.0,1.4711632453567933,0.0
18.0,0.9980267284282718,1.4907135874877806,0.0
18.0,0.992114701314478,1.5102639296187688,0.0
18.0,0.9822872507286889,1.480938416422287,0.0
18.0,0.9685831611286312,1.4907135874877806,0.0
18.0,0.9510565162951543,1.4418377321603124,0.0
18.0,0.9297764858882518,1.4222873900293251,0.0
18.0,0.90482705246602,1.3245356793743888,0.0
18.0,0.8763066800438635,1.2561094819159333,0.0
18.0,0.8443279255020162,1.1974584555229715,0.0
18.0,0.8090169943749478,1.1876832844574778,0.0
18.0,0.7705132427757898,1.129032258064516,0.0
18.0,0.7289686274214112,1.0899315738025415,0.0
18.0,0.6845471059286898,1.0117302052785924,0.0
18.0,0.6374239897486899,0.9530791788856305,0.0
18.0,0.5877852522924736,0.8357771260997069,0.0
18.0,0.5358267949789959,0.7380254154447705,0.0
18.0,0.48175367410171643,0.6402737047898341,0.0
18.0,0.42577929156507255,0.5718475073313787,0.0
18.0,0.3681245526846782,0.5034213098729223,0.0
18.0,0.3090169943749463,0.43499511241446687,0.0
18.0,0.2486898871648557,0.3372434017595305,0.0
18.0,0.18738131458572418,0.26881720430107503,0.0
18.0,0.12533323356430415,0.16129032258064502,0.0
18.0,0.06279051952931186,0.06353861192570864,0.0
18.0,6.123233995736766e-16,-0.024437927663734094,0.0
18.0,-0.06279051952931064,-0.11241446725317683,0.0
18.0,-0.12533323356430293,-0.1808406647116323,0.0
18.0,-0.18738131458572296,-0.27859237536656867,0.0
18.0,-0.24868988716485452,-0.40566959921798595,0.0
18.0,-0.3090169943749451,-0.5229716520039105,0.0
18.0,-0.3681245526846787,-0.6304985337243405,0.0
18.0,-0.42577929156506983,-0.7086999022482896,0.0
18.0,-0.4817536741017154,-0.806451612903226,0.0
18.0,-0.5358267949789964,-0.8748778103616814,0.0
18.0,-0.5877852522924726,-0.9824046920821115,0.0
18.0,-0.637423989748689,-1.129032258064516,0.0
18.0,-0.6845471059286877,-1.236559139784946,0.0
18.0,-0.7289686274214103,-1.304985337243402,0.0
18.0,-0.7705132427757901,-1.3538611925708701,0.0
18.0,-0.809016994374946,-1.4320625610948192,0.0
18.0,-0.8443279255020155,-1.5102639296187683,0.0
18.0,-0.8763066800438638,-1.6373411534701856,0.0
18.0,-0.9048270524660196,-1.6959921798631474,0.0
18.0,-0.9297764858882513,-1.7448680351906156,0.0
18.0,-0.9510565162951534,-1.7839687194525906,0.0
18.0,-0.9685831611286309,-1.8328445747800588,0.0
18.0,-0.982287250728689,-1.881720430107527,0.0
18.0,-0.9921147013144777,-1.9012707722385143,0.0
18.0,-0.9980267284282717,-1.9012707722385143,0.0
18.0,-1.0,-1.9501466275659824,0.0
18.0,-0.9980267284282718,-1.9012707722385143,0.0
18.0,-0.9921147013144778,-1.9208211143695015,0.0
18.0,-0.9822872507286894,-1.881720430107527,0.0
18.0,-0.9685831611286312,-1.8230694037145652,0.0
18.0,-0.9510565162951538,-1.774193548387097,0.0
18.0,-0.9297764858882518,-1.7253176930596283,0.0
18.0,-0.9048270524660201,-1.6764418377321602,0.0
18.0,-0.8763066800438645,-1.6177908113391983,0.0
18.0,-0.8443279255020162,-1.5591397849462365,0.0
18.0,-0.8090169943749468,-1.4516129032258065,0.0
18.0,-0.770513242775791,-1.3734115347018574,0.0
18.0,-0.7289686274214113,-1.3147605083088956,0.0
18.0,-0.6845471059286887,-1.236559139784946,0.0
18.0,-0.63742398974869,-1.158357771260997,0.0
18.0,-0.5877852522924737,-1.0703812316715542,0.0
18.0,-0.5358267949789975,-0.9628543499511242,0.0
18.0,-0.48175367410171654,-0.9237536656891496,0.0
18.0,-0.42577929156507105,-0.8455522971652005,0.0
18.0,-0.36812455268468,-0.7380254154447705,0.0
18.0,-0.3090169943749464,-0.6793743890518087,0.0
18.0,-0.2486898871648541,-0.562072336265885,0.0
18.0,-0.1873813145857243,-0.4936461388074287,0.0
18.0,-0.12533323356430426,-0.42521994134897323,0.0
18.0,-0.06279051952931375,-0.34701857282502413,0.0
18.0,-7.347880794884119e-16,-0.2590420332355814,0.0
18.0,0.06279051952931229,-0.17106549364613866,0.0
18.0,0.12533323356430282,-0.08308895405669592,0.0
18.0,0.18738131458572285,0.004887585532746819,0.0
18.0,0.24868988716485269,0.11241446725317683,0.0
18.0,0.309016994374945,0.17106549364613866,0.0
18.0,0.3681245526846786,0.2590420332355814,0.0
18.0,0.4257792915650697,0.32746823069403685,0.0
18.0,0.48175367410171527,0.4154447702834796,0.0
18.0,0.5358267949789963,0.5034213098729223,0.0
18.0,0.5877852522924725,0.6109481915933532,0.0
18.0,0.6374239897486889,0.6500488758553278,0.0
18.0,0.6845471059286876,0.7478005865102642,0.0
18.0,0.7289686274214102,0.8357771260997069,0.0
18.0,0.7705132427757901,0.9335288367546433,0.0
18.0,0.8090169943749459,0.9628543499511242,0.0
18.0,0.8443279255020154,1.0312805474095796,0.0
18.0,0.8763066800438637,1.0899315738025415,0.0
18.0,0.9048270524660195,1.129032258064516,0.0
18.0,0.9297764858882512,1.1876832844574778,0.0
18.0,0.9510565162951533,1.265884652981427,0.0
18.0,0.9685831611286309,1.3245356793743888,0.0
18.0,0.982287250728689,1.3538611925708697,0.0
18.0,0.9921147013144777,1.4125122189638315,0.0
18.0,0.9980267284282717,1.3929618768328442,0.0
18.0,1.0,1.4320625610948188,0.0
18.0,0.9980267284282718,1.4125122189638315,0.0
18.0,0.9921147013144778,1.4027370478983379,0.0
18.0,0.9822872507286894,1.3831867057673506,0.0
18.0,0.9685831611286312,1.4125122189638315,0.0
18.0,0.9510565162951539,1.4027370478983379,0.0
18.0,0.9297764858882518,1.373411534701857,0.0
18.0,0.9048270524660201,1.3147605083088951,0.0
18.0,0.8763066800438645,1.2561094819159333,0.0
18.0,0.8443279255020163,1.2170087976539588,0.0
18.0,0.8090169943749469,1.1485826001955033,0.0
18.0,0.7705132427757911,1.1094819159335287,0.0
18.0,0.7289686274214113,1.0312805474095796,0.0
18.0,0.6845471059286887,0.9628543499511242,0.0
18.0,0.6374239897486901,0.8846529814271751,0.0
18.0,0.5877852522924738,0.8357771260997069,0.0
18.0,0.5358267949789977,0.7282502443792769,0.0
18.0,0.48175367410171666,0.6598240469208214,0.0
18.0,0.42577929156507116,0.5816226783968723,0.0
18.0,0.3681245526846801,0.5034213098729223,0.0
18.0,0.30901699437494656,0.3861192570869987,0.0
18.0,0.24868988716485424,0.2883675464320623,0.0
18.0,0.1873813145857244,0.1808406647116323,0.0
18.0,0.1253332335643044,0.09286412512218956,0.0
18.0,0.06279051952931387,0.004887585532746819,0.0
18.0,8.572527594031472e-16,-0.09286412512218956,0.0
18.0,-0.06279051952931217,-0.2101661779081132,0.0
18.0,-0.12533323356430268,-0.3079178885630496,0.0
18.0,-0.18738131458572274,-0.4154447702834796,0.0
18.0,-0.24868988716485257,-0.5229716520039105,0.0
18.0,-0.3090169943749449,-0.591397849462366,0.0
18.0,-0.3681245526846785,-0.7184750733137832,0.0
18.0,-0.4257792915650696,-0.8260019550342133,0.0
18.0,-0.48175367410171516,-0.9433040078201369,0.0
18.0,-0.5358267949789962,-1.0410557184750733,0.0
18.0,-0.5877852522924725,-1.1779081133919842,0.0
18.0,-0.6374239897486887,-1.2561094819159337,0.0
18.0,-0.6845471059286875,-1.3343108504398828,0.0
18.0,-0.7289686274214101,-1.383186705767351,0.0
18.0,-0.77051324277579,-1.4809384164222874,0.0
18.0,-0.8090169943749459,-1.5786901270772238,0.0
18.0,-0.8443279255020153,-1.6764418377321602,0.0
18.0,-0.8763066800438637,-1.735092864125122,0.0
18.0,-0.9048270524660195,-1.7937438905180842,0.0
18.0,-0.9297764858882512,-1.8621700879765397,0.0
18.0,-0.9510565162951533,-1.8914956011730206,0.0
18.0,-0.9685831611286309,-1.9305962854349952,0.0
18.0,-0.982287250728689,-1.9696969696969697,0.0
18.0,-0.9921147013144775,-1.9990224828934506,0.0
18.0,-0.9980267284282717,-2.0087976539589443,0.0
18.0,-1.0,-2.038123167155425,0.0
18.0,-0.9980267284282718,-2.0576735092864125,0.0
18.0,-0.9921147013144778,-2.047898338220919,0.0
18.0,-0.9822872507286894,-2.0283479960899315,0.0
18.0,-0.9685831611286313,-2.0283479960899315,0.0
18.0,-0.9510565162951539,-2.0087976539589443,0.0
18.0,-0.9297764858882519,-1.9501466275659824,0.0
18.0,-0.9048270524660202,-1.881720430107527,0.0
18.0,-0.8763066800438646,-1.8132942326490715,0.0
18.0,-0.8443279255020164,-1.7546432062561097,0.0
18.0,-0.8090169943749469,-1.7155425219941347,0.0
18.0,-0.7705132427757913,-1.627565982404692,0.0
18.0,-0.7289686274214114,-1.5786901270772238,0.0
18.0,-0.6845471059286888,-1.520039100684262,0.0
18.0,-0.6374239897486902,-1.4222873900293256,0.0
18.0,-0.5877852522924739,-1.3245356793743892,0.0
18.0,-0.5358267949789978,-1.236559139784946,0.0
18.0,-0.48175367410171677,-1.158357771260997,0.0
18.0,-0.42577929156507127,-1.0606060606060606,0.0
18.0,-0.3681245526846802,-1.0019550342130987,0.0
18.0,-0.3090169943749467,-0.913978494623656,0.0
18.0,-0.24868988716485435,-0.8357771260997069,0.0
18.0,-0.18738131458572455,-0.7282502443792769,0.0
18.0,-0.1253332335643045,-0.6109481915933532,0.0
18.0,-0.062790519529314,-0.5522971652003914,0.0
18.0,-9.797174393178826e-16,-0.42521994134897323,0.0
18.0,0.06279051952931204,-0.35679374389051777,0.0
18.0,0.12533323356429904,-0.26881720430107503,0.0
18.0,0.1873813145857261,-0.14173998044965774,0.0
18.0,0.24868988716485246,-0.024437927663734094,0.0
18.0,0.3090169943749448,0.1026392961876832,0.0
18.0,0.36812455268467503,0.2101661779081132,0.0
18.0,0.4257792915650727,0.27859237536656867,0.0
18.0,0.48175367410171505,0.34701857282502413,0.0
18.0,0.5358267949789961,0.40566959921798595,0.0
18.0,0.5877852522924695,0.5034213098729223,0.0
18.0,0.6374239897486914,0.591397849462366,0.0
18.0,0.6845471059286874,0.6304985337243405,0.0
18.0,0.7289686274214101,0.7380254154447705,0.0
18.0,0.7705132427757877,0.806451612903226,0.0
18.0,0.8090169943749479,0.8455522971652005,0.0
18.0,0.8443279255020153,0.9335288367546433,0.0
18.0,0.8763066800438636,1.021505376344086,0.0
18.0,0.9048270524660179,1.1094819159335287,0.0
18.0,0.9297764858882525,1.1974584555229715,0.0
18.0,0.9510565162951533,1.2756598240469206,0.0
18.0,0.9685831611286307,1.3147605083088951,0.0
18.0,0.9822872507286884,1.3538611925708697,0.0
18.0,0.992114701314478,1.4125122189638315,0.0
18.0,0.9980267284282717,1.4320625610948188,0.0
18.0,1.0,1.4320625610948188,0.0
18.0,0.9980267284282718,1.4613880742912997,0.0
18.0,0.9921147013144783,1.4613880742912997,0.0
18.0,0.9822872507286887,1.4711632453567933,0.0
18.0,0.9685831611286313,1.4418377321603124,0.0
18.0,0.9510565162951539,1.4320625610948188,0.0
18.0,0.9297764858882532,1.451612903225806,0.0
18.0,0.9048270524660188,1.4320625610948188,0.0
18.0,0.8763066800438646,1.4320625610948188,0.0
18.0,0.8443279255020164,1.4027370478983379,0.0
18.0,0.8090169943749491,1.344086021505376,0.0
18.0,0.770513242775789,1.2561094819159333,0.0
18.0,0.7289686274214116,1.1779081133919842,0.0
18.0,0.684547105928689,1.0801564027370478,0.0
18.0,0.637423989748693,0.9921798631476051,0.0
18.0,0.5877852522924711,0.9237536656891496,0.0
18.0,0.5358267949789979,0.8455522971652005,0.0
18.0,0.4817536741017169,0.7673509286412514,0.0
18.0,0.4257792915650746,0.698924731182796,0.0
18.0,0.368124552684677,0.6011730205278596,0.0
18.0,0.3090169943749468,0.5034213098729223,0.0
18.0,0.24868988716485446,0.3958944281524923,0.0
18.0,0.18738131458572815,0.29814271749755594,0.0
18.0,0.1253332335643011,0.21994134897360684,0.0
18.0,0.06279051952931412,0.1319648093841641,0.0
18.0,1.102182119232618e-15,0.024437927663734094,0.0
18.0,-0.06279051952931192,-0.03421309872922773,0.0
18.0,-0.12533323356429893,-0.11241446725317683,0.0
18.0,-0.187381314585726,-0.2101661779081132,0.0
18.0,-0.24868988716485232,-0.27859237536656867,0.0
18.0,-0.3090169943749447,-0.3665689149560114,0.0
18.0,-0.3681245526846749,-0.45454545454545414,0.0
18.0,-0.4257792915650726,-0.5522971652003914,0.0
18.0,-0.48175367410171493,-0.591397849462366,0.0
18.0,-0.535826794978996,-0.669599217986315,0.0
18.0,-0.5877852522924694,-0.7478005865102642,0.0
18.0,-0.6374239897486913,-0.7966764418377323,0.0
18.0,-0.6845471059286873,-0.8553274682306942,0.0
18.0,-0.72896862742141,-0.9628543499511242,0.0
18.0,-0.7705132427757876,-1.0117302052785924,0.0
18.0,-0.8090169943749478,-1.0899315738025415,0.0
18.0,-0.8443279255020152,-1.2170087976539588,0.0
18.0,-0.8763066800438636,-1.3343108504398828,0.0
18.0,-0.9048270524660178,-1.383186705767351,0.0
18.0,-0.9297764858882525,-1.4418377321603129,0.0
18.0,-0.9510565162951532,-1.5004887585532747,0.0
18.0,-0.9685831611286307,-1.5004887585532747,0.0
18.0,-0.9822872507286883,-1.5298142717497556,0.0
18.0,-0.992114701314478,-1.5591397849462365,0.0
18.0,-0.9980267284282717,-1.627565982404692,0.0
18.0,-1.0,-1.6373411534701856,0.0
18.0,-0.9980267284282718,-1.6471163245356792,0.0
18.0,-0.9921147013144783,-1.6471163245356792,0.0
18.0,-0.9822872507286887,-1.6568914956011729,0.0
18.0,-0.9685831611286313,-1.6471163245356792,0.0
18.0,-0.951056516295154,-1.5884652981427174,0.0
18.0,-0.9297764858882532,-1.5786901270772238,0.0
18.0,-0.9048270524660188,-1.5493646138807429,0.0
18.0,-0.8763066800438647,-1.4711632453567938,0.0
18.0,-0.8443279255020165,-1.3734115347018574,0.0
18.0,-0.8090169943749491,-1.3245356793743892,0.0
18.0,-0.770513242775789,-1.2854349951124147,0.0
18.0,-0.7289686274214117,-1.2267839687194524,0.0
18.0,-0.6845471059286891,-1.099706744868035,0.0
18.0,-0.6374239897486931,-1.0606060606060606,0.0
18.0,-0.5877852522924712,-0.9824046920821115,0.0
18.0,-0.535826794978998,-0.9042033235581624,0.0
18.0,-0.481753674101717,-0.7869012707722387,0.0
18.0,-0.4257792915650747,-0.7380254154447705,0.0
18.0,-0.3681245526846771,-0.6011730205278596,0.0
18.0,-0.3090169943749469,-0.4936461388074287,0.0
18.0,-0.2486898871648546,-0.45454545454545414,0.0
18.0,-0.18738131458572826,-0.4154447702834796,0.0
18.0,-0.12533323356430123,-0.3665689149560114,0.0
18.0,-0.06279051952931425,-0.27859237536656867,0.0
18.0,-1.2246467991473533e-15,-0.19061583577712593,0.0
18.0,0.06279051952931179,-0.11241446725317683,0.0
18.0,0.1253332335642988,-0.014662756598240456,0.0
18.0,0.18738131458572588,0.1026392961876832,0.0
18.0,0.2486898871648522,0.20039100684261957,0.0
18.0,0.30901699437494456,0.2883675464320623,0.0
18.0,0.3681245526846748,0.34701857282502413,0.0
18.0,0.4257792915650725,0.42521994134897323,0.0
18.0,0.4817536741017148,0.5522971652003914,0.0
18.0,0.5358267949789959,0.6500488758553278,0.0
18.0,0.5877852522924693,0.7086999022482896,0.0
18.0,0.6374239897486885,0.8162267839687196,0.0
18.0,0.6845471059286898,0.8748778103616814,0.0
18.0,0.7289686274214099,0.9237536656891496,0.0
18.0,0.7705132427757853,1.021505376344086,0.0
18.0,0.8090169943749498,1.099706744868035,0.0
18.0,0.8443279255020152,1.1876832844574778,0.0
18.0,0.8763066800438618,1.2463343108504397,0.0
18.0,0.9048270524660192,1.3147605083088951,0.0
18.0,0.9297764858882523,1.3538611925708697,0.0
18.0,0.9510565162951532,1.3929618768328442,0.0
18.0,0.9685831611286316,1.4613880742912997,0.0
18.0,0.9822872507286883,1.5004887585532742,0.0
18.0,0.992114701314478,1.5102639296187688,0.0
18.0,0.9980267284282713,1.480938416422287,0.0
18.0,1.0,1.529814271749756,0.0
18.0,0.9980267284282718,1.5493646138807433,0.0
18.0,0.9921147013144788,1.5395894428152497,0.0
18.0,0.9822872507286882,1.5689149560117306,0.0
18.0,0.9685831611286313,1.5493646138807433,0.0
18.0,0.9510565162951551,1.529814271749756,0.0
18.0,0.929776485888252,1.5395894428152497,0.0
18.0,0.9048270524660189,1.529814271749756,0.0
18.0,0.8763066800438647,1.4613880742912997,0.0
18.0,0.8443279255020146,1.3831867057673506,0.0
18.0,0.8090169943749492,1.3147605083088951,0.0
18.0,0.7705132427757891,1.2170087976539588,0.0
18.0,0.7289686274214141,1.1094819159335287,0.0
18.0,0.6845471059286892,1.0606060606060606,0.0
18.0,0.6374239897486932,1.0117302052785924,0.0
18.0,0.5877852522924742,0.9628543499511242,0.0
18.0,0.535826794978995,0.8944281524926687,0.0
18.0,0.48175367410171704,0.7966764418377323,0.0
18.0,0.42577929156507804,0.7086999022482896,0.0
18.0,0.3681245526846739,0.6304985337243405,0.0
18.0,0.309016994374947,0.5425219941348978,0.0
18.0,0.24868988716485815,0.42521994134897323,0.0
18.0,0.1873813145857249,0.3079178885630496,0.0
18.0,0.12533323356430134,0.23949169110459412,0.0
18.0,0.06279051952931436,0.11241446725317683,0.0
18.0,4.899825157862589e-15,0.024437927663734094,0.0
18.0,-0.06279051952931168,-0.03421309872922773,0.0
18.0,-0.12533323356429868,-0.14173998044965774,0.0
18.0,-0.18738131458572224,-0.23949169110459412,0.0
18.0,-0.24868988716485554,-0.3372434017595305,0.0
18.0,-0.30901699437494445,-0.43499511241446687,0.0
18.0,-0.3681245526846714,-0.5229716520039105,0.0
18.0,-0.4257792915650756,-0.6207233626588469,0.0
18.0,-0.4817536741017147,-0.7086999022482896,0.0
18.0,-0.5358267949789928,-0.7673509286412514,0.0
18.0,-0.587785252292472,-0.8553274682306942,0.0
18.0,-0.6374239897486911,-0.9433040078201369,0.0
18.0,-0.6845471059286872,-1.021505376344086,0.0
18.0,-0.7289686274214123,-1.1094819159335287,0.0
18.0,-0.7705132427757875,-1.129032258064516,0.0
18.0,-0.8090169943749477,-1.1974584555229715,0.0
18.0,-0.8443279255020132,-1.304985337243402,0.0
18.0,-0.8763066800438635,-1.383186705767351,0.0
18.0,-0.9048270524660177,-1.4516129032258065,0.0
18.0,-0.929776485888251,-1.520039100684262,0.0
18.0,-0.9510565162951542,-1.5493646138807429,0.0
18.0,-0.9685831611286306,-1.6177908113391983,0.0
18.0,-0.9822872507286876,-1.6568914956011729,0.0
18.0,-0.9921147013144784,-1.6862170087976538,0.0
18.0,-0.9980267284282716,-1.6959921798631474,0.0
18.0,-1.0,-1.6764418377321602,0.0
18.0,-0.9980267284282716,-1.6862170087976538,0.0
18.0,-0.9921147013144783,-1.7253176930596283,0.0
18.0,-0.9822872507286888,-1.7155425219941347,0.0
18.0,-0.9685831611286323,-1.6959921798631474,0.0
19.0,-0.9510565162951536,0.004887585532746819,0.0
19.0,-0.9297764858882512,-0.004887585532746819,0.0
19.0,-0.9048270524660199,-0.004887585532746819,0.0
19.0,-0.8763066800438638,-0.014662756598240456,0.0
19.0,-0.8443279255020155,-0.5146627565982405,0.0
19.0,-0.8090169943749476,-1.0146627565982405,0.0
19.0,-0.7705132427757896,-1.0703812316715542,0.0
19.0,-0.7289686274214116,-1.0410557184750733,0.0
19.0,-0.684547105928689,-1.0117302052785924,0.0
19.0,-0.6374239897486896,-0.9628543499511242,0.0
19.0,-0.5877852522924734,-0.8846529814271751,0.0
19.0,-0.5358267949789963,-0.8651026392961878,0.0
19.0,-0.4817536741017153,-0.7966764418377323,0.0
19.0,-0.4257792915650722,-0.7282502443792769,0.0
19.0,-0.3681245526846787,-0.6598240469208214,0.0
19.0,-0.3090169943749477,-0.6011730205278596,0.0
19.0,-0.24868988716485535,-0.5425219941348978,0.0
19.0,-0.18738131458572468,-0.45454545454545414,0.0
19.0,-0.12533323356430465,-0.3665689149560114,0.0
19.0,-0.06279051952931326,-0.2883675464320623,0.0
19.0,-2.4492935982947064e-16,-0.19061583577712593,0.0
19.0,0.06279051952931278,-0.11241446725317683,0.0
19.0,0.12533323356430418,-0.04398826979472137,0.0
19.0,0.1873813145857242,0.053763440860215006,0.0
19.0,0.24868988716485488,0.15151515151515138,0.0
19.0,0.3090169943749472,0.22971652003910048,0.0
19.0,0.3681245526846782,0.29814271749755594,0.0
19.0,0.42577929156507255,0.40566959921798595,0.0
19.0,0.48175367410171566,0.5425219941348978,0.0
19.0,0.5358267949789967,0.6207233626588469,0.0
19.0,0.5877852522924736,0.698924731182796,0.0
19.0,0.6374239897486899,0.7771260997067451,0.0
19.0,0.6845471059286893,0.8455522971652005,0.0
19.0,0.7289686274214107,0.913978494623656,0.0
19.0,0.7705132427757887,0.9726295210166178,0.0
19.0,0.8090169943749468,1.0312805474095796,0.0
19.0,0.8443279255020147,1.1485826001955033,0.0
19.0,0.8763066800438631,1.1974584555229715,0.0
19.0,0.9048270524660194,1.2561094819159333,0.0
19.0,0.9297764858882511,1.2756598240469206,0.0
19.0,0.9510565162951535,1.3636363636363633,0.0
19.0,0.968583161128631,1.4418377321603124,0.0
19.0,0.9822872507286886,1.529814271749756,0.0
19.0,0.9921147013144778,1.5395894428152497,0.0
19.0,0.9980267284282716,1.559139784946237,0.0
19.0,1.0,1.559139784946237,0.0
19.0,0.9980267284282716,1.5689149560117306,0.0
19.0,0.9921147013144779,1.5884652981427179,0.0
19.0,0.9822872507286886,1.5982404692082115,0.0
19.0,0.9685831611286311,1.5689149560117306,0.0
19.0,0.9510565162951536,1.5786901270772242,0.0
19.0,0.9297764858882517,1.5200391006842624,0.0
19.0,0.9048270524660192,1.4907135874877806,0.0
19.0,0.8763066800438634,1.4027370478983379,0.0
19.0,0.8443279255020151,1.3636363636363633,0.0
19.0,0.8090169943749477,1.265884652981427,0.0
19.0,0.7705132427757886,1.2072336265884651,0.0
19.0,0.728968627421411,1.1388074291300097,0.0
19.0,0.6845471059286897,1.0117302052785924,0.0
19.0,0.6374239897486911,0.8944281524926687,0.0
19.0,0.5877852522924734,0.7869012707722387,0.0
19.0,0.5358267949789972,0.6500488758553278,0.0
19.0,0.4817536741017162,0.5425219941348978,0.0
19.0,0.42577929156507394,0.45454545454545414,0.0
19.0,0.368124552684678,0.3372434017595305,0.0
19.0,0.3090169943749478,0.2590420332355814,0.0
19.0,0.2486898871648555,0.15151515151515138,0.0
19.0,0.18738131458572568,0.07331378299120228,0.0
19.0,0.1253332335643039,0.004887585532746819,0.0
19.0,0.06279051952931339,-0.09286412512218956,0.0
19.0,3.6739403974420594e-16,-0.1808406647116323,0.0
19.0,-0.06279051952931265,-0.27859237536656867,0.0
19.0,-0.12533323356430318,-0.3665689149560114,0.0
19.0,-0.18738131458572496,-0.43499511241446687,0.0
19.0,-0.24868988716485477,-0.5131964809384169,0.0
19.0,-0.30901699437494706,-0.6011730205278596,0.0
19.0,-0.36812455268467725,-0.698924731182796,0.0
19.0,-0.42577929156507327,-0.7771260997067451,0.0
19.0,-0.48175367410171555,-0.8260019550342133,0.0
19.0,-0.5358267949789965,-0.9042033235581624,0.0
19.0,-0.5877852522924728,-1.0019550342130987,0.0
19.0,-0.6374239897486905,-1.1094819159335287,0.0
19.0,-0.6845471059286892,-1.2170087976539588,0.0
19.0,-0.7289686274214106,-1.304985337243402,0.0
19.0,-0.770513242775788,-1.3636363636363638,0.0
19.0,-0.8090169943749472,-1.4418377321603129,0.0
19.0,-0.8443279255020146,-1.490713587487781,0.0
19.0,-0.876306680043863,-1.6080156402737047,0.0
19.0,-0.9048270524660189,-1.6666666666666665,0.0
19.0,-0.9297764858882513,-1.7155425219941347,0.0
19.0,-0.9510565162951534,-1.7448680351906156,0.0
19.0,-0.968583161128631,-1.7839687194525906,0.0
19.0,-0.9822872507286885,-1.7937438905180842,0.0
19.0,-0.9921147013144779,-1.7937438905180842,0.0
19.0,-0.9980267284282716,-1.8035190615835779,0.0
19.0,-1.0,-1.8426197458455524,0.0
19.0,-0.9980267284282716,-1.8328445747800588,0.0
19.0,-0.992114701314478,-1.8132942326490715,0.0
19.0,-0.9822872507286886,-1.8230694037145652,0.0
19.0,-0.9685831611286312,-1.7937438905180842,0.0
19.0,-0.9510565162951538,-1.8035190615835779,0.0
19.0,-0.9297764858882517,-1.7644183773216033,0.0
19.0,-0.9048270524660192,-1.735092864125122,0.0
19.0,-0.8763066800438635,-1.6764418377321602,0.0
19.0,-0.8443279255020151,-1.598240469208211,0.0
19.0,-0.8090169943749477,-1.520039100684262,0.0
19.0,-0.7705132427757886,-1.490713587487781,0.0
19.0,-0.7289686274214111,-1.3929618768328447,0.0
19.0,-0.6845471059286898,-1.3440860215053765,0.0
19.0,-0.6374239897486912,-1.275659824046921,0.0
19.0,-0.5877852522924735,-1.1681329423264906,0.0
19.0,-0.5358267949789973,-1.1094819159335287,0.0
19.0,-0.4817536741017163,-1.0410557184750733,0.0
19.0,-0.42577929156507405,-1.0117302052785924,0.0
19.0,-0.3681245526846781,-0.9237536656891496,0.0
19.0,-0.3090169943749479,-0.8651026392961878,0.0
19.0,-0.2486898871648556,-0.806451612903226,0.0
19.0,-0.1873813145857258,-0.6891495601173023,0.0
19.0,-0.125333233564304,-0.6109481915933532,0.0
19.0,-0.06279051952931351,-0.5034213098729232,0.0
19.0,-4.898587196589413e-16,-0.37634408602150504,0.0
19.0,0.06279051952931075,-0.29814271749755594,0.0
19.0,0.12533323356430304,-0.20039100684261957,0.0
19.0,0.1873813145857231,-0.11241446725317683,0.0
19.0,0.24868988716485466,-0.053763440860215006,0.0
19.0,0.30901699437494523,0.024437927663734094,0.0
19.0,0.36812455268467714,0.11241446725317683,0.0
19.0,0.42577929156507155,0.20039100684261957,0.0
19.0,0.48175367410171543,0.29814271749755594,0.0
19.0,0.535826794978995,0.40566959921798595,0.0
19.0,0.5877852522924727,0.4936461388074287,0.0
19.0,0.6374239897486891,0.591397849462366,0.0
19.0,0.6845471059286891,0.6500488758553278,0.0
19.0,0.7289686274214104,0.7282502443792769,0.0
19.0,0.7705132427757891,0.8162267839687196,0.0
19.0,0.8090169943749471,0.9335288367546433,0.0
19.0,0.8443279255020155,1.021505376344086,0.0
19.0,0.876306680043863,1.1485826001955033,0.0
19.0,0.9048270524660196,1.2072336265884651,0.0
19.0,0.9297764858882513,1.2756598240469206,0.0
19.0,0.951056516295154,1.3245356793743888,0.0
19.0,0.9685831611286309,1.3636363636363633,0.0
19.0,0.9822872507286888,1.4711632453567933,0.0
19.0,0.9921147013144779,1.480938416422287,0.0
19.0,0.9980267284282717,1.480938416422287,0.0
19.0,1.0,1.4711632453567933,0.0
19.0,0.9980267284282718,1.480938416422287,0.0
19.0,0.992114701314478,1.4613880742912997,0.0
19.0,0.9822872507286889,1.3831867057673506,0.0
19.0,0.9685831611286312,1.3245356793743888,0.0
19.0,0.9510565162951543,1.2756598240469206,0.0
19.0,0.9297764858882518,1.2170087976539588,0.0
19.0,0.90482705246602,1.158357771260997,0.0
19.0,0.8763066800438635,1.0899315738025415,0.0
19.0,0.8443279255020162,1.0410557184750733,0.0
19.0,0.8090169943749478,0.9921798631476051,0.0
19.0,0.7705132427757898,0.9237536656891496,0.0
19.0,0.7289686274214112,0.8357771260997069,0.0
19.0,0.6845471059286898,0.7575757575757578,0.0
19.0,0.6374239897486899,0.6793743890518087,0.0
19.0,0.5877852522924736,0.6500488758553278,0.0
19.0,0.5358267949789959,0.5718475073313787,0.0
19.0,0.48175367410171643,0.4643206256109478,0.0
19.0,0.42577929156507255,0.43499511241446687,0.0
19.0,0.3681245526846782,0.35679374389051777,0.0
19.0,0.3090169943749463,0.2590420332355814,0.0
19.0,0.2486898871648557,0.22971652003910048,0.0
19.0,0.18738131458572418,0.1319648093841641,0.0
19.0,0.12533323356430415,0.024437927663734094,0.0
19.0,0.06279051952931186,-0.06353861192570864,0.0
19.0,6.123233995736766e-16,-0.1808406647116323,0.0
19.0,-0.06279051952931064,-0.27859237536656867,0.0
19.0,-0.12533323356430293,-0.34701857282502413,0.0
19.0,-0.18738131458572296,-0.43499511241446687,0.0
19.0,-0.24868988716485452,-0.5816226783968723,0.0
19.0,-0.3090169943749451,-0.7282502443792769,0.0
19.0,-0.3681245526846787,-0.7771260997067451,0.0
19.0,-0.42577929156506983,-0.8553274682306942,0.0
19.0,-0.4817536741017154,-0.9335288367546433,0.0
19.0,-0.5358267949789964,-1.050830889540567,0.0
19.0,-0.5877852522924726,-1.1094819159335287,0.0
19.0,-0.637423989748689,-1.2463343108504397,0.0
19.0,-0.6845471059286877,-1.3245356793743892,0.0
19.0,-0.7289686274214103,-1.4027370478983383,0.0
19.0,-0.7705132427757901,-1.490713587487781,0.0
19.0,-0.809016994374946,-1.5786901270772238,0.0
19.0,-0.8443279255020155,-1.6862170087976538,0.0
19.0,-0.8763066800438638,-1.705767350928641,0.0
19.0,-0.9048270524660196,-1.735092864125122,0.0
19.0,-0.9297764858882513,-1.774193548387097,0.0
19.0,-0.9510565162951534,-1.8621700879765397,0.0
19.0,-0.9685831611286309,-1.8426197458455524,0.0
19.0,-0.982287250728689,-1.8621700879765397,0.0
19.0,-0.9921147013144777,-1.9208211143695015,0.0
19.0,-0.9980267284282717,-1.9305962854349952,0.0
19.0,-1.0,-1.9208211143695015,0.0
19.0,-0.9980267284282718,-1.9305962854349952,0.0
19.0,-0.9921147013144778,-1.9012707722385143,0.0
19.0,-0.9822872507286894,-1.8621700879765397,0.0
19.0,-0.9685831611286312,-1.7937438905180842,0.0
19.0,-0.9510565162951538,-1.705767350928641,0.0
19.0,-0.9297764858882518,-1.6373411534701856,0.0
19.0,-0.9048270524660201,-1.627565982404692,0.0
19.0,-0.8763066800438645,-1.5395894428152492,0.0
19.0,-0.8443279255020162,-1.490713587487781,0.0
19.0,-0.8090169943749468,-1.4711632453567938,0.0
19.0,-0.770513242775791,-1.383186705767351,0.0
19.0,-0.7289686274214113,-1.304985337243402,0.0
19.0,-0.6845471059286887,-1.2463343108504397,0.0
19.0,-0.63742398974869,-1.1681329423264906,0.0
19.0,-0.5877852522924737,-1.1094819159335287,0.0
19.0,-0.5358267949789975,-1.0703812316715542,0.0
19.0,-0.48175367410171654,-0.9628543499511242,0.0
19.0,-0.42577929156507105,-0.8651026392961878,0.0
19.0,-0.36812455268468,-0.7869012707722387,0.0
19.0,-0.3090169943749464,-0.7086999022482896,0.0
19.0,-0.2486898871648541,-0.6304985337243405,0.0
19.0,-0.1873813145857243,-0.5816226783968723,0.0
19.0,-0.12533323356430426,-0.4936461388074287,0.0
19.0,-0.06279051952931375,-0.35679374389051777,0.0
19.0,-7.347880794884119e-16,-0.26881720430107503,0.0
19.0,0.06279051952931229,-0.1808406647116323,0.0
19.0,0.12533323356430282,-0.09286412512218956,0.0
19.0,0.18738131458572285,0.024437927663734094,0.0
19.0,0.24868988716485269,0.1319648093841641,0.0
19.0,0.309016994374945,0.24926686217008776,0.0
19.0,0.3681245526846786,0.32746823069403685,0.0
19.0,0.4257792915650697,0.3861192570869987,0.0
19.0,0.48175367410171527,0.45454545454545414,0.0
19.0,0.5358267949789963,0.5718475073313787,0.0
19.0,0.5877852522924725,0.6207233626588469,0.0
19.0,0.6374239897486889,0.6500488758553278,0.0
19.0,0.6845471059286876,0.7184750733137832,0.0
19.0,0.7289686274214102,0.7966764418377323,0.0
19.0,0.7705132427757901,0.8846529814271751,0.0
19.0,0.8090169943749459,0.9530791788856305,0.0
19.0,0.8443279255020154,1.0606060606060606,0.0
19.0,0.8763066800438637,1.129032258064516,0.0
19.0,0.9048270524660195,1.2072336265884651,0.0
19.0,0.9297764858882512,1.2561094819159333,0.0
19.0,0.9510565162951533,1.3147605083088951,0.0
19.0,0.9685831611286309,1.3538611925708697,0.0
19.0,0.982287250728689,1.3929618768328442,0.0
19.0,0.9921147013144777,1.4222873900293251,0.0
19.0,0.9980267284282717,1.4320625610948188,0.0
19.0,1.0,1.4418377321603124,0.0
19.0,0.9980267284282718,1.4320625610948188,0.0
19.0,0.9921147013144778,1.4222873900293251,0.0
19.0,0.9822872507286894,1.4320625610948188,0.0
19.0,0.9685831611286312,1.4027370478983379,0.0
19.0,0.9510565162951539,1.3831867057673506,0.0
19.0,0.9297764858882518,1.344086021505376,0.0
19.0,0.9048270524660201,1.2561094819159333,0.0
19.0,0.8763066800438645,1.1779081133919842,0.0
19.0,0.8443279255020163,1.129032258064516,0.0
19.0,0.8090169943749469,1.0312805474095796,0.0
19.0,0.7705132427757911,0.9824046920821115,0.0
19.0,0.7289686274214113,0.9433040078201369,0.0
19.0,0.6845471059286887,0.8651026392961878,0.0
19.0,0.6374239897486901,0.7869012707722387,0.0
19.0,0.5877852522924738,0.698924731182796,0.0
19.0,0.5358267949789977,0.6011730205278596,0.0
19.0,0.48175367410171666,0.4740957966764414,0.0
19.0,0.42577929156507116,0.34701857282502413,0.0
19.0,0.3681245526846801,0.24926686217008776,0.0
19.0,0.30901699437494656,0.20039100684261957,0.0
19.0,0.24868988716485424,0.09286412512218956,0.0
19.0,0.1873813145857244,-0.024437927663734094,0.0
19.0,0.1253332335643044,-0.1319648093841641,0.0
19.0,0.06279051952931387,-0.20039100684261957,0.0
19.0,8.572527594031472e-16,-0.29814271749755594,0.0
19.0,-0.06279051952931217,-0.37634408602150504,0.0
19.0,-0.12533323356430268,-0.4740957966764414,0.0
19.0,-0.18738131458572274,-0.5425219941348978,0.0
19.0,-0.24868988716485257,-0.6402737047898341,0.0
19.0,-0.3090169943749449,-0.669599217986315,0.0
19.0,-0.3681245526846785,-0.7673509286412514,0.0
19.0,-0.4257792915650696,-0.8553274682306942,0.0
19.0,-0.48175367410171516,-0.9335288367546433,0.0
19.0,-0.5358267949789962,-1.0117302052785924,0.0
19.0,-0.5877852522924725,-1.050830889540567,0.0
19.0,-0.6374239897486887,-1.158357771260997,0.0
19.0,-0.6845471059286875,-1.2561094819159337,0.0
19.0,-0.7289686274214101,-1.3245356793743892,0.0
19.0,-0.77051324277579,-1.3734115347018574,0.0
19.0,-0.8090169943749459,-1.4516129032258065,0.0
19.0,-0.8443279255020153,-1.5298142717497556,0.0
19.0,-0.8763066800438637,-1.6177908113391983,0.0
19.0,-0.9048270524660195,-1.7155425219941347,0.0
19.0,-0.9297764858882512,-1.774193548387097,0.0
19.0,-0.9510565162951533,-1.8035190615835779,0.0
19.0,-0.9685831611286309,-1.852394916911046,0.0
19.0,-0.982287250728689,-1.881720430107527,0.0
19.0,-0.9921147013144775,-1.8914956011730206,0.0
19.0,-0.9980267284282717,-1.8621700879765397,0.0
19.0,-1.0,-1.8719452590420333,0.0
19.0,-0.9980267284282718,-1.8719452590420333,0.0
19.0,-0.9921147013144778,-1.9305962854349952,0.0
19.0,-0.9822872507286894,-1.9208211143695015,0.0
19.0,-0.9685831611286313,-1.852394916911046,0.0
19.0,-0.9510565162951539,-1.7937438905180842,0.0
19.0,-0.9297764858882519,-1.7546432062561097,0.0
19.0,-0.9048270524660202,-1.735092864125122,0.0
19.0,-0.8763066800438646,-1.6959921798631474,0.0
19.0,-0.8443279255020164,-1.598240469208211,0.0
19.0,-0.8090169943749469,-1.5395894428152492,0.0
19.0,-0.7705132427757913,-1.4711632453567938,0.0
19.0,-0.7289686274214114,-1.4320625610948192,0.0
19.0,-0.6845471059286888,-1.3734115347018574,0.0
19.0,-0.6374239897486902,-1.2658846529814274,0.0
19.0,-0.5877852522924739,-1.1779081133919842,0.0
19.0,-0.5358267949789978,-1.1094819159335287,0.0
19.0,-0.48175367410171677,-1.021505376344086,0.0
19.0,-0.42577929156507127,-0.9628543499511242,0.0
19.0,-0.3681245526846802,-0.8748778103616814,0.0
19.0,-0.3090169943749467,-0.7869012707722387,0.0
19.0,-0.24868988716485435,-0.6891495601173023,0.0
19.0,-0.18738131458572455,-0.6207233626588469,0.0
19.0,-0.1253332335643045,-0.591397849462366,0.0
19.0,-0.062790519529314,-0.45454545454545414,0.0
19.0,-9.797174393178826e-16,-0.3958944281524923,0.0
19.0,0.06279051952931204,-0.32746823069403685,0.0
19.0,0.12533323356429904,-0.23949169110459412,0.0
19.0,0.1873813145857261,-0.15151515151515138,0.0
19.0,0.24868988716485246,-0.04398826979472137,0.0
19.0,0.3090169943749448,0.08308895405669592,0.0
19.0,0.36812455268467503,0.17106549364613866,0.0
19.0,0.4257792915650727,0.22971652003910048,0.0
19.0,0.48175367410171505,0.34701857282502413,0.0
19.0,0.5358267949789961,0.43499511241446687,0.0
19.0,0.5877852522924695,0.5034213098729223,0.0
19.0,0.6374239897486914,0.5816226783968723,0.0
19.0,0.6845471059286874,0.6793743890518087,0.0
19.0,0.7289686274214101,0.7673509286412514,0.0
19.0,0.7705132427757877,0.8553274682306942,0.0
19.0,0.8090169943749479,0.9921798631476051,0.0
19.0,0.8443279255020153,1.021505376344086,0.0
19.0,0.8763066800438636,1.0899315738025415,0.0
19.0,0.9048270524660179,1.2072336265884651,0.0
19.0,0.9297764858882525,1.2561094819159333,0.0
19.0,0.9510565162951533,1.2854349951124142,0.0
19.0,0.9685831611286307,1.4027370478983379,0.0
19.0,0.9822872507286884,1.4418377321603124,0.0
19.0,0.992114701314478,1.4613880742912997,0.0
19.0,0.9980267284282717,1.5200391006842624,0.0
19.0,1.0,1.5395894428152497,0.0
19.0,0.9980267284282718,1.5493646138807433,0.0
19.0,0.9921147013144783,1.6862170087976542,0.0
19.0,0.9822872507286887,1.6080156402737051,0.0
19.0,0.9685831611286313,1.6177908113391988,0.0
19.0,0.9510565162951539,1.559139784946237,0.0
19.0,0.9297764858882532,1.4907135874877806,0.0
19.0,0.9048270524660188,1.5004887585532742,0.0
19.0,0.8763066800438646,1.4418377321603124,0.0
19.0,0.8443279255020164,1.373411534701857,0.0
19.0,0.8090169943749491,1.3636363636363633,0.0
19.0,0.770513242775789,1.344086021505376,0.0
19.0,0.7289686274214116,1.3049853372434015,0.0
19.0,0.684547105928689,1.2561094819159333,0.0
19.0,0.637423989748693,1.1094819159335287,0.0
19.0,0.5877852522924711,1.0606060606060606,0.0
19.0,0.5358267949789979,0.9921798631476051,0.0
19.0,0.4817536741017169,0.913978494623656,0.0
19.0,0.4257792915650746,0.7575757575757578,0.0
19.0,0.368124552684677,0.6109481915933532,0.0
19.0,0.3090169943749468,0.4936461388074287,0.0
19.0,0.24868988716485446,0.34701857282502413,0.0
19.0,0.18738131458572815,0.3176930596285432,0.0
19.0,0.1253332335643011,0.2101661779081132,0.0
19.0,0.06279051952931412,0.09286412512218956,0.0
19.0,1.102182119232618e-15,-0.024437927663734094,0.0
19.0,-0.06279051952931192,-0.08308895405669592,0.0
19.0,-0.12533323356429893,-0.1808406647116323,0.0
19.0,-0.187381314585726,-0.29814271749755594,0.0
19.0,-0.24868988716485232,-0.34701857282502413,0.0
19.0,-0.3090169943749447,-0.42521994134897323,0.0
19.0,-0.3681245526846749,-0.5034213098729232,0.0
19.0,-0.4257792915650726,-0.6598240469208214,0.0
19.0,-0.48175367410171493,-0.7869012707722387,0.0
19.0,-0.535826794978996,-0.8846529814271751,0.0
19.0,-0.5877852522924694,-0.9726295210166178,0.0
19.0,-0.6374239897486913,-1.099706744868035,0.0
19.0,-0.6845471059286873,-1.1779081133919842,0.0
19.0,-0.72896862742141,-1.2854349951124147,0.0
19.0,-0.7705132427757876,-1.3245356793743892,0.0
19.0,-0.8090169943749478,-1.4027370478983383,0.0
19.0,-0.8443279255020152,-1.4222873900293256,0.0
19.0,-0.8763066800438636,-1.4613880742913001,0.0
19.0,-0.9048270524660178,-1.520039100684262,0.0
19.0,-0.9297764858882525,-1.5786901270772238,0.0
19.0,-0.9510565162951532,-1.6764418377321602,0.0
19.0,-0.9685831611286307,-1.705767350928641,0.0
19.0,-0.9822872507286883,-1.774193548387097,0.0
19.0,-0.992114701314478,-1.8230694037145652,0.0
19.0,-0.9980267284282717,-1.8328445747800588,0.0
19.0,-1.0,-1.852394916911046,0.0
19.0,-0.9980267284282718,-1.8230694037145652,0.0
19.0,-0.9921147013144783,-1.8035190615835779,0.0
19.0,-0.9822872507286887,-1.8230694037145652,0.0
19.0,-0.9685831611286313,-1.774193548387097,0.0
19.0,-0.951056516295154,-1.7448680351906156,0.0
19.0,-0.9297764858882532,-1.7253176930596283,0.0
19.0,-0.9048270524660188,-1.7155425219941347,0.0
19.0,-0.8763066800438647,-1.6471163245356792,0.0
19.0,-0.8443279255020165,-1.598240469208211,0.0
19.0,-0.8090169943749491,-1.5689149560117301,0.0
19.0,-0.770513242775789,-1.5298142717497556,0.0
19.0,-0.7289686274214117,-1.490713587487781,0.0
19.0,-0.6845471059286891,-1.4320625610948192,0.0
19.0,-0.6374239897486931,-1.3636363636363638,0.0
19.0,-0.5877852522924712,-1.275659824046921,0.0
19.0,-0.535826794978998,-1.1876832844574778,0.0
19.0,-0.481753674101717,-1.0801564027370478,0.0
19.0,-0.4257792915650747,-0.9726295210166178,0.0
19.0,-0.3681245526846771,-0.8846529814271751,0.0
19.0,-0.3090169943749469,-0.7966764418377323,0.0
19.0,-0.2486898871648546,-0.7086999022482896,0.0
19.0,-0.18738131458572826,-0.6207233626588469,0.0
19.0,-0.12533323356430123,-0.5229716520039105,0.0
19.0,-0.06279051952931425,-0.3958944281524923,0.0
19.0,-1.2246467991473533e-15,-0.21994134897360684,0.0
19.0,0.06279051952931179,-0.15151515151515138,0.0
19.0,0.1253332335642988,-0.053763440860215006,0.0
19.0,0.18738131458572588,0.08308895405669592,0.0
19.0,0.2486898871648522,0.16129032258064502,0.0
19.0,0.30901699437494456,0.24926686217008776,0.0
19.0,0.3681245526846748,0.29814271749755594,0.0
19.0,0.4257792915650725,0.3958944281524923,0.0
19.0,0.4817536741017148,0.45454545454545414,0.0
19.0,0.5358267949789959,0.5522971652003914,0.0
19.0,0.5877852522924693,0.6207233626588469,0.0
19.0,0.6374239897486885,0.7478005865102642,0.0
19.0,0.6845471059286898,0.7966764418377323,0.0
19.0,0.7289686274214099,0.8944281524926687,0.0
19.0,0.7705132427757853,0.9628543499511242,0.0
19.0,0.8090169943749498,1.050830889540567,0.0
19.0,0.8443279255020152,1.1094819159335287,0.0
19.0,0.8763066800438618,1.158357771260997,0.0
19.0,0.9048270524660192,1.1779081133919842,0.0
19.0,0.9297764858882523,1.236559139784946,0.0
19.0,0.9510565162951532,1.2561094819159333,0.0
19.0,0.9685831611286316,1.3049853372434015,0.0
19.0,0.9822872507286883,1.3343108504398824,0.0
19.0,0.992114701314478,1.3929618768328442,0.0
19.0,0.9980267284282713,1.4418377321603124,0.0
19.0,1.0,1.4418377321603124,0.0
19.0,0.9980267284282718,1.4418377321603124,0.0
19.0,0.9921147013144788,1.4907135874877806,0.0
19.0,0.9822872507286882,1.4711632453567933,0.0
19.0,0.9685831611286313,1.4320625610948188,0.0
19.0,0.9510565162951551,1.3929618768328442,0.0
19.0,0.929776485888252,1.3343108504398824,0.0
19.0,0.9048270524660189,1.2952101661779079,0.0
19.0,0.8763066800438647,1.2561094819159333,0.0
19.0,0.8443279255020146,1.2072336265884651,0.0
19.0,0.8090169943749492,1.1681329423264906,0.0
19.0,0.7705132427757891,1.0899315738025415,0.0
19.0,0.7289686274214141,1.021505376344086,0.0
19.0,0.6845471059286892,0.9335288367546433,0.0
19.0,0.6374239897486932,0.8748778103616814,0.0
19.0,0.5877852522924742,0.7771260997067451,0.0
19.0,0.535826794978995,0.669599217986315,0.0
19.0,0.48175367410171704,0.562072336265885,0.0
19.0,0.42577929156507804,0.48387096774193505,0.0
19.0,0.3681245526846739,0.40566959921798595,0.0
19.0,0.309016994374947,0.32746823069403685,0.0
19.0,0.24868988716485815,0.21994134897360684,0.0
19.0,0.1873813145857249,0.15151515151515138,0.0
19.0,0.12533323356430134,0.024437927663734094,0.0
19.0,0.06279051952931436,-0.1026392961876832,0.0
19.0,4.899825157862589e-15,-0.1808406647116323,0.0
19.0,-0.06279051952931168,-0.27859237536656867,0.0
19.0,-0.12533323356429868,-0.3665689149560114,0.0
19.0,-0.18738131458572224,-0.4643206256109478,0.0
19.0,-0.24868988716485554,-0.562072336265885,0.0
19.0,-0.30901699437494445,-0.669599217986315,0.0
19.0,-0.3681245526846714,-0.7380254154447705,0.0
19.0,-0.4257792915650756,-0.806451612903226,0.0
19.0,-0.4817536741017147,-0.9042033235581624,0.0
19.0,-0.5358267949789928,-1.0312805474095796,0.0
19.0,-0.587785252292472,-1.1779081133919842,0.0
19.0,-0.6374239897486911,-1.236559139784946,0.0
19.0,-0.6845471059286872,-1.3343108504398828,0.0
19.0,-0.7289686274214123,-1.4027370478983383,0.0
19.0,-0.7705132427757875,-1.520039100684262,0.0
19.0,-0.8090169943749477,-1.5884652981427174,0.0
19.0,-0.8443279255020132,-1.6471163245356792,0.0
19.0,-0.8763066800438635,-1.7253176930596283,0.0
19.0,-0.9048270524660177,-1.7546432062561097,0.0
19.0,-0.929776485888251,-1.8132942326490715,0.0
19.0,-0.9510565162951542,-1.881720430107527,0.0
19.0,-0.9685831611286306,-1.911045943304008,0.0
19.0,-0.9822872507286876,-1.9012707722385143,0.0
19.0,-0.9921147013144784,-1.9305962854349952,0.0
19.0,-0.9980267284282716,-1.9501466275659824,0.0
19.0,-1.0,-1.9403714565004888,0.0
19.0,-0.9980267284282716,-1.9501466275659824,0.0
19.0,-0.9921147013144783,-1.911045943304008,0.0
19.0,-0.9822872507286888,-1.8621700879765397,0.0
19.0,-0.9685831611286323,-1.8230694037145652,0.0
20.0,-0.9510565162951536,0.03421309872922773,0.0
20.0,-0.9297764858882512,0.03421309872922773,0.0
20.0,-0.9048270524660199,0.004887585532746819,0.0
20.0,-0.8763066800438638,0.004887585532746819,0.0
20.0,-0.8443279255020155,-0.004887585532746819,0.0
20.0,-0.8090169943749476,-0.5048875855327468,0.0
20.0,-0.7705132427757896,-1.0048875855327468,0.0
20.0,-0.7289686274214116,-1.0117302052785924,0.0
20.0,-0.684547105928689,-1.021505376344086,0.0
20.0,-0.6374239897486896,-1.0019550342130987,0.0
20.0,-0.5877852522924734,-1.0019550342130987,0.0
20.0,-0.5358267949789963,-0.913978494623656,0.0
20.0,-0.4817536741017153,-0.8651026392961878,0.0
20.0,-0.4257792915650722,-0.8260019550342133,0.0
20.0,-0.3681245526846787,-0.7086999022482896,0.0
20.0,-0.3090169943749477,-0.669599217986315,0.0
20.0,-0.24868988716485535,-0.6011730205278596,0.0
20.0,-0.18738131458572468,-0.5034213098729232,0.0
20.0,-0.12533323356430465,-0.35679374389051777,0.0
20.0,-0.06279051952931326,-0.3079178885630496,0.0
20.0,-2.4492935982947064e-16,-0.22971652003910048,0.0
20.0,0.06279051952931278,-0.15151515151515138,0.0
20.0,0.12533323356430418,-0.03421309872922773,0.0
20.0,0.1873813145857242,0.053763440860215006,0.0
20.0,0.24868988716485488,0.1808406647116323,0.0
20.0,0.3090169943749472,0.24926686217008776,0.0
20.0,0.3681245526846782,0.3079178885630496,0.0
20.0,0.42577929156507255,0.3861192570869987,0.0
20.0,0.48175367410171566,0.48387096774193505,0.0
20.0,0.5358267949789967,0.562072336265885,0.0
20.0,0.5877852522924736,0.6793743890518087,0.0
20.0,0.6374239897486899,0.7966764418377323,0.0
20.0,0.6845471059286893,0.8748778103616814,0.0
20.0,0.7289686274214107,0.9824046920821115,0.0
20.0,0.7705132427757887,1.0312805474095796,0.0
20.0,0.8090169943749468,1.1094819159335287,0.0
20.0,0.8443279255020147,1.1485826001955033,0.0
20.0,0.8763066800438631,1.158357771260997,0.0
20.0,0.9048270524660194,1.2170087976539588,0.0
20.0,0.9297764858882511,1.265884652981427,0.0
20.0,0.9510565162951535,1.3049853372434015,0.0
20.0,0.968583161128631,1.373411534701857,0.0
20.0,0.9822872507286886,1.3929618768328442,0.0
20.0,0.9921147013144778,1.4222873900293251,0.0
20.0,0.9980267284282716,1.4418377321603124,0.0
20.0,1.0,1.4907135874877806,0.0
20.0,0.9980267284282716,1.5200391006842624,0.0
20.0,0.9921147013144779,1.5102639296187688,0.0
20.0,0.9822872507286886,1.5200391006842624,0.0
20.0,0.9685831611286311,1.5200391006842624,0.0
20.0,0.9510565162951536,1.4613880742912997,0.0
20.0,0.9297764858882517,1.4125122189638315,0.0
20.0,0.9048270524660192,1.3538611925708697,0.0
20.0,0.8763066800438634,1.265884652981427,0.0
20.0,0.8443279255020151,1.129032258064516,0.0
20.0,0.8090169943749477,1.0606060606060606,0.0
20.0,0.7705132427757886,0.9921798631476051,0.0
20.0,0.728968627421411,0.9530791788856305,0.0
20.0,0.6845471059286897,0.8455522971652005,0.0
20.0,0.6374239897486911,0.7869012707722387,0.0
20.0,0.5877852522924734,0.669599217986315,0.0
20.0,0.5358267949789972,0.562072336265885,0.0
20.0,0.4817536741017162,0.48387096774193505,0.0
20.0,0.42577929156507394,0.37634408602150504,0.0
20.0,0.368124552684678,0.2590420332355814,0.0
20.0,0.3090169943749478,0.19061583577712593,0.0
20.0,0.2486898871648555,0.1026392961876832,0.0
20.0,0.18738131458572568,0.024437927663734094,0.0
20.0,0.1253332335643039,-0.07331378299120228,0.0
20.0,0.06279051952931339,-0.1319648093841641,0.0
20.0,3.6739403974420594e-16,-0.22971652003910048,0.0
20.0,-0.06279051952931265,-0.34701857282502413,0.0
20.0,-0.12533323356430318,-0.40566959921798595,0.0
20.0,-0.18738131458572496,-0.48387096774193505,0.0
20.0,-0.24868988716485477,-0.6011730205278596,0.0
20.0,-0.30901699437494706,-0.6598240469208214,0.0
20.0,-0.36812455268467725,-0.698924731182796,0.0
20.0,-0.42577929156507327,-0.7673509286412514,0.0
20.0,-0.48175367410171555,-0.8455522971652005,0.0
20.0,-0.5358267949789965,-0.913978494623656,0.0
20.0,-0.5877852522924728,-1.0312805474095796,0.0
20.0,-0.6374239897486905,-1.1094819159335287,0.0
20.0,-0.6845471059286892,-1.1974584555229715,0.0
20.0,-0.7289686274214106,-1.2854349951124147,0.0
20.0,-0.770513242775788,-1.3440860215053765,0.0
20.0,-0.8090169943749472,-1.412512218963832,0.0
20.0,-0.8443279255020146,-1.4613880742913001,0.0
20.0,-0.876306680043863,-1.5689149560117301,0.0
20.0,-0.9048270524660189,-1.6177908113391983,0.0
20.0,-0.9297764858882513,-1.7155425219941347,0.0
20.0,-0.9510565162951534,-1.7546432062561097,0.0
20.0,-0.968583161128631,-1.7644183773216033,0.0
20.0,-0.9822872507286885,-1.8132942326490715,0.0
20.0,-0.9921147013144779,-1.8621700879765397,0.0
20.0,-0.9980267284282716,-1.881720430107527,0.0
20.0,-1.0,-1.8719452590420333,0.0
20.0,-0.9980267284282716,-1.8914956011730206,0.0
20.0,-0.992114701314478,-1.8621700879765397,0.0
20.0,-0.9822872507286886,-1.8426197458455524,0.0
20.0,-0.9685831611286312,-1.8132942326490715,0.0
20.0,-0.9510565162951538,-1.8132942326490715,0.0
20.0,-0.9297764858882517,-1.7644183773216033,0.0
20.0,-0.9048270524660192,-1.735092864125122,0.0
20.0,-0.8763066800438635,-1.6764418377321602,0.0
20.0,-0.8443279255020151,-1.598240469208211,0.0
20.0,-0.8090169943749477,-1.5591397849462365,0.0
20.0,-0.7705132427757886,-1.4711632453567938,0.0
20.0,-0.7289686274214111,-1.3929618768328447,0.0
20.0,-0.6845471059286898,-1.3734115347018574,0.0
20.0,-0.6374239897486912,-1.2561094819159337,0.0
20.0,-0.5877852522924735,-1.158357771260997,0.0
20.0,-0.5358267949789973,-1.0801564027370478,0.0
20.0,-0.4817536741017163,-1.0019550342130987,0.0
20.0,-0.42577929156507405,-0.913978494623656,0.0
20.0,-0.3681245526846781,-0.8260019550342133,0.0
20.0,-0.3090169943749479,-0.669599217986315,0.0
20.0,-0.2486898871648556,-0.5718475073313787,0.0
20.0,-0.1873813145857258,-0.5131964809384169,0.0
20.0,-0.125333233564304,-0.42521994134897323,0.0
20.0,-0.06279051952931351,-0.35679374389051777,0.0
20.0,-4.898587196589413e-16,-0.21994134897360684,0.0
20.0,0.06279051952931075,-0.16129032258064502,0.0
20.0,0.12533323356430304,-0.08308895405669592,0.0
20.0,0.1873813145857231,0.07331378299120228,0.0
20.0,0.24868988716485466,0.20039100684261957,0.0
20.0,0.30901699437494523,0.3372434017595305,0.0
20.0,0.36812455268467714,0.43499511241446687,0.0
20.0,0.42577929156507155,0.4643206256109478,0.0
20.0,0.48175367410171543,0.5522971652003914,0.0
20.0,0.535826794978995,0.669599217986315,0.0
20.0,0.5877852522924727,0.7478005865102642,0.0
20.0,0.6374239897486891,0.8260019550342133,0.0
20.0,0.6845471059286891,0.9042033235581624,0.0
20.0,0.7289686274214104,0.9530791788856305,0.0
20.0,0.7705132427757891,1.050830889540567,0.0
20.0,0.8090169943749471,1.1779081133919842,0.0
20.0,0.8443279255020155,1.2170087976539588,0.0
20.0,0.876306680043863,1.3049853372434015,0.0
20.0,0.9048270524660196,1.4125122189638315,0.0
20.0,0.9297764858882513,1.5004887585532742,0.0
20.0,0.951056516295154,1.5493646138807433,0.0
20.0,0.9685831611286309,1.5884652981427179,0.0
20.0,0.9822872507286888,1.637341153470186,0.0
20.0,0.9921147013144779,1.6862170087976542,0.0
20.0,0.9980267284282717,1.7057673509286415,0.0
20.0,1.0,1.6862170087976542,0.0
20.0,0.9980267284282718,1.744868035190616,0.0
20.0,0.992114701314478,1.744868035190616,0.0
20.0,0.9822872507286889,1.7057673509286415,0.0
20.0,0.9685831611286312,1.6764418377321606,0.0
20.0,0.9510565162951543,1.6862170087976542,0.0
20.0,0.9297764858882518,1.666666666666667,0.0
20.0,0.90482705246602,1.6275659824046924,0.0
20.0,0.8763066800438635,1.5493646138807433,0.0
20.0,0.8443279255020162,1.4711632453567933,0.0
20.0,0.8090169943749478,1.4125122189638315,0.0
20.0,0.7705132427757898,1.3343108504398824,0.0
20.0,0.7289686274214112,1.2267839687194524,0.0
20.0,0.6845471059286898,1.158357771260997,0.0
20.0,0.6374239897486899,1.129032258064516,0.0
20.0,0.5877852522924736,0.9921798631476051,0.0
20.0,0.5358267949789959,0.9237536656891496,0.0
20.0,0.48175367410171643,0.806451612903226,0.0
20.0,0.42577929156507255,0.6891495601173023,0.0
20.0,0.3681245526846782,0.6011730205278596,0.0
20.0,0.3090169943749463,0.5522971652003914,0.0
20.0,0.2486898871648557,0.42521994134897323,0.0
20.0,0.18738131458572418,0.34701857282502413,0.0
20.0,0.12533323356430415,0.23949169110459412,0.0
20.0,0.06279051952931186,0.16129032258064502,0.0
20.0,6.123233995736766e-16,0.06353861192570864,0.0
20.0,-0.06279051952931064,-0.004887585532746819,0.0
20.0,-0.12533323356430293,-0.1319648093841641,0.0
20.0,-0.18738131458572296,-0.21994134897360684,0.0
20.0,-0.24868988716485452,-0.26881720430107503,0.0
20.0,-0.3090169943749451,-0.3861192570869987,0.0
20.0,-0.3681245526846787,-0.4643206256109478,0.0
20.0,-0.42577929156506983,-0.5425219941348978,0.0
20.0,-0.4817536741017154,-0.6207233626588469,0.0
20.0,-0.5358267949789964,-0.7282502443792769,0.0
20.0,-0.5877852522924726,-0.7869012707722387,0.0
20.0,-0.637423989748689,-0.8651026392961878,0.0
20.0,-0.6845471059286877,-0.9335288367546433,0.0
20.0,-0.7289686274214103,-1.0019550342130987,0.0
20.0,-0.7705132427757901,-1.050830889540567,0.0
20.0,-0.809016994374946,-1.158357771260997,0.0
20.0,-0.8443279255020155,-1.2658846529814274,0.0
20.0,-0.8763066800438638,-1.3440860215053765,0.0
20.0,-0.9048270524660196,-1.4222873900293256,0.0
20.0,-0.9297764858882513,-1.4613880742913001,0.0
20.0,-0.9510565162951534,-1.520039100684262,0.0
20.0,-0.9685831611286309,-1.5884652981427174,0.0
20.0,-0.982287250728689,-1.6080156402737047,0.0
20.0,-0.9921147013144777,-1.6471163245356792,0.0
20.0,-0.9980267284282717,-1.6373411534701856,0.0
20.0,-1.0,-1.6373411534701856,0.0
20.0,-0.9980267284282718,-1.6862170087976538,0.0
20.0,-0.9921147013144778,-1.7155425219941347,0.0
20.0,-0.9822872507286894,-1.7448680351906156,0.0
20.0,-0.9685831611286312,-1.735092864125122,0.0
20.0,-0.9510565162951538,-1.7448680351906156,0.0
20.0,-0.9297764858882518,-1.6568914956011729,0.0
20.0,-0.9048270524660201,-1.5786901270772238,0.0
20.0,-0.8763066800438645,-1.5395894428152492,0.0
20.0,-0.8443279255020162,-1.5102639296187683,0.0
20.0,-0.8090169943749468,-1.4613880742913001,0.0
20.0,-0.770513242775791,-1.383186705767351,0.0
20.0,-0.7289686274214113,-1.2854349951124147,0.0
20.0,-0.6845471059286887,-1.1876832844574778,0.0
20.0,-0.63742398974869,-1.0899315738025415,0.0
20.0,-0.5877852522924737,-1.021505376344086,0.0
20.0,-0.5358267949789975,-0.9530791788856305,0.0
20.0,-0.48175367410171654,-0.8651026392961878,0.0
20.0,-0.42577929156507105,-0.7771260997067451,0.0
20.0,-0.36812455268468,-0.6891495601173023,0.0
20.0,-0.3090169943749464,-0.6011730205278596,0.0
20.0,-0.2486898871648541,-0.5229716520039105,0.0
20.0,-0.1873813145857243,-0.4154447702834796,0.0
20.0,-0.12533323356430426,-0.3665689149560114,0.0
20.0,-0.06279051952931375,-0.3079178885630496,0.0
20.0,-7.347880794884119e-16,-0.1808406647116323,0.0
20.0,0.06279051952931229,-0.08308895405669592,0.0
20.0,0.12533323356430282,0.014662756598240456,0.0
20.0,0.18738131458572285,0.17106549364613866,0.0
20.0,0.24868988716485269,0.23949169110459412,0.0
20.0,0.309016994374945,0.32746823069403685,0.0
20.0,0.3681245526846786,0.3861192570869987,0.0
20.0,0.4257792915650697,0.4447702834799605,0.0
20.0,0.48175367410171527,0.5718475073313787,0.0
20.0,0.5358267949789963,0.6207233626588469,0.0
20.0,0.5877852522924725,0.7086999022482896,0.0
20.0,0.6374239897486889,0.806451612903226,0.0
20.0,0.6845471059286876,0.8944281524926687,0.0
20.0,0.7289686274214102,0.9726295210166178,0.0
20.0,0.7705132427757901,1.0410557184750733,0.0
20.0,0.8090169943749459,1.129032258064516,0.0
20.0,0.8443279255020154,1.2170087976539588,0.0
20.0,0.8763066800438637,1.2756598240469206,0.0
20.0,0.9048270524660195,1.3049853372434015,0.0
20.0,0.9297764858882512,1.3636363636363633,0.0
20.0,0.9510565162951533,1.4027370478983379,0.0
20.0,0.9685831611286309,1.4711632453567933,0.0
20.0,0.982287250728689,1.4907135874877806,0.0
20.0,0.9921147013144777,1.5102639296187688,0.0
20.0,0.9980267284282717,1.5200391006842624,0.0
20.0,1.0,1.5884652981427179,0.0
20.0,0.9980267284282718,1.6275659824046924,0.0
20.0,0.9921147013144778,1.637341153470186,0.0
20.0,0.9822872507286894,1.6177908113391988,0.0
20.0,0.9685831611286312,1.5493646138807433,0.0
20.0,0.9510565162951539,1.5395894428152497,0.0
20.0,0.9297764858882518,1.529814271749756,0.0
20.0,0.9048270524660201,1.480938416422287,0.0
20.0,0.8763066800438645,1.4027370478983379,0.0
20.0,0.8443279255020163,1.3636363636363633,0.0
20.0,0.8090169943749469,1.265884652981427,0.0
20.0,0.7705132427757911,1.1974584555229715,0.0
20.0,0.7289686274214113,1.129032258064516,0.0
20.0,0.6845471059286887,1.0899315738025415,0.0
20.0,0.6374239897486901,0.9824046920821115,0.0
20.0,0.5877852522924738,0.8455522971652005,0.0
20.0,0.5358267949789977,0.7478005865102642,0.0
20.0,0.48175367410171666,0.6793743890518087,0.0
20.0,0.42577929156507116,0.6011730205278596,0.0
20.0,0.3681245526846801,0.4740957966764414,0.0
20.0,0.30901699437494656,0.3861192570869987,0.0
20.0,0.24868988716485424,0.32746823069403685,0.0
20.0,0.1873813145857244,0.23949169110459412,0.0
20.0,0.1253332335643044,0.16129032258064502,0.0
20.0,0.06279051952931387,0.053763440860215006,0.0
20.0,8.572527594031472e-16,-0.04398826979472137,0.0
20.0,-0.06279051952931217,-0.15151515151515138,0.0
20.0,-0.12533323356430268,-0.24926686217008776,0.0
20.0,-0.18738131458572274,-0.37634408602150504,0.0
20.0,-0.24868988716485257,-0.5229716520039105,0.0
20.0,-0.3090169943749449,-0.6109481915933532,0.0
20.0,-0.3681245526846785,-0.669599217986315,0.0
20.0,-0.4257792915650696,-0.7869012707722387,0.0
20.0,-0.48175367410171516,-0.8455522971652005,0.0
20.0,-0.5358267949789962,-0.9237536656891496,0.0
20.0,-0.5877852522924725,-1.0606060606060606,0.0
20.0,-0.6374239897486887,-1.1388074291300097,0.0
20.0,-0.6845471059286875,-1.236559139784946,0.0
20.0,-0.7289686274214101,-1.3440860215053765,0.0
20.0,-0.77051324277579,-1.3636363636363638,0.0
20.0,-0.8090169943749459,-1.4516129032258065,0.0
20.0,-0.8443279255020153,-1.5102639296187683,0.0
20.0,-0.8763066800438637,-1.5591397849462365,0.0
20.0,-0.9048270524660195,-1.6666666666666665,0.0
20.0,-0.9297764858882512,-1.7155425219941347,0.0
20.0,-0.9510565162951533,-1.7644183773216033,0.0
20.0,-0.9685831611286309,-1.7644183773216033,0.0
20.0,-0.982287250728689,-1.8035190615835779,0.0
20.0,-0.9921147013144775,-1.8621700879765397,0.0
20.0,-0.9980267284282717,-1.881720430107527,0.0
20.0,-1.0,-1.8719452590420333,0.0
20.0,-0.9980267284282718,-1.8621700879765397,0.0
20.0,-0.9921147013144778,-1.8230694037145652,0.0
20.0,-0.9822872507286894,-1.7937438905180842,0.0
20.0,-0.9685831611286313,-1.7937438905180842,0.0
20.0,-0.9510565162951539,-1.735092864125122,0.0
20.0,-0.9297764858882519,-1.7253176930596283,0.0
20.0,-0.9048270524660202,-1.6666666666666665,0.0
20.0,-0.8763066800438646,-1.6177908113391983,0.0
20.0,-0.8443279255020164,-1.5591397849462365,0.0
20.0,-0.8090169943749469,-1.4711632453567938,0.0
20.0,-0.7705132427757913,-1.383186705767351,0.0
20.0,-0.7289686274214114,-1.3343108504398828,0.0
20.0,-0.6845471059286888,-1.304985337243402,0.0
20.0,-0.6374239897486902,-1.2463343108504397,0.0
20.0,-0.5877852522924739,-1.1681329423264906,0.0
20.0,-0.5358267949789978,-1.099706744868035,0.0
20.0,-0.48175367410171677,-1.0606060606060606,0.0
20.0,-0.42577929156507127,-1.0019550342130987,0.0
20.0,-0.3681245526846802,-0.8944281524926687,0.0
20.0,-0.3090169943749467,-0.806451612903226,0.0
20.0,-0.24868988716485435,-0.6891495601173023,0.0
20.0,-0.18738131458572455,-0.591397849462366,0.0
20.0,-0.1253332335643045,-0.5131964809384169,0.0
20.0,-0.062790519529314,-0.4154447702834796,0.0
20.0,-9.797174393178826e-16,-0.3079178885630496,0.0
20.0,0.06279051952931204,-0.21994134897360684,0.0
20.0,0.12533323356429904,-0.09286412512218956,0.0
20.0,0.1873813145857261,-0.004887585532746819,0.0
20.0,0.24868988716485246,0.08308895405669592,0.0
20.0,0.3090169943749448,0.1808406647116323,0.0
20.0,0.36812455268467503,0.26881720430107503,0.0
20.0,0.4257792915650727,0.3861192570869987,0.0
20.0,0.48175367410171505,0.4936461388074287,0.0
20.0,0.5358267949789961,0.6109481915933532,0.0
20.0,0.5877852522924695,0.7184750733137832,0.0
20.0,0.6374239897486914,0.8260019550342133,0.0
20.0,0.6845471059286874,0.8846529814271751,0.0
20.0,0.7289686274214101,0.9628543499511242,0.0
20.0,0.7705132427757877,1.050830889540567,0.0
20.0,0.8090169943749479,1.1681329423264906,0.0
20.0,0.8443279255020153,1.2267839687194524,0.0
20.0,0.8763066800438636,1.2756598240469206,0.0
20.0,0.9048270524660179,1.3636363636363633,0.0
20.0,0.9297764858882525,1.373411534701857,0.0
20.0,0.9510565162951533,1.4125122189638315,0.0
20.0,0.9685831611286307,1.4711632453567933,0.0
20.0,0.9822872507286884,1.5102639296187688,0.0
20.0,0.992114701314478,1.5200391006842624,0.0
20.0,0.9980267284282717,1.6080156402737051,0.0
20.0,1.0,1.6275659824046924,0.0
20.0,0.9980267284282718,1.6764418377321606,0.0
20.0,0.9921147013144783,1.7253176930596288,0.0
20.0,0.9822872507286887,1.6764418377321606,0.0
20.0,0.9685831611286313,1.6764418377321606,0.0
20.0,0.9510565162951539,1.6275659824046924,0.0
20.0,0.9297764858882532,1.5884652981427179,0.0
20.0,0.9048270524660188,1.5786901270772242,0.0
20.0,0.8763066800438646,1.480938416422287,0.0
20.0,0.8443279255020164,1.4418377321603124,0.0
20.0,0.8090169943749491,1.373411534701857,0.0
20.0,0.770513242775789,1.3049853372434015,0.0
20.0,0.7289686274214116,1.2854349951124142,0.0
20.0,0.684547105928689,1.2267839687194524,0.0
20.0,0.637423989748693,1.1485826001955033,0.0
20.0,0.5877852522924711,1.021505376344086,0.0
20.0,0.5358267949789979,0.9824046920821115,0.0
20.0,0.4817536741017169,0.9237536656891496,0.0
20.0,0.4257792915650746,0.8357771260997069,0.0
20.0,0.368124552684677,0.7184750733137832,0.0
20.0,0.3090169943749468,0.5816226783968723,0.0
20.0,0.24868988716485446,0.4740957966764414,0.0
20.0,0.18738131458572815,0.3665689149560114,0.0
20.0,0.1253332335643011,0.32746823069403685,0.0
20.0,0.06279051952931412,0.2101661779081132,0.0
20.0,1.102182119232618e-15,0.09286412512218956,0.0
20.0,-0.06279051952931192,0.014662756598240456,0.0
20.0,-0.12533323356429893,-0.04398826979472137,0.0
20.0,-0.187381314585726,-0.1319648093841641,0.0
20.0,-0.24868988716485232,-0.22971652003910048,0.0
20.0,-0.3090169943749447,-0.2883675464320623,0.0
20.0,-0.3681245526846749,-0.3958944281524923,0.0
20.0,-0.4257792915650726,-0.48387096774193505,0.0
20.0,-0.48175367410171493,-0.562072336265885,0.0
20.0,-0.535826794978996,-0.7184750733137832,0.0
20.0,-0.5877852522924694,-0.806451612903226,0.0
20.0,-0.6374239897486913,-0.8944281524926687,0.0
20.0,-0.6845471059286873,-1.0019550342130987,0.0
20.0,-0.72896862742141,-1.1094819159335287,0.0
20.0,-0.7705132427757876,-1.1779081133919842,0.0
20.0,-0.8090169943749478,-1.2658846529814274,0.0
20.0,-0.8443279255020152,-1.412512218963832,0.0
20.0,-0.8763066800438636,-1.4711632453567938,0.0
20.0,-0.9048270524660178,-1.5689149560117301,0.0
20.0,-0.9297764858882525,-1.5689149560117301,0.0
20.0,-0.9510565162951532,-1.627565982404692,0.0
20.0,-0.9685831611286307,-1.6568914956011729,0.0
20.0,-0.9822872507286883,-1.735092864125122,0.0
20.0,-0.992114701314478,-1.774193548387097,0.0
20.0,-0.9980267284282717,-1.8035190615835779,0.0
20.0,-1.0,-1.774193548387097,0.0
20.0,-0.9980267284282718,-1.774193548387097,0.0
20.0,-0.9921147013144783,-1.7937438905180842,0.0
20.0,-0.9822872507286887,-1.8426197458455524,0.0
20.0,-0.9685831611286313,-1.8230694037145652,0.0
20.0,-0.951056516295154,-1.7937438905180842,0.0
20.0,-0.9297764858882532,-1.7644183773216033,0.0
20.0,-0.9048270524660188,-1.7546432062561097,0.0
20.0,-0.8763066800438647,-1.7253176930596283,0.0
20.0,-0.8443279255020165,-1.6471163245356792,0.0
20.0,-0.8090169943749491,-1.6568914956011729,0.0
20.0,-0.770513242775789,-1.5395894428152492,0.0
20.0,-0.7289686274214117,-1.4320625610948192,0.0
20.0,-0.6845471059286891,-1.3734115347018574,0.0
20.0,-0.6374239897486931,-1.3147605083088956,0.0
20.0,-0.5877852522924712,-1.2267839687194524,0.0
20.0,-0.535826794978998,-1.1485826001955033,0.0
20.0,-0.481753674101717,-1.0703812316715542,0.0
20.0,-0.4257792915650747,-1.0312805474095796,0.0
20.0,-0.3681245526846771,-0.9237536656891496,0.0
20.0,-0.3090169943749469,-0.8162267839687196,0.0
20.0,-0.2486898871648546,-0.7380254154447705,0.0
20.0,-0.18738131458572826,-0.6402737047898341,0.0
20.0,-0.12533323356430123,-0.5425219941348978,0.0
20.0,-0.06279051952931425,-0.4740957966764414,0.0
20.0,-1.2246467991473533e-15,-0.34701857282502413,0.0
20.0,0.06279051952931179,-0.32746823069403685,0.0
20.0,0.1253332335642988,-0.2590420332355814,0.0
20.0,0.18738131458572588,-0.15151515151515138,0.0
20.0,0.2486898871648522,-0.053763440860215006,0.0
20.0,0.30901699437494456,0.024437927663734094,0.0
20.0,0.3681245526846748,0.14173998044965774,0.0
20.0,0.4257792915650725,0.2590420332355814,0.0
20.0,0.4817536741017148,0.3861192570869987,0.0
20.0,0.5358267949789959,0.5034213098729223,0.0
20.0,0.5877852522924693,0.591397849462366,0.0
20.0,0.6374239897486885,0.669599217986315,0.0
20.0,0.6845471059286898,0.7966764418377323,0.0
20.0,0.7289686274214099,0.9237536656891496,0.0
20.0,0.7705132427757853,1.021505376344086,0.0
20.0,0.8090169943749498,1.050830889540567,0.0
20.0,0.8443279255020152,1.158357771260997,0.0
20.0,0.8763066800438618,1.2072336265884651,0.0
20.0,0.9048270524660192,1.2756598240469206,0.0
20.0,0.9297764858882523,1.3636363636363633,0.0
20.0,0.9510565162951532,1.451612903225806,0.0
20.0,0.9685831611286316,1.4613880742912997,0.0
20.0,0.9822872507286883,1.451612903225806,0.0
20.0,0.992114701314478,1.480938416422287,0.0
20.0,0.9980267284282713,1.4711632453567933,0.0
20.0,1.0,1.4711632453567933,0.0
20.0,0.9980267284282718,1.451612903225806,0.0
20.0,0.9921147013144788,1.4613880742912997,0.0
20.0,0.9822872507286882,1.4907135874877806,0.0
20.0,0.9685831611286313,1.4125122189638315,0.0
20.0,0.9510565162951551,1.344086021505376,0.0
20.0,0.929776485888252,1.373411534701857,0.0
20.0,0.9048270524660189,1.3636363636363633,0.0
20.0,0.8763066800438647,1.3147605083088951,0.0
20.0,0.8443279255020146,1.2463343108504397,0.0
20.0,0.8090169943749492,1.2170087976539588,0.0
20.0,0.7705132427757891,1.129032258064516,0.0
20.0,0.7289686274214141,1.050830889540567,0.0
20.0,0.6845471059286892,0.9530791788856305,0.0
20.0,0.6374239897486932,0.8651026392961878,0.0
20.0,0.5877852522924742,0.7966764418377323,0.0
20.0,0.535826794978995,0.6598240469208214,0.0
20.0,0.48175367410171704,0.6011730205278596,0.0
20.0,0.42577929156507804,0.4936461388074287,0.0
20.0,0.3681245526846739,0.40566959921798595,0.0
20.0,0.309016994374947,0.3372434017595305,0.0
20.0,0.24868988716485815,0.23949169110459412,0.0
20.0,0.1873813145857249,0.15151515151515138,0.0
20.0,0.12533323356430134,0.1026392961876832,0.0
20.0,0.06279051952931436,0.014662756598240456,0.0
20.0,4.899825157862589e-15,-0.08308895405669592,0.0
20.0,-0.06279051952931168,-0.17106549364613866,0.0
20.0,-0.12533323356429868,-0.2590420332355814,0.0
20.0,-0.18738131458572224,-0.3861192570869987,0.0
20.0,-0.24868988716485554,-0.4643206256109478,0.0
20.0,-0.30901699437494445,-0.5522971652003914,0.0
20.0,-0.3681245526846714,-0.6500488758553278,0.0
20.0,-0.4257792915650756,-0.7282502443792769,0.0
20.0,-0.4817536741017147,-0.8260019550342133,0.0
20.0,-0.5358267949789928,-0.9530791788856305,0.0
20.0,-0.587785252292472,-1.0606060606060606,0.0
20.0,-0.6374239897486911,-1.158357771260997,0.0
20.0,-0.6845471059286872,-1.2658846529814274,0.0
20.0,-0.7289686274214123,-1.3929618768328447,0.0
20.0,-0.7705132427757875,-1.4516129032258065,0.0
20.0,-0.8090169943749477,-1.520039100684262,0.0
20.0,-0.8443279255020132,-1.5884652981427174,0.0
20.0,-0.8763066800438635,-1.6568914956011729,0.0
20.0,-0.9048270524660177,-1.7448680351906156,0.0
20.0,-0.929776485888251,-1.7937438905180842,0.0
20.0,-0.9510565162951542,-1.8621700879765397,0.0
20.0,-0.9685831611286306,-1.911045943304008,0.0
20.0,-0.9822872507286876,-1.8914956011730206,0.0
20.0,-0.9921147013144784,-1.9012707722385143,0.0
20.0,-0.9980267284282716,-1.959921798631476,0.0
20.0,-1.0,-1.9696969696969697,0.0
20.0,-0.9980267284282716,-1.9696969696969697,0.0
20.0,-0.9921147013144783,-1.959921798631476,0.0
20.0,-0.9822872507286888,-1.9403714565004888,0.0
20.0,-0.9685831611286323,-1.9208211143695015,0.0
21.0,-0.9510565162951536,-0.014662756598240456,0.0
21.0,-0.9297764858882512,-0.04398826979472137,0.0
21.0,-0.9048270524660199,-0.053763440860215006,0.0
21.0,-0.8763066800438638,-0.03421309872922773,0.0
21.0,-0.8443279255020155,-0.5327468230694041,0.0
21.0,-0.8090169943749476,-1.0327468230694041,0.0
21.0,-0.7705132427757896,-1.0312805474095796,0.0
21.0,-0.7289686274214116,-0.9921798631476051,0.0
21.0,-0.684547105928689,-0.9433040078201369,0.0
21.0,-0.6374239897486896,-0.9042033235581624,0.0
21.0,-0.5877852522924734,-0.8651026392961878,0.0
21.0,-0.5358267949789963,-0.7966764418377323,0.0
21.0,-0.4817536741017153,-0.7673509286412514,0.0
21.0,-0.4257792915650722,-0.7086999022482896,0.0
21.0,-0.3681245526846787,-0.6793743890518087,0.0
21.0,-0.3090169943749477,-0.6402737047898341,0.0
21.0,-0.24868988716485535,-0.5816226783968723,0.0
21.0,-0.18738131458572468,-0.5034213098729232,0.0
21.0,-0.12533323356430465,-0.4154447702834796,0.0
21.0,-0.06279051952931326,-0.32746823069403685,0.0
21.0,-2.4492935982947064e-16,-0.2101661779081132,0.0
21.0,0.06279051952931278,-0.1026392961876832,0.0
21.0,0.12533323356430418,-0.024437927663734094,0.0
21.0,0.1873813145857242,0.09286412512218956,0.0
21.0,0.24868988716485488,0.1319648093841641,0.0
21.0,0.3090169943749472,0.2101661779081132,0.0
21.0,0.3681245526846782,0.3079178885630496,0.0
21.0,0.42577929156507255,0.3665689149560114,0.0
21.0,0.48175367410171566,0.4643206256109478,0.0
21.0,0.5358267949789967,0.5522971652003914,0.0
21.0,0.5877852522924736,0.6109481915933532,0.0
21.0,0.6374239897486899,0.7086999022482896,0.0
21.0,0.6845471059286893,0.7966764418377323,0.0
21.0,0.7289686274214107,0.8651026392961878,0.0
21.0,0.7705132427757887,0.9237536656891496,0.0
21.0,0.8090169943749468,0.9433040078201369,0.0
21.0,0.8443279255020147,1.0801564027370478,0.0
21.0,0.8763066800438631,1.2072336265884651,0.0
21.0,0.9048270524660194,1.2756598240469206,0.0
21.0,0.9297764858882511,1.3538611925708697,0.0
21.0,0.9510565162951535,1.4027370478983379,0.0
21.0,0.968583161128631,1.4418377321603124,0.0
21.0,0.9822872507286886,1.480938416422287,0.0
21.0,0.9921147013144778,1.4907135874877806,0.0
21.0,0.9980267284282716,1.4711632453567933,0.0
21.0,1.0,1.4711632453567933,0.0
21.0,0.9980267284282716,1.480938416422287,0.0
21.0,0.9921147013144779,1.4711632453567933,0.0
21.0,0.9822872507286886,1.4711632453567933,0.0
21.0,0.9685831611286311,1.4613880742912997,0.0
21.0,0.9510565162951536,1.4125122189638315,0.0
21.0,0.9297764858882517,1.3538611925708697,0.0
21.0,0.9048270524660192,1.2952101661779079,0.0
21.0,0.8763066800438634,1.236559139784946,0.0
21.0,0.8443279255020151,1.1974584555229715,0.0
21.0,0.8090169943749477,1.158357771260997,0.0
21.0,0.7705132427757886,1.050830889540567,0.0
21.0,0.728968627421411,0.9824046920821115,0.0
21.0,0.6845471059286897,0.913978494623656,0.0
21.0,0.6374239897486911,0.8357771260997069,0.0
21.0,0.5877852522924734,0.7575757575757578,0.0
21.0,0.5358267949789972,0.6891495601173023,0.0
21.0,0.4817536741017162,0.6011730205278596,0.0
21.0,0.42577929156507394,0.48387096774193505,0.0
21.0,0.368124552684678,0.3665689149560114,0.0
21.0,0.3090169943749478,0.23949169110459412,0.0
21.0,0.2486898871648555,0.15151515151515138,0.0
21.0,0.18738131458572568,0.06353861192570864,0.0
21.0,0.1253332335643039,-0.04398826979472137,0.0
21.0,0.06279051952931339,-0.12218963831867047,0.0
21.0,3.6739403974420594e-16,-0.1808406647116323,0.0
21.0,-0.06279051952931265,-0.29814271749755594,0.0
21.0,-0.12533323356430318,-0.37634408602150504,0.0
21.0,-0.18738131458572496,-0.4936461388074287,0.0
21.0,-0.24868988716485477,-0.591397849462366,0.0
21.0,-0.30901699437494706,-0.6402737047898341,0.0
21.0,-0.36812455268467725,-0.7184750733137832,0.0
21.0,-0.42577929156507327,-0.8162267839687196,0.0
21.0,-0.48175367410171555,-0.913978494623656,0.0
21.0,-0.5358267949789965,-1.021505376344086,0.0
21.0,-0.5877852522924728,-1.1779081133919842,0.0
21.0,-0.6374239897486905,-1.2854349951124147,0.0
21.0,-0.6845471059286892,-1.2952101661779083,0.0
21.0,-0.7289686274214106,-1.3636363636363638,0.0
21.0,-0.770513242775788,-1.4320625610948192,0.0
21.0,-0.8090169943749472,-1.5395894428152492,0.0
21.0,-0.8443279255020146,-1.5591397849462365,0.0
21.0,-0.876306680043863,-1.5884652981427174,0.0
21.0,-0.9048270524660189,-1.6568914956011729,0.0
21.0,-0.9297764858882513,-1.705767350928641,0.0
21.0,-0.9510565162951534,-1.774193548387097,0.0
21.0,-0.968583161128631,-1.7937438905180842,0.0
21.0,-0.9822872507286885,-1.8035190615835779,0.0
21.0,-0.9921147013144779,-1.852394916911046,0.0
21.0,-0.9980267284282716,-1.8621700879765397,0.0
21.0,-1.0,-1.911045943304008,0.0
21.0,-0.9980267284282716,-1.9208211143695015,0.0
21.0,-0.992114701314478,-1.9501466275659824,0.0
21.0,-0.9822872507286886,-1.9794721407624634,0.0
21.0,-0.9685831611286312,-1.9794721407624634,0.0
21.0,-0.9510565162951538,-1.9305962854349952,0.0
21.0,-0.9297764858882517,-1.911045943304008,0.0
21.0,-0.9048270524660192,-1.8426197458455524,0.0
21.0,-0.8763066800438635,-1.8328445747800588,0.0
21.0,-0.8443279255020151,-1.8035190615835779,0.0
21.0,-0.8090169943749477,-1.7253176930596283,0.0
21.0,-0.7705132427757886,-1.6177908113391983,0.0
21.0,-0.7289686274214111,-1.5689149560117301,0.0
21.0,-0.6845471059286898,-1.4809384164222874,0.0
21.0,-0.6374239897486912,-1.4027370478983383,0.0
21.0,-0.5877852522924735,-1.3343108504398828,0.0
21.0,-0.5358267949789973,-1.2267839687194524,0.0
21.0,-0.4817536741017163,-1.0899315738025415,0.0
21.0,-0.42577929156507405,-0.9726295210166178,0.0
21.0,-0.3681245526846781,-0.8846529814271751,0.0
21.0,-0.3090169943749479,-0.7966764418377323,0.0
21.0,-0.2486898871648556,-0.7478005865102642,0.0
21.0,-0.1873813145857258,-0.6598240469208214,0.0
21.0,-0.125333233564304,-0.5522971652003914,0.0
21.0,-0.06279051952931351,-0.40566959921798595,0.0
21.0,-4.898587196589413e-16,-0.35679374389051777,0.0
21.0,0.06279051952931075,-0.3079178885630496,0.0
21.0,0.12533323356430304,-0.26881720430107503,0.0
21.0,0.1873813145857231,-0.16129032258064502,0.0
21.0,0.24868988716485466,-0.14173998044965774,0.0
21.0,0.30901699437494523,0.014662756598240456,0.0
21.0,0.36812455268467714,0.16129032258064502,0.0
21.0,0.42577929156507155,0.23949169110459412,0.0
21.0,0.48175367410171543,0.3372434017595305,0.0
21.0,0.535826794978995,0.40566959921798595,0.0
21.0,0.5877852522924727,0.5327468230694041,0.0
21.0,0.6374239897486891,0.6402737047898341,0.0
21.0,0.6845471059286891,0.7380254154447705,0.0
21.0,0.7289686274214104,0.8162267839687196,0.0
21.0,0.7705132427757891,0.8944281524926687,0.0
21.0,0.8090169943749471,1.021505376344086,0.0
21.0,0.8443279255020155,1.1388074291300097,0.0
21.0,0.876306680043863,1.2072336265884651,0.0
21.0,0.9048270524660196,1.2463343108504397,0.0
21.0,0.9297764858882513,1.373411534701857,0.0
21.0,0.951056516295154,1.373411534701857,0.0
21.0,0.9685831611286309,1.4027370478983379,0.0
21.0,0.9822872507286888,1.5004887585532742,0.0
21.0,0.9921147013144779,1.559139784946237,0.0
21.0,0.9980267284282717,1.6177908113391988,0.0
21.0,1.0,1.637341153470186,0.0
21.0,0.9980267284282718,1.6862170087976542,0.0
21.0,0.992114701314478,1.6862170087976542,0.0
21.0,0.9822872507286889,1.6862170087976542,0.0
21.0,0.9685831611286312,1.666666666666667,0.0
21.0,0.9510565162951543,1.6471163245356797,0.0
21.0,0.9297764858882518,1.5689149560117306,0.0
21.0,0.90482705246602,1.5395894428152497,0.0
21.0,0.8763066800438635,1.5395894428152497,0.0
21.0,0.8443279255020162,1.4907135874877806,0.0
21.0,0.8090169943749478,1.4027370478983379,0.0
21.0,0.7705132427757898,1.3831867057673506,0.0
21.0,0.7289686274214112,1.2952101661779079,0.0
21.0,0.6845471059286898,1.2267839687194524,0.0
21.0,0.6374239897486899,1.129032258064516,0.0
21.0,0.5877852522924736,1.0117302052785924,0.0
21.0,0.5358267949789959,0.9237536656891496,0.0
21.0,0.48175367410171643,0.9042033235581624,0.0
21.0,0.42577929156507255,0.8357771260997069,0.0
21.0,0.3681245526846782,0.7575757575757578,0.0
21.0,0.3090169943749463,0.6793743890518087,0.0
21.0,0.2486898871648557,0.6011730205278596,0.0
21.0,0.18738131458572418,0.5034213098729223,0.0
21.0,0.12533323356430415,0.3665689149560114,0.0
21.0,0.06279051952931186,0.3079178885630496,0.0
21.0,6.123233995736766e-16,0.1808406647116323,0.0
21.0,-0.06279051952931064,0.024437927663734094,0.0
21.0,-0.12533323356430293,-0.06353861192570864,0.0
21.0,-0.18738131458572296,-0.1808406647116323,0.0
21.0,-0.24868988716485452,-0.26881720430107503,0.0
21.0,-0.3090169943749451,-0.3958944281524923,0.0
21.0,-0.3681245526846787,-0.4936461388074287,0.0
21.0,-0.42577929156506983,-0.5816226783968723,0.0
21.0,-0.4817536741017154,-0.7184750733137832,0.0
21.0,-0.5358267949789964,-0.7966764418377323,0.0
21.0,-0.5877852522924726,-0.8944281524926687,0.0
21.0,-0.637423989748689,-0.9726295210166178,0.0
21.0,-0.6845471059286877,-1.0801564027370478,0.0
21.0,-0.7289686274214103,-1.2072336265884651,0.0
21.0,-0.7705132427757901,-1.275659824046921,0.0
21.0,-0.809016994374946,-1.3538611925708701,0.0
21.0,-0.8443279255020155,-1.412512218963832,0.0
21.0,-0.8763066800438638,-1.520039100684262,0.0
21.0,-0.9048270524660196,-1.5884652981427174,0.0
21.0,-0.9297764858882513,-1.6373411534701856,0.0
21.0,-0.9510565162951534,-1.6862170087976538,0.0
21.0,-0.9685831611286309,-1.7546432062561097,0.0
21.0,-0.982287250728689,-1.7644183773216033,0.0
21.0,-0.9921147013144777,-1.8230694037145652,0.0
21.0,-0.9980267284282717,-1.8132942326490715,0.0
21.0,-1.0,-1.852394916911046,0.0
21.0,-0.9980267284282718,-1.8426197458455524,0.0
21.0,-0.9921147013144778,-1.8328445747800588,0.0
21.0,-0.9822872507286894,-1.8230694037145652,0.0
21.0,-0.9685831611286312,-1.8132942326490715,0.0
21.0,-0.9510565162951538,-1.7839687194525906,0.0
21.0,-0.9297764858882518,-1.7448680351906156,0.0
21.0,-0.9048270524660201,-1.7155425219941347,0.0
21.0,-0.8763066800438645,-1.7448680351906156,0.0
21.0,-0.8443279255020162,-1.6666666666666665,0.0
21.0,-0.8090169943749468,-1.6177908113391983,0.0
21.0,-0.770513242775791,-1.5395894428152492,0.0
21.0,-0.7289686274214113,-1.4516129032258065,0.0
21.0,-0.6845471059286887,-1.3734115347018574,0.0
21.0,-0.63742398974869,-1.2854349951124147,0.0
21.0,-0.5877852522924737,-1.2267839687194524,0.0
21.0,-0.5358267949789975,-1.1388074291300097,0.0
21.0,-0.48175367410171654,-1.0410557184750733,0.0
21.0,-0.42577929156507105,-0.9726295210166178,0.0
21.0,-0.36812455268468,-0.8846529814271751,0.0
21.0,-0.3090169943749464,-0.8162267839687196,0.0
21.0,-0.2486898871648541,-0.7282502443792769,0.0
21.0,-0.1873813145857243,-0.6500488758553278,0.0
21.0,-0.12533323356430426,-0.591397849462366,0.0
21.0,-0.06279051952931375,-0.4643206256109478,0.0
21.0,-7.347880794884119e-16,-0.34701857282502413,0.0
21.0,0.06279051952931229,-0.2590420332355814,0.0
21.0,0.12533323356430282,-0.14173998044965774,0.0
21.0,0.18738131458572285,-0.04398826979472137,0.0
21.0,0.24868988716485269,-0.004887585532746819,0.0
21.0,0.309016994374945,0.03421309872922773,0.0
21.0,0.3681245526846786,0.06353861192570864,0.0
21.0,0.4257792915650697,0.12218963831867047,0.0
21.0,0.48175367410171527,0.24926686217008776,0.0
21.0,0.5358267949789963,0.32746823069403685,0.0
21.0,0.5877852522924725,0.45454545454545414,0.0
21.0,0.6374239897486889,0.5425219941348978,0.0
21.0,0.6845471059286876,0.6304985337243405,0.0
21.0,0.7289686274214102,0.6891495601173023,0.0
21.0,0.7705132427757901,0.806451612903226,0.0
21.0,0.8090169943749459,0.9237536656891496,0.0
21.0,0.8443279255020154,1.0019550342130987,0.0
21.0,0.8763066800438637,1.1192570869990224,0.0
21.0,0.9048270524660195,1.1876832844574778,0.0
21.0,0.9297764858882512,1.2170087976539588,0.0
21.0,0.9510565162951533,1.2952101661779079,0.0
21.0,0.9685831611286309,1.344086021505376,0.0
21.0,0.982287250728689,1.4027370478983379,0.0
21.0,0.9921147013144777,1.4222873900293251,0.0
21.0,0.9980267284282717,1.4711632453567933,0.0
21.0,1.0,1.4907135874877806,0.0
21.0,0.9980267284282718,1.4711632453567933,0.0
21.0,0.9921147013144778,1.4907135874877806,0.0
21.0,0.9822872507286894,1.5102639296187688,0.0
21.0,0.9685831611286312,1.480938416422287,0.0
21.0,0.9510565162951539,1.4613880742912997,0.0
21.0,0.9297764858882518,1.4320625610948188,0.0
21.0,0.9048270524660201,1.3929618768328442,0.0
21.0,0.8763066800438645,1.2756598240469206,0.0
21.0,0.8443279255020163,1.1876832844574778,0.0
21.0,0.8090169943749469,1.1094819159335287,0.0
21.0,0.7705132427757911,1.0703812316715542,0.0
21.0,0.7289686274214113,1.0117302052785924,0.0
21.0,0.6845471059286887,0.9726295210166178,0.0
21.0,0.6374239897486901,0.9042033235581624,0.0
21.0,0.5877852522924738,0.7966764418377323,0.0
21.0,0.5358267949789977,0.7380254154447705,0.0
21.0,0.48175367410171666,0.6598240469208214,0.0
21.0,0.42577929156507116,0.5816226783968723,0.0
21.0,0.3681245526846801,0.562072336265885,0.0
21.0,0.30901699437494656,0.42521994134897323,0.0
21.0,0.24868988716485424,0.3665689149560114,0.0
21.0,0.1873813145857244,0.23949169110459412,0.0
21.0,0.1253332335643044,0.17106549364613866,0.0
21.0,0.06279051952931387,0.11241446725317683,0.0
21.0,8.572527594031472e-16,-0.004887585532746819,0.0
21.0,-0.06279051952931217,-0.1319648093841641,0.0
21.0,-0.12533323356430268,-0.24926686217008776,0.0
21.0,-0.18738131458572274,-0.3665689149560114,0.0
21.0,-0.24868988716485257,-0.42521994134897323,0.0
21.0,-0.3090169943749449,-0.5229716520039105,0.0
21.0,-0.3681245526846785,-0.6207233626588469,0.0
21.0,-0.4257792915650696,-0.7086999022482896,0.0
21.0,-0.48175367410171516,-0.7673509286412514,0.0
21.0,-0.5358267949789962,-0.8944281524926687,0.0
21.0,-0.5877852522924725,-1.0019550342130987,0.0
21.0,-0.6374239897486887,-1.1094819159335287,0.0
21.0,-0.6845471059286875,-1.1876832844574778,0.0
21.0,-0.7289686274214101,-1.3343108504398828,0.0
21.0,-0.77051324277579,-1.4320625610948192,0.0
21.0,-0.8090169943749459,-1.5004887585532747,0.0
21.0,-0.8443279255020153,-1.598240469208211,0.0
21.0,-0.8763066800438637,-1.705767350928641,0.0
21.0,-0.9048270524660195,-1.7546432062561097,0.0
21.0,-0.9297764858882512,-1.8035190615835779,0.0
21.0,-0.9510565162951533,-1.8621700879765397,0.0
21.0,-0.9685831611286309,-1.8621700879765397,0.0
21.0,-0.982287250728689,-1.911045943304008,0.0
21.0,-0.9921147013144775,-1.9305962854349952,0.0
21.0,-0.9980267284282717,-1.9501466275659824,0.0
21.0,-1.0,-2.047898338220919,0.0
21.0,-0.9980267284282718,-2.0772238514173997,0.0
21.0,-0.9921147013144778,-2.0576735092864125,0.0
21.0,-0.9822872507286894,-2.0772238514173997,0.0
21.0,-0.9685831611286313,-2.047898338220919,0.0
21.0,-0.9510565162951539,-2.038123167155425,0.0
21.0,-0.9297764858882519,-2.0283479960899315,0.0
21.0,-0.9048270524660202,-1.9794721407624634,0.0
21.0,-0.8763066800438646,-1.9501466275659824,0.0
21.0,-0.8443279255020164,-1.8719452590420333,0.0
21.0,-0.8090169943749469,-1.8328445747800588,0.0
21.0,-0.7705132427757913,-1.7546432062561097,0.0
21.0,-0.7289686274214114,-1.6764418377321602,0.0
21.0,-0.6845471059286888,-1.5689149560117301,0.0
21.0,-0.6374239897486902,-1.5102639296187683,0.0
21.0,-0.5877852522924739,-1.4711632453567938,0.0
21.0,-0.5358267949789978,-1.412512218963832,0.0
21.0,-0.48175367410171677,-1.3147605083088956,0.0
21.0,-0.42577929156507127,-1.236559139784946,0.0
21.0,-0.3681245526846802,-1.1485826001955033,0.0
21.0,-0.3090169943749467,-1.0703812316715542,0.0
21.0,-0.24868988716485435,-0.9824046920821115,0.0
21.0,-0.18738131458572455,-0.8748778103616814,0.0
21.0,-0.1253332335643045,-0.806451612903226,0.0
21.0,-0.062790519529314,-0.7282502443792769,0.0
21.0,-9.797174393178826e-16,-0.6109481915933532,0.0
21.0,0.06279051952931204,-0.43499511241446687,0.0
21.0,0.12533323356429904,-0.32746823069403685,0.0
21.0,0.1873813145857261,-0.20039100684261957,0.0
21.0,0.24868988716485246,-0.09286412512218956,0.0
21.0,0.3090169943749448,0.024437927663734094,0.0
21.0,0.36812455268467503,0.1319648093841641,0.0
21.0,0.4257792915650727,0.20039100684261957,0.0
21.0,0.48175367410171505,0.34701857282502413,0.0
21.0,0.5358267949789961,0.3861192570869987,0.0
21.0,0.5877852522924695,0.5034213098729223,0.0
21.0,0.6374239897486914,0.6402737047898341,0.0
21.0,0.6845471059286874,0.7380254154447705,0.0
21.0,0.7289686274214101,0.8455522971652005,0.0
21.0,0.7705132427757877,0.9628543499511242,0.0
21.0,0.8090169943749479,1.0312805474095796,0.0
21.0,0.8443279255020153,1.1192570869990224,0.0
21.0,0.8763066800438636,1.2072336265884651,0.0
21.0,0.9048270524660179,1.2561094819159333,0.0
21.0,0.9297764858882525,1.3636363636363633,0.0
21.0,0.9510565162951533,1.4320625610948188,0.0
21.0,0.9685831611286307,1.4711632453567933,0.0
21.0,0.9822872507286884,1.5004887585532742,0.0
21.0,0.992114701314478,1.529814271749756,0.0
21.0,0.9980267284282717,1.5395894428152497,0.0
21.0,1.0,1.529814271749756,0.0
21.0,0.9980267284282718,1.4907135874877806,0.0
21.0,0.9921147013144783,1.5102639296187688,0.0
21.0,0.9822872507286887,1.4320625610948188,0.0
21.0,0.9685831611286313,1.4027370478983379,0.0
21.0,0.9510565162951539,1.3538611925708697,0.0
21.0,0.9297764858882532,1.3245356793743888,0.0
21.0,0.9048270524660188,1.2952101661779079,0.0
21.0,0.8763066800438646,1.2170087976539588,0.0
21.0,0.8443279255020164,1.158357771260997,0.0
21.0,0.8090169943749491,1.0801564027370478,0.0
21.0,0.770513242775789,1.0117302052785924,0.0
21.0,0.7289686274214116,0.913978494623656,0.0
21.0,0.684547105928689,0.8455522971652005,0.0
21.0,0.637423989748693,0.7478005865102642,0.0
21.0,0.5877852522924711,0.6793743890518087,0.0
21.0,0.5358267949789979,0.5327468230694041,0.0
21.0,0.4817536741017169,0.4447702834799605,0.0
21.0,0.4257792915650746,0.32746823069403685,0.0
21.0,0.368124552684677,0.24926686217008776,0.0
21.0,0.3090169943749468,0.20039100684261957,0.0
21.0,0.24868988716485446,0.11241446725317683,0.0
21.0,0.18738131458572815,0.004887585532746819,0.0
21.0,0.1253332335643011,-0.053763440860215006,0.0
21.0,0.06279051952931412,-0.16129032258064502,0.0
21.0,1.102182119232618e-15,-0.1808406647116323,0.0
21.0,-0.06279051952931192,-0.27859237536656867,0.0
21.0,-0.12533323356429893,-0.40566959921798595,0.0
21.0,-0.187381314585726,-0.48387096774193505,0.0
21.0,-0.24868988716485232,-0.6011730205278596,0.0
21.0,-0.3090169943749447,-0.6793743890518087,0.0
21.0,-0.3681245526846749,-0.7673509286412514,0.0
21.0,-0.4257792915650726,-0.8455522971652005,0.0
21.0,-0.48175367410171493,-0.8846529814271751,0.0
21.0,-0.535826794978996,-0.9824046920821115,0.0
21.0,-0.5877852522924694,-1.0410557184750733,0.0
21.0,-0.6374239897486913,-1.129032258064516,0.0
21.0,-0.6845471059286873,-1.1876832844574778,0.0
21.0,-0.72896862742141,-1.275659824046921,0.0
21.0,-0.7705132427757876,-1.3440860215053765,0.0
21.0,-0.8090169943749478,-1.4320625610948192,0.0
21.0,-0.8443279255020152,-1.490713587487781,0.0
21.0,-0.8763066800438636,-1.6080156402737047,0.0
21.0,-0.9048270524660178,-1.6373411534701856,0.0
21.0,-0.9297764858882525,-1.7253176930596283,0.0
21.0,-0.9510565162951532,-1.774193548387097,0.0
21.0,-0.9685831611286307,-1.7937438905180842,0.0
21.0,-0.9822872507286883,-1.8035190615835779,0.0
21.0,-0.992114701314478,-1.8426197458455524,0.0
21.0,-0.9980267284282717,-1.8719452590420333,0.0
21.0,-1.0,-1.8719452590420333,0.0
21.0,-0.9980267284282718,-1.881720430107527,0.0
21.0,-0.9921147013144783,-1.9305962854349952,0.0
21.0,-0.9822872507286887,-1.881720430107527,0.0
21.0,-0.9685831611286313,-1.852394916911046,0.0
21.0,-0.951056516295154,-1.8426197458455524,0.0
21.0,-0.9297764858882532,-1.8426197458455524,0.0
21.0,-0.9048270524660188,-1.8328445747800588,0.0
21.0,-0.8763066800438647,-1.7839687194525906,0.0
21.0,-0.8443279255020165,-1.705767350928641,0.0
21.0,-0.8090169943749491,-1.5884652981427174,0.0
21.0,-0.770513242775789,-1.490713587487781,0.0
21.0,-0.7289686274214117,-1.4613880742913001,0.0
21.0,-0.6845471059286891,-1.4516129032258065,0.0
21.0,-0.6374239897486931,-1.3538611925708701,0.0
21.0,-0.5877852522924712,-1.3343108504398828,0.0
21.0,-0.535826794978998,-1.236559139784946,0.0
21.0,-0.481753674101717,-1.1779081133919842,0.0
21.0,-0.4257792915650747,-1.1094819159335287,0.0
21.0,-0.3681245526846771,-1.021505376344086,0.0
21.0,-0.3090169943749469,-0.913978494623656,0.0
21.0,-0.2486898871648546,-0.7869012707722387,0.0
21.0,-0.18738131458572826,-0.6793743890518087,0.0
21.0,-0.12533323356430123,-0.5327468230694041,0.0
21.0,-0.06279051952931425,-0.3665689149560114,0.0
21.0,-1.2246467991473533e-15,-0.27859237536656867,0.0
21.0,0.06279051952931179,-0.20039100684261957,0.0
21.0,0.1253332335642988,-0.1026392961876832,0.0
21.0,0.18738131458572588,-0.03421309872922773,0.0
21.0,0.2486898871648522,0.1026392961876832,0.0
21.0,0.30901699437494456,0.20039100684261957,0.0
21.0,0.3681245526846748,0.26881720430107503,0.0
21.0,0.4257792915650725,0.34701857282502413,0.0
21.0,0.4817536741017148,0.4643206256109478,0.0
21.0,0.5358267949789959,0.562072336265885,0.0
21.0,0.5877852522924693,0.669599217986315,0.0
21.0,0.6374239897486885,0.7086999022482896,0.0
21.0,0.6845471059286898,0.7673509286412514,0.0
21.0,0.7289686274214099,0.8162267839687196,0.0
21.0,0.7705132427757853,0.9042033235581624,0.0
21.0,0.8090169943749498,0.9824046920821115,0.0
21.0,0.8443279255020152,1.0703812316715542,0.0
21.0,0.8763066800438618,1.099706744868035,0.0
21.0,0.9048270524660192,1.1876832844574778,0.0
21.0,0.9297764858882523,1.2756598240469206,0.0
21.0,0.9510565162951532,1.3538611925708697,0.0
21.0,0.9685831611286316,1.3929618768328442,0.0
21.0,0.9822872507286883,1.4711632453567933,0.0
21.0,0.992114701314478,1.4613880742912997,0.0
21.0,0.9980267284282713,1.4320625610948188,0.0
21.0,1.0,1.451612903225806,0.0
21.0,0.9980267284282718,1.4711632453567933,0.0
21.0,0.9921147013144788,1.4613880742912997,0.0
21.0,0.9822872507286882,1.451612903225806,0.0
21.0,0.9685831611286313,1.4027370478983379,0.0
21.0,0.9510565162951551,1.3636363636363633,0.0
21.0,0.929776485888252,1.3147605083088951,0.0
21.0,0.9048270524660189,1.2561094819159333,0.0
21.0,0.8763066800438647,1.1485826001955033,0.0
21.0,0.8443279255020146,1.0703812316715542,0.0
21.0,0.8090169943749492,0.9824046920821115,0.0
21.0,0.7705132427757891,0.9042033235581624,0.0
21.0,0.7289686274214141,0.8357771260997069,0.0
21.0,0.6845471059286892,0.7478005865102642,0.0
21.0,0.6374239897486932,0.6500488758553278,0.0
21.0,0.5877852522924742,0.562072336265885,0.0
21.0,0.535826794978995,0.5034213098729223,0.0
21.0,0.48175367410171704,0.42521994134897323,0.0
21.0,0.42577929156507804,0.3665689149560114,0.0
21.0,0.3681245526846739,0.2883675464320623,0.0
21.0,0.309016994374947,0.23949169110459412,0.0
21.0,0.24868988716485815,0.12218963831867047,0.0
21.0,0.1873813145857249,0.07331378299120228,0.0
21.0,0.12533323356430134,-0.014662756598240456,0.0
21.0,0.06279051952931436,-0.12218963831867047,0.0
21.0,4.899825157862589e-15,-0.21994134897360684,0.0
21.0,-0.06279051952931168,-0.3372434017595305,0.0
21.0,-0.12533323356429868,-0.3372434017595305,0.0
21.0,-0.18738131458572224,-0.43499511241446687,0.0
21.0,-0.24868988716485554,-0.5131964809384169,0.0
21.0,-0.30901699437494445,-0.5718475073313787,0.0
21.0,-0.3681245526846714,-0.669599217986315,0.0
21.0,-0.4257792915650756,-0.7673509286412514,0.0
21.0,-0.4817536741017147,-0.8553274682306942,0.0
21.0,-0.5358267949789928,-1.0117302052785924,0.0
21.0,-0.587785252292472,-1.099706744868035,0.0
21.0,-0.6374239897486911,-1.1779081133919842,0.0
21.0,-0.6845471059286872,-1.275659824046921,0.0
21.0,-0.7289686274214123,-1.3440860215053765,0.0
21.0,-0.7705132427757875,-1.383186705767351,0.0
21.0,-0.8090169943749477,-1.4418377321603129,0.0
21.0,-0.8443279255020132,-1.5395894428152492,0.0
21.0,-0.8763066800438635,-1.6080156402737047,0.0
21.0,-0.9048270524660177,-1.6373411534701856,0.0
21.0,-0.929776485888251,-1.6568914956011729,0.0
21.0,-0.9510565162951542,-1.6764418377321602,0.0
21.0,-0.9685831611286306,-1.6959921798631474,0.0
21.0,-0.9822872507286876,-1.7448680351906156,0.0
21.0,-0.9921147013144784,-1.7448680351906156,0.0
21.0,-0.9980267284282716,-1.774193548387097,0.0
21.0,-1.0,-1.7937438905180842,0.0
21.0,-0.9980267284282716,-1.8621700879765397,0.0
21.0,-0.9921147013144783,-1.8621700879765397,0.0
21.0,-0.9822872507286888,-1.8230694037145652,0.0
21.0,-0.9685831611286323,-1.7839687194525906,0.0
22.0,-0.9510565162951536,-0.014662756598240456,0.0
22.0,-0.9297764858882512,-0.014662756598240456,0.0
22.0,-0.9048270524660199,-0.014662756598240456,0.0
22.0,-0.8763066800438638,0.004887585532746819,0.0
22.0,-0.8443279255020155,-0.4951124144672532,0.0
22.0,-0.8090169943749476,-0.9951124144672532,0.0
22.0,-0.7705132427757896,-1.0019550342130987,0.0
22.0,-0.7289686274214116,-0.9433040078201369,0.0
22.0,-0.684547105928689,-0.913978494623656,0.0
22.0,-0.6374239897486896,-0.8944281524926687,0.0
22.0,-0.5877852522924734,-0.8357771260997069,0.0
22.0,-0.5358267949789963,-0.7869012707722387,0.0
22.0,-0.4817536741017153,-0.7380254154447705,0.0
22.0,-0.4257792915650722,-0.6891495601173023,0.0
22.0,-0.3681245526846787,-0.5718475073313787,0.0
22.0,-0.3090169943749477,-0.43499511241446687,0.0
22.0,-0.24868988716485535,-0.35679374389051777,0.0
22.0,-0.18738131458572468,-0.3079178885630496,0.0
22.0,-0.12533323356430465,-0.23949169110459412,0.0
22.0,-0.06279051952931326,-0.20039100684261957,0.0
22.0,-2.4492935982947064e-16,-0.11241446725317683,0.0
22.0,0.06279051952931278,0.014662756598240456,0.0
22.0,0.12533323356430418,0.1319648093841641,0.0
22.0,0.1873813145857242,0.24926686217008776,0.0
22.0,0.24868988716485488,0.29814271749755594,0.0
22.0,0.3090169943749472,0.34701857282502413,0.0
22.0,0.3681245526846782,0.4154447702834796,0.0
22.0,0.42577929156507255,0.5131964809384169,0.0
22.0,0.48175367410171566,0.5816226783968723,0.0
22.0,0.5358267949789967,0.7086999022482896,0.0
22.0,0.5877852522924736,0.7771260997067451,0.0
22.0,0.6374239897486899,0.8553274682306942,0.0
22.0,0.6845471059286893,0.913978494623656,0.0
22.0,0.7289686274214107,1.0019550342130987,0.0
22.0,0.7705132427757887,1.1192570869990224,0.0
22.0,0.8090169943749468,1.1974584555229715,0.0
22.0,0.8443279255020147,1.2756598240469206,0.0
22.0,0.8763066800438631,1.3538611925708697,0.0
22.0,0.9048270524660194,1.4418377321603124,0.0
22.0,0.9297764858882511,1.5395894428152497,0.0
22.0,0.9510565162951535,1.5982404692082115,0.0
22.0,0.968583161128631,1.6275659824046924,0.0
22.0,0.9822872507286886,1.6177908113391988,0.0
22.0,0.9921147013144778,1.6080156402737051,0.0
22.0,0.9980267284282716,1.6080156402737051,0.0
22.0,1.0,1.6177908113391988,0.0
22.0,0.9980267284282716,1.6471163245356797,0.0
22.0,0.9921147013144779,1.6764418377321606,0.0
22.0,0.9822872507286886,1.637341153470186,0.0
22.0,0.9685831611286311,1.5786901270772242,0.0
22.0,0.9510565162951536,1.529814271749756,0.0
22.0,0.9297764858882517,1.480938416422287,0.0
22.0,0.9048270524660192,1.4320625610948188,0.0
22.0,0.8763066800438634,1.3831867057673506,0.0
22.0,0.8443279255020151,1.344086021505376,0.0
22.0,0.8090169943749477,1.3147605083088951,0.0
22.0,0.7705132427757886,1.2267839687194524,0.0
22.0,0.728968627421411,1.099706744868035,0.0
22.0,0.6845471059286897,1.0410557184750733,0.0
22.0,0.6374239897486911,0.9726295210166178,0.0
22.0,0.5877852522924734,0.913978494623656,0.0
22.0,0.5358267949789972,0.8260019550342133,0.0
22.0,0.4817536741017162,0.7380254154447705,0.0
22.0,0.42577929156507394,0.6793743890518087,0.0
22.0,0.368124552684678,0.6109481915933532,0.0
22.0,0.3090169943749478,0.5229716520039105,0.0
22.0,0.2486898871648555,0.40566959921798595,0.0
22.0,0.18738131458572568,0.32746823069403685,0.0
22.0,0.1253332335643039,0.2590420332355814,0.0
22.0,0.06279051952931339,0.15151515151515138,0.0
22.0,3.6739403974420594e-16,0.04398826979472137,0.0
22.0,-0.06279051952931265,-0.07331378299120228,0.0
22.0,-0.12533323356430318,-0.15151515151515138,0.0
22.0,-0.18738131458572496,-0.2101661779081132,0.0
22.0,-0.24868988716485477,-0.29814271749755594,0.0
22.0,-0.30901699437494706,-0.37634408602150504,0.0
22.0,-0.36812455268467725,-0.5034213098729232,0.0
22.0,-0.42577929156507327,-0.6011730205278596,0.0
22.0,-0.48175367410171555,-0.7184750733137832,0.0
22.0,-0.5358267949789965,-0.7966764418377323,0.0
22.0,-0.5877852522924728,-0.8651026392961878,0.0
22.0,-0.6374239897486905,-0.9530791788856305,0.0
22.0,-0.6845471059286892,-1.0117302052785924,0.0
22.0,-0.7289686274214106,-1.099706744868035,0.0
22.0,-0.770513242775788,-1.1876832844574778,0.0
22.0,-0.8090169943749472,-1.383186705767351,0.0
22.0,-0.8443279255020146,-1.4320625610948192,0.0
22.0,-0.876306680043863,-1.5102639296187683,0.0
22.0,-0.9048270524660189,-1.5395894428152492,0.0
22.0,-0.9297764858882513,-1.627565982404692,0.0
22.0,-0.9510565162951534,-1.6373411534701856,0.0
22.0,-0.968583161128631,-1.6568914956011729,0.0
22.0,-0.9822872507286885,-1.6959921798631474,0.0
22.0,-0.9921147013144779,-1.7448680351906156,0.0
22.0,-0.9980267284282716,-1.7546432062561097,0.0
22.0,-1.0,-1.774193548387097,0.0
22.0,-0.9980267284282716,-1.774193548387097,0.0
22.0,-0.992114701314478,-1.7155425219941347,0.0
22.0,-0.9822872507286886,-1.6959921798631474,0.0
22.0,-0.9685831611286312,-1.705767350928641,0.0
22.0,-0.9510565162951538,-1.6862170087976538,0.0
22.0,-0.9297764858882517,-1.5689149560117301,0.0
22.0,-0.9048270524660192,-1.5493646138807429,0.0
22.0,-0.8763066800438635,-1.520039100684262,0.0
22.0,-0.8443279255020151,-1.412512218963832,0.0
22.0,-0.8090169943749477,-1.3343108504398828,0.0
22.0,-0.7705132427757886,-1.275659824046921,0.0
22.0,-0.7289686274214111,-1.2072336265884651,0.0
22.0,-0.6845471059286898,-1.158357771260997,0.0
22.0,-0.6374239897486912,-1.1388074291300097,0.0
22.0,-0.5877852522924735,-1.0801564027370478,0.0
22.0,-0.5358267949789973,-0.9530791788856305,0.0
22.0,-0.4817536741017163,-0.806451612903226,0.0
22.0,-0.42577929156507405,-0.698924731182796,0.0
22.0,-0.3681245526846781,-0.6402737047898341,0.0
22.0,-0.3090169943749479,-0.5522971652003914,0.0
22.0,-0.2486898871648556,-0.4936461388074287,0.0
22.0,-0.1873813145857258,-0.3861192570869987,0.0
22.0,-0.125333233564304,-0.32746823069403685,0.0
22.0,-0.06279051952931351,-0.2101661779081132,0.0
22.0,-4.898587196589413e-16,-0.1319648093841641,0.0
22.0,0.06279051952931075,-0.06353861192570864,0.0
22.0,0.12533323356430304,0.04398826979472137,0.0
22.0,0.1873813145857231,0.14173998044965774,0.0
22.0,0.24868988716485466,0.2101661779081132,0.0
22.0,0.30901699437494523,0.27859237536656867,0.0
22.0,0.36812455268467714,0.40566959921798595,0.0
22.0,0.42577929156507155,0.48387096774193505,0.0
22.0,0.48175367410171543,0.5718475073313787,0.0
22.0,0.535826794978995,0.6891495601173023,0.0
22.0,0.5877852522924727,0.806451612903226,0.0
22.0,0.6374239897486891,0.913978494623656,0.0
22.0,0.6845471059286891,1.0312805474095796,0.0
22.0,0.7289686274214104,1.129032258064516,0.0
22.0,0.7705132427757891,1.158357771260997,0.0
22.0,0.8090169943749471,1.1388074291300097,0.0
22.0,0.8443279255020155,1.2463343108504397,0.0
22.0,0.876306680043863,1.3049853372434015,0.0
22.0,0.9048270524660196,1.373411534701857,0.0
22.0,0.9297764858882513,1.451612903225806,0.0
22.0,0.951056516295154,1.4613880742912997,0.0
22.0,0.9685831611286309,1.4907135874877806,0.0
22.0,0.9822872507286888,1.5689149560117306,0.0
22.0,0.9921147013144779,1.559139784946237,0.0
22.0,0.9980267284282717,1.6080156402737051,0.0
22.0,1.0,1.637341153470186,0.0
22.0,0.9980267284282718,1.6568914956011733,0.0
22.0,0.992114701314478,1.5786901270772242,0.0
22.0,0.9822872507286889,1.5102639296187688,0.0
22.0,0.9685831611286312,1.480938416422287,0.0
22.0,0.9510565162951543,1.4222873900293251,0.0
22.0,0.9297764858882518,1.4027370478983379,0.0
22.0,0.90482705246602,1.373411534701857,0.0
22.0,0.8763066800438635,1.236559139784946,0.0
22.0,0.8443279255020162,1.1779081133919842,0.0
22.0,0.8090169943749478,1.0899315738025415,0.0
22.0,0.7705132427757898,1.021505376344086,0.0
22.0,0.7289686274214112,0.9628543499511242,0.0
22.0,0.6845471059286898,0.8846529814271751,0.0
22.0,0.6374239897486899,0.7575757575757578,0.0
22.0,0.5877852522924736,0.698924731182796,0.0
22.0,0.5358267949789959,0.7086999022482896,0.0
22.0,0.48175367410171643,0.6109481915933532,0.0
22.0,0.42577929156507255,0.5034213098729223,0.0
22.0,0.3681245526846782,0.3861192570869987,0.0
22.0,0.3090169943749463,0.27859237536656867,0.0
22.0,0.2486898871648557,0.20039100684261957,0.0
22.0,0.18738131458572418,0.11241446725317683,0.0
22.0,0.12533323356430415,0.004887585532746819,0.0
22.0,0.06279051952931186,-0.15151515151515138,0.0
22.0,6.123233995736766e-16,-0.23949169110459412,0.0
22.0,-0.06279051952931064,-0.3372434017595305,0.0
22.0,-0.12533323356430293,-0.4447702834799605,0.0
22.0,-0.18738131458572296,-0.4447702834799605,0.0
22.0,-0.24868988716485452,-0.5327468230694041,0.0
22.0,-0.3090169943749451,-0.6207233626588469,0.0
22.0,-0.3681245526846787,-0.7086999022482896,0.0
22.0,-0.42577929156506983,-0.7869012707722387,0.0
22.0,-0.4817536741017154,-0.8455522971652005,0.0
22.0,-0.5358267949789964,-0.9335288367546433,0.0
22.0,-0.5877852522924726,-1.0019550342130987,0.0
22.0,-0.637423989748689,-1.1192570869990224,0.0
22.0,-0.6845471059286877,-1.1974584555229715,0.0
22.0,-0.7289686274214103,-1.304985337243402,0.0
22.0,-0.7705132427757901,-1.383186705767351,0.0
22.0,-0.809016994374946,-1.4418377321603129,0.0
22.0,-0.8443279255020155,-1.490713587487781,0.0
22.0,-0.8763066800438638,-1.5298142717497556,0.0
22.0,-0.9048270524660196,-1.6373411534701856,0.0
22.0,-0.9297764858882513,-1.7546432062561097,0.0
22.0,-0.9510565162951534,-1.8328445747800588,0.0
22.0,-0.9685831611286309,-1.8328445747800588,0.0
22.0,-0.982287250728689,-1.8719452590420333,0.0
22.0,-0.9921147013144777,-1.9208211143695015,0.0
22.0,-0.9980267284282717,-1.9403714565004888,0.0
22.0,-1.0,-1.9794721407624634,0.0
22.0,-0.9980267284282718,-1.9696969696969697,0.0
22.0,-0.9921147013144778,-1.959921798631476,0.0
22.0,-0.9822872507286894,-1.9501466275659824,0.0
22.0,-0.9685831611286312,-1.959921798631476,0.0
22.0,-0.9510565162951538,-1.881720430107527,0.0
22.0,-0.9297764858882518,-1.852394916911046,0.0
22.0,-0.9048270524660201,-1.7839687194525906,0.0
22.0,-0.8763066800438645,-1.7155425219941347,0.0
22.0,-0.8443279255020162,-1.6568914956011729,0.0
22.0,-0.8090169943749468,-1.5786901270772238,0.0
22.0,-0.770513242775791,-1.520039100684262,0.0
22.0,-0.7289686274214113,-1.383186705767351,0.0
22.0,-0.6845471059286887,-1.3538611925708701,0.0
22.0,-0.63742398974869,-1.275659824046921,0.0
22.0,-0.5877852522924737,-1.2658846529814274,0.0
22.0,-0.5358267949789975,-1.158357771260997,0.0
22.0,-0.48175367410171654,-1.158357771260997,0.0
22.0,-0.42577929156507105,-1.0899315738025415,0.0
22.0,-0.36812455268468,-1.0117302052785924,0.0
22.0,-0.3090169943749464,-0.9628543499511242,0.0
22.0,-0.2486898871648541,-0.9042033235581624,0.0
22.0,-0.1873813145857243,-0.8553274682306942,0.0
22.0,-0.12533323356430426,-0.7380254154447705,0.0
22.0,-0.06279051952931375,-0.6304985337243405,0.0
22.0,-7.347880794884119e-16,-0.5034213098729232,0.0
22.0,0.06279051952931229,-0.37634408602150504,0.0
22.0,0.12533323356430282,-0.2883675464320623,0.0
22.0,0.18738131458572285,-0.21994134897360684,0.0
22.0,0.24868988716485269,-0.22971652003910048,0.0
22.0,0.309016994374945,-0.17106549364613866,0.0
22.0,0.3681245526846786,-0.04398826979472137,0.0
22.0,0.4257792915650697,0.08308895405669592,0.0
22.0,0.48175367410171527,0.21994134897360684,0.0
22.0,0.5358267949789963,0.34701857282502413,0.0
22.0,0.5877852522924725,0.4643206256109478,0.0
22.0,0.6374239897486889,0.562072336265885,0.0
22.0,0.6845471059286876,0.6598240469208214,0.0
22.0,0.7289686274214102,0.7771260997067451,0.0
22.0,0.7705132427757901,0.8260019550342133,0.0
22.0,0.8090169943749459,0.9237536656891496,0.0
22.0,0.8443279255020154,1.0312805474095796,0.0
22.0,0.8763066800438637,1.099706744868035,0.0
22.0,0.9048270524660195,1.1388074291300097,0.0
22.0,0.9297764858882512,1.1876832844574778,0.0
22.0,0.9510565162951533,1.2561094819159333,0.0
22.0,0.9685831611286309,1.3147605083088951,0.0
22.0,0.982287250728689,1.3831867057673506,0.0
22.0,0.9921147013144777,1.4125122189638315,0.0
22.0,0.9980267284282717,1.4907135874877806,0.0
22.0,1.0,1.5102639296187688,0.0
22.0,0.9980267284282718,1.5102639296187688,0.0
22.0,0.9921147013144778,1.5004887585532742,0.0
22.0,0.9822872507286894,1.480938416422287,0.0
22.0,0.9685831611286312,1.4907135874877806,0.0
22.0,0.9510565162951539,1.5004887585532742,0.0
22.0,0.9297764858882518,1.480938416422287,0.0
22.0,0.9048270524660201,1.4320625610948188,0.0
22.0,0.8763066800438645,1.373411534701857,0.0
22.0,0.8443279255020163,1.3049853372434015,0.0
22.0,0.8090169943749469,1.1876832844574778,0.0
22.0,0.7705132427757911,1.129032258064516,0.0
22.0,0.7289686274214113,1.0703812316715542,0.0
22.0,0.6845471059286887,0.9530791788856305,0.0
22.0,0.6374239897486901,0.8651026392961878,0.0
22.0,0.5877852522924738,0.7673509286412514,0.0
22.0,0.5358267949789977,0.669599217986315,0.0
22.0,0.48175367410171666,0.6304985337243405,0.0
22.0,0.42577929156507116,0.5131964809384169,0.0
22.0,0.3681245526846801,0.40566959921798595,0.0
22.0,0.30901699437494656,0.3079178885630496,0.0
22.0,0.24868988716485424,0.22971652003910048,0.0
22.0,0.1873813145857244,0.1319648093841641,0.0
22.0,0.1253332335643044,0.06353861192570864,0.0
22.0,0.06279051952931387,-0.004887585532746819,0.0
22.0,8.572527594031472e-16,-0.053763440860215006,0.0
22.0,-0.06279051952931217,-0.17106549364613866,0.0
22.0,-0.12533323356430268,-0.23949169110459412,0.0
22.0,-0.18738131458572274,-0.2883675464320623,0.0
22.0,-0.24868988716485257,-0.40566959921798595,0.0
22.0,-0.3090169943749449,-0.5327468230694041,0.0
22.0,-0.3681245526846785,-0.6402737047898341,0.0
22.0,-0.4257792915650696,-0.7478005865102642,0.0
22.0,-0.48175367410171516,-0.806451612903226,0.0
22.0,-0.5358267949789962,-0.913978494623656,0.0
22.0,-0.5877852522924725,-1.0019550342130987,0.0
22.0,-0.6374239897486887,-1.0801564027370478,0.0
22.0,-0.6845471059286875,-1.158357771260997,0.0
22.0,-0.7289686274214101,-1.236559139784946,0.0
22.0,-0.77051324277579,-1.3538611925708701,0.0
22.0,-0.8090169943749459,-1.4027370478983383,0.0
22.0,-0.8443279255020153,-1.4613880742913001,0.0
22.0,-0.8763066800438637,-1.5395894428152492,0.0
22.0,-0.9048270524660195,-1.6080156402737047,0.0
22.0,-0.9297764858882512,-1.6959921798631474,0.0
22.0,-0.9510565162951533,-1.735092864125122,0.0
22.0,-0.9685831611286309,-1.7839687194525906,0.0
22.0,-0.982287250728689,-1.852394916911046,0.0
22.0,-0.9921147013144775,-1.9305962854349952,0.0
22.0,-0.9980267284282717,-1.959921798631476,0.0
22.0,-1.0,-1.9696969696969697,0.0
22.0,-0.9980267284282718,-1.9403714565004888,0.0
22.0,-0.9921147013144778,-1.9012707722385143,0.0
22.0,-0.9822872507286894,-1.8914956011730206,0.0
22.0,-0.9685831611286313,-1.8719452590420333,0.0
22.0,-0.9510565162951539,-1.8621700879765397,0.0
22.0,-0.9297764858882519,-1.7839687194525906,0.0
22.0,-0.9048270524660202,-1.7253176930596283,0.0
22.0,-0.8763066800438646,-1.6959921798631474,0.0
22.0,-0.8443279255020164,-1.6666666666666665,0.0
22.0,-0.8090169943749469,-1.6177908113391983,0.0
22.0,-0.7705132427757913,-1.5395894428152492,0.0
22.0,-0.7289686274214114,-1.5298142717497556,0.0
22.0,-0.6845471059286888,-1.4320625610948192,0.0
22.0,-0.6374239897486902,-1.3147605083088956,0.0
22.0,-0.5877852522924739,-1.2072336265884651,0.0
22.0,-0.5358267949789978,-1.0899315738025415,0.0
22.0,-0.48175367410171677,-0.9726295210166178,0.0
22.0,-0.42577929156507127,-0.8651026392961878,0.0
22.0,-0.3681245526846802,-0.7771260997067451,0.0
22.0,-0.3090169943749467,-0.6793743890518087,0.0
22.0,-0.24868988716485435,-0.6011730205278596,0.0
22.0,-0.18738131458572455,-0.5034213098729232,0.0
22.0,-0.1253332335643045,-0.42521994134897323,0.0
22.0,-0.062790519529314,-0.3665689149560114,0.0
22.0,-9.797174393178826e-16,-0.27859237536656867,0.0
22.0,0.06279051952931204,-0.17106549364613866,0.0
22.0,0.12533323356429904,-0.11241446725317683,0.0
22.0,0.1873813145857261,0.004887585532746819,0.0
22.0,0.24868988716485246,0.09286412512218956,0.0
22.0,0.3090169943749448,0.1808406647116323,0.0
22.0,0.36812455268467503,0.29814271749755594,0.0
22.0,0.4257792915650727,0.4447702834799605,0.0
22.0,0.48175367410171505,0.5718475073313787,0.0
22.0,0.5358267949789961,0.669599217986315,0.0
22.0,0.5877852522924695,0.7771260997067451,0.0
22.0,0.6374239897486914,0.8651026392961878,0.0
22.0,0.6845471059286874,0.9335288367546433,0.0
22.0,0.7289686274214101,1.021505376344086,0.0
22.0,0.7705132427757877,1.1388074291300097,0.0
22.0,0.8090169943749479,1.1974584555229715,0.0
22.0,0.8443279255020153,1.236559139784946,0.0
22.0,0.8763066800438636,1.3245356793743888,0.0
22.0,0.9048270524660179,1.3831867057673506,0.0
22.0,0.9297764858882525,1.4222873900293251,0.0
22.0,0.9510565162951533,1.4222873900293251,0.0
22.0,0.9685831611286307,1.480938416422287,0.0
22.0,0.9822872507286884,1.529814271749756,0.0
22.0,0.992114701314478,1.4907135874877806,0.0
22.0,0.9980267284282717,1.5102639296187688,0.0
22.0,1.0,1.480938416422287,0.0
22.0,0.9980267284282718,1.451612903225806,0.0
22.0,0.9921147013144783,1.4125122189638315,0.0
22.0,0.9822872507286887,1.4418377321603124,0.0
22.0,0.9685831611286313,1.4027370478983379,0.0
22.0,0.9510565162951539,1.344086021505376,0.0
22.0,0.9297764858882532,1.3343108504398824,0.0
22.0,0.9048270524660188,1.265884652981427,0.0
22.0,0.8763066800438646,1.1974584555229715,0.0
22.0,0.8443279255020164,1.1192570869990224,0.0
22.0,0.8090169943749491,1.099706744868035,0.0
22.0,0.770513242775789,0.9628543499511242,0.0
22.0,0.7289686274214116,0.8651026392961878,0.0
22.0,0.684547105928689,0.8260019550342133,0.0
22.0,0.637423989748693,0.7771260997067451,0.0
22.0,0.5877852522924711,0.7086999022482896,0.0
22.0,0.5358267949789979,0.6500488758553278,0.0
22.0,0.4817536741017169,0.6011730205278596,0.0
22.0,0.4257792915650746,0.5229716520039105,0.0
22.0,0.368124552684677,0.40566959921798595,0.0
22.0,0.3090169943749468,0.34701857282502413,0.0
22.0,0.24868988716485446,0.24926686217008776,0.0
22.0,0.18738131458572815,0.19061583577712593,0.0
22.0,0.1253332335643011,0.11241446725317683,0.0
22.0,0.06279051952931412,0.04398826979472137,0.0
22.0,1.102182119232618e-15,-0.1026392961876832,0.0
22.0,-0.06279051952931192,-0.2101661779081132,0.0
22.0,-0.12533323356429893,-0.34701857282502413,0.0
22.0,-0.187381314585726,-0.42521994134897323,0.0
22.0,-0.24868988716485232,-0.5131964809384169,0.0
22.0,-0.3090169943749447,-0.6109481915933532,0.0
22.0,-0.3681245526846749,-0.6793743890518087,0.0
22.0,-0.4257792915650726,-0.7869012707722387,0.0
22.0,-0.48175367410171493,-0.8553274682306942,0.0
22.0,-0.535826794978996,-0.9335288367546433,0.0
22.0,-0.5877852522924694,-1.0117302052785924,0.0
22.0,-0.6374239897486913,-1.1388074291300097,0.0
22.0,-0.6845471059286873,-1.236559139784946,0.0
22.0,-0.72896862742141,-1.3440860215053765,0.0
22.0,-0.7705132427757876,-1.4418377321603129,0.0
22.0,-0.8090169943749478,-1.5786901270772238,0.0
22.0,-0.8443279255020152,-1.6471163245356792,0.0
22.0,-0.8763066800438636,-1.6764418377321602,0.0
22.0,-0.9048270524660178,-1.7546432062561097,0.0
22.0,-0.9297764858882525,-1.8035190615835779,0.0
22.0,-0.9510565162951532,-1.8328445747800588,0.0
22.0,-0.9685831611286307,-1.8719452590420333,0.0
22.0,-0.9822872507286883,-1.9012707722385143,0.0
22.0,-0.992114701314478,-1.8914956011730206,0.0
22.0,-0.9980267284282717,-1.9208211143695015,0.0
22.0,-1.0,-1.9208211143695015,0.0
22.0,-0.9980267284282718,-1.9403714565004888,0.0
22.0,-0.9921147013144783,-1.911045943304008,0.0
22.0,-0.9822872507286887,-1.9305962854349952,0.0
22.0,-0.9685831611286313,-1.8914956011730206,0.0
22.0,-0.951056516295154,-1.852394916911046,0.0
22.0,-0.9297764858882532,-1.852394916911046,0.0
22.0,-0.9048270524660188,-1.7839687194525906,0.0
22.0,-0.8763066800438647,-1.7253176930596283,0.0
22.0,-0.8443279255020165,-1.6666666666666665,0.0
22.0,-0.8090169943749491,-1.5884652981427174,0.0
22.0,-0.770513242775789,-1.5298142717497556,0.0
22.0,-0.7289686274214117,-1.4711632453567938,0.0
22.0,-0.6845471059286891,-1.3440860215053765,0.0
22.0,-0.6374239897486931,-1.2561094819159337,0.0
22.0,-0.5877852522924712,-1.1192570869990224,0.0
22.0,-0.535826794978998,-1.0019550342130987,0.0
22.0,-0.481753674101717,-0.9530791788856305,0.0
22.0,-0.4257792915650747,-0.8846529814271751,0.0
22.0,-0.3681245526846771,-0.7673509286412514,0.0
22.0,-0.3090169943749469,-0.7086999022482896,0.0
22.0,-0.2486898871648546,-0.5816226783968723,0.0
22.0,-0.18738131458572826,-0.42521994134897323,0.0
22.0,-0.12533323356430123,-0.35679374389051777,0.0
22.0,-0.06279051952931425,-0.22971652003910048,0.0
22.0,-1.2246467991473533e-15,-0.15151515151515138,0.0
22.0,0.06279051952931179,-0.024437927663734094,0.0
22.0,0.1253332335642988,0.1026392961876832,0.0
22.0,0.18738131458572588,0.19061583577712593,0.0
22.0,0.2486898871648522,0.24926686217008776,0.0
22.0,0.30901699437494456,0.37634408602150504,0.0
22.0,0.3681245526846748,0.43499511241446687,0.0
22.0,0.4257792915650725,0.5425219941348978,0.0
22.0,0.4817536741017148,0.6598240469208214,0.0
22.0,0.5358267949789959,0.7771260997067451,0.0
22.0,0.5877852522924693,0.8944281524926687,0.0
22.0,0.6374239897486885,0.9726295210166178,0.0
22.0,0.6845471059286898,1.0899315738025415,0.0
22.0,0.7289686274214099,1.129032258064516,0.0
22.0,0.7705132427757853,1.236559139784946,0.0
22.0,0.8090169943749498,1.3049853372434015,0.0
22.0,0.8443279255020152,1.3636363636363633,0.0
22.0,0.8763066800438618,1.4320625610948188,0.0
22.0,0.9048270524660192,1.5200391006842624,0.0
22.0,0.9297764858882523,1.5689149560117306,0.0
22.0,0.9510565162951532,1.6177908113391988,0.0
22.0,0.9685831611286316,1.666666666666667,0.0
22.0,0.9822872507286883,1.6959921798631479,0.0
22.0,0.992114701314478,1.7253176930596288,0.0
22.0,0.9980267284282713,1.7350928641251224,0.0
22.0,1.0,1.6959921798631479,0.0
22.0,0.9980267284282718,1.7546432062561097,0.0
22.0,0.9921147013144788,1.7155425219941352,0.0
22.0,0.9822872507286882,1.744868035190616,0.0
22.0,0.9685831611286313,1.6764418377321606,0.0
22.0,0.9510565162951551,1.6764418377321606,0.0
22.0,0.929776485888252,1.6568914956011733,0.0
22.0,0.9048270524660189,1.637341153470186,0.0
22.0,0.8763066800438647,1.5786901270772242,0.0
22.0,0.8443279255020146,1.5004887585532742,0.0
22.0,0.8090169943749492,1.4125122189638315,0.0
22.0,0.7705132427757891,1.3245356793743888,0.0
22.0,0.7289686274214141,1.2267839687194524,0.0
22.0,0.6845471059286892,1.158357771260997,0.0
22.0,0.6374239897486932,1.099706744868035,0.0
22.0,0.5877852522924742,0.9628543499511242,0.0
22.0,0.535826794978995,0.8651026392961878,0.0
22.0,0.48175367410171704,0.806451612903226,0.0
22.0,0.42577929156507804,0.7478005865102642,0.0
22.0,0.3681245526846739,0.6402737047898341,0.0
22.0,0.309016994374947,0.4936461388074287,0.0
22.0,0.24868988716485815,0.37634408602150504,0.0
22.0,0.1873813145857249,0.26881720430107503,0.0
22.0,0.12533323356430134,0.20039100684261957,0.0
22.0,0.06279051952931436,0.07331378299120228,0.0
22.0,4.899825157862589e-15,-0.03421309872922773,0.0
22.0,-0.06279051952931168,-0.15151515151515138,0.0
22.0,-0.12533323356429868,-0.23949169110459412,0.0
22.0,-0.18738131458572224,-0.35679374389051777,0.0
22.0,-0.24868988716485554,-0.40566959921798595,0.0
22.0,-0.30901699437494445,-0.5131964809384169,0.0
22.0,-0.3681245526846714,-0.591397849462366,0.0
22.0,-0.4257792915650756,-0.7086999022482896,0.0
22.0,-0.4817536741017147,-0.7966764418377323,0.0
22.0,-0.5358267949789928,-0.9042033235581624,0.0
22.0,-0.587785252292472,-1.0117302052785924,0.0
22.0,-0.6374239897486911,-1.1388074291300097,0.0
22.0,-0.6845471059286872,-1.2463343108504397,0.0
22.0,-0.7289686274214123,-1.2561094819159337,0.0
22.0,-0.7705132427757875,-1.3929618768328447,0.0
22.0,-0.8090169943749477,-1.4711632453567938,0.0
22.0,-0.8443279255020132,-1.5689149560117301,0.0
22.0,-0.8763066800438635,-1.6568914956011729,0.0
22.0,-0.9048270524660177,-1.7546432062561097,0.0
22.0,-0.929776485888251,-1.8132942326490715,0.0
22.0,-0.9510565162951542,-1.9012707722385143,0.0
22.0,-0.9685831611286306,-1.911045943304008,0.0
22.0,-0.9822872507286876,-1.9403714565004888,0.0
22.0,-0.9921147013144784,-1.959921798631476,0.0
22.0,-0.9980267284282716,-1.9696969696969697,0.0
22.0,-1.0,-1.9501466275659824,0.0
22.0,-0.9980267284282716,-1.9501466275659824,0.0
22.0,-0.9921147013144783,-1.959921798631476,0.0
22.0,-0.9822872507286888,-1.959921798631476,0.0
22.0,-0.9685831611286323,-1.9501466275659824,0.0
23.0,-0.9510565162951536,0.014662756598240456,0.0
23.0,-0.9297764858882512,0.03421309872922773,0.0
23.0,-0.9048270524660199,0.014662756598240456,0.0
23.0,-0.8763066800438638,-0.004887585532746819,0.0
23.0,-0.8443279255020155,-0.014662756598240456,0.0
23.0,-0.8090169943749476,-0.5146627565982405,0.0
23.0,-0.7705132427757896,-1.0146627565982405,0.0
23.0,-0.7289686274214116,-0.9921798631476051,0.0
23.0,-0.684547105928689,-0.9530791788856305,0.0
23.0,-0.6374239897486896,-0.9042033235581624,0.0
23.0,-0.5877852522924734,-0.8748778103616814,0.0
23.0,-0.5358267949789963,-0.8162267839687196,0.0
23.0,-0.4817536741017153,-0.7184750733137832,0.0
23.0,-0.4257792915650722,-0.6011730205278596,0.0
23.0,-0.3681245526846787,-0.5131964809384169,0.0
23.0,-0.3090169943749477,-0.42521994134897323,0.0
23.0,-0.24868988716485535,-0.3665689149560114,0.0
23.0,-0.18738131458572468,-0.29814271749755594,0.0
23.0,-0.12533323356430465,-0.21994134897360684,0.0
23.0,-0.06279051952931326,-0.15151515151515138,0.0
23.0,-2.4492935982947064e-16,-0.09286412512218956,0.0
23.0,0.06279051952931278,-0.024437927663734094,0.0
23.0,0.12533323356430418,0.09286412512218956,0.0
23.0,0.1873813145857242,0.2101661779081132,0.0
23.0,0.24868988716485488,0.29814271749755594,0.0
23.0,0.3090169943749472,0.3958944281524923,0.0
23.0,0.3681245526846782,0.5229716520039105,0.0
23.0,0.42577929156507255,0.6402737047898341,0.0
23.0,0.48175367410171566,0.7282502443792769,0.0
23.0,0.5358267949789967,0.8553274682306942,0.0
23.0,0.5877852522924736,0.9530791788856305,0.0
23.0,0.6374239897486899,1.021505376344086,0.0
23.0,0.6845471059286893,1.158357771260997,0.0
23.0,0.7289686274214107,1.2463343108504397,0.0
23.0,0.7705132427757887,1.3147605083088951,0.0
23.0,0.8090169943749468,1.3147605083088951,0.0
23.0,0.8443279255020147,1.3636363636363633,0.0
23.0,0.8763066800438631,1.4320625610948188,0.0
23.0,0.9048270524660194,1.5004887585532742,0.0
23.0,0.9297764858882511,1.5982404692082115,0.0
23.0,0.9510565162951535,1.637341153470186,0.0
23.0,0.968583161128631,1.6862170087976542,0.0
23.0,0.9822872507286886,1.744868035190616,0.0
23.0,0.9921147013144778,1.7546432062561097,0.0
23.0,0.9980267284282716,1.744868035190616,0.0
23.0,1.0,1.7350928641251224,0.0
23.0,0.9980267284282716,1.7057673509286415,0.0
23.0,0.9921147013144779,1.6568914956011733,0.0
23.0,0.9822872507286886,1.5884652981427179,0.0
23.0,0.9685831611286311,1.5689149560117306,0.0
23.0,0.9510565162951536,1.5395894428152497,0.0
23.0,0.9297764858882517,1.5200391006842624,0.0
23.0,0.9048270524660192,1.4711632453567933,0.0
23.0,0.8763066800438634,1.4711632453567933,0.0
23.0,0.8443279255020151,1.3929618768328442,0.0
23.0,0.8090169943749477,1.373411534701857,0.0
23.0,0.7705132427757886,1.3049853372434015,0.0
23.0,0.728968627421411,1.2267839687194524,0.0
23.0,0.6845471059286897,1.158357771260997,0.0
23.0,0.6374239897486911,1.0312805474095796,0.0
23.0,0.5877852522924734,0.9433040078201369,0.0
23.0,0.5358267949789972,0.8748778103616814,0.0
23.0,0.4817536741017162,0.7575757575757578,0.0
23.0,0.42577929156507394,0.669599217986315,0.0
23.0,0.368124552684678,0.5131964809384169,0.0
23.0,0.3090169943749478,0.3958944281524923,0.0
23.0,0.2486898871648555,0.26881720430107503,0.0
23.0,0.18738131458572568,0.16129032258064502,0.0
23.0,0.1253332335643039,0.06353861192570864,0.0
23.0,0.06279051952931339,-0.07331378299120228,0.0
23.0,3.6739403974420594e-16,-0.14173998044965774,0.0
23.0,-0.06279051952931265,-0.24926686217008776,0.0
23.0,-0.12533323356430318,-0.3665689149560114,0.0
23.0,-0.18738131458572496,-0.45454545454545414,0.0
23.0,-0.24868988716485477,-0.5522971652003914,0.0
23.0,-0.30901699437494706,-0.6402737047898341,0.0
23.0,-0.36812455268467725,-0.7380254154447705,0.0
23.0,-0.42577929156507327,-0.8553274682306942,0.0
23.0,-0.48175367410171555,-0.9824046920821115,0.0
23.0,-0.5358267949789965,-1.0801564027370478,0.0
23.0,-0.5877852522924728,-1.1485826001955033,0.0
23.0,-0.6374239897486905,-1.2561094819159337,0.0
23.0,-0.6845471059286892,-1.383186705767351,0.0
23.0,-0.7289686274214106,-1.4516129032258065,0.0
23.0,-0.770513242775788,-1.4613880742913001,0.0
23.0,-0.8090169943749472,-1.5395894428152492,0.0
23.0,-0.8443279255020146,-1.598240469208211,0.0
23.0,-0.876306680043863,-1.6568914956011729,0.0
23.0,-0.9048270524660189,-1.6959921798631474,0.0
23.0,-0.9297764858882513,-1.7448680351906156,0.0
23.0,-0.9510565162951534,-1.774193548387097,0.0
23.0,-0.968583161128631,-1.8035190615835779,0.0
23.0,-0.9822872507286885,-1.8230694037145652,0.0
23.0,-0.9921147013144779,-1.8230694037145652,0.0
23.0,-0.9980267284282716,-1.8426197458455524,0.0
23.0,-1.0,-1.8035190615835779,0.0
23.0,-0.9980267284282716,-1.8426197458455524,0.0
23.0,-0.992114701314478,-1.8132942326490715,0.0
23.0,-0.9822872507286886,-1.774193548387097,0.0
23.0,-0.9685831611286312,-1.7546432062561097,0.0
23.0,-0.9510565162951538,-1.6862170087976538,0.0
23.0,-0.9297764858882517,-1.6959921798631474,0.0
23.0,-0.9048270524660192,-1.6373411534701856,0.0
23.0,-0.8763066800438635,-1.5689149560117301,0.0
23.0,-0.8443279255020151,-1.5102639296187683,0.0
23.0,-0.8090169943749477,-1.4613880742913001,0.0
23.0,-0.7705132427757886,-1.3636363636363638,0.0
23.0,-0.7289686274214111,-1.3245356793743892,0.0
23.0,-0.6845471059286898,-1.2658846529814274,0.0
23.0,-0.6374239897486912,-1.158357771260997,0.0
23.0,-0.5877852522924735,-1.0606060606060606,0.0
23.0,-0.5358267949789973,-0.9628543499511242,0.0
23.0,-0.4817536741017163,-0.8553274682306942,0.0
23.0,-0.42577929156507405,-0.7771260997067451,0.0
23.0,-0.3681245526846781,-0.698924731182796,0.0
23.0,-0.3090169943749479,-0.6011730205278596,0.0
23.0,-0.2486898871648556,-0.5131964809384169,0.0
23.0,-0.1873813145857258,-0.32746823069403685,0.0
23.0,-0.125333233564304,-0.27859237536656867,0.0
23.0,-0.06279051952931351,-0.16129032258064502,0.0
23.0,-4.898587196589413e-16,-0.09286412512218956,0.0
23.0,0.06279051952931075,-0.053763440860215006,0.0
23.0,0.12533323356430304,0.014662756598240456,0.0
23.0,0.1873813145857231,0.14173998044965774,0.0
23.0,0.24868988716485466,0.21994134897360684,0.0
23.0,0.30901699437494523,0.3372434017595305,0.0
23.0,0.36812455268467714,0.34701857282502413,0.0
23.0,0.42577929156507155,0.4447702834799605,0.0
23.0,0.48175367410171543,0.5425219941348978,0.0
23.0,0.535826794978995,0.6500488758553278,0.0
23.0,0.5877852522924727,0.6891495601173023,0.0
23.0,0.6374239897486891,0.7478005865102642,0.0
23.0,0.6845471059286891,0.8553274682306942,0.0
23.0,0.7289686274214104,0.9921798631476051,0.0
23.0,0.7705132427757891,1.050830889540567,0.0
23.0,0.8090169943749471,1.099706744868035,0.0
23.0,0.8443279255020155,1.1388074291300097,0.0
23.0,0.876306680043863,1.2463343108504397,0.0
23.0,0.9048270524660196,1.3636363636363633,0.0
23.0,0.9297764858882513,1.4222873900293251,0.0
23.0,0.951056516295154,1.5004887585532742,0.0
23.0,0.9685831611286309,1.5200391006842624,0.0
23.0,0.9822872507286888,1.529814271749756,0.0
23.0,0.9921147013144779,1.6080156402737051,0.0
23.0,0.9980267284282717,1.6862170087976542,0.0
23.0,1.0,1.6764418377321606,0.0
23.0,0.9980267284282718,1.7350928641251224,0.0
23.0,0.992114701314478,1.744868035190616,0.0
23.0,0.9822872507286889,1.744868035190616,0.0
23.0,0.9685831611286312,1.744868035190616,0.0
23.0,0.9510565162951543,1.7155425219941352,0.0
23.0,0.9297764858882518,1.6959921798631479,0.0
23.0,0.90482705246602,1.6764418377321606,0.0
23.0,0.8763066800438635,1.6959921798631479,0.0
23.0,0.8443279255020162,1.666666666666667,0.0
23.0,0.8090169943749478,1.6568914956011733,0.0
23.0,0.7705132427757898,1.5493646138807433,0.0
23.0,0.7289686274214112,1.4418377321603124,0.0
23.0,0.6845471059286898,1.344086021505376,0.0
23.0,0.6374239897486899,1.2952101661779079,0.0
23.0,0.5877852522924736,1.1779081133919842,0.0
23.0,0.5358267949789959,1.158357771260997,0.0
23.0,0.48175367410171643,1.0312805474095796,0.0
23.0,0.42577929156507255,0.9921798631476051,0.0
23.0,0.3681245526846782,0.8944281524926687,0.0
23.0,0.3090169943749463,0.7771260997067451,0.0
23.0,0.2486898871648557,0.698924731182796,0.0
23.0,0.18738131458572418,0.5522971652003914,0.0
23.0,0.12533323356430415,0.45454545454545414,0.0
23.0,0.06279051952931186,0.3176930596285432,0.0
23.0,6.123233995736766e-16,0.22971652003910048,0.0
23.0,-0.06279051952931064,0.14173998044965774,0.0
23.0,-0.12533323356430293,0.024437927663734094,0.0
23.0,-0.18738131458572296,-0.04398826979472137,0.0
23.0,-0.24868988716485452,-0.17106549364613866,0.0
23.0,-0.3090169943749451,-0.2590420332355814,0.0
23.0,-0.3681245526846787,-0.34701857282502413,0.0
23.0,-0.42577929156506983,-0.42521994134897323,0.0
23.0,-0.4817536741017154,-0.5425219941348978,0.0
23.0,-0.5358267949789964,-0.6598240469208214,0.0
23.0,-0.5877852522924726,-0.7575757575757578,0.0
23.0,-0.637423989748689,-0.8455522971652005,0.0
23.0,-0.6845471059286877,-0.9433040078201369,0.0
23.0,-0.7289686274214103,-1.0410557184750733,0.0
23.0,-0.7705132427757901,-1.099706744868035,0.0
23.0,-0.809016994374946,-1.2170087976539588,0.0
23.0,-0.8443279255020155,-1.3440860215053765,0.0
23.0,-0.8763066800438638,-1.412512218963832,0.0
23.0,-0.9048270524660196,-1.5004887585532747,0.0
23.0,-0.9297764858882513,-1.6080156402737047,0.0
23.0,-0.9510565162951534,-1.6471163245356792,0.0
23.0,-0.9685831611286309,-1.6568914956011729,0.0
23.0,-0.982287250728689,-1.6666666666666665,0.0
23.0,-0.9921147013144777,-1.6959921798631474,0.0
23.0,-0.9980267284282717,-1.7253176930596283,0.0
23.0,-1.0,-1.7448680351906156,0.0
23.0,-0.9980267284282718,-1.7546432062561097,0.0
23.0,-0.9921147013144778,-1.774193548387097,0.0
23.0,-0.9822872507286894,-1.705767350928641,0.0
23.0,-0.9685831611286312,-1.6862170087976538,0.0
23.0,-0.9510565162951538,-1.6666666666666665,0.0
23.0,-0.9297764858882518,-1.6373411534701856,0.0
23.0,-0.9048270524660201,-1.627565982404692,0.0
23.0,-0.8763066800438645,-1.6177908113391983,0.0
23.0,-0.8443279255020162,-1.5786901270772238,0.0
23.0,-0.8090169943749468,-1.4809384164222874,0.0
23.0,-0.770513242775791,-1.4222873900293256,0.0
23.0,-0.7289686274214113,-1.3147605083088956,0.0
23.0,-0.6845471059286887,-1.2170087976539588,0.0
23.0,-0.63742398974869,-1.158357771260997,0.0
23.0,-0.5877852522924737,-1.050830889540567,0.0
23.0,-0.5358267949789975,-1.0117302052785924,0.0
23.0,-0.48175367410171654,-0.9237536656891496,0.0
23.0,-0.42577929156507105,-0.8455522971652005,0.0
23.0,-0.36812455268468,-0.7771260997067451,0.0
23.0,-0.3090169943749464,-0.7184750733137832,0.0
23.0,-0.2486898871648541,-0.6304985337243405,0.0
23.0,-0.1873813145857243,-0.5229716520039105,0.0
23.0,-0.12533323356430426,-0.40566959921798595,0.0
23.0,-0.06279051952931375,-0.29814271749755594,0.0
23.0,-7.347880794884119e-16,-0.22971652003910048,0.0
23.0,0.06279051952931229,-0.15151515151515138,0.0
23.0,0.12533323356430282,-0.06353861192570864,0.0
23.0,0.18738131458572285,0.053763440860215006,0.0
23.0,0.24868988716485269,0.09286412512218956,0.0
23.0,0.309016994374945,0.1319648093841641,0.0
23.0,0.3681245526846786,0.24926686217008776,0.0
23.0,0.4257792915650697,0.35679374389051777,0.0
23.0,0.48175367410171527,0.4447702834799605,0.0
23.0,0.5358267949789963,0.5718475073313787,0.0
23.0,0.5877852522924725,0.6598240469208214,0.0
23.0,0.6374239897486889,0.7380254154447705,0.0
23.0,0.6845471059286876,0.8357771260997069,0.0
23.0,0.7289686274214102,0.9530791788856305,0.0
23.0,0.7705132427757901,0.9921798631476051,0.0
23.0,0.8090169943749459,1.0606060606060606,0.0
23.0,0.8443279255020154,1.1485826001955033,0.0
23.0,0.8763066800438637,1.1681329423264906,0.0
23.0,0.9048270524660195,1.2952101661779079,0.0
23.0,0.9297764858882512,1.373411534701857,0.0
23.0,0.9510565162951533,1.480938416422287,0.0
23.0,0.9685831611286309,1.529814271749756,0.0
23.0,0.982287250728689,1.5786901270772242,0.0
23.0,0.9921147013144777,1.6177908113391988,0.0
23.0,0.9980267284282717,1.5884652981427179,0.0
23.0,1.0,1.5982404692082115,0.0
23.0,0.9980267284282718,1.6177908113391988,0.0
23.0,0.9921147013144778,1.5493646138807433,0.0
23.0,0.9822872507286894,1.5786901270772242,0.0
23.0,0.9685831611286312,1.529814271749756,0.0
23.0,0.9510565162951539,1.4320625610948188,0.0
23.0,0.9297764858882518,1.3929618768328442,0.0
23.0,0.9048270524660201,1.3245356793743888,0.0
23.0,0.8763066800438645,1.2561094819159333,0.0
23.0,0.8443279255020163,1.1876832844574778,0.0
23.0,0.8090169943749469,1.1681329423264906,0.0
23.0,0.7705132427757911,1.1094819159335287,0.0
23.0,0.7289686274214113,1.0312805474095796,0.0
23.0,0.6845471059286887,0.9433040078201369,0.0
23.0,0.6374239897486901,0.7869012707722387,0.0
23.0,0.5877852522924738,0.7086999022482896,0.0
23.0,0.5358267949789977,0.6402737047898341,0.0
23.0,0.48175367410171666,0.5327468230694041,0.0
23.0,0.42577929156507116,0.4447702834799605,0.0
23.0,0.3681245526846801,0.34701857282502413,0.0
23.0,0.30901699437494656,0.23949169110459412,0.0
23.0,0.24868988716485424,0.1319648093841641,0.0
23.0,0.1873813145857244,0.053763440860215006,0.0
23.0,0.1253332335643044,-0.04398826979472137,0.0
23.0,0.06279051952931387,-0.14173998044965774,0.0
23.0,8.572527594031472e-16,-0.21994134897360684,0.0
23.0,-0.06279051952931217,-0.34701857282502413,0.0
23.0,-0.12533323356430268,-0.4154447702834796,0.0
23.0,-0.18738131458572274,-0.5229716520039105,0.0
23.0,-0.24868988716485257,-0.6011730205278596,0.0
23.0,-0.3090169943749449,-0.6500488758553278,0.0
23.0,-0.3681245526846785,-0.7380254154447705,0.0
23.0,-0.4257792915650696,-0.8260019550342133,0.0
23.0,-0.48175367410171516,-0.9530791788856305,0.0
23.0,-0.5358267949789962,-1.0312805474095796,0.0
23.0,-0.5877852522924725,-1.158357771260997,0.0
23.0,-0.6374239897486887,-1.2463343108504397,0.0
23.0,-0.6845471059286875,-1.3343108504398828,0.0
23.0,-0.7289686274214101,-1.4222873900293256,0.0
23.0,-0.77051324277579,-1.5004887585532747,0.0
23.0,-0.8090169943749459,-1.5689149560117301,0.0
23.0,-0.8443279255020153,-1.6373411534701856,0.0
23.0,-0.8763066800438637,-1.7155425219941347,0.0
23.0,-0.9048270524660195,-1.774193548387097,0.0
23.0,-0.9297764858882512,-1.8230694037145652,0.0
23.0,-0.9510565162951533,-1.8719452590420333,0.0
23.0,-0.9685831611286309,-1.9208211143695015,0.0
23.0,-0.982287250728689,-1.9403714565004888,0.0
23.0,-0.9921147013144775,-1.959921798631476,0.0
23.0,-0.9980267284282717,-1.9501466275659824,0.0
23.0,-1.0,-1.9696969696969697,0.0
23.0,-0.9980267284282718,-1.9794721407624634,0.0
23.0,-0.9921147013144778,-1.959921798631476,0.0
23.0,-0.9822872507286894,-1.989247311827957,0.0
23.0,-0.9685831611286313,-1.9208211143695015,0.0
23.0,-0.9510565162951539,-1.9012707722385143,0.0
23.0,-0.9297764858882519,-1.8621700879765397,0.0
23.0,-0.9048270524660202,-1.8035190615835779,0.0
23.0,-0.8763066800438646,-1.7155425219941347,0.0
23.0,-0.8443279255020164,-1.6666666666666665,0.0
23.0,-0.8090169943749469,-1.598240469208211,0.0
23.0,-0.7705132427757913,-1.5102639296187683,0.0
23.0,-0.7289686274214114,-1.4222873900293256,0.0
23.0,-0.6845471059286888,-1.304985337243402,0.0
23.0,-0.6374239897486902,-1.2170087976539588,0.0
23.0,-0.5877852522924739,-1.129032258064516,0.0
23.0,-0.5358267949789978,-1.0312805474095796,0.0
23.0,-0.48175367410171677,-0.913978494623656,0.0
23.0,-0.42577929156507127,-0.8553274682306942,0.0
23.0,-0.3681245526846802,-0.7771260997067451,0.0
23.0,-0.3090169943749467,-0.6598240469208214,0.0
23.0,-0.24868988716485435,-0.5131964809384169,0.0
23.0,-0.18738131458572455,-0.3861192570869987,0.0
23.0,-0.1253332335643045,-0.3079178885630496,0.0
23.0,-0.062790519529314,-0.19061583577712593,0.0
23.0,-9.797174393178826e-16,-0.1026392961876832,0.0
23.0,0.06279051952931204,-0.004887585532746819,0.0
23.0,0.12533323356429904,0.06353861192570864,0.0
23.0,0.1873813145857261,0.12218963831867047,0.0
23.0,0.24868988716485246,0.17106549364613866,0.0
23.0,0.3090169943749448,0.22971652003910048,0.0
23.0,0.36812455268467503,0.3176930596285432,0.0
23.0,0.4257792915650727,0.48387096774193505,0.0
23.0,0.48175367410171505,0.5327468230694041,0.0
23.0,0.5358267949789961,0.6402737047898341,0.0
23.0,0.5877852522924695,0.7575757575757578,0.0
23.0,0.6374239897486914,0.8260019550342133,0.0
23.0,0.6845471059286874,0.8944281524926687,0.0
23.0,0.7289686274214101,0.9237536656891496,0.0
23.0,0.7705132427757877,1.021505376344086,0.0
23.0,0.8090169943749479,1.0312805474095796,0.0
23.0,0.8443279255020153,1.099706744868035,0.0
23.0,0.8763066800438636,1.1974584555229715,0.0
23.0,0.9048270524660179,1.2463343108504397,0.0
23.0,0.9297764858882525,1.2952101661779079,0.0
23.0,0.9510565162951533,1.3538611925708697,0.0
23.0,0.9685831611286307,1.344086021505376,0.0
23.0,0.9822872507286884,1.3831867057673506,0.0
23.0,0.992114701314478,1.451612903225806,0.0
23.0,0.9980267284282717,1.4711632453567933,0.0
23.0,1.0,1.5004887585532742,0.0
23.0,0.9980267284282718,1.5493646138807433,0.0
23.0,0.9921147013144783,1.559139784946237,0.0
23.0,0.9822872507286887,1.5689149560117306,0.0
23.0,0.9685831611286313,1.5102639296187688,0.0
23.0,0.9510565162951539,1.5102639296187688,0.0
23.0,0.9297764858882532,1.451612903225806,0.0
23.0,0.9048270524660188,1.4320625610948188,0.0
23.0,0.8763066800438646,1.373411534701857,0.0
23.0,0.8443279255020164,1.2561094819159333,0.0
23.0,0.8090169943749491,1.2072336265884651,0.0
23.0,0.770513242775789,1.1388074291300097,0.0
23.0,0.7289686274214116,1.050830889540567,0.0
23.0,0.684547105928689,0.9628543499511242,0.0
23.0,0.637423989748693,0.8748778103616814,0.0
23.0,0.5877852522924711,0.7771260997067451,0.0
23.0,0.5358267949789979,0.7478005865102642,0.0
23.0,0.4817536741017169,0.6500488758553278,0.0
23.0,0.4257792915650746,0.6011730205278596,0.0
23.0,0.368124552684677,0.5131964809384169,0.0
23.0,0.3090169943749468,0.4154447702834796,0.0
23.0,0.24868988716485446,0.24926686217008776,0.0
23.0,0.18738131458572815,0.1319648093841641,0.0
23.0,0.1253332335643011,0.024437927663734094,0.0
23.0,0.06279051952931412,-0.06353861192570864,0.0
23.0,1.102182119232618e-15,-0.15151515151515138,0.0
23.0,-0.06279051952931192,-0.22971652003910048,0.0
23.0,-0.12533323356429893,-0.3665689149560114,0.0
23.0,-0.187381314585726,-0.4740957966764414,0.0
23.0,-0.24868988716485232,-0.6207233626588469,0.0
23.0,-0.3090169943749447,-0.7282502443792769,0.0
23.0,-0.3681245526846749,-0.8455522971652005,0.0
23.0,-0.4257792915650726,-0.9726295210166178,0.0
23.0,-0.48175367410171493,-1.0801564027370478,0.0
23.0,-0.535826794978996,-1.129032258064516,0.0
23.0,-0.5877852522924694,-1.2463343108504397,0.0
23.0,-0.6374239897486913,-1.304985337243402,0.0
23.0,-0.6845471059286873,-1.3734115347018574,0.0
23.0,-0.72896862742141,-1.490713587487781,0.0
23.0,-0.7705132427757876,-1.5884652981427174,0.0
23.0,-0.8090169943749478,-1.6373411534701856,0.0
23.0,-0.8443279255020152,-1.7644183773216033,0.0
23.0,-0.8763066800438636,-1.8328445747800588,0.0
23.0,-0.9048270524660178,-1.8914956011730206,0.0
23.0,-0.9297764858882525,-1.989247311827957,0.0
23.0,-0.9510565162951532,-1.989247311827957,0.0
23.0,-0.9685831611286307,-2.0283479960899315,0.0
23.0,-0.9822872507286883,-2.0576735092864125,0.0
23.0,-0.992114701314478,-2.047898338220919,0.0
23.0,-0.9980267284282717,-2.0869990224828934,0.0
23.0,-1.0,-2.1065493646138806,0.0
23.0,-0.9980267284282718,-2.0869990224828934,0.0
23.0,-0.9921147013144783,-2.0869990224828934,0.0
23.0,-0.9822872507286887,-2.0283479960899315,0.0
23.0,-0.9685831611286313,-2.0576735092864125,0.0
23.0,-0.951056516295154,-1.9990224828934506,0.0
23.0,-0.9297764858882532,-1.9501466275659824,0.0
23.0,-0.9048270524660188,-1.9012707722385143,0.0
23.0,-0.8763066800438647,-1.8328445747800588,0.0
23.0,-0.8443279255020165,-1.705767350928641,0.0
23.0,-0.8090169943749491,-1.6471163245356792,0.0
23.0,-0.770513242775789,-1.5493646138807429,0.0
23.0,-0.7289686274214117,-1.4320625610948192,0.0
23.0,-0.6845471059286891,-1.3147605083088956,0.0
23.0,-0.6374239897486931,-1.1974584555229715,0.0
23.0,-0.5877852522924712,-1.1485826001955033,0.0
23.0,-0.535826794978998,-1.0801564027370478,0.0
23.0,-0.481753674101717,-1.0019550342130987,0.0
23.0,-0.4257792915650747,-0.9628543499511242,0.0
23.0,-0.3681245526846771,-0.8748778103616814,0.0
23.0,-0.3090169943749469,-0.7966764418377323,0.0
23.0,-0.2486898871648546,-0.7086999022482896,0.0
23.0,-0.18738131458572826,-0.6011730205278596,0.0
23.0,-0.12533323356430123,-0.5327468230694041,0.0
23.0,-0.06279051952931425,-0.42521994134897323,0.0
23.0,-1.2246467991473533e-15,-0.3079178885630496,0.0
23.0,0.06279051952931179,-0.20039100684261957,0.0
23.0,0.1253332335642988,-0.07331378299120228,0.0
23.0,0.18738131458572588,0.024437927663734094,0.0
23.0,0.2486898871648522,0.08308895405669592,0.0
23.0,0.30901699437494456,0.20039100684261957,0.0
23.0,0.3681245526846748,0.2883675464320623,0.0
23.0,0.4257792915650725,0.3079178885630496,0.0
23.0,0.4817536741017148,0.3372434017595305,0.0
23.0,0.5358267949789959,0.3861192570869987,0.0
23.0,0.5877852522924693,0.5131964809384169,0.0
23.0,0.6374239897486885,0.5718475073313787,0.0
23.0,0.6845471059286898,0.6891495601173023,0.0
23.0,0.7289686274214099,0.7575757575757578,0.0
23.0,0.7705132427757853,0.8651026392961878,0.0
23.0,0.8090169943749498,0.9628543499511242,0.0
23.0,0.8443279255020152,1.0801564027370478,0.0
23.0,0.8763066800438618,1.1876832844574778,0.0
23.0,0.9048270524660192,1.2561094819159333,0.0
23.0,0.9297764858882523,1.3538611925708697,0.0
23.0,0.9510565162951532,1.480938416422287,0.0
23.0,0.9685831611286316,1.5786901270772242,0.0
23.0,0.9822872507286883,1.559139784946237,0.0
23.0,0.992114701314478,1.5689149560117306,0.0
23.0,0.9980267284282713,1.6177908113391988,0.0
23.0,1.0,1.6275659824046924,0.0
23.0,0.9980267284282718,1.6080156402737051,0.0
23.0,0.9921147013144788,1.637341153470186,0.0
23.0,0.9822872507286882,1.6568914956011733,0.0
23.0,0.9685831611286313,1.637341153470186,0.0
23.0,0.9510565162951551,1.6568914956011733,0.0
23.0,0.929776485888252,1.6275659824046924,0.0
23.0,0.9048270524660189,1.5786901270772242,0.0
23.0,0.8763066800438647,1.5200391006842624,0.0
23.0,0.8443279255020146,1.5102639296187688,0.0
23.0,0.8090169943749492,1.4125122189638315,0.0
23.0,0.7705132427757891,1.3245356793743888,0.0
23.0,0.7289686274214141,1.2756598240469206,0.0
23.0,0.6845471059286892,1.2170087976539588,0.0
23.0,0.6374239897486932,1.1681329423264906,0.0
23.0,0.5877852522924742,1.050830889540567,0.0
23.0,0.535826794978995,0.9726295210166178,0.0
23.0,0.48175367410171704,0.9335288367546433,0.0
23.0,0.42577929156507804,0.8651026392961878,0.0
23.0,0.3681245526846739,0.7966764418377323,0.0
23.0,0.309016994374947,0.7086999022482896,0.0
23.0,0.24868988716485815,0.591397849462366,0.0
23.0,0.1873813145857249,0.4740957966764414,0.0
23.0,0.12533323356430134,0.3665689149560114,0.0
23.0,0.06279051952931436,0.29814271749755594,0.0
23.0,4.899825157862589e-15,0.22971652003910048,0.0
23.0,-0.06279051952931168,0.12218963831867047,0.0
23.0,-0.12533323356429868,-0.004887585532746819,0.0
23.0,-0.18738131458572224,-0.1026392961876832,0.0
23.0,-0.24868988716485554,-0.17106549364613866,0.0
23.0,-0.30901699437494445,-0.26881720430107503,0.0
23.0,-0.3681245526846714,-0.3665689149560114,0.0
23.0,-0.4257792915650756,-0.4447702834799605,0.0
23.0,-0.4817536741017147,-0.5425219941348978,0.0
23.0,-0.5358267949789928,-0.6500488758553278,0.0
23.0,-0.587785252292472,-0.7478005865102642,0.0
23.0,-0.6374239897486911,-0.806451612903226,0.0
23.0,-0.6845471059286872,-0.913978494623656,0.0
23.0,-0.7289686274214123,-1.0117302052785924,0.0
23.0,-0.7705132427757875,-1.050830889540567,0.0
23.0,-0.8090169943749477,-1.1094819159335287,0.0
23.0,-0.8443279255020132,-1.1681329423264906,0.0
23.0,-0.8763066800438635,-1.2854349951124147,0.0
23.0,-0.9048270524660177,-1.3929618768328447,0.0
23.0,-0.929776485888251,-1.4613880742913001,0.0
23.0,-0.9510565162951542,-1.5395894428152492,0.0
23.0,-0.9685831611286306,-1.5689149560117301,0.0
23.0,-0.9822872507286876,-1.5689149560117301,0.0
23.0,-0.9921147013144784,-1.6373411534701856,0.0
23.0,-0.9980267284282716,-1.7546432062561097,0.0
23.0,-1.0,-1.7546432062561097,0.0
23.0,-0.9980267284282716,-1.774193548387097,0.0
23.0,-0.9921147013144783,-1.7937438905180842,0.0
23.0,-0.9822872507286888,-1.7546432062561097,0.0
23.0,-0.9685831611286323,-1.735092864125122,0.0
24.0,-0.9510565162951536,0.014662756598240456,0.0
24.0,-0.9297764858882512,0.014662756598240456,0.0
24.0,-0.9048270524660199,-0.004887585532746819,0.0
24.0,-0.8763066800438638,-0.014662756598240456,0.0
24.0,-0.8443279255020155,-0.5146627565982405,0.0
24.0,-0.8090169943749476,-1.0146627565982405,0.0
24.0,-0.7705132427757896,-1.021505376344086,0.0
24.0,-0.7289686274214116,-0.9824046920821115,0.0
24.0,-0.684547105928689,-0.9433040078201369,0.0
24.0,-0.6374239897486896,-0.9433040078201369,0.0
24.0,-0.5877852522924734,-0.9042033235581624,0.0
24.0,-0.5358267949789963,-0.8651026392961878,0.0
24.0,-0.4817536741017153,-0.7869012707722387,0.0
24.0,-0.4257792915650722,-0.7184750733137832,0.0
24.0,-0.3681245526846787,-0.6500488758553278,0.0
24.0,-0.3090169943749477,-0.562072336265885,0.0
24.0,-0.24868988716485535,-0.45454545454545414,0.0
24.0,-0.18738131458572468,-0.4447702834799605,0.0
24.0,-0.12533323356430465,-0.37634408602150504,0.0
24.0,-0.06279051952931326,-0.29814271749755594,0.0
24.0,-2.4492935982947064e-16,-0.2590420332355814,0.0
24.0,0.06279051952931278,-0.1808406647116323,0.0
24.0,0.12533323356430418,-0.14173998044965774,0.0
24.0,0.1873813145857242,-0.09286412512218956,0.0
24.0,0.24868988716485488,-0.004887585532746819,0.0
24.0,0.3090169943749472,0.053763440860215006,0.0
24.0,0.3681245526846782,0.1808406647116323,0.0
24.0,0.42577929156507255,0.2883675464320623,0.0
24.0,0.48175367410171566,0.3665689149560114,0.0
24.0,0.5358267949789967,0.4740957966764414,0.0
24.0,0.5877852522924736,0.6011730205278596,0.0
24.0,0.6374239897486899,0.7184750733137832,0.0
24.0,0.6845471059286893,0.7966764418377323,0.0
24.0,0.7289686274214107,0.8944281524926687,0.0
24.0,0.7705132427757887,0.9921798631476051,0.0
24.0,0.8090169943749468,1.129032258064516,0.0
24.0,0.8443279255020147,1.2463343108504397,0.0
24.0,0.8763066800438631,1.3147605083088951,0.0
24.0,0.9048270524660194,1.4125122189638315,0.0
24.0,0.9297764858882511,1.4125122189638315,0.0
24.0,0.9510565162951535,1.451612903225806,0.0
24.0,0.968583161128631,1.5102639296187688,0.0
24.0,0.9822872507286886,1.559139784946237,0.0
24.0,0.9921147013144778,1.529814271749756,0.0
24.0,0.9980267284282716,1.6080156402737051,0.0
24.0,1.0,1.6568914956011733,0.0
24.0,0.9980267284282716,1.6568914956011733,0.0
24.0,0.9921147013144779,1.666666666666667,0.0
24.0,0.9822872507286886,1.6275659824046924,0.0
24.0,0.9685831611286311,1.6080156402737051,0.0
24.0,0.9510565162951536,1.5884652981427179,0.0
24.0,0.9297764858882517,1.6177908113391988,0.0
24.0,0.9048270524660192,1.4907135874877806,0.0
24.0,0.8763066800438634,1.4125122189638315,0.0
24.0,0.8443279255020151,1.3538611925708697,0.0
24.0,0.8090169943749477,1.3049853372434015,0.0
24.0,0.7705132427757886,1.2072336265884651,0.0
24.0,0.728968627421411,1.1974584555229715,0.0
24.0,0.6845471059286897,1.129032258064516,0.0
24.0,0.6374239897486911,1.0410557184750733,0.0
24.0,0.5877852522924734,0.9824046920821115,0.0
24.0,0.5358267949789972,0.913978494623656,0.0
24.0,0.4817536741017162,0.7966764418377323,0.0
24.0,0.42577929156507394,0.6598240469208214,0.0
24.0,0.368124552684678,0.5425219941348978,0.0
24.0,0.3090169943749478,0.4643206256109478,0.0
24.0,0.2486898871648555,0.3958944281524923,0.0
24.0,0.18738131458572568,0.3176930596285432,0.0
24.0,0.1253332335643039,0.1808406647116323,0.0
24.0,0.06279051952931339,0.053763440860215006,0.0
24.0,3.6739403974420594e-16,-0.03421309872922773,0.0
24.0,-0.06279051952931265,-0.17106549364613866,0.0
24.0,-0.12533323356430318,-0.19061583577712593,0.0
24.0,-0.18738131458572496,-0.27859237536656867,0.0
24.0,-0.24868988716485477,-0.37634408602150504,0.0
24.0,-0.30901699437494706,-0.5034213098729232,0.0
24.0,-0.36812455268467725,-0.6500488758553278,0.0
24.0,-0.42577929156507327,-0.7771260997067451,0.0
24.0,-0.48175367410171555,-0.8651026392961878,0.0
24.0,-0.5358267949789965,-0.9824046920821115,0.0
24.0,-0.5877852522924728,-1.0899315738025415,0.0
24.0,-0.6374239897486905,-1.1779081133919842,0.0
24.0,-0.6845471059286892,-1.2267839687194524,0.0
24.0,-0.7289686274214106,-1.2952101661779083,0.0
24.0,-0.770513242775788,-1.4516129032258065,0.0
24.0,-0.8090169943749472,-1.5395894428152492,0.0
24.0,-0.8443279255020146,-1.627565982404692,0.0
24.0,-0.876306680043863,-1.735092864125122,0.0
24.0,-0.9048270524660189,-1.8132942326490715,0.0
24.0,-0.9297764858882513,-1.8230694037145652,0.0
24.0,-0.9510565162951534,-1.8914956011730206,0.0
24.0,-0.968583161128631,-1.9208211143695015,0.0
24.0,-0.9822872507286885,-1.959921798631476,0.0
24.0,-0.9921147013144779,-2.018572825024438,0.0
24.0,-0.9980267284282716,-2.0576735092864125,0.0
24.0,-1.0,-2.1163245356793743,0.0
24.0,-0.9980267284282716,-2.0772238514173997,0.0
24.0,-0.992114701314478,-2.0772238514173997,0.0
24.0,-0.9822872507286886,-2.047898338220919,0.0
24.0,-0.9685831611286312,-2.047898338220919,0.0
24.0,-0.9510565162951538,-2.0283479960899315,0.0
24.0,-0.9297764858882517,-1.9990224828934506,0.0
24.0,-0.9048270524660192,-1.852394916911046,0.0
24.0,-0.8763066800438635,-1.7937438905180842,0.0
24.0,-0.8443279255020151,-1.6959921798631474,0.0
24.0,-0.8090169943749477,-1.627565982404692,0.0
24.0,-0.7705132427757886,-1.5884652981427174,0.0
24.0,-0.7289686274214111,-1.5298142717497556,0.0
24.0,-0.6845471059286898,-1.490713587487781,0.0
24.0,-0.6374239897486912,-1.3147605083088956,0.0
24.0,-0.5877852522924735,-1.2267839687194524,0.0
24.0,-0.5358267949789973,-1.158357771260997,0.0
24.0,-0.4817536741017163,-1.0312805474095796,0.0
24.0,-0.42577929156507405,-0.9042033235581624,0.0
24.0,-0.3681245526846781,-0.8162267839687196,0.0
24.0,-0.3090169943749479,-0.7380254154447705,0.0
24.0,-0.2486898871648556,-0.6304985337243405,0.0
24.0,-0.1873813145857258,-0.5425219941348978,0.0
24.0,-0.125333233564304,-0.3861192570869987,0.0
24.0,-0.06279051952931351,-0.29814271749755594,0.0
24.0,-4.898587196589413e-16,-0.26881720430107503,0.0
24.0,0.06279051952931075,-0.20039100684261957,0.0
24.0,0.12533323356430304,-0.11241446725317683,0.0
24.0,0.1873813145857231,-0.04398826979472137,0.0
24.0,0.24868988716485466,0.04398826979472137,0.0
24.0,0.30901699437494523,0.15151515151515138,0.0
24.0,0.36812455268467714,0.3079178885630496,0.0
24.0,0.42577929156507155,0.40566959921798595,0.0
24.0,0.48175367410171543,0.5131964809384169,0.0
24.0,0.535826794978995,0.6207233626588469,0.0
24.0,0.5877852522924727,0.669599217986315,0.0
24.0,0.6374239897486891,0.7673509286412514,0.0
24.0,0.6845471059286891,0.8846529814271751,0.0
24.0,0.7289686274214104,0.9824046920821115,0.0
24.0,0.7705132427757891,1.0801564027370478,0.0
24.0,0.8090169943749471,1.158357771260997,0.0
24.0,0.8443279255020155,1.2463343108504397,0.0
24.0,0.876306680043863,1.2952101661779079,0.0
24.0,0.9048270524660196,1.3831867057673506,0.0
24.0,0.9297764858882513,1.4222873900293251,0.0
24.0,0.951056516295154,1.5004887585532742,0.0
24.0,0.9685831611286309,1.5395894428152497,0.0
24.0,0.9822872507286888,1.5493646138807433,0.0
24.0,0.9921147013144779,1.5786901270772242,0.0
24.0,0.9980267284282717,1.5982404692082115,0.0
24.0,1.0,1.6275659824046924,0.0
24.0,0.9980267284282718,1.6862170087976542,0.0
24.0,0.992114701314478,1.7155425219941352,0.0
24.0,0.9822872507286889,1.6862170087976542,0.0
24.0,0.9685831611286312,1.6862170087976542,0.0
24.0,0.9510565162951543,1.6764418377321606,0.0
24.0,0.9297764858882518,1.6275659824046924,0.0
24.0,0.90482705246602,1.5689149560117306,0.0
24.0,0.8763066800438635,1.4907135874877806,0.0
24.0,0.8443279255020162,1.4222873900293251,0.0
24.0,0.8090169943749478,1.3343108504398824,0.0
24.0,0.7705132427757898,1.2463343108504397,0.0
24.0,0.7289686274214112,1.1681329423264906,0.0
24.0,0.6845471059286898,1.0801564027370478,0.0
24.0,0.6374239897486899,1.021505376344086,0.0
24.0,0.5877852522924736,0.9433040078201369,0.0
24.0,0.5358267949789959,0.8553274682306942,0.0
24.0,0.48175367410171643,0.7478005865102642,0.0
24.0,0.42577929156507255,0.6304985337243405,0.0
24.0,0.3681245526846782,0.5327468230694041,0.0
24.0,0.3090169943749463,0.4447702834799605,0.0
24.0,0.2486898871648557,0.3665689149560114,0.0
24.0,0.18738131458572418,0.2590420332355814,0.0
24.0,0.12533323356430415,0.21994134897360684,0.0
24.0,0.06279051952931186,0.11241446725317683,0.0
24.0,6.123233995736766e-16,-0.014662756598240456,0.0
24.0,-0.06279051952931064,-0.16129032258064502,0.0
24.0,-0.12533323356430293,-0.3079178885630496,0.0
24.0,-0.18738131458572296,-0.43499511241446687,0.0
24.0,-0.24868988716485452,-0.5425219941348978,0.0
24.0,-0.3090169943749451,-0.6793743890518087,0.0
24.0,-0.3681245526846787,-0.8357771260997069,0.0
24.0,-0.42577929156506983,-0.9335288367546433,0.0
24.0,-0.4817536741017154,-1.0117302052785924,0.0
24.0,-0.5358267949789964,-1.1388074291300097,0.0
24.0,-0.5877852522924726,-1.236559139784946,0.0
24.0,-0.637423989748689,-1.3343108504398828,0.0
24.0,-0.6845471059286877,-1.4027370478983383,0.0
24.0,-0.7289686274214103,-1.490713587487781,0.0
24.0,-0.7705132427757901,-1.5786901270772238,0.0
24.0,-0.809016994374946,-1.6666666666666665,0.0
24.0,-0.8443279255020155,-1.7644183773216033,0.0
24.0,-0.8763066800438638,-1.8328445747800588,0.0
24.0,-0.9048270524660196,-1.911045943304008,0.0
24.0,-0.9297764858882513,-1.9696969696969697,0.0
24.0,-0.9510565162951534,-1.989247311827957,0.0
24.0,-0.9685831611286309,-2.0576735092864125,0.0
24.0,-0.982287250728689,-2.1065493646138806,0.0
24.0,-0.9921147013144777,-2.145650048875855,0.0
24.0,-0.9980267284282717,-2.174975562072336,0.0
24.0,-1.0,-2.1945259042033234,0.0
24.0,-0.9980267284282718,-2.204301075268817,0.0
24.0,-0.9921147013144778,-2.1847507331378297,0.0
24.0,-0.9822872507286894,-2.204301075268817,0.0
24.0,-0.9685831611286312,-2.1847507331378297,0.0
24.0,-0.9510565162951538,-2.145650048875855,0.0
24.0,-0.9297764858882518,-2.1163245356793743,0.0
24.0,-0.9048270524660201,-2.096774193548387,0.0
24.0,-0.8763066800438645,-2.0576735092864125,0.0
24.0,-0.8443279255020162,-1.9501466275659824,0.0
24.0,-0.8090169943749468,-1.8914956011730206,0.0
24.0,-0.770513242775791,-1.8230694037145652,0.0
24.0,-0.7289686274214113,-1.774193548387097,0.0
24.0,-0.6845471059286887,-1.6862170087976538,0.0
24.0,-0.63742398974869,-1.6373411534701856,0.0
24.0,-0.5877852522924737,-1.5395894428152492,0.0
24.0,-0.5358267949789975,-1.4809384164222874,0.0
24.0,-0.48175367410171654,-1.383186705767351,0.0
24.0,-0.42577929156507105,-1.3245356793743892,0.0
24.0,-0.36812455268468,-1.2267839687194524,0.0
24.0,-0.3090169943749464,-1.0801564027370478,0.0
24.0,-0.2486898871648541,-0.9726295210166178,0.0
24.0,-0.1873813145857243,-0.8651026392961878,0.0
24.0,-0.12533323356430426,-0.7380254154447705,0.0
24.0,-0.06279051952931375,-0.6207233626588469,0.0
24.0,-7.347880794884119e-16,-0.5229716520039105,0.0
24.0,0.06279051952931229,-0.4154447702834796,0.0
24.0,0.12533323356430282,-0.2883675464320623,0.0
24.0,0.18738131458572285,-0.2101661779081132,0.0
24.0,0.24868988716485269,-0.11241446725317683,0.0
24.0,0.309016994374945,0.004887585532746819,0.0
24.0,0.3681245526846786,0.1026392961876832,0.0
24.0,0.4257792915650697,0.26881720430107503,0.0
24.0,0.48175367410171527,0.3861192570869987,0.0
24.0,0.5358267949789963,0.4643206256109478,0.0
24.0,0.5877852522924725,0.5816226783968723,0.0
24.0,0.6374239897486889,0.698924731182796,0.0
24.0,0.6845471059286876,0.7869012707722387,0.0
24.0,0.7289686274214102,0.8455522971652005,0.0
24.0,0.7705132427757901,0.9433040078201369,0.0
24.0,0.8090169943749459,1.0703812316715542,0.0
24.0,0.8443279255020154,1.1094819159335287,0.0
24.0,0.8763066800438637,1.2463343108504397,0.0
24.0,0.9048270524660195,1.344086021505376,0.0
24.0,0.9297764858882512,1.373411534701857,0.0
24.0,0.9510565162951533,1.4125122189638315,0.0
24.0,0.9685831611286309,1.4320625610948188,0.0
24.0,0.982287250728689,1.4418377321603124,0.0
24.0,0.9921147013144777,1.4613880742912997,0.0
24.0,0.9980267284282717,1.5004887585532742,0.0
24.0,1.0,1.5395894428152497,0.0
24.0,0.9980267284282718,1.5786901270772242,0.0
24.0,0.9921147013144778,1.5689149560117306,0.0
24.0,0.9822872507286894,1.5982404692082115,0.0
24.0,0.9685831611286312,1.5395894428152497,0.0
24.0,0.9510565162951539,1.4907135874877806,0.0
24.0,0.9297764858882518,1.4222873900293251,0.0
24.0,0.9048270524660201,1.3538611925708697,0.0
24.0,0.8763066800438645,1.3245356793743888,0.0
24.0,0.8443279255020163,1.2756598240469206,0.0
24.0,0.8090169943749469,1.158357771260997,0.0
24.0,0.7705132427757911,1.1094819159335287,0.0
24.0,0.7289686274214113,1.0019550342130987,0.0
24.0,0.6845471059286887,0.9433040078201369,0.0
24.0,0.6374239897486901,0.8553274682306942,0.0
24.0,0.5877852522924738,0.8162267839687196,0.0
24.0,0.5358267949789977,0.7575757575757578,0.0
24.0,0.48175367410171666,0.6793743890518087,0.0
24.0,0.42577929156507116,0.5327468230694041,0.0
24.0,0.3681245526846801,0.40566959921798595,0.0
24.0,0.30901699437494656,0.3079178885630496,0.0
24.0,0.24868988716485424,0.19061583577712593,0.0
24.0,0.1873813145857244,0.09286412512218956,0.0
24.0,0.1253332335643044,-0.004887585532746819,0.0
24.0,0.06279051952931387,-0.08308895405669592,0.0
24.0,8.572527594031472e-16,-0.19061583577712593,0.0
24.0,-0.06279051952931217,-0.3372434017595305,0.0
24.0,-0.12533323356430268,-0.4154447702834796,0.0
24.0,-0.18738131458572274,-0.4936461388074287,0.0
24.0,-0.24868988716485257,-0.5816226783968723,0.0
24.0,-0.3090169943749449,-0.6891495601173023,0.0
24.0,-0.3681245526846785,-0.8651026392961878,0.0
24.0,-0.4257792915650696,-0.8944281524926687,0.0
24.0,-0.48175367410171516,-0.9921798631476051,0.0
24.0,-0.5358267949789962,-1.099706744868035,0.0
24.0,-0.5877852522924725,-1.2170087976539588,0.0
24.0,-0.6374239897486887,-1.304985337243402,0.0
24.0,-0.6845471059286875,-1.3734115347018574,0.0
24.0,-0.7289686274214101,-1.4613880742913001,0.0
24.0,-0.77051324277579,-1.5493646138807429,0.0
24.0,-0.8090169943749459,-1.6764418377321602,0.0
24.0,-0.8443279255020153,-1.7839687194525906,0.0
24.0,-0.8763066800438637,-1.7937438905180842,0.0
24.0,-0.9048270524660195,-1.8621700879765397,0.0
24.0,-0.9297764858882512,-1.9403714565004888,0.0
24.0,-0.9510565162951533,-2.0283479960899315,0.0
24.0,-0.9685831611286309,-2.1065493646138806,0.0
24.0,-0.982287250728689,-2.145650048875855,0.0
24.0,-0.9921147013144775,-2.1847507331378297,0.0
24.0,-0.9980267284282717,-2.1652003910068425,0.0
24.0,-1.0,-2.145650048875855,0.0
24.0,-0.9980267284282718,-2.0869990224828934,0.0
24.0,-0.9921147013144778,-2.0772238514173997,0.0
24.0,-0.9822872507286894,-2.047898338220919,0.0
24.0,-0.9685831611286313,-1.9990224828934506,0.0
24.0,-0.9510565162951539,-1.989247311827957,0.0
24.0,-0.9297764858882519,-1.9403714565004888,0.0
24.0,-0.9048270524660202,-1.8914956011730206,0.0
24.0,-0.8763066800438646,-1.8132942326490715,0.0
24.0,-0.8443279255020164,-1.735092864125122,0.0
24.0,-0.8090169943749469,-1.6959921798631474,0.0
24.0,-0.7705132427757913,-1.6080156402737047,0.0
24.0,-0.7289686274214114,-1.520039100684262,0.0
24.0,-0.6845471059286888,-1.4516129032258065,0.0
24.0,-0.6374239897486902,-1.383186705767351,0.0
24.0,-0.5877852522924739,-1.2561094819159337,0.0
24.0,-0.5358267949789978,-1.1779081133919842,0.0
24.0,-0.48175367410171677,-1.021505376344086,0.0
24.0,-0.42577929156507127,-0.9335288367546433,0.0
24.0,-0.3681245526846802,-0.7966764418377323,0.0
24.0,-0.3090169943749467,-0.6598240469208214,0.0
24.0,-0.24868988716485435,-0.5522971652003914,0.0
24.0,-0.18738131458572455,-0.4740957966764414,0.0
24.0,-0.1253332335643045,-0.3665689149560114,0.0
24.0,-0.062790519529314,-0.2590420332355814,0.0
24.0,-9.797174393178826e-16,-0.2101661779081132,0.0
24.0,0.06279051952931204,-0.1319648093841641,0.0
24.0,0.12533323356429904,-0.04398826979472137,0.0
24.0,0.1873813145857261,0.014662756598240456,0.0
24.0,0.24868988716485246,0.08308895405669592,0.0
24.0,0.3090169943749448,0.1319648093841641,0.0
24.0,0.36812455268467503,0.21994134897360684,0.0
24.0,0.4257792915650727,0.37634408602150504,0.0
24.0,0.48175367410171505,0.45454545454545414,0.0
24.0,0.5358267949789961,0.5522971652003914,0.0
24.0,0.5877852522924695,0.6793743890518087,0.0
24.0,0.6374239897486914,0.7966764418377323,0.0
24.0,0.6845471059286874,0.8944281524926687,0.0
24.0,0.7289686274214101,1.021505376344086,0.0
24.0,0.7705132427757877,1.099706744868035,0.0
24.0,0.8090169943749479,1.1779081133919842,0.0
24.0,0.8443279255020153,1.2267839687194524,0.0
24.0,0.8763066800438636,1.344086021505376,0.0
24.0,0.9048270524660179,1.3831867057673506,0.0
24.0,0.9297764858882525,1.4711632453567933,0.0
24.0,0.9510565162951533,1.5004887585532742,0.0
24.0,0.9685831611286307,1.5395894428152497,0.0
24.0,0.9822872507286884,1.6275659824046924,0.0
24.0,0.992114701314478,1.637341153470186,0.0
24.0,0.9980267284282717,1.6080156402737051,0.0
24.0,1.0,1.5982404692082115,0.0
24.0,0.9980267284282718,1.5786901270772242,0.0
24.0,0.9921147013144783,1.5102639296187688,0.0
24.0,0.9822872507286887,1.559139784946237,0.0
24.0,0.9685831611286313,1.5493646138807433,0.0
24.0,0.9510565162951539,1.529814271749756,0.0
24.0,0.9297764858882532,1.4711632453567933,0.0
24.0,0.9048270524660188,1.4418377321603124,0.0
24.0,0.8763066800438646,1.4125122189638315,0.0
24.0,0.8443279255020164,1.3831867057673506,0.0
24.0,0.8090169943749491,1.3147605083088951,0.0
24.0,0.770513242775789,1.2561094819159333,0.0
24.0,0.7289686274214116,1.1876832844574778,0.0
24.0,0.684547105928689,1.1094819159335287,0.0
24.0,0.637423989748693,1.0117302052785924,0.0
24.0,0.5877852522924711,0.9335288367546433,0.0
24.0,0.5358267949789979,0.8748778103616814,0.0
24.0,0.4817536741017169,0.8260019550342133,0.0
24.0,0.4257792915650746,0.7380254154447705,0.0
24.0,0.368124552684677,0.6207233626588469,0.0
24.0,0.3090169943749468,0.5034213098729223,0.0
24.0,0.24868988716485446,0.4447702834799605,0.0
24.0,0.18738131458572815,0.35679374389051777,0.0
24.0,0.1253332335643011,0.2883675464320623,0.0
24.0,0.06279051952931412,0.15151515151515138,0.0
24.0,1.102182119232618e-15,0.04398826979472137,0.0
24.0,-0.06279051952931192,-0.07331378299120228,0.0
24.0,-0.12533323356429893,-0.1808406647116323,0.0
24.0,-0.187381314585726,-0.22971652003910048,0.0
24.0,-0.24868988716485232,-0.37634408602150504,0.0
24.0,-0.3090169943749447,-0.42521994134897323,0.0
24.0,-0.3681245526846749,-0.5327468230694041,0.0
24.0,-0.4257792915650726,-0.6011730205278596,0.0
24.0,-0.48175367410171493,-0.7575757575757578,0.0
24.0,-0.535826794978996,-0.8553274682306942,0.0
24.0,-0.5877852522924694,-0.9824046920821115,0.0
24.0,-0.6374239897486913,-1.0801564027370478,0.0
24.0,-0.6845471059286873,-1.1779081133919842,0.0
24.0,-0.72896862742141,-1.2463343108504397,0.0
24.0,-0.7705132427757876,-1.3734115347018574,0.0
24.0,-0.8090169943749478,-1.490713587487781,0.0
24.0,-0.8443279255020152,-1.5591397849462365,0.0
24.0,-0.8763066800438636,-1.6568914956011729,0.0
24.0,-0.9048270524660178,-1.7644183773216033,0.0
24.0,-0.9297764858882525,-1.774193548387097,0.0
24.0,-0.9510565162951532,-1.8035190615835779,0.0
24.0,-0.9685831611286307,-1.8621700879765397,0.0
24.0,-0.9822872507286883,-1.911045943304008,0.0
24.0,-0.992114701314478,-1.9305962854349952,0.0
24.0,-0.9980267284282717,-1.959921798631476,0.0
24.0,-1.0,-1.989247311827957,0.0
24.0,-0.9980267284282718,-2.018572825024438,0.0
24.0,-0.9921147013144783,-1.9990224828934506,0.0
24.0,-0.9822872507286887,-2.0087976539589443,0.0
24.0,-0.9685831611286313,-2.018572825024438,0.0
24.0,-0.951056516295154,-1.9696969696969697,0.0
24.0,-0.9297764858882532,-1.9305962854349952,0.0
24.0,-0.9048270524660188,-1.8719452590420333,0.0
24.0,-0.8763066800438647,-1.7937438905180842,0.0
24.0,-0.8443279255020165,-1.6862170087976538,0.0
24.0,-0.8090169943749491,-1.6177908113391983,0.0
24.0,-0.770513242775789,-1.520039100684262,0.0
24.0,-0.7289686274214117,-1.4320625610948192,0.0
24.0,-0.6845471059286891,-1.236559139784946,0.0
24.0,-0.6374239897486931,-1.158357771260997,0.0
24.0,-0.5877852522924712,-1.129032258064516,0.0
24.0,-0.535826794978998,-1.0606060606060606,0.0
24.0,-0.481753674101717,-0.9921798631476051,0.0
24.0,-0.4257792915650747,-0.8651026392961878,0.0
24.0,-0.3681245526846771,-0.7282502443792769,0.0
24.0,-0.3090169943749469,-0.6500488758553278,0.0
24.0,-0.2486898871648546,-0.5522971652003914,0.0
24.0,-0.18738131458572826,-0.43499511241446687,0.0
24.0,-0.12533323356430123,-0.3372434017595305,0.0
24.0,-0.06279051952931425,-0.21994134897360684,0.0
24.0,-1.2246467991473533e-15,-0.16129032258064502,0.0
24.0,0.06279051952931179,-0.08308895405669592,0.0
24.0,0.1253332335642988,0.024437927663734094,0.0
24.0,0.18738131458572588,0.09286412512218956,0.0
24.0,0.2486898871648522,0.16129032258064502,0.0
24.0,0.30901699437494456,0.29814271749755594,0.0
24.0,0.3681245526846748,0.34701857282502413,0.0
24.0,0.4257792915650725,0.4447702834799605,0.0
24.0,0.4817536741017148,0.5131964809384169,0.0
24.0,0.5358267949789959,0.6207233626588469,0.0
24.0,0.5877852522924693,0.698924731182796,0.0
24.0,0.6374239897486885,0.7380254154447705,0.0
24.0,0.6845471059286898,0.8455522971652005,0.0
24.0,0.7289686274214099,0.8944281524926687,0.0
24.0,0.7705132427757853,0.9237536656891496,0.0
24.0,0.8090169943749498,1.0606060606060606,0.0
24.0,0.8443279255020152,1.1485826001955033,0.0
24.0,0.8763066800438618,1.236559139784946,0.0
24.0,0.9048270524660192,1.3831867057673506,0.0
24.0,0.9297764858882523,1.4320625610948188,0.0
24.0,0.9510565162951532,1.4320625610948188,0.0
24.0,0.9685831611286316,1.4711632453567933,0.0
24.0,0.9822872507286883,1.4711632453567933,0.0
24.0,0.992114701314478,1.5004887585532742,0.0
24.0,0.9980267284282713,1.5395894428152497,0.0
24.0,1.0,1.529814271749756,0.0
24.0,0.9980267284282718,1.4613880742912997,0.0
24.0,0.9921147013144788,1.4613880742912997,0.0
24.0,0.9822872507286882,1.5493646138807433,0.0
24.0,0.9685831611286313,1.5004887585532742,0.0
24.0,0.9510565162951551,1.4418377321603124,0.0
24.0,0.929776485888252,1.3929618768328442,0.0
24.0,0.9048270524660189,1.4125122189638315,0.0
24.0,0.8763066800438647,1.373411534701857,0.0
24.0,0.8443279255020146,1.3245356793743888,0.0
24.0,0.8090169943749492,1.1876832844574778,0.0
24.0,0.7705132427757891,1.1388074291300097,0.0
24.0,0.7289686274214141,1.1192570869990224,0.0
24.0,0.6845471059286892,1.0117302052785924,0.0
24.0,0.6374239897486932,0.9530791788856305,0.0
24.0,0.5877852522924742,0.8455522971652005,0.0
24.0,0.535826794978995,0.6891495601173023,0.0
24.0,0.48175367410171704,0.591397849462366,0.0
24.0,0.42577929156507804,0.4936461388074287,0.0
24.0,0.3681245526846739,0.3372434017595305,0.0
24.0,0.309016994374947,0.22971652003910048,0.0
24.0,0.24868988716485815,0.16129032258064502,0.0
24.0,0.1873813145857249,0.1319648093841641,0.0
24.0,0.12533323356430134,0.04398826979472137,0.0
24.0,0.06279051952931436,-0.024437927663734094,0.0
24.0,4.899825157862589e-15,-0.12218963831867047,0.0
24.0,-0.06279051952931168,-0.2590420332355814,0.0
24.0,-0.12533323356429868,-0.3372434017595305,0.0
24.0,-0.18738131458572224,-0.4643206256109478,0.0
24.0,-0.24868988716485554,-0.5522971652003914,0.0
24.0,-0.30901699437494445,-0.6598240469208214,0.0
24.0,-0.3681245526846714,-0.7869012707722387,0.0
24.0,-0.4257792915650756,-0.8944281524926687,0.0
24.0,-0.4817536741017147,-1.0019550342130987,0.0
24.0,-0.5358267949789928,-1.1094819159335287,0.0
24.0,-0.587785252292472,-1.2170087976539588,0.0
24.0,-0.6374239897486911,-1.2561094819159337,0.0
24.0,-0.6845471059286872,-1.3440860215053765,0.0
24.0,-0.7289686274214123,-1.4320625610948192,0.0
24.0,-0.7705132427757875,-1.4809384164222874,0.0
24.0,-0.8090169943749477,-1.520039100684262,0.0
24.0,-0.8443279255020132,-1.6177908113391983,0.0
24.0,-0.8763066800438635,-1.7155425219941347,0.0
24.0,-0.9048270524660177,-1.7155425219941347,0.0
24.0,-0.929776485888251,-1.7546432062561097,0.0
24.0,-0.9510565162951542,-1.852394916911046,0.0
24.0,-0.9685831611286306,-1.8914956011730206,0.0
24.0,-0.9822872507286876,-1.9403714565004888,0.0
24.0,-0.9921147013144784,-1.911045943304008,0.0
24.0,-0.9980267284282716,-1.911045943304008,0.0
24.0,-1.0,-1.9403714565004888,0.0
24.0,-0.9980267284282716,-1.9501466275659824,0.0
24.0,-0.9921147013144783,-1.911045943304008,0.0
24.0,-0.9822872507286888,-1.9305962854349952,0.0
24.0,-0.9685831611286323,-1.8719452590420333,0.0
25.0,-0.9510565162951536,-0.03421309872922773,0.0
25.0,-0.9297764858882512,-0.014662756598240456,0.0
25.0,-0.9048270524660199,-0.024437927663734094,0.0
25.0,-0.8763066800438638,-0.014662756598240456,0.0
25.0,-0.8443279255020155,-0.014662756598240456,0.0
25.0,-0.8090169943749476,-0.5146627565982405,0.0
25.0,-0.7705132427757896,-1.0146627565982405,0.0
25.0,-0.7289686274214116,-1.021505376344086,0.0
25.0,-0.684547105928689,-1.0019550342130987,0.0
25.0,-0.6374239897486896,-0.9530791788856305,0.0
25.0,-0.5877852522924734,-0.9042033235581624,0.0
25.0,-0.5358267949789963,-0.8357771260997069,0.0
25.0,-0.4817536741017153,-0.7380254154447705,0.0
25.0,-0.4257792915650722,-0.6598240469208214,0.0
25.0,-0.3681245526846787,-0.562072336265885,0.0
25.0,-0.3090169943749477,-0.4447702834799605,0.0
25.0,-0.24868988716485535,-0.3176930596285432,0.0
25.0,-0.18738131458572468,-0.23949169110459412,0.0
25.0,-0.12533323356430465,-0.15151515151515138,0.0
25.0,-0.06279051952931326,-0.1026392961876832,0.0
25.0,-2.4492935982947064e-16,-0.04398826979472137,0.0
25.0,0.06279051952931278,0.014662756598240456,0.0
25.0,0.12533323356430418,0.09286412512218956,0.0
25.0,0.1873813145857242,0.23949169110459412,0.0
25.0,0.24868988716485488,0.3372434017595305,0.0
25.0,0.3090169943749472,0.4740957966764414,0.0
25.0,0.3681245526846782,0.562072336265885,0.0
25.0,0.42577929156507255,0.6500488758553278,0.0
25.0,0.48175367410171566,0.7282502443792769,0.0
25.0,0.5358267949789967,0.8260019550342133,0.0
25.0,0.5877852522924736,0.9335288367546433,0.0
25.0,0.6374239897486899,1.0019550342130987,0.0
25.0,0.6845471059286893,1.099706744868035,0.0
25.0,0.7289686274214107,1.1681329423264906,0.0
25.0,0.7705132427757887,1.2561094819159333,0.0
25.0,0.8090169943749468,1.373411534701857,0.0
25.0,0.8443279255020147,1.4711632453567933,0.0
25.0,0.8763066800438631,1.4613880742912997,0.0
25.0,0.9048270524660194,1.5493646138807433,0.0
25.0,0.9297764858882511,1.6568914956011733,0.0
25.0,0.9510565162951535,1.7057673509286415,0.0
25.0,0.968583161128631,1.7644183773216033,0.0
25.0,0.9822872507286886,1.744868035190616,0.0
25.0,0.9921147013144778,1.7546432062561097,0.0
25.0,0.9980267284282716,1.7644183773216033,0.0
25.0,1.0,1.8230694037145652,0.0
25.0,0.9980267284282716,1.8132942326490715,0.0
25.0,0.9921147013144779,1.774193548387097,0.0
25.0,0.9822872507286886,1.7644183773216033,0.0
25.0,0.9685831611286311,1.7937438905180842,0.0
25.0,0.9510565162951536,1.7546432062561097,0.0
25.0,0.9297764858882517,1.6764418377321606,0.0
25.0,0.9048270524660192,1.5884652981427179,0.0
25.0,0.8763066800438634,1.5493646138807433,0.0
25.0,0.8443279255020151,1.5102639296187688,0.0
25.0,0.8090169943749477,1.373411534701857,0.0
25.0,0.7705132427757886,1.2561094819159333,0.0
25.0,0.728968627421411,1.1681329423264906,0.0
25.0,0.6845471059286897,1.099706744868035,0.0
25.0,0.6374239897486911,1.021505376344086,0.0
25.0,0.5877852522924734,0.913978494623656,0.0
25.0,0.5358267949789972,0.7673509286412514,0.0
25.0,0.4817536741017162,0.6598240469208214,0.0
25.0,0.42577929156507394,0.669599217986315,0.0
25.0,0.368124552684678,0.6011730205278596,0.0
25.0,0.3090169943749478,0.4936461388074287,0.0
25.0,0.2486898871648555,0.43499511241446687,0.0
25.0,0.18738131458572568,0.35679374389051777,0.0
25.0,0.1253332335643039,0.24926686217008776,0.0
25.0,0.06279051952931339,0.14173998044965774,0.0
25.0,3.6739403974420594e-16,-0.04398826979472137,0.0
25.0,-0.06279051952931265,-0.09286412512218956,0.0
25.0,-0.12533323356430318,-0.19061583577712593,0.0
25.0,-0.18738131458572496,-0.24926686217008776,0.0
25.0,-0.24868988716485477,-0.32746823069403685,0.0
25.0,-0.30901699437494706,-0.40566959921798595,0.0
25.0,-0.36812455268467725,-0.48387096774193505,0.0
25.0,-0.42577929156507327,-0.5718475073313787,0.0
25.0,-0.48175367410171555,-0.669599217986315,0.0
25.0,-0.5358267949789965,-0.7966764418377323,0.0
25.0,-0.5877852522924728,-0.9433040078201369,0.0
25.0,-0.6374239897486905,-1.0801564027370478,0.0
25.0,-0.6845471059286892,-1.1485826001955033,0.0
25.0,-0.7289686274214106,-1.2658846529814274,0.0
25.0,-0.770513242775788,-1.3245356793743892,0.0
25.0,-0.8090169943749472,-1.412512218963832,0.0
25.0,-0.8443279255020146,-1.5395894428152492,0.0
25.0,-0.876306680043863,-1.6568914956011729,0.0
25.0,-0.9048270524660189,-1.6764418377321602,0.0
25.0,-0.9297764858882513,-1.6862170087976538,0.0
25.0,-0.9510565162951534,-1.6862170087976538,0.0
25.0,-0.968583161128631,-1.6959921798631474,0.0
25.0,-0.9822872507286885,-1.705767350928641,0.0
25.0,-0.9921147013144779,-1.774193548387097,0.0
25.0,-0.9980267284282716,-1.8132942326490715,0.0
25.0,-1.0,-1.8426197458455524,0.0
25.0,-0.9980267284282716,-1.8426197458455524,0.0
25.0,-0.992114701314478,-1.7937438905180842,0.0
25.0,-0.9822872507286886,-1.7937438905180842,0.0
25.0,-0.9685831611286312,-1.8035190615835779,0.0
25.0,-0.9510565162951538,-1.774193548387097,0.0
25.0,-0.9297764858882517,-1.7839687194525906,0.0
25.0,-0.9048270524660192,-1.7839687194525906,0.0
25.0,-0.8763066800438635,-1.7448680351906156,0.0
25.0,-0.8443279255020151,-1.705767350928641,0.0
25.0,-0.8090169943749477,-1.6373411534701856,0.0
25.0,-0.7705132427757886,-1.5884652981427174,0.0
25.0,-0.7289686274214111,-1.4809384164222874,0.0
25.0,-0.6845471059286898,-1.3734115347018574,0.0
25.0,-0.6374239897486912,-1.304985337243402,0.0
25.0,-0.5877852522924735,-1.2561094819159337,0.0
25.0,-0.5358267949789973,-1.2267839687194524,0.0
25.0,-0.4817536741017163,-1.1388074291300097,0.0
25.0,-0.42577929156507405,-1.021505376344086,0.0
25.0,-0.3681245526846781,-0.9042033235581624,0.0
25.0,-0.3090169943749479,-0.806451612903226,0.0
25.0,-0.2486898871648556,-0.7282502443792769,0.0
25.0,-0.1873813145857258,-0.6109481915933532,0.0
25.0,-0.125333233564304,-0.5327468230694041,0.0
25.0,-0.06279051952931351,-0.4447702834799605,0.0
25.0,-4.898587196589413e-16,-0.29814271749755594,0.0
25.0,0.06279051952931075,-0.2590420332355814,0.0
25.0,0.12533323356430304,-0.23949169110459412,0.0
25.0,0.1873813145857231,-0.1808406647116323,0.0
25.0,0.24868988716485466,-0.15151515151515138,0.0
25.0,0.30901699437494523,-0.024437927663734094,0.0
25.0,0.36812455268467714,0.1026392961876832,0.0
25.0,0.42577929156507155,0.1808406647116323,0.0
25.0,0.48175367410171543,0.29814271749755594,0.0
25.0,0.535826794978995,0.35679374389051777,0.0
25.0,0.5877852522924727,0.48387096774193505,0.0
25.0,0.6374239897486891,0.6109481915933532,0.0
25.0,0.6845471059286891,0.7282502443792769,0.0
25.0,0.7289686274214104,0.7869012707722387,0.0
25.0,0.7705132427757891,0.913978494623656,0.0
25.0,0.8090169943749471,0.9921798631476051,0.0
25.0,0.8443279255020155,1.1094819159335287,0.0
25.0,0.876306680043863,1.1388074291300097,0.0
25.0,0.9048270524660196,1.2267839687194524,0.0
25.0,0.9297764858882513,1.236559139784946,0.0
25.0,0.951056516295154,1.2561094819159333,0.0
25.0,0.9685831611286309,1.3343108504398824,0.0
25.0,0.9822872507286888,1.4125122189638315,0.0
25.0,0.9921147013144779,1.4320625610948188,0.0
25.0,0.9980267284282717,1.4711632453567933,0.0
25.0,1.0,1.4907135874877806,0.0
25.0,0.9980267284282718,1.5004887585532742,0.0
25.0,0.992114701314478,1.5689149560117306,0.0
25.0,0.9822872507286889,1.4711632453567933,0.0
25.0,0.9685831611286312,1.4613880742912997,0.0
25.0,0.9510565162951543,1.4320625610948188,0.0
25.0,0.9297764858882518,1.5004887585532742,0.0
25.0,0.90482705246602,1.4907135874877806,0.0
25.0,0.8763066800438635,1.4320625610948188,0.0
25.0,0.8443279255020162,1.4418377321603124,0.0
25.0,0.8090169943749478,1.480938416422287,0.0
25.0,0.7705132427757898,1.4418377321603124,0.0
25.0,0.7289686274214112,1.265884652981427,0.0
25.0,0.6845471059286898,1.1974584555229715,0.0
25.0,0.6374239897486899,1.129032258064516,0.0
25.0,0.5877852522924736,1.0312805474095796,0.0
25.0,0.5358267949789959,0.8944281524926687,0.0
25.0,0.48175367410171643,0.7966764418377323,0.0
25.0,0.42577929156507255,0.6891495601173023,0.0
25.0,0.3681245526846782,0.7086999022482896,0.0
25.0,0.3090169943749463,0.6402737047898341,0.0
25.0,0.2486898871648557,0.5522971652003914,0.0
25.0,0.18738131458572418,0.4447702834799605,0.0
25.0,0.12533323356430415,0.24926686217008776,0.0
25.0,0.06279051952931186,0.17106549364613866,0.0
25.0,6.123233995736766e-16,0.06353861192570864,0.0
25.0,-0.06279051952931064,-0.11241446725317683,0.0
25.0,-0.12533323356430293,-0.26881720430107503,0.0
25.0,-0.18738131458572296,-0.37634408602150504,0.0
25.0,-0.24868988716485452,-0.4740957966764414,0.0
25.0,-0.3090169943749451,-0.6500488758553278,0.0
25.0,-0.3681245526846787,-0.7966764418377323,0.0
25.0,-0.42577929156506983,-0.8944281524926687,0.0
25.0,-0.4817536741017154,-1.0117302052785924,0.0
25.0,-0.5358267949789964,-1.1192570869990224,0.0
25.0,-0.5877852522924726,-1.3245356793743892,0.0
25.0,-0.637423989748689,-1.412512218963832,0.0
25.0,-0.6845471059286877,-1.5102639296187683,0.0
25.0,-0.7289686274214103,-1.5884652981427174,0.0
25.0,-0.7705132427757901,-1.6568914956011729,0.0
25.0,-0.809016994374946,-1.7155425219941347,0.0
25.0,-0.8443279255020155,-1.8230694037145652,0.0
25.0,-0.8763066800438638,-1.911045943304008,0.0
25.0,-0.9048270524660196,-1.959921798631476,0.0
25.0,-0.9297764858882513,-2.0087976539589443,0.0
25.0,-0.9510565162951534,-2.1163245356793743,0.0
25.0,-0.9685831611286309,-2.047898338220919,0.0
25.0,-0.982287250728689,-2.096774193548387,0.0
25.0,-0.9921147013144777,-2.145650048875855,0.0
25.0,-0.9980267284282717,-2.1847507331378297,0.0
25.0,-1.0,-2.1652003910068425,0.0
25.0,-0.9980267284282718,-2.1163245356793743,0.0
25.0,-0.9921147013144778,-2.096774193548387,0.0
25.0,-0.9822872507286894,-2.145650048875855,0.0
25.0,-0.9685831611286312,-2.155425219941349,0.0
25.0,-0.9510565162951538,-2.1652003910068425,0.0
25.0,-0.9297764858882518,-2.047898338220919,0.0
25.0,-0.9048270524660201,-1.9990224828934506,0.0
25.0,-0.8763066800438645,-1.881720430107527,0.0
25.0,-0.8443279255020162,-1.774193548387097,0.0
25.0,-0.8090169943749468,-1.6568914956011729,0.0
25.0,-0.770513242775791,-1.627565982404692,0.0
25.0,-0.7289686274214113,-1.5493646138807429,0.0
25.0,-0.6845471059286887,-1.5102639296187683,0.0
25.0,-0.63742398974869,-1.4418377321603129,0.0
25.0,-0.5877852522924737,-1.3636363636363638,0.0
25.0,-0.5358267949789975,-1.2561094819159337,0.0
25.0,-0.48175367410171654,-1.158357771260997,0.0
25.0,-0.42577929156507105,-1.0410557184750733,0.0
25.0,-0.36812455268468,-0.9921798631476051,0.0
25.0,-0.3090169943749464,-0.8944281524926687,0.0
25.0,-0.2486898871648541,-0.7869012707722387,0.0
25.0,-0.1873813145857243,-0.6793743890518087,0.0
25.0,-0.12533323356430426,-0.5718475073313787,0.0
25.0,-0.06279051952931375,-0.42521994134897323,0.0
25.0,-7.347880794884119e-16,-0.26881720430107503,0.0
25.0,0.06279051952931229,-0.1319648093841641,0.0
25.0,0.12533323356430282,-0.04398826979472137,0.0
25.0,0.18738131458572285,0.053763440860215006,0.0
25.0,0.24868988716485269,0.16129032258064502,0.0
25.0,0.309016994374945,0.21994134897360684,0.0
25.0,0.3681245526846786,0.2883675464320623,0.0
25.0,0.4257792915650697,0.37634408602150504,0.0
25.0,0.48175367410171527,0.4936461388074287,0.0
25.0,0.5358267949789963,0.591397849462366,0.0
25.0,0.5877852522924725,0.698924731182796,0.0
25.0,0.6374239897486889,0.8651026392961878,0.0
25.0,0.6845471059286876,1.0019550342130987,0.0
25.0,0.7289686274214102,1.0703812316715542,0.0
25.0,0.7705132427757901,1.0899315738025415,0.0
25.0,0.8090169943749459,1.1974584555229715,0.0
25.0,0.8443279255020154,1.2952101661779079,0.0
25.0,0.8763066800438637,1.3636363636363633,0.0
25.0,0.9048270524660195,1.4320625610948188,0.0
25.0,0.9297764858882512,1.4907135874877806,0.0
25.0,0.9510565162951533,1.5982404692082115,0.0
25.0,0.9685831611286309,1.6862170087976542,0.0
25.0,0.982287250728689,1.6959921798631479,0.0
25.0,0.9921147013144777,1.774193548387097,0.0
25.0,0.9980267284282717,1.881720430107527,0.0
25.0,1.0,1.8328445747800588,0.0
25.0,0.9980267284282718,1.9305962854349952,0.0
25.0,0.9921147013144778,1.9305962854349952,0.0
25.0,0.9822872507286894,1.9305962854349952,0.0
25.0,0.9685831611286312,1.9012707722385143,0.0
25.0,0.9510565162951539,1.9012707722385143,0.0
25.0,0.9297764858882518,1.9012707722385143,0.0
25.0,0.9048270524660201,1.852394916911046,0.0
25.0,0.8763066800438645,1.8328445747800588,0.0
25.0,0.8443279255020163,1.774193548387097,0.0
25.0,0.8090169943749469,1.6764418377321606,0.0
25.0,0.7705132427757911,1.6471163245356797,0.0
25.0,0.7289686274214113,1.6471163245356797,0.0
25.0,0.6845471059286887,1.5200391006842624,0.0
25.0,0.6374239897486901,1.5004887585532742,0.0
25.0,0.5877852522924738,1.4613880742912997,0.0
25.0,0.5358267949789977,1.3049853372434015,0.0
25.0,0.48175367410171666,1.2561094819159333,0.0
25.0,0.42577929156507116,1.2463343108504397,0.0
25.0,0.3681245526846801,1.129032258064516,0.0
25.0,0.30901699437494656,1.021505376344086,0.0
25.0,0.24868988716485424,0.8846529814271751,0.0
25.0,0.1873813145857244,0.7380254154447705,0.0
25.0,0.1253332335643044,0.6207233626588469,0.0
25.0,0.06279051952931387,0.4936461388074287,0.0
25.0,8.572527594031472e-16,0.43499511241446687,0.0
25.0,-0.06279051952931217,0.2883675464320623,0.0
25.0,-0.12533323356430268,0.19061583577712593,0.0
25.0,-0.18738131458572274,0.09286412512218956,0.0
25.0,-0.24868988716485257,-0.03421309872922773,0.0
25.0,-0.3090169943749449,-0.14173998044965774,0.0
25.0,-0.3681245526846785,-0.2883675464320623,0.0
25.0,-0.4257792915650696,-0.37634408602150504,0.0
25.0,-0.48175367410171516,-0.5229716520039105,0.0
25.0,-0.5358267949789962,-0.6011730205278596,0.0
25.0,-0.5877852522924725,-0.7184750733137832,0.0
25.0,-0.6374239897486887,-0.7673509286412514,0.0
25.0,-0.6845471059286875,-0.8846529814271751,0.0
25.0,-0.7289686274214101,-0.9530791788856305,0.0
25.0,-0.77051324277579,-1.099706744868035,0.0
25.0,-0.8090169943749459,-1.1876832844574778,0.0
25.0,-0.8443279255020153,-1.2952101661779083,0.0
25.0,-0.8763066800438637,-1.4222873900293256,0.0
25.0,-0.9048270524660195,-1.490713587487781,0.0
25.0,-0.9297764858882512,-1.5689149560117301,0.0
25.0,-0.9510565162951533,-1.6568914956011729,0.0
25.0,-0.9685831611286309,-1.7253176930596283,0.0
25.0,-0.982287250728689,-1.774193548387097,0.0
25.0,-0.9921147013144775,-1.8328445747800588,0.0
25.0,-0.9980267284282717,-1.8328445747800588,0.0
25.0,-1.0,-1.852394916911046,0.0
25.0,-0.9980267284282718,-1.9012707722385143,0.0
25.0,-0.9921147013144778,-1.8914956011730206,0.0
25.0,-0.9822872507286894,-1.881720430107527,0.0
25.0,-0.9685831611286313,-1.8719452590420333,0.0
25.0,-0.9510565162951539,-1.8914956011730206,0.0
25.0,-0.9297764858882519,-1.9012707722385143,0.0
25.0,-0.9048270524660202,-1.8230694037145652,0.0
25.0,-0.8763066800438646,-1.7546432062561097,0.0
25.0,-0.8443279255020164,-1.6568914956011729,0.0
25.0,-0.8090169943749469,-1.5689149560117301,0.0
25.0,-0.7705132427757913,-1.5004887585532747,0.0
25.0,-0.7289686274214114,-1.412512218963832,0.0
25.0,-0.6845471059286888,-1.3538611925708701,0.0
25.0,-0.6374239897486902,-1.2854349951124147,0.0
25.0,-0.5877852522924739,-1.1681329423264906,0.0
25.0,-0.5358267949789978,-1.0899315738025415,0.0
25.0,-0.48175367410171677,-1.0801564027370478,0.0
25.0,-0.42577929156507127,-1.0312805474095796,0.0
25.0,-0.3681245526846802,-0.8748778103616814,0.0
25.0,-0.3090169943749467,-0.7869012707722387,0.0
25.0,-0.24868988716485435,-0.6598240469208214,0.0
25.0,-0.18738131458572455,-0.5425219941348978,0.0
25.0,-0.1253332335643045,-0.4740957966764414,0.0
25.0,-0.062790519529314,-0.3665689149560114,0.0
25.0,-9.797174393178826e-16,-0.27859237536656867,0.0
25.0,0.06279051952931204,-0.1808406647116323,0.0
25.0,0.12533323356429904,-0.1026392961876832,0.0
25.0,0.1873813145857261,0.014662756598240456,0.0
25.0,0.24868988716485246,0.17106549364613866,0.0
25.0,0.3090169943749448,0.2101661779081132,0.0
25.0,0.36812455268467503,0.29814271749755594,0.0
25.0,0.4257792915650727,0.37634408602150504,0.0
25.0,0.48175367410171505,0.45454545454545414,0.0
25.0,0.5358267949789961,0.5229716520039105,0.0
25.0,0.5877852522924695,0.669599217986315,0.0
25.0,0.6374239897486914,0.7771260997067451,0.0
25.0,0.6845471059286874,0.9042033235581624,0.0
25.0,0.7289686274214101,0.9726295210166178,0.0
25.0,0.7705132427757877,1.0606060606060606,0.0
25.0,0.8090169943749479,1.158357771260997,0.0
25.0,0.8443279255020153,1.265884652981427,0.0
25.0,0.8763066800438636,1.2952101661779079,0.0
25.0,0.9048270524660179,1.3538611925708697,0.0
25.0,0.9297764858882525,1.4418377321603124,0.0
25.0,0.9510565162951533,1.451612903225806,0.0
25.0,0.9685831611286307,1.5004887585532742,0.0
25.0,0.9822872507286884,1.5102639296187688,0.0
25.0,0.992114701314478,1.5884652981427179,0.0
25.0,0.9980267284282717,1.5884652981427179,0.0
25.0,1.0,1.5786901270772242,0.0
25.0,0.9980267284282718,1.5884652981427179,0.0
25.0,0.9921147013144783,1.5395894428152497,0.0
25.0,0.9822872507286887,1.4027370478983379,0.0
25.0,0.9685831611286313,1.4320625610948188,0.0
25.0,0.9510565162951539,1.5004887585532742,0.0
25.0,0.9297764858882532,1.4907135874877806,0.0
25.0,0.9048270524660188,1.4125122189638315,0.0
25.0,0.8763066800438646,1.3343108504398824,0.0
25.0,0.8443279255020164,1.2072336265884651,0.0
25.0,0.8090169943749491,1.129032258064516,0.0
25.0,0.770513242775789,1.0703812316715542,0.0
25.0,0.7289686274214116,1.0019550342130987,0.0
25.0,0.684547105928689,0.9530791788856305,0.0
25.0,0.637423989748693,0.913978494623656,0.0
25.0,0.5877852522924711,0.8651026392961878,0.0
25.0,0.5358267949789979,0.8846529814271751,0.0
25.0,0.4817536741017169,0.806451612903226,0.0
25.0,0.4257792915650746,0.7282502443792769,0.0
25.0,0.368124552684677,0.6207233626588469,0.0
25.0,0.3090169943749468,0.4740957966764414,0.0
25.0,0.24868988716485446,0.3958944281524923,0.0
25.0,0.18738131458572815,0.34701857282502413,0.0
25.0,0.1253332335643011,0.27859237536656867,0.0
25.0,0.06279051952931412,0.14173998044965774,0.0
25.0,1.102182119232618e-15,0.06353861192570864,0.0
25.0,-0.06279051952931192,-0.06353861192570864,0.0
25.0,-0.12533323356429893,-0.21994134897360684,0.0
25.0,-0.187381314585726,-0.3079178885630496,0.0
25.0,-0.24868988716485232,-0.3372434017595305,0.0
25.0,-0.3090169943749447,-0.42521994134897323,0.0
25.0,-0.3681245526846749,-0.5718475073313787,0.0
25.0,-0.4257792915650726,-0.6402737047898341,0.0
25.0,-0.48175367410171493,-0.7184750733137832,0.0
25.0,-0.535826794978996,-0.7771260997067451,0.0
25.0,-0.5877852522924694,-0.8944281524926687,0.0
25.0,-0.6374239897486913,-1.0019550342130987,0.0
25.0,-0.6845471059286873,-1.0703812316715542,0.0
25.0,-0.72896862742141,-1.129032258064516,0.0
25.0,-0.7705132427757876,-1.2170087976539588,0.0
25.0,-0.8090169943749478,-1.3440860215053765,0.0
25.0,-0.8443279255020152,-1.412512218963832,0.0
25.0,-0.8763066800438636,-1.490713587487781,0.0
25.0,-0.9048270524660178,-1.5591397849462365,0.0
25.0,-0.9297764858882525,-1.627565982404692,0.0
25.0,-0.9510565162951532,-1.6862170087976538,0.0
25.0,-0.9685831611286307,-1.7448680351906156,0.0
25.0,-0.9822872507286883,-1.7937438905180842,0.0
25.0,-0.992114701314478,-1.8426197458455524,0.0
25.0,-0.9980267284282717,-1.8621700879765397,0.0
25.0,-1.0,-1.8914956011730206,0.0
25.0,-0.9980267284282718,-1.9305962854349952,0.0
25.0,-0.9921147013144783,-1.881720430107527,0.0
25.0,-0.9822872507286887,-1.9012707722385143,0.0
25.0,-0.9685831611286313,-1.8426197458455524,0.0
25.0,-0.951056516295154,-1.8719452590420333,0.0
25.0,-0.9297764858882532,-1.852394916911046,0.0
25.0,-0.9048270524660188,-1.8230694037145652,0.0
25.0,-0.8763066800438647,-1.7546432062561097,0.0
25.0,-0.8443279255020165,-1.6764418377321602,0.0
25.0,-0.8090169943749491,-1.6568914956011729,0.0
25.0,-0.770513242775789,-1.5884652981427174,0.0
25.0,-0.7289686274214117,-1.490713587487781,0.0
25.0,-0.6845471059286891,-1.412512218963832,0.0
25.0,-0.6374239897486931,-1.3343108504398828,0.0
25.0,-0.5877852522924712,-1.2658846529814274,0.0
25.0,-0.535826794978998,-1.129032258064516,0.0
25.0,-0.481753674101717,-1.129032258064516,0.0
25.0,-0.4257792915650747,-1.1779081133919842,0.0
25.0,-0.3681245526846771,-1.0312805474095796,0.0
25.0,-0.3090169943749469,-0.9237536656891496,0.0
25.0,-0.2486898871648546,-0.7966764418377323,0.0
25.0,-0.18738131458572826,-0.6598240469208214,0.0
25.0,-0.12533323356430123,-0.6207233626588469,0.0
25.0,-0.06279051952931425,-0.5327468230694041,0.0
25.0,-1.2246467991473533e-15,-0.5131964809384169,0.0
25.0,0.06279051952931179,-0.40566959921798595,0.0
25.0,0.1253332335642988,-0.29814271749755594,0.0
25.0,0.18738131458572588,-0.23949169110459412,0.0
25.0,0.2486898871648522,-0.15151515151515138,0.0
25.0,0.30901699437494456,0.024437927663734094,0.0
25.0,0.3681245526846748,0.14173998044965774,0.0
25.0,0.4257792915650725,0.2590420332355814,0.0
25.0,0.4817536741017148,0.3958944281524923,0.0
25.0,0.5358267949789959,0.4154447702834796,0.0
25.0,0.5877852522924693,0.48387096774193505,0.0
25.0,0.6374239897486885,0.669599217986315,0.0
25.0,0.6845471059286898,0.7673509286412514,0.0
25.0,0.7289686274214099,0.8260019550342133,0.0
25.0,0.7705132427757853,0.9042033235581624,0.0
25.0,0.8090169943749498,0.9921798631476051,0.0
25.0,0.8443279255020152,1.1485826001955033,0.0
25.0,0.8763066800438618,1.236559139784946,0.0
25.0,0.9048270524660192,1.3538611925708697,0.0
25.0,0.9297764858882523,1.4222873900293251,0.0
25.0,0.9510565162951532,1.4907135874877806,0.0
25.0,0.9685831611286316,1.5493646138807433,0.0
25.0,0.9822872507286883,1.6080156402737051,0.0
25.0,0.992114701314478,1.6471163245356797,0.0
25.0,0.9980267284282713,1.6275659824046924,0.0
25.0,1.0,1.5982404692082115,0.0
25.0,0.9980267284282718,1.6177908113391988,0.0
25.0,0.9921147013144788,1.5689149560117306,0.0
25.0,0.9822872507286882,1.5102639296187688,0.0
25.0,0.9685831611286313,1.529814271749756,0.0
25.0,0.9510565162951551,1.4711632453567933,0.0
25.0,0.929776485888252,1.451612903225806,0.0
25.0,0.9048270524660189,1.4418377321603124,0.0
25.0,0.8763066800438647,1.451612903225806,0.0
25.0,0.8443279255020146,1.4320625610948188,0.0
25.0,0.8090169943749492,1.3929618768328442,0.0
25.0,0.7705132427757891,1.3343108504398824,0.0
25.0,0.7289686274214141,1.2463343108504397,0.0
25.0,0.6845471059286892,1.158357771260997,0.0
25.0,0.6374239897486932,1.0312805474095796,0.0
25.0,0.5877852522924742,0.9726295210166178,0.0
25.0,0.535826794978995,0.8553274682306942,0.0
25.0,0.48175367410171704,0.7869012707722387,0.0
25.0,0.42577929156507804,0.7380254154447705,0.0
25.0,0.3681245526846739,0.6500488758553278,0.0
25.0,0.309016994374947,0.591397849462366,0.0
25.0,0.24868988716485815,0.48387096774193505,0.0
25.0,0.1873813145857249,0.3958944281524923,0.0
25.0,0.12533323356430134,0.32746823069403685,0.0
25.0,0.06279051952931436,0.23949169110459412,0.0
25.0,4.899825157862589e-15,0.1319648093841641,0.0
25.0,-0.06279051952931168,0.03421309872922773,0.0
25.0,-0.12533323356429868,-0.03421309872922773,0.0
25.0,-0.18738131458572224,-0.09286412512218956,0.0
25.0,-0.24868988716485554,-0.20039100684261957,0.0
25.0,-0.30901699437494445,-0.3079178885630496,0.0
25.0,-0.3681245526846714,-0.45454545454545414,0.0
25.0,-0.4257792915650756,-0.5229716520039105,0.0
25.0,-0.4817536741017147,-0.6011730205278596,0.0
25.0,-0.5358267949789928,-0.669599217986315,0.0
25.0,-0.587785252292472,-0.8553274682306942,0.0
25.0,-0.6374239897486911,-1.0019550342130987,0.0
25.0,-0.6845471059286872,-1.1192570869990224,0.0
25.0,-0.7289686274214123,-1.2170087976539588,0.0
25.0,-0.7705132427757875,-1.3440860215053765,0.0
25.0,-0.8090169943749477,-1.4711632453567938,0.0
25.0,-0.8443279255020132,-1.5493646138807429,0.0
25.0,-0.8763066800438635,-1.6568914956011729,0.0
25.0,-0.9048270524660177,-1.6862170087976538,0.0
25.0,-0.929776485888251,-1.7839687194525906,0.0
25.0,-0.9510565162951542,-1.8719452590420333,0.0
25.0,-0.9685831611286306,-1.881720430107527,0.0
25.0,-0.9822872507286876,-1.911045943304008,0.0
25.0,-0.9921147013144784,-1.9305962854349952,0.0
25.0,-0.9980267284282716,-1.9794721407624634,0.0
25.0,-1.0,-2.047898338220919,0.0
25.0,-0.9980267284282716,-2.067448680351906,0.0
25.0,-0.9921147013144783,-2.0576735092864125,0.0
25.0,-0.9822872507286888,-2.1163245356793743,0.0
25.0,-0.9685831611286323,-2.1163245356793743,0.0
26.0,-0.9510565162951536,0.014662756598240456,0.0
26.0,-0.9297764858882512,-0.03421309872922773,0.0
26.0,-0.9048270524660199,-0.053763440860215006,0.0
26.0,-0.8763066800438638,-0.04398826979472137,0.0
26.0,-0.8443279255020155,0.12218963831867047,0.0
26.0,-0.8090169943749476,-0.37781036168132953,0.0
26.0,-0.7705132427757896,-0.8778103616813295,0.0
26.0,-0.7289686274214116,-0.8651026392961878,0.0
26.0,-0.684547105928689,-0.8162267839687196,0.0
26.0,-0.6374239897486896,-0.7478005865102642,0.0
26.0,-0.5877852522924734,-0.7478005865102642,0.0
26.0,-0.5358267949789963,-0.669599217986315,0.0
26.0,-0.4817536741017153,-0.6891495601173023,0.0
26.0,-0.4257792915650722,-0.6793743890518087,0.0
26.0,-0.3681245526846787,-0.6207233626588469,0.0
26.0,-0.3090169943749477,-0.5816226783968723,0.0
26.0,-0.24868988716485535,-0.5034213098729232,0.0
26.0,-0.18738131458572468,-0.42521994134897323,0.0
26.0,-0.12533323356430465,-0.3665689149560114,0.0
26.0,-0.06279051952931326,-0.2101661779081132,0.0
26.0,-2.4492935982947064e-16,-0.1026392961876832,0.0
26.0,0.06279051952931278,0.004887585532746819,0.0
26.0,0.12533323356430418,0.07331378299120228,0.0
26.0,0.1873813145857242,0.11241446725317683,0.0
26.0,0.24868988716485488,0.3176930596285432,0.0
26.0,0.3090169943749472,0.3958944281524923,0.0
26.0,0.3681245526846782,0.43499511241446687,0.0
26.0,0.42577929156507255,0.6011730205278596,0.0
26.0,0.48175367410171566,0.7184750733137832,0.0
26.0,0.5358267949789967,0.7966764418377323,0.0
26.0,0.5877852522924736,0.8553274682306942,0.0
26.0,0.6374239897486899,0.9237536656891496,0.0
26.0,0.6845471059286893,1.0117302052785924,0.0
26.0,0.7289686274214107,1.0899315738025415,0.0
26.0,0.7705132427757887,1.1681329423264906,0.0
26.0,0.8090169943749468,1.1681329423264906,0.0
26.0,0.8443279255020147,1.2952101661779079,0.0
26.0,0.8763066800438631,1.4222873900293251,0.0
26.0,0.9048270524660194,1.4320625610948188,0.0
26.0,0.9297764858882511,1.5102639296187688,0.0
26.0,0.9510565162951535,1.5884652981427179,0.0
26.0,0.968583161128631,1.637341153470186,0.0
26.0,0.9822872507286886,1.7155425219941352,0.0
26.0,0.9921147013144778,1.6959921798631479,0.0
26.0,0.9980267284282716,1.7350928641251224,0.0
26.0,1.0,1.7350928641251224,0.0
26.0,0.9980267284282716,1.6568914956011733,0.0
26.0,0.9921147013144779,1.666666666666667,0.0
26.0,0.9822872507286886,1.6568914956011733,0.0
26.0,0.9685831611286311,1.6177908113391988,0.0
26.0,0.9510565162951536,1.5493646138807433,0.0
26.0,0.9297764858882517,1.4613880742912997,0.0
26.0,0.9048270524660192,1.4418377321603124,0.0
26.0,0.8763066800438634,1.5200391006842624,0.0
26.0,0.8443279255020151,1.5200391006842624,0.0
26.0,0.8090169943749477,1.5102639296187688,0.0
26.0,0.7705132427757886,1.4613880742912997,0.0
26.0,0.728968627421411,1.2952101661779079,0.0
26.0,0.6845471059286897,1.2854349951124142,0.0
26.0,0.6374239897486911,1.1876832844574778,0.0
26.0,0.5877852522924734,1.099706744868035,0.0
26.0,0.5358267949789972,0.9530791788856305,0.0
26.0,0.4817536741017162,0.8455522971652005,0.0
26.0,0.42577929156507394,0.7771260997067451,0.0
26.0,0.368124552684678,0.6207233626588469,0.0
26.0,0.3090169943749478,0.3958944281524923,0.0
26.0,0.2486898871648555,0.3372434017595305,0.0
26.0,0.18738131458572568,0.22971652003910048,0.0
26.0,0.1253332335643039,0.08308895405669592,0.0
26.0,0.06279051952931339,0.053763440860215006,0.0
26.0,3.6739403974420594e-16,-0.11241446725317683,0.0
26.0,-0.06279051952931265,-0.17106549364613866,0.0
26.0,-0.12533323356430318,-0.32746823069403685,0.0
26.0,-0.18738131458572496,-0.4154447702834796,0.0
26.0,-0.24868988716485477,-0.5131964809384169,0.0
26.0,-0.30901699437494706,-0.5718475073313787,0.0
26.0,-0.36812455268467725,-0.6598240469208214,0.0
26.0,-0.42577929156507327,-0.7380254154447705,0.0
26.0,-0.48175367410171555,-0.806451612903226,0.0
26.0,-0.5358267949789965,-0.9042033235581624,0.0
26.0,-0.5877852522924728,-1.0019550342130987,0.0
26.0,-0.6374239897486905,-1.0703812316715542,0.0
26.0,-0.6845471059286892,-1.1779081133919842,0.0
26.0,-0.7289686274214106,-1.304985337243402,0.0
26.0,-0.770513242775788,-1.4418377321603129,0.0
26.0,-0.8090169943749472,-1.5591397849462365,0.0
26.0,-0.8443279255020146,-1.627565982404692,0.0
26.0,-0.876306680043863,-1.735092864125122,0.0
26.0,-0.9048270524660189,-1.7937438905180842,0.0
26.0,-0.9297764858882513,-1.8230694037145652,0.0
26.0,-0.9510565162951534,-1.852394916911046,0.0
26.0,-0.968583161128631,-1.911045943304008,0.0
26.0,-0.9822872507286885,-1.9501466275659824,0.0
26.0,-0.9921147013144779,-1.959921798631476,0.0
26.0,-0.9980267284282716,-1.9990224828934506,0.0
26.0,-1.0,-1.9990224828934506,0.0
26.0,-0.9980267284282716,-2.0087976539589443,0.0
26.0,-0.992114701314478,-1.959921798631476,0.0
26.0,-0.9822872507286886,-2.0087976539589443,0.0
26.0,-0.9685831611286312,-1.9990224828934506,0.0
26.0,-0.9510565162951538,-1.9990224828934506,0.0
26.0,-0.9297764858882517,-1.9696969696969697,0.0
26.0,-0.9048270524660192,-1.911045943304008,0.0
26.0,-0.8763066800438635,-1.8426197458455524,0.0
26.0,-0.8443279255020151,-1.774193548387097,0.0
26.0,-0.8090169943749477,-1.6862170087976538,0.0
26.0,-0.7705132427757886,-1.6373411534701856,0.0
26.0,-0.7289686274214111,-1.5786901270772238,0.0
26.0,-0.6845471059286898,-1.490713587487781,0.0
26.0,-0.6374239897486912,-1.412512218963832,0.0
26.0,-0.5877852522924735,-1.304985337243402,0.0
26.0,-0.5358267949789973,-1.2267839687194524,0.0
26.0,-0.4817536741017163,-1.1094819159335287,0.0
26.0,-0.42577929156507405,-1.0606060606060606,0.0
26.0,-0.3681245526846781,-0.9628543499511242,0.0
26.0,-0.3090169943749479,-0.8162267839687196,0.0
26.0,-0.2486898871648556,-0.7086999022482896,0.0
26.0,-0.1873813145857258,-0.5718475073313787,0.0
26.0,-0.125333233564304,-0.5229716520039105,0.0
26.0,-0.06279051952931351,-0.3861192570869987,0.0
26.0,-4.898587196589413e-16,-0.2883675464320623,0.0
26.0,0.06279051952931075,-0.20039100684261957,0.0
26.0,0.12533323356430304,-0.16129032258064502,0.0
26.0,0.1873813145857231,-0.06353861192570864,0.0
26.0,0.24868988716485466,0.07331378299120228,0.0
26.0,0.30901699437494523,0.19061583577712593,0.0
26.0,0.36812455268467714,0.2590420332355814,0.0
26.0,0.42577929156507155,0.3176930596285432,0.0
26.0,0.48175367410171543,0.42521994134897323,0.0
26.0,0.535826794978995,0.5816226783968723,0.0
26.0,0.5877852522924727,0.6793743890518087,0.0
26.0,0.6374239897486891,0.7869012707722387,0.0
26.0,0.6845471059286891,0.9237536656891496,0.0
26.0,0.7289686274214104,1.0410557184750733,0.0
26.0,0.7705132427757891,1.129032258064516,0.0
26.0,0.8090169943749471,1.2267839687194524,0.0
26.0,0.8443279255020155,1.3147605083088951,0.0
26.0,0.876306680043863,1.373411534701857,0.0
26.0,0.9048270524660196,1.4320625610948188,0.0
26.0,0.9297764858882513,1.4418377321603124,0.0
26.0,0.951056516295154,1.5786901270772242,0.0
26.0,0.9685831611286309,1.6471163245356797,0.0
26.0,0.9822872507286888,1.744868035190616,0.0
26.0,0.9921147013144779,1.7546432062561097,0.0
26.0,0.9980267284282717,1.8132942326490715,0.0
26.0,1.0,1.9305962854349952,0.0
26.0,0.9980267284282718,1.9403714565004888,0.0
26.0,0.992114701314478,1.9012707722385143,0.0
26.0,0.9822872507286889,1.8621700879765397,0.0
26.0,0.9685831611286312,1.8328445747800588,0.0
26.0,0.9510565162951543,1.8132942326490715,0.0
26.0,0.9297764858882518,1.7546432062561097,0.0
26.0,0.90482705246602,1.6275659824046924,0.0
26.0,0.8763066800438635,1.5004887585532742,0.0
26.0,0.8443279255020162,1.451612903225806,0.0
26.0,0.8090169943749478,1.373411534701857,0.0
26.0,0.7705132427757898,1.344086021505376,0.0
26.0,0.7289686274214112,1.265884652981427,0.0
26.0,0.6845471059286898,1.2072336265884651,0.0
26.0,0.6374239897486899,1.1192570869990224,0.0
26.0,0.5877852522924736,1.0606060606060606,0.0
26.0,0.5358267949789959,1.0019550342130987,0.0
26.0,0.48175367410171643,0.913978494623656,0.0
26.0,0.42577929156507255,0.8651026392961878,0.0
26.0,0.3681245526846782,0.8162267839687196,0.0
26.0,0.3090169943749463,0.7575757575757578,0.0
26.0,0.2486898871648557,0.6598240469208214,0.0
26.0,0.18738131458572418,0.5034213098729223,0.0
26.0,0.12533323356430415,0.35679374389051777,0.0
26.0,0.06279051952931186,0.24926686217008776,0.0
26.0,6.123233995736766e-16,0.17106549364613866,0.0
26.0,-0.06279051952931064,0.09286412512218956,0.0
26.0,-0.12533323356430293,-0.004887585532746819,0.0
26.0,-0.18738131458572296,-0.09286412512218956,0.0
26.0,-0.24868988716485452,-0.19061583577712593,0.0
26.0,-0.3090169943749451,-0.26881720430107503,0.0
26.0,-0.3681245526846787,-0.37634408602150504,0.0
26.0,-0.42577929156506983,-0.43499511241446687,0.0
26.0,-0.4817536741017154,-0.5034213098729232,0.0
26.0,-0.5358267949789964,-0.6011730205278596,0.0
26.0,-0.5877852522924726,-0.698924731182796,0.0
26.0,-0.637423989748689,-0.8162267839687196,0.0
26.0,-0.6845471059286877,-0.9237536656891496,0.0
26.0,-0.7289686274214103,-1.050830889540567,0.0
26.0,-0.7705132427757901,-1.1094819159335287,0.0
26.0,-0.809016994374946,-1.1485826001955033,0.0
26.0,-0.8443279255020155,-1.2267839687194524,0.0
26.0,-0.8763066800438638,-1.275659824046921,0.0
26.0,-0.9048270524660196,-1.3440860215053765,0.0
26.0,-0.9297764858882513,-1.4027370478983383,0.0
26.0,-0.9510565162951534,-1.4418377321603129,0.0
26.0,-0.9685831611286309,-1.490713587487781,0.0
26.0,-0.982287250728689,-1.5395894428152492,0.0
26.0,-0.9921147013144777,-1.5493646138807429,0.0
26.0,-0.9980267284282717,-1.627565982404692,0.0
26.0,-1.0,-1.6764418377321602,0.0
26.0,-0.9980267284282718,-1.6862170087976538,0.0
26.0,-0.9921147013144778,-1.735092864125122,0.0
26.0,-0.9822872507286894,-1.7253176930596283,0.0
26.0,-0.9685831611286312,-1.7546432062561097,0.0
26.0,-0.9510565162951538,-1.7937438905180842,0.0
26.0,-0.9297764858882518,-1.7839687194525906,0.0
26.0,-0.9048270524660201,-1.7937438905180842,0.0
26.0,-0.8763066800438645,-1.705767350928641,0.0
26.0,-0.8443279255020162,-1.6373411534701856,0.0
26.0,-0.8090169943749468,-1.5884652981427174,0.0
26.0,-0.770513242775791,-1.520039100684262,0.0
26.0,-0.7289686274214113,-1.5004887585532747,0.0
26.0,-0.6845471059286887,-1.4320625610948192,0.0
26.0,-0.63742398974869,-1.2952101661779083,0.0
26.0,-0.5877852522924737,-1.1974584555229715,0.0
26.0,-0.5358267949789975,-1.0899315738025415,0.0
26.0,-0.48175367410171654,-1.0312805474095796,0.0
26.0,-0.42577929156507105,-0.9042033235581624,0.0
26.0,-0.36812455268468,-0.8455522971652005,0.0
26.0,-0.3090169943749464,-0.7478005865102642,0.0
26.0,-0.2486898871648541,-0.7086999022482896,0.0
26.0,-0.1873813145857243,-0.562072336265885,0.0
26.0,-0.12533323356430426,-0.43499511241446687,0.0
26.0,-0.06279051952931375,-0.3079178885630496,0.0
26.0,-7.347880794884119e-16,-0.15151515151515138,0.0
26.0,0.06279051952931229,-0.053763440860215006,0.0
26.0,0.12533323356430282,0.03421309872922773,0.0
26.0,0.18738131458572285,0.1808406647116323,0.0
26.0,0.24868988716485269,0.2590420332355814,0.0
26.0,0.309016994374945,0.37634408602150504,0.0
26.0,0.3681245526846786,0.5425219941348978,0.0
26.0,0.4257792915650697,0.6500488758553278,0.0
26.0,0.48175367410171527,0.7575757575757578,0.0
26.0,0.5358267949789963,0.8748778103616814,0.0
26.0,0.5877852522924725,0.9726295210166178,0.0
26.0,0.6374239897486889,1.0703812316715542,0.0
26.0,0.6845471059286876,1.129032258064516,0.0
26.0,0.7289686274214102,1.1974584555229715,0.0
26.0,0.7705132427757901,1.3147605083088951,0.0
26.0,0.8090169943749459,1.3831867057673506,0.0
26.0,0.8443279255020154,1.4320625610948188,0.0
26.0,0.8763066800438637,1.5786901270772242,0.0
26.0,0.9048270524660195,1.6177908113391988,0.0
26.0,0.9297764858882512,1.7057673509286415,0.0
26.0,0.9510565162951533,1.7253176930596288,0.0
26.0,0.9685831611286309,1.744868035190616,0.0
26.0,0.982287250728689,1.8132942326490715,0.0
26.0,0.9921147013144777,1.8426197458455524,0.0
26.0,0.9980267284282717,1.8230694037145652,0.0
26.0,1.0,1.8230694037145652,0.0
26.0,0.9980267284282718,1.7937438905180842,0.0
26.0,0.9921147013144778,1.7839687194525906,0.0
26.0,0.9822872507286894,1.7644183773216033,0.0
26.0,0.9685831611286312,1.744868035190616,0.0
26.0,0.9510565162951539,1.6862170087976542,0.0
26.0,0.9297764858882518,1.744868035190616,0.0
26.0,0.9048270524660201,1.6764418377321606,0.0
26.0,0.8763066800438645,1.5786901270772242,0.0
26.0,0.8443279255020163,1.529814271749756,0.0
26.0,0.8090169943749469,1.4711632453567933,0.0
26.0,0.7705132427757911,1.3636363636363633,0.0
26.0,0.7289686274214113,1.2463343108504397,0.0
26.0,0.6845471059286887,1.1485826001955033,0.0
26.0,0.6374239897486901,1.0410557184750733,0.0
26.0,0.5877852522924738,0.9824046920821115,0.0
26.0,0.5358267949789977,0.8846529814271751,0.0
26.0,0.48175367410171666,0.8162267839687196,0.0
26.0,0.42577929156507116,0.7086999022482896,0.0
26.0,0.3681245526846801,0.5425219941348978,0.0
26.0,0.30901699437494656,0.4447702834799605,0.0
26.0,0.24868988716485424,0.35679374389051777,0.0
26.0,0.1873813145857244,0.23949169110459412,0.0
26.0,0.1253332335643044,0.1026392961876832,0.0
26.0,0.06279051952931387,-0.014662756598240456,0.0
26.0,8.572527594031472e-16,-0.1026392961876832,0.0
26.0,-0.06279051952931217,-0.21994134897360684,0.0
26.0,-0.12533323356430268,-0.3372434017595305,0.0
26.0,-0.18738131458572274,-0.3861192570869987,0.0
26.0,-0.24868988716485257,-0.5229716520039105,0.0
26.0,-0.3090169943749449,-0.6402737047898341,0.0
26.0,-0.3681245526846785,-0.7869012707722387,0.0
26.0,-0.4257792915650696,-0.8162267839687196,0.0
26.0,-0.48175367410171516,-0.9042033235581624,0.0
26.0,-0.5358267949789962,-1.0410557184750733,0.0
26.0,-0.5877852522924725,-1.1094819159335287,0.0
26.0,-0.6374239897486887,-1.1779081133919842,0.0
26.0,-0.6845471059286875,-1.2561094819159337,0.0
26.0,-0.7289686274214101,-1.3343108504398828,0.0
26.0,-0.77051324277579,-1.490713587487781,0.0
26.0,-0.8090169943749459,-1.598240469208211,0.0
26.0,-0.8443279255020153,-1.7155425219941347,0.0
26.0,-0.8763066800438637,-1.8230694037145652,0.0
26.0,-0.9048270524660195,-1.8719452590420333,0.0
26.0,-0.9297764858882512,-1.9012707722385143,0.0
26.0,-0.9510565162951533,-1.9501466275659824,0.0
26.0,-0.9685831611286309,-1.9696969696969697,0.0
26.0,-0.982287250728689,-1.9501466275659824,0.0
26.0,-0.9921147013144775,-1.989247311827957,0.0
26.0,-0.9980267284282717,-2.0087976539589443,0.0
26.0,-1.0,-2.067448680351906,0.0
26.0,-0.9980267284282718,-2.1065493646138806,0.0
26.0,-0.9921147013144778,-2.067448680351906,0.0
26.0,-0.9822872507286894,-2.047898338220919,0.0
26.0,-0.9685831611286313,-2.0283479960899315,0.0
26.0,-0.9510565162951539,-1.9794721407624634,0.0
26.0,-0.9297764858882519,-1.9305962854349952,0.0
26.0,-0.9048270524660202,-1.9403714565004888,0.0
26.0,-0.8763066800438646,-1.8621700879765397,0.0
26.0,-0.8443279255020164,-1.8328445747800588,0.0
26.0,-0.8090169943749469,-1.7644183773216033,0.0
26.0,-0.7705132427757913,-1.6471163245356792,0.0
26.0,-0.7289686274214114,-1.598240469208211,0.0
26.0,-0.6845471059286888,-1.5004887585532747,0.0
26.0,-0.6374239897486902,-1.412512218963832,0.0
26.0,-0.5877852522924739,-1.3147605083088956,0.0
26.0,-0.5358267949789978,-1.2267839687194524,0.0
26.0,-0.48175367410171677,-1.099706744868035,0.0
26.0,-0.42577929156507127,-0.9824046920821115,0.0
26.0,-0.3681245526846802,-0.9042033235581624,0.0
26.0,-0.3090169943749467,-0.8357771260997069,0.0
26.0,-0.24868988716485435,-0.7673509286412514,0.0
26.0,-0.18738131458572455,-0.6500488758553278,0.0
26.0,-0.1253332335643045,-0.5131964809384169,0.0
26.0,-0.062790519529314,-0.40566959921798595,0.0
26.0,-9.797174393178826e-16,-0.34701857282502413,0.0
26.0,0.06279051952931204,-0.21994134897360684,0.0
26.0,0.12533323356429904,-0.11241446725317683,0.0
26.0,0.1873813145857261,-0.004887585532746819,0.0
26.0,0.24868988716485246,0.09286412512218956,0.0
26.0,0.3090169943749448,0.1808406647116323,0.0
26.0,0.36812455268467503,0.24926686217008776,0.0
26.0,0.4257792915650727,0.35679374389051777,0.0
26.0,0.48175367410171505,0.43499511241446687,0.0
26.0,0.5358267949789961,0.5425219941348978,0.0
26.0,0.5877852522924695,0.6598240469208214,0.0
26.0,0.6374239897486914,0.8162267839687196,0.0
26.0,0.6845471059286874,0.8944281524926687,0.0
26.0,0.7289686274214101,0.9628543499511242,0.0
26.0,0.7705132427757877,1.0312805474095796,0.0
26.0,0.8090169943749479,1.1485826001955033,0.0
26.0,0.8443279255020153,1.1974584555229715,0.0
26.0,0.8763066800438636,1.2952101661779079,0.0
26.0,0.9048270524660179,1.3245356793743888,0.0
26.0,0.9297764858882525,1.3538611925708697,0.0
26.0,0.9510565162951533,1.4222873900293251,0.0
26.0,0.9685831611286307,1.451612903225806,0.0
26.0,0.9822872507286884,1.529814271749756,0.0
26.0,0.992114701314478,1.559139784946237,0.0
26.0,0.9980267284282717,1.6080156402737051,0.0
26.0,1.0,1.637341153470186,0.0
26.0,0.9980267284282718,1.6471163245356797,0.0
26.0,0.9921147013144783,1.5982404692082115,0.0
26.0,0.9822872507286887,1.559139784946237,0.0
26.0,0.9685831611286313,1.4418377321603124,0.0
26.0,0.9510565162951539,1.4418377321603124,0.0
26.0,0.9297764858882532,1.4222873900293251,0.0
26.0,0.9048270524660188,1.3636363636363633,0.0
26.0,0.8763066800438646,1.2756598240469206,0.0
26.0,0.8443279255020164,1.2072336265884651,0.0
26.0,0.8090169943749491,1.1876832844574778,0.0
26.0,0.770513242775789,1.0899315738025415,0.0
26.0,0.7289686274214116,0.9726295210166178,0.0
26.0,0.684547105928689,0.8944281524926687,0.0
26.0,0.637423989748693,0.8455522971652005,0.0
26.0,0.5877852522924711,0.7575757575757578,0.0
26.0,0.5358267949789979,0.669599217986315,0.0
26.0,0.4817536741017169,0.562072336265885,0.0
26.0,0.4257792915650746,0.42521994134897323,0.0
26.0,0.368124552684677,0.3372434017595305,0.0
26.0,0.3090169943749468,0.20039100684261957,0.0
26.0,0.24868988716485446,0.08308895405669592,0.0
26.0,0.18738131458572815,0.004887585532746819,0.0
26.0,0.1253332335643011,-0.12218963831867047,0.0
26.0,0.06279051952931412,-0.1808406647116323,0.0
26.0,1.102182119232618e-15,-0.29814271749755594,0.0
26.0,-0.06279051952931192,-0.40566959921798595,0.0
26.0,-0.12533323356429893,-0.4740957966764414,0.0
26.0,-0.187381314585726,-0.6109481915933532,0.0
26.0,-0.24868988716485232,-0.7575757575757578,0.0
26.0,-0.3090169943749447,-0.8651026392961878,0.0
26.0,-0.3681245526846749,-0.9433040078201369,0.0
26.0,-0.4257792915650726,-1.0019550342130987,0.0
26.0,-0.48175367410171493,-1.0703812316715542,0.0
26.0,-0.535826794978996,-1.1779081133919842,0.0
26.0,-0.5877852522924694,-1.304985337243402,0.0
26.0,-0.6374239897486913,-1.3440860215053765,0.0
26.0,-0.6845471059286873,-1.4320625610948192,0.0
26.0,-0.72896862742141,-1.520039100684262,0.0
26.0,-0.7705132427757876,-1.5884652981427174,0.0
26.0,-0.8090169943749478,-1.6373411534701856,0.0
26.0,-0.8443279255020152,-1.7155425219941347,0.0
26.0,-0.8763066800438636,-1.7937438905180842,0.0
26.0,-0.9048270524660178,-1.8719452590420333,0.0
26.0,-0.9297764858882525,-1.9696969696969697,0.0
26.0,-0.9510565162951532,-1.9696969696969697,0.0
26.0,-0.9685831611286307,-2.038123167155425,0.0
26.0,-0.9822872507286883,-2.0576735092864125,0.0
26.0,-0.992114701314478,-2.0869990224828934,0.0
26.0,-0.9980267284282717,-2.0772238514173997,0.0
26.0,-1.0,-2.0576735092864125,0.0
26.0,-0.9980267284282718,-2.0576735092864125,0.0
26.0,-0.9921147013144783,-2.067448680351906,0.0
26.0,-0.9822872507286887,-2.0869990224828934,0.0
26.0,-0.9685831611286313,-1.989247311827957,0.0
26.0,-0.951056516295154,-1.9696969696969697,0.0
26.0,-0.9297764858882532,-1.881720430107527,0.0
26.0,-0.9048270524660188,-1.852394916911046,0.0
26.0,-0.8763066800438647,-1.7937438905180842,0.0
26.0,-0.8443279255020165,-1.7644183773216033,0.0
26.0,-0.8090169943749491,-1.6471163245356792,0.0
26.0,-0.770513242775789,-1.5591397849462365,0.0
26.0,-0.7289686274214117,-1.520039100684262,0.0
26.0,-0.6845471059286891,-1.4222873900293256,0.0
26.0,-0.6374239897486931,-1.3343108504398828,0.0
26.0,-0.5877852522924712,-1.2170087976539588,0.0
26.0,-0.535826794978998,-1.158357771260997,0.0
26.0,-0.481753674101717,-1.0410557184750733,0.0
26.0,-0.4257792915650747,-0.9042033235581624,0.0
26.0,-0.3681245526846771,-0.7575757575757578,0.0
26.0,-0.3090169943749469,-0.6207233626588469,0.0
26.0,-0.2486898871648546,-0.48387096774193505,0.0
26.0,-0.18738131458572826,-0.4154447702834796,0.0
26.0,-0.12533323356430123,-0.2590420332355814,0.0
26.0,-0.06279051952931425,-0.21994134897360684,0.0
26.0,-1.2246467991473533e-15,-0.12218963831867047,0.0
26.0,0.06279051952931179,-0.024437927663734094,0.0
26.0,0.1253332335642988,0.07331378299120228,0.0
26.0,0.18738131458572588,0.19061583577712593,0.0
26.0,0.2486898871648522,0.29814271749755594,0.0
26.0,0.30901699437494456,0.3861192570869987,0.0
26.0,0.3681245526846748,0.45454545454545414,0.0
26.0,0.4257792915650725,0.5327468230694041,0.0
26.0,0.4817536741017148,0.6011730205278596,0.0
26.0,0.5358267949789959,0.7184750733137832,0.0
26.0,0.5877852522924693,0.8260019550342133,0.0
26.0,0.6374239897486885,0.9628543499511242,0.0
26.0,0.6845471059286898,1.0703812316715542,0.0
26.0,0.7289686274214099,1.1779081133919842,0.0
26.0,0.7705132427757853,1.265884652981427,0.0
26.0,0.8090169943749498,1.3538611925708697,0.0
26.0,0.8443279255020152,1.3831867057673506,0.0
26.0,0.8763066800438618,1.4320625610948188,0.0
26.0,0.9048270524660192,1.5395894428152497,0.0
26.0,0.9297764858882523,1.6177908113391988,0.0
26.0,0.9510565162951532,1.6764418377321606,0.0
26.0,0.9685831611286316,1.6959921798631479,0.0
26.0,0.9822872507286883,1.7937438905180842,0.0
26.0,0.992114701314478,1.8426197458455524,0.0
26.0,0.9980267284282713,1.8328445747800588,0.0
26.0,1.0,1.881720430107527,0.0
26.0,0.9980267284282718,1.8719452590420333,0.0
26.0,0.9921147013144788,1.9208211143695015,0.0
26.0,0.9822872507286882,1.881720430107527,0.0
26.0,0.9685831611286313,1.9794721407624634,0.0
26.0,0.9510565162951551,1.9208211143695015,0.0
26.0,0.929776485888252,1.852394916911046,0.0
26.0,0.9048270524660189,1.8035190615835779,0.0
26.0,0.8763066800438647,1.7546432062561097,0.0
26.0,0.8443279255020146,1.6764418377321606,0.0
26.0,0.8090169943749492,1.5884652981427179,0.0
26.0,0.7705132427757891,1.559139784946237,0.0
26.0,0.7289686274214141,1.5004887585532742,0.0
26.0,0.6845471059286892,1.4125122189638315,0.0
26.0,0.6374239897486932,1.265884652981427,0.0
26.0,0.5877852522924742,1.1779081133919842,0.0
26.0,0.535826794978995,1.099706744868035,0.0
26.0,0.48175367410171704,0.9530791788856305,0.0
26.0,0.42577929156507804,0.8357771260997069,0.0
26.0,0.3681245526846739,0.7086999022482896,0.0
26.0,0.309016994374947,0.591397849462366,0.0
26.0,0.24868988716485815,0.43499511241446687,0.0
26.0,0.1873813145857249,0.29814271749755594,0.0
26.0,0.12533323356430134,0.1808406647116323,0.0
26.0,0.06279051952931436,0.07331378299120228,0.0
26.0,4.899825157862589e-15,-0.04398826979472137,0.0
26.0,-0.06279051952931168,-0.1319648093841641,0.0
26.0,-0.12533323356429868,-0.22971652003910048,0.0
26.0,-0.18738131458572224,-0.35679374389051777,0.0
26.0,-0.24868988716485554,-0.4740957966764414,0.0
26.0,-0.30901699437494445,-0.6402737047898341,0.0
26.0,-0.3681245526846714,-0.7673509286412514,0.0
26.0,-0.4257792915650756,-0.8455522971652005,0.0
26.0,-0.4817536741017147,-0.9237536656891496,0.0
26.0,-0.5358267949789928,-1.0606060606060606,0.0
26.0,-0.587785252292472,-1.1094819159335287,0.0
26.0,-0.6374239897486911,-1.2561094819159337,0.0
26.0,-0.6845471059286872,-1.3343108504398828,0.0
26.0,-0.7289686274214123,-1.4027370478983383,0.0
26.0,-0.7705132427757875,-1.4613880742913001,0.0
26.0,-0.8090169943749477,-1.5884652981427174,0.0
26.0,-0.8443279255020132,-1.7546432062561097,0.0
26.0,-0.8763066800438635,-1.8230694037145652,0.0
26.0,-0.9048270524660177,-1.8621700879765397,0.0
26.0,-0.929776485888251,-1.9501466275659824,0.0
26.0,-0.9510565162951542,-2.0772238514173997,0.0
26.0,-0.9685831611286306,-2.126099706744868,0.0
26.0,-0.9822872507286876,-2.1847507331378297,0.0
26.0,-0.9921147013144784,-2.204301075268817,0.0
26.0,-0.9980267284282716,-2.233626588465298,0.0
26.0,-1.0,-2.2140762463343107,0.0
26.0,-0.9980267284282716,-2.1945259042033234,0.0
26.0,-0.9921147013144783,-2.2140762463343107,0.0
26.0,-0.9822872507286888,-2.1652003910068425,0.0
26.0,-0.9685831611286323,-2.174975562072336,0.0
27.0,-0.9510565162951536,0.004887585532746819,0.0
27.0,-0.9297764858882512,-0.004887585532746819,0.0
27.0,-0.9048270524660199,-0.004887585532746819,0.0
27.0,-0.8763066800438638,0.06353861192570864,0.0
27.0,-0.8443279255020155,0.024437927663734094,0.0
27.0,-0.8090169943749476,-0.4755620723362659,0.0
27.0,-0.7705132427757896,-0.9755620723362659,0.0
27.0,-0.7289686274214116,-0.9921798631476051,0.0
27.0,-0.684547105928689,-0.9726295210166178,0.0
27.0,-0.6374239897486896,-0.8944281524926687,0.0
27.0,-0.5877852522924734,-0.8260019550342133,0.0
27.0,-0.5358267949789963,-0.7282502443792769,0.0
27.0,-0.4817536741017153,-0.6891495601173023,0.0
27.0,-0.4257792915650722,-0.591397849462366,0.0
27.0,-0.3681245526846787,-0.562072336265885,0.0
27.0,-0.3090169943749477,-0.4740957966764414,0.0
27.0,-0.24868988716485535,-0.40566959921798595,0.0
27.0,-0.18738131458572468,-0.3176930596285432,0.0
27.0,-0.12533323356430465,-0.23949169110459412,0.0
27.0,-0.06279051952931326,-0.12218963831867047,0.0
27.0,-2.4492935982947064e-16,0.004887585532746819,0.0
27.0,0.06279051952931278,0.1319648093841641,0.0
27.0,0.12533323356430418,0.22971652003910048,0.0
27.0,0.1873813145857242,0.29814271749755594,0.0
27.0,0.24868988716485488,0.3372434017595305,0.0
27.0,0.3090169943749472,0.4643206256109478,0.0
27.0,0.3681245526846782,0.6109481915933532,0.0
27.0,0.42577929156507255,0.6793743890518087,0.0
27.0,0.48175367410171566,0.7086999022482896,0.0
27.0,0.5358267949789967,0.7575757575757578,0.0
27.0,0.5877852522924736,0.9335288367546433,0.0
27.0,0.6374239897486899,1.1094819159335287,0.0
27.0,0.6845471059286893,1.2463343108504397,0.0
27.0,0.7289686274214107,1.344086021505376,0.0
27.0,0.7705132427757887,1.4125122189638315,0.0
27.0,0.8090169943749468,1.4907135874877806,0.0
27.0,0.8443279255020147,1.5493646138807433,0.0
27.0,0.8763066800438631,1.6080156402737051,0.0
27.0,0.9048270524660194,1.7546432062561097,0.0
27.0,0.9297764858882511,1.8035190615835779,0.0
27.0,0.9510565162951535,1.8132942326490715,0.0
27.0,0.968583161128631,1.881720430107527,0.0
27.0,0.9822872507286886,1.9012707722385143,0.0
27.0,0.9921147013144778,1.9208211143695015,0.0
27.0,0.9980267284282716,1.9696969696969697,0.0
27.0,1.0,1.9305962854349952,0.0
27.0,0.9980267284282716,1.911045943304008,0.0
27.0,0.9921147013144779,1.8719452590420333,0.0
27.0,0.9822872507286886,1.7644183773216033,0.0
27.0,0.9685831611286311,1.7839687194525906,0.0
27.0,0.9510565162951536,1.744868035190616,0.0
27.0,0.9297764858882517,1.6471163245356797,0.0
27.0,0.9048270524660192,1.6275659824046924,0.0
27.0,0.8763066800438634,1.5493646138807433,0.0
27.0,0.8443279255020151,1.4907135874877806,0.0
27.0,0.8090169943749477,1.3929618768328442,0.0
27.0,0.7705132427757886,1.3538611925708697,0.0
27.0,0.728968627421411,1.2854349951124142,0.0
27.0,0.6845471059286897,1.1779081133919842,0.0
27.0,0.6374239897486911,1.1094819159335287,0.0
27.0,0.5877852522924734,1.0117302052785924,0.0
27.0,0.5358267949789972,0.8260019550342133,0.0
27.0,0.4817536741017162,0.7086999022482896,0.0
27.0,0.42577929156507394,0.562072336265885,0.0
27.0,0.368124552684678,0.5425219941348978,0.0
27.0,0.3090169943749478,0.4154447702834796,0.0
27.0,0.2486898871648555,0.2883675464320623,0.0
27.0,0.18738131458572568,0.2101661779081132,0.0
27.0,0.1253332335643039,0.14173998044965774,0.0
27.0,0.06279051952931339,0.03421309872922773,0.0
27.0,3.6739403974420594e-16,-0.004887585532746819,0.0
27.0,-0.06279051952931265,-0.17106549364613866,0.0
27.0,-0.12533323356430318,-0.27859237536656867,0.0
27.0,-0.18738131458572496,-0.35679374389051777,0.0
27.0,-0.24868988716485477,-0.4154447702834796,0.0
27.0,-0.30901699437494706,-0.5327468230694041,0.0
27.0,-0.36812455268467725,-0.6109481915933532,0.0
27.0,-0.42577929156507327,-0.7673509286412514,0.0
27.0,-0.48175367410171555,-0.8748778103616814,0.0
27.0,-0.5358267949789965,-1.021505376344086,0.0
27.0,-0.5877852522924728,-1.1779081133919842,0.0
27.0,-0.6374239897486905,-1.2463343108504397,0.0
27.0,-0.6845471059286892,-1.3245356793743892,0.0
27.0,-0.7289686274214106,-1.4027370478983383,0.0
27.0,-0.770513242775788,-1.4418377321603129,0.0
27.0,-0.8090169943749472,-1.4711632453567938,0.0
27.0,-0.8443279255020146,-1.6080156402737047,0.0
27.0,-0.876306680043863,-1.6862170087976538,0.0
27.0,-0.9048270524660189,-1.7937438905180842,0.0
27.0,-0.9297764858882513,-1.8328445747800588,0.0
27.0,-0.9510565162951534,-1.9696969696969697,0.0
27.0,-0.968583161128631,-1.989247311827957,0.0
27.0,-0.9822872507286885,-1.9696969696969697,0.0
27.0,-0.9921147013144779,-2.018572825024438,0.0
27.0,-0.9980267284282716,-2.047898338220919,0.0
27.0,-1.0,-2.0576735092864125,0.0
27.0,-0.9980267284282716,-2.067448680351906,0.0
27.0,-0.992114701314478,-2.1065493646138806,0.0
27.0,-0.9822872507286886,-2.038123167155425,0.0
27.0,-0.9685831611286312,-2.0576735092864125,0.0
27.0,-0.9510565162951538,-2.0283479960899315,0.0
27.0,-0.9297764858882517,-2.0087976539589443,0.0
27.0,-0.9048270524660192,-1.989247311827957,0.0
27.0,-0.8763066800438635,-1.9696969696969697,0.0
27.0,-0.8443279255020151,-1.9012707722385143,0.0
27.0,-0.8090169943749477,-1.8035190615835779,0.0
27.0,-0.7705132427757886,-1.6862170087976538,0.0
27.0,-0.7289686274214111,-1.627565982404692,0.0
27.0,-0.6845471059286898,-1.5689149560117301,0.0
27.0,-0.6374239897486912,-1.520039100684262,0.0
27.0,-0.5877852522924735,-1.4027370478983383,0.0
27.0,-0.5358267949789973,-1.2658846529814274,0.0
27.0,-0.4817536741017163,-1.1094819159335287,0.0
27.0,-0.42577929156507405,-0.9628543499511242,0.0
27.0,-0.3681245526846781,-0.9433040078201369,0.0
27.0,-0.3090169943749479,-0.8260019550342133,0.0
27.0,-0.2486898871648556,-0.7673509286412514,0.0
27.0,-0.1873813145857258,-0.6304985337243405,0.0
27.0,-0.125333233564304,-0.5229716520039105,0.0
27.0,-0.06279051952931351,-0.4740957966764414,0.0
27.0,-4.898587196589413e-16,-0.40566959921798595,0.0
27.0,0.06279051952931075,-0.29814271749755594,0.0
27.0,0.12533323356430304,-0.19061583577712593,0.0
27.0,0.1873813145857231,-0.1026392961876832,0.0
27.0,0.24868988716485466,0.024437927663734094,0.0
27.0,0.30901699437494523,0.19061583577712593,0.0
27.0,0.36812455268467714,0.32746823069403685,0.0
27.0,0.42577929156507155,0.4740957966764414,0.0
27.0,0.48175367410171543,0.591397849462366,0.0
27.0,0.535826794978995,0.669599217986315,0.0
27.0,0.5877852522924727,0.7966764418377323,0.0
27.0,0.6374239897486891,0.9335288367546433,0.0
27.0,0.6845471059286891,0.9726295210166178,0.0
27.0,0.7289686274214104,1.0703812316715542,0.0
27.0,0.7705132427757891,1.2170087976539588,0.0
27.0,0.8090169943749471,1.2952101661779079,0.0
27.0,0.8443279255020155,1.3538611925708697,0.0
27.0,0.876306680043863,1.4125122189638315,0.0
27.0,0.9048270524660196,1.4613880742912997,0.0
27.0,0.9297764858882513,1.5493646138807433,0.0
27.0,0.951056516295154,1.6177908113391988,0.0
27.0,0.9685831611286309,1.5982404692082115,0.0
27.0,0.9822872507286888,1.5884652981427179,0.0
27.0,0.9921147013144779,1.5884652981427179,0.0
27.0,0.9980267284282717,1.5689149560117306,0.0
27.0,1.0,1.5689149560117306,0.0
27.0,0.9980267284282718,1.5395894428152497,0.0
27.0,0.992114701314478,1.5493646138807433,0.0
27.0,0.9822872507286889,1.5786901270772242,0.0
27.0,0.9685831611286312,1.5200391006842624,0.0
27.0,0.9510565162951543,1.4320625610948188,0.0
27.0,0.9297764858882518,1.373411534701857,0.0
27.0,0.90482705246602,1.3538611925708697,0.0
27.0,0.8763066800438635,1.3538611925708697,0.0
27.0,0.8443279255020162,1.3049853372434015,0.0
27.0,0.8090169943749478,1.236559139784946,0.0
27.0,0.7705132427757898,1.1094819159335287,0.0
27.0,0.7289686274214112,1.099706744868035,0.0
27.0,0.6845471059286898,0.9628543499511242,0.0
27.0,0.6374239897486899,0.9335288367546433,0.0
27.0,0.5877852522924736,0.8748778103616814,0.0
27.0,0.5358267949789959,0.7869012707722387,0.0
27.0,0.48175367410171643,0.698924731182796,0.0
27.0,0.42577929156507255,0.6598240469208214,0.0
27.0,0.3681245526846782,0.5131964809384169,0.0
27.0,0.3090169943749463,0.40566959921798595,0.0
27.0,0.2486898871648557,0.35679374389051777,0.0
27.0,0.18738131458572418,0.17106549364613866,0.0
27.0,0.12533323356430415,0.08308895405669592,0.0
27.0,0.06279051952931186,-0.024437927663734094,0.0
27.0,6.123233995736766e-16,-0.1026392961876832,0.0
27.0,-0.06279051952931064,-0.14173998044965774,0.0
27.0,-0.12533323356430293,-0.27859237536656867,0.0
27.0,-0.18738131458572296,-0.40566959921798595,0.0
27.0,-0.24868988716485452,-0.48387096774193505,0.0
27.0,-0.3090169943749451,-0.591397849462366,0.0
27.0,-0.3681245526846787,-0.698924731182796,0.0
27.0,-0.42577929156506983,-0.7575757575757578,0.0
27.0,-0.4817536741017154,-0.8260019550342133,0.0
27.0,-0.5358267949789964,-0.9530791788856305,0.0
27.0,-0.5877852522924726,-1.021505376344086,0.0
27.0,-0.637423989748689,-1.1094819159335287,0.0
27.0,-0.6845471059286877,-1.158357771260997,0.0
27.0,-0.7289686274214103,-1.2952101661779083,0.0
27.0,-0.7705132427757901,-1.4418377321603129,0.0
27.0,-0.809016994374946,-1.5395894428152492,0.0
27.0,-0.8443279255020155,-1.598240469208211,0.0
27.0,-0.8763066800438638,-1.6764418377321602,0.0
27.0,-0.9048270524660196,-1.774193548387097,0.0
27.0,-0.9297764858882513,-1.852394916911046,0.0
27.0,-0.9510565162951534,-1.9501466275659824,0.0
27.0,-0.9685831611286309,-2.0283479960899315,0.0
27.0,-0.982287250728689,-2.0576735092864125,0.0
27.0,-0.9921147013144777,-2.1065493646138806,0.0
27.0,-0.9980267284282717,-2.0869990224828934,0.0
27.0,-1.0,-2.126099706744868,0.0
27.0,-0.9980267284282718,-2.1652003910068425,0.0
27.0,-0.9921147013144778,-2.126099706744868,0.0
27.0,-0.9822872507286894,-2.126099706744868,0.0
27.0,-0.9685831611286312,-2.0869990224828934,0.0
27.0,-0.9510565162951538,-2.038123167155425,0.0
27.0,-0.9297764858882518,-1.9403714565004888,0.0
27.0,-0.9048270524660201,-1.8719452590420333,0.0
27.0,-0.8763066800438645,-1.8328445747800588,0.0
27.0,-0.8443279255020162,-1.7546432062561097,0.0
27.0,-0.8090169943749468,-1.6568914956011729,0.0
27.0,-0.770513242775791,-1.5591397849462365,0.0
27.0,-0.7289686274214113,-1.4418377321603129,0.0
27.0,-0.6845471059286887,-1.3343108504398828,0.0
27.0,-0.63742398974869,-1.236559139784946,0.0
27.0,-0.5877852522924737,-1.1094819159335287,0.0
27.0,-0.5358267949789975,-1.0606060606060606,0.0
27.0,-0.48175367410171654,-0.9628543499511242,0.0
27.0,-0.42577929156507105,-0.9921798631476051,0.0
27.0,-0.36812455268468,-0.9530791788856305,0.0
27.0,-0.3090169943749464,-0.8846529814271751,0.0
27.0,-0.2486898871648541,-0.7771260997067451,0.0
27.0,-0.1873813145857243,-0.6891495601173023,0.0
27.0,-0.12533323356430426,-0.6011730205278596,0.0
27.0,-0.06279051952931375,-0.5229716520039105,0.0
27.0,-7.347880794884119e-16,-0.5522971652003914,0.0
27.0,0.06279051952931229,-0.43499511241446687,0.0
27.0,0.12533323356430282,-0.29814271749755594,0.0
27.0,0.18738131458572285,-0.16129032258064502,0.0
27.0,0.24868988716485269,0.004887585532746819,0.0
27.0,0.309016994374945,0.2101661779081132,0.0
27.0,0.3681245526846786,0.2883675464320623,0.0
27.0,0.4257792915650697,0.4154447702834796,0.0
27.0,0.48175367410171527,0.5131964809384169,0.0
27.0,0.5358267949789963,0.6011730205278596,0.0
27.0,0.5877852522924725,0.698924731182796,0.0
27.0,0.6374239897486889,0.806451612903226,0.0
27.0,0.6845471059286876,0.8357771260997069,0.0
27.0,0.7289686274214102,0.9335288367546433,0.0
27.0,0.7705132427757901,0.9726295210166178,0.0
27.0,0.8090169943749459,1.1094819159335287,0.0
27.0,0.8443279255020154,1.129032258064516,0.0
27.0,0.8763066800438637,1.1485826001955033,0.0
27.0,0.9048270524660195,1.236559139784946,0.0
27.0,0.9297764858882512,1.3245356793743888,0.0
27.0,0.9510565162951533,1.3831867057673506,0.0
27.0,0.9685831611286309,1.4711632453567933,0.0
27.0,0.982287250728689,1.480938416422287,0.0
27.0,0.9921147013144777,1.5200391006842624,0.0
27.0,0.9980267284282717,1.6080156402737051,0.0
27.0,1.0,1.637341153470186,0.0
27.0,0.9980267284282718,1.6080156402737051,0.0
27.0,0.9921147013144778,1.5884652981427179,0.0
27.0,0.9822872507286894,1.6177908113391988,0.0
27.0,0.9685831611286312,1.5689149560117306,0.0
27.0,0.9510565162951539,1.559139784946237,0.0
27.0,0.9297764858882518,1.5004887585532742,0.0
27.0,0.9048270524660201,1.529814271749756,0.0
27.0,0.8763066800438645,1.5493646138807433,0.0
27.0,0.8443279255020163,1.4613880742912997,0.0
27.0,0.8090169943749469,1.4027370478983379,0.0
27.0,0.7705132427757911,1.3636363636363633,0.0
27.0,0.7289686274214113,1.2756598240469206,0.0
27.0,0.6845471059286887,1.1876832844574778,0.0
27.0,0.6374239897486901,1.099706744868035,0.0
27.0,0.5877852522924738,0.9628543499511242,0.0
27.0,0.5358267949789977,0.8553274682306942,0.0
27.0,0.48175367410171666,0.7966764418377323,0.0
27.0,0.42577929156507116,0.7184750733137832,0.0
27.0,0.3681245526846801,0.6304985337243405,0.0
27.0,0.30901699437494656,0.5327468230694041,0.0
27.0,0.24868988716485424,0.40566959921798595,0.0
27.0,0.1873813145857244,0.37634408602150504,0.0
27.0,0.1253332335643044,0.29814271749755594,0.0
27.0,0.06279051952931387,0.20039100684261957,0.0
27.0,8.572527594031472e-16,0.08308895405669592,0.0
27.0,-0.06279051952931217,-0.053763440860215006,0.0
27.0,-0.12533323356430268,-0.1319648093841641,0.0
27.0,-0.18738131458572274,-0.22971652003910048,0.0
27.0,-0.24868988716485257,-0.3861192570869987,0.0
27.0,-0.3090169943749449,-0.5034213098729232,0.0
27.0,-0.3681245526846785,-0.5522971652003914,0.0
27.0,-0.4257792915650696,-0.6793743890518087,0.0
27.0,-0.48175367410171516,-0.7380254154447705,0.0
27.0,-0.5358267949789962,-0.8651026392961878,0.0
27.0,-0.5877852522924725,-1.0019550342130987,0.0
27.0,-0.6374239897486887,-1.1388074291300097,0.0
27.0,-0.6845471059286875,-1.2561094819159337,0.0
27.0,-0.7289686274214101,-1.3343108504398828,0.0
27.0,-0.77051324277579,-1.4222873900293256,0.0
27.0,-0.8090169943749459,-1.5102639296187683,0.0
27.0,-0.8443279255020153,-1.627565982404692,0.0
27.0,-0.8763066800438637,-1.6862170087976538,0.0
27.0,-0.9048270524660195,-1.7155425219941347,0.0
27.0,-0.9297764858882512,-1.8621700879765397,0.0
27.0,-0.9510565162951533,-1.9208211143695015,0.0
27.0,-0.9685831611286309,-1.9403714565004888,0.0
27.0,-0.982287250728689,-1.959921798631476,0.0
27.0,-0.9921147013144775,-2.0087976539589443,0.0
27.0,-0.9980267284282717,-2.047898338220919,0.0
27.0,-1.0,-2.126099706744868,0.0
27.0,-0.9980267284282718,-2.1163245356793743,0.0
27.0,-0.9921147013144778,-2.1358748778103616,0.0
27.0,-0.9822872507286894,-2.1358748778103616,0.0
27.0,-0.9685831611286313,-2.155425219941349,0.0
27.0,-0.9510565162951539,-2.038123167155425,0.0
27.0,-0.9297764858882519,-1.9696969696969697,0.0
27.0,-0.9048270524660202,-1.9012707722385143,0.0
27.0,-0.8763066800438646,-1.8230694037145652,0.0
27.0,-0.8443279255020164,-1.735092864125122,0.0
27.0,-0.8090169943749469,-1.6080156402737047,0.0
27.0,-0.7705132427757913,-1.5395894428152492,0.0
27.0,-0.7289686274214114,-1.4711632453567938,0.0
27.0,-0.6845471059286888,-1.3440860215053765,0.0
27.0,-0.6374239897486902,-1.236559139784946,0.0
27.0,-0.5877852522924739,-1.1681329423264906,0.0
27.0,-0.5358267949789978,-1.0410557184750733,0.0
27.0,-0.48175367410171677,-0.9628543499511242,0.0
27.0,-0.42577929156507127,-0.8357771260997069,0.0
27.0,-0.3681245526846802,-0.7673509286412514,0.0
27.0,-0.3090169943749467,-0.6402737047898341,0.0
27.0,-0.24868988716485435,-0.5229716520039105,0.0
27.0,-0.18738131458572455,-0.3665689149560114,0.0
27.0,-0.1253332335643045,-0.27859237536656867,0.0
27.0,-0.062790519529314,-0.17106549364613866,0.0
27.0,-9.797174393178826e-16,-0.08308895405669592,0.0
27.0,0.06279051952931204,0.06353861192570864,0.0
27.0,0.12533323356429904,0.16129032258064502,0.0
27.0,0.1873813145857261,0.26881720430107503,0.0
27.0,0.24868988716485246,0.3665689149560114,0.0
27.0,0.3090169943749448,0.5229716520039105,0.0
27.0,0.36812455268467503,0.6598240469208214,0.0
27.0,0.4257792915650727,0.7282502443792769,0.0
27.0,0.48175367410171505,0.7771260997067451,0.0
27.0,0.5358267949789961,0.8651026392961878,0.0
27.0,0.5877852522924695,0.9335288367546433,0.0
27.0,0.6374239897486914,1.0410557184750733,0.0
27.0,0.6845471059286874,1.1779081133919842,0.0
27.0,0.7289686274214101,1.265884652981427,0.0
27.0,0.7705132427757877,1.2952101661779079,0.0
27.0,0.8090169943749479,1.3538611925708697,0.0
27.0,0.8443279255020153,1.480938416422287,0.0
27.0,0.8763066800438636,1.559139784946237,0.0
27.0,0.9048270524660179,1.637341153470186,0.0
27.0,0.9297764858882525,1.6862170087976542,0.0
27.0,0.9510565162951533,1.7253176930596288,0.0
27.0,0.9685831611286307,1.7546432062561097,0.0
27.0,0.9822872507286884,1.8132942326490715,0.0
27.0,0.992114701314478,1.9012707722385143,0.0
27.0,0.9980267284282717,1.8914956011730206,0.0
27.0,1.0,1.9208211143695015,0.0
27.0,0.9980267284282718,1.9696969696969697,0.0
27.0,0.9921147013144783,1.9696969696969697,0.0
27.0,0.9822872507286887,1.9305962854349952,0.0
27.0,0.9685831611286313,1.9012707722385143,0.0
27.0,0.9510565162951539,1.8230694037145652,0.0
27.0,0.9297764858882532,1.7839687194525906,0.0
27.0,0.9048270524660188,1.666666666666667,0.0
27.0,0.8763066800438646,1.6275659824046924,0.0
27.0,0.8443279255020164,1.5395894428152497,0.0
27.0,0.8090169943749491,1.4613880742912997,0.0
27.0,0.770513242775789,1.4125122189638315,0.0
27.0,0.7289686274214116,1.2952101661779079,0.0
27.0,0.684547105928689,1.1485826001955033,0.0
27.0,0.637423989748693,1.0801564027370478,0.0
27.0,0.5877852522924711,0.9921798631476051,0.0
27.0,0.5358267949789979,0.8944281524926687,0.0
27.0,0.4817536741017169,0.8455522971652005,0.0
27.0,0.4257792915650746,0.7575757575757578,0.0
27.0,0.368124552684677,0.6598240469208214,0.0
27.0,0.3090169943749468,0.6500488758553278,0.0
27.0,0.24868988716485446,0.562072336265885,0.0
27.0,0.18738131458572815,0.48387096774193505,0.0
27.0,0.1253332335643011,0.3665689149560114,0.0
27.0,0.06279051952931412,0.23949169110459412,0.0
27.0,1.102182119232618e-15,0.11241446725317683,0.0
27.0,-0.06279051952931192,0.014662756598240456,0.0
27.0,-0.12533323356429893,-0.09286412512218956,0.0
27.0,-0.187381314585726,-0.20039100684261957,0.0
27.0,-0.24868988716485232,-0.2883675464320623,0.0
27.0,-0.3090169943749447,-0.3861192570869987,0.0
27.0,-0.3681245526846749,-0.5131964809384169,0.0
27.0,-0.4257792915650726,-0.591397849462366,0.0
27.0,-0.48175367410171493,-0.7184750733137832,0.0
27.0,-0.535826794978996,-0.8455522971652005,0.0
27.0,-0.5877852522924694,-0.9433040078201369,0.0
27.0,-0.6374239897486913,-1.0801564027370478,0.0
27.0,-0.6845471059286873,-1.1876832844574778,0.0
27.0,-0.72896862742141,-1.3147605083088956,0.0
27.0,-0.7705132427757876,-1.4711632453567938,0.0
27.0,-0.8090169943749478,-1.520039100684262,0.0
27.0,-0.8443279255020152,-1.5395894428152492,0.0
27.0,-0.8763066800438636,-1.598240469208211,0.0
27.0,-0.9048270524660178,-1.6862170087976538,0.0
27.0,-0.9297764858882525,-1.7155425219941347,0.0
27.0,-0.9510565162951532,-1.8426197458455524,0.0
27.0,-0.9685831611286307,-1.9012707722385143,0.0
27.0,-0.9822872507286883,-1.9305962854349952,0.0
27.0,-0.992114701314478,-1.9794721407624634,0.0
27.0,-0.9980267284282717,-1.9794721407624634,0.0
27.0,-1.0,-1.9794721407624634,0.0
27.0,-0.9980267284282718,-1.9990224828934506,0.0
27.0,-0.9921147013144783,-2.0087976539589443,0.0
27.0,-0.9822872507286887,-2.0283479960899315,0.0
27.0,-0.9685831611286313,-2.0087976539589443,0.0
27.0,-0.951056516295154,-1.9501466275659824,0.0
27.0,-0.9297764858882532,-2.018572825024438,0.0
27.0,-0.9048270524660188,-2.0087976539589443,0.0
27.0,-0.8763066800438647,-1.9403714565004888,0.0
27.0,-0.8443279255020165,-1.9208211143695015,0.0
27.0,-0.8090169943749491,-1.881720430107527,0.0
27.0,-0.770513242775789,-1.8035190615835779,0.0
27.0,-0.7289686274214117,-1.6373411534701856,0.0
27.0,-0.6845471059286891,-1.5102639296187683,0.0
27.0,-0.6374239897486931,-1.4027370478983383,0.0
27.0,-0.5877852522924712,-1.3440860215053765,0.0
27.0,-0.535826794978998,-1.2463343108504397,0.0
27.0,-0.481753674101717,-1.1876832844574778,0.0
27.0,-0.4257792915650747,-1.099706744868035,0.0
27.0,-0.3681245526846771,-1.0117302052785924,0.0
27.0,-0.3090169943749469,-0.9042033235581624,0.0
27.0,-0.2486898871648546,-0.7966764418377323,0.0
27.0,-0.18738131458572826,-0.7380254154447705,0.0
27.0,-0.12533323356430123,-0.6598240469208214,0.0
27.0,-0.06279051952931425,-0.6109481915933532,0.0
27.0,-1.2246467991473533e-15,-0.5327468230694041,0.0
27.0,0.06279051952931179,-0.45454545454545414,0.0
27.0,0.1253332335642988,-0.35679374389051777,0.0
27.0,0.18738131458572588,-0.24926686217008776,0.0
27.0,0.2486898871648522,-0.2101661779081132,0.0
27.0,0.30901699437494456,-0.053763440860215006,0.0
27.0,0.3681245526846748,0.09286412512218956,0.0
27.0,0.4257792915650725,0.17106549364613866,0.0
27.0,0.4817536741017148,0.27859237536656867,0.0
27.0,0.5358267949789959,0.3665689149560114,0.0
27.0,0.5877852522924693,0.48387096774193505,0.0
27.0,0.6374239897486885,0.6207233626588469,0.0
27.0,0.6845471059286898,0.7282502443792769,0.0
27.0,0.7289686274214099,0.8260019550342133,0.0
27.0,0.7705132427757853,0.9628543499511242,0.0
27.0,0.8090169943749498,1.1192570869990224,0.0
27.0,0.8443279255020152,1.2072336265884651,0.0
27.0,0.8763066800438618,1.2952101661779079,0.0
27.0,0.9048270524660192,1.344086021505376,0.0
27.0,0.9297764858882523,1.3538611925708697,0.0
27.0,0.9510565162951532,1.373411534701857,0.0
27.0,0.9685831611286316,1.4711632453567933,0.0
27.0,0.9822872507286883,1.5395894428152497,0.0
27.0,0.992114701314478,1.559139784946237,0.0
27.0,0.9980267284282713,1.6080156402737051,0.0
27.0,1.0,1.637341153470186,0.0
27.0,0.9980267284282718,1.6568914956011733,0.0
27.0,0.9921147013144788,1.6568914956011733,0.0
27.0,0.9822872507286882,1.5884652981427179,0.0
27.0,0.9685831611286313,1.5689149560117306,0.0
27.0,0.9510565162951551,1.5395894428152497,0.0
27.0,0.929776485888252,1.5102639296187688,0.0
27.0,0.9048270524660189,1.5200391006842624,0.0
27.0,0.8763066800438647,1.451612903225806,0.0
27.0,0.8443279255020146,1.3831867057673506,0.0
27.0,0.8090169943749492,1.344086021505376,0.0
27.0,0.7705132427757891,1.2756598240469206,0.0
27.0,0.7289686274214141,1.2072336265884651,0.0
27.0,0.6845471059286892,1.0606060606060606,0.0
27.0,0.6374239897486932,0.9824046920821115,0.0
27.0,0.5877852522924742,0.8455522971652005,0.0
27.0,0.535826794978995,0.7086999022482896,0.0
27.0,0.48175367410171704,0.6598240469208214,0.0
27.0,0.42577929156507804,0.5425219941348978,0.0
27.0,0.3681245526846739,0.3958944281524923,0.0
27.0,0.309016994374947,0.26881720430107503,0.0
27.0,0.24868988716485815,0.20039100684261957,0.0
27.0,0.1873813145857249,0.11241446725317683,0.0
27.0,0.12533323356430134,-0.053763440860215006,0.0
27.0,0.06279051952931436,-0.17106549364613866,0.0
27.0,4.899825157862589e-15,-0.2883675464320623,0.0
27.0,-0.06279051952931168,-0.3665689149560114,0.0
27.0,-0.12533323356429868,-0.48387096774193505,0.0
27.0,-0.18738131458572224,-0.591397849462366,0.0
27.0,-0.24868988716485554,-0.6598240469208214,0.0
27.0,-0.30901699437494445,-0.7575757575757578,0.0
27.0,-0.3681245526846714,-0.8651026392961878,0.0
27.0,-0.4257792915650756,-0.9335288367546433,0.0
27.0,-0.4817536741017147,-1.0703812316715542,0.0
27.0,-0.5358267949789928,-1.1485826001955033,0.0
27.0,-0.587785252292472,-1.275659824046921,0.0
27.0,-0.6374239897486911,-1.3929618768328447,0.0
27.0,-0.6845471059286872,-1.4613880742913001,0.0
27.0,-0.7289686274214123,-1.490713587487781,0.0
27.0,-0.7705132427757875,-1.6177908113391983,0.0
27.0,-0.8090169943749477,-1.6471163245356792,0.0
27.0,-0.8443279255020132,-1.7546432062561097,0.0
27.0,-0.8763066800438635,-1.7937438905180842,0.0
27.0,-0.9048270524660177,-1.8426197458455524,0.0
27.0,-0.929776485888251,-1.8719452590420333,0.0
27.0,-0.9510565162951542,-1.911045943304008,0.0
27.0,-0.9685831611286306,-1.9696969696969697,0.0
27.0,-0.9822872507286876,-2.0087976539589443,0.0
27.0,-0.9921147013144784,-2.0576735092864125,0.0
27.0,-0.9980267284282716,-2.0772238514173997,0.0
27.0,-1.0,-2.0772238514173997,0.0
27.0,-0.9980267284282716,-2.067448680351906,0.0
27.0,-0.9921147013144783,-2.0772238514173997,0.0
27.0,-0.9822872507286888,-2.1358748778103616,0.0
27.0,-0.9685831611286323,-2.1358748778103616,0.0
28.0,-0.9510565162951536,0.014662756598240456,0.0
28.0,-0.9297764858882512,0.004887585532746819,0.0
28.0,-0.9048270524660199,0.014662756598240456,0.0
28.0,-0.8763066800438638,-0.014662756598240456,0.0
28.0,-0.8443279255020155,0.08308895405669592,0.0
28.0,-0.8090169943749476,-0.4169110459433041,0.0
28.0,-0.7705132427757896,-0.9169110459433041,0.0
28.0,-0.7289686274214116,-0.8553274682306942,0.0
28.0,-0.684547105928689,-0.8162267839687196,0.0
28.0,-0.6374239897486896,-0.7478005865102642,0.0
28.0,-0.5877852522924734,-0.698924731182796,0.0
28.0,-0.5358267949789963,-0.6304985337243405,0.0
28.0,-0.4817536741017153,-0.669599217986315,0.0
28.0,-0.4257792915650722,-0.6304985337243405,0.0
28.0,-0.3681245526846787,-0.591397849462366,0.0
28.0,-0.3090169943749477,-0.43499511241446687,0.0
28.0,-0.24868988716485535,-0.3176930596285432,0.0
28.0,-0.18738131458572468,-0.20039100684261957,0.0
28.0,-0.12533323356430465,-0.07331378299120228,0.0
28.0,-0.06279051952931326,0.11241446725317683,0.0
28.0,-2.4492935982947064e-16,0.1808406647116323,0.0
28.0,0.06279051952931278,0.26881720430107503,0.0
28.0,0.12533323356430418,0.2590420332355814,0.0
28.0,0.1873813145857242,0.37634408602150504,0.0
28.0,0.24868988716485488,0.4740957966764414,0.0
28.0,0.3090169943749472,0.6011730205278596,0.0
28.0,0.3681245526846782,0.669599217986315,0.0
28.0,0.42577929156507255,0.6891495601173023,0.0
28.0,0.48175367410171566,0.7966764418377323,0.0
28.0,0.5358267949789967,0.8357771260997069,0.0
28.0,0.5877852522924736,0.8944281524926687,0.0
28.0,0.6374239897486899,1.050830889540567,0.0
28.0,0.6845471059286893,1.099706744868035,0.0
28.0,0.7289686274214107,1.1974584555229715,0.0
28.0,0.7705132427757887,1.1974584555229715,0.0
28.0,0.8090169943749468,1.3147605083088951,0.0
28.0,0.8443279255020147,1.344086021505376,0.0
28.0,0.8763066800438631,1.4711632453567933,0.0
28.0,0.9048270524660194,1.480938416422287,0.0
28.0,0.9297764858882511,1.5004887585532742,0.0
28.0,0.9510565162951535,1.529814271749756,0.0
28.0,0.968583161128631,1.529814271749756,0.0
28.0,0.9822872507286886,1.5493646138807433,0.0
28.0,0.9921147013144778,1.6177908113391988,0.0
28.0,0.9980267284282716,1.6959921798631479,0.0
28.0,1.0,1.8132942326490715,0.0
28.0,0.9980267284282716,1.8230694037145652,0.0
28.0,0.9921147013144779,1.7937438905180842,0.0
28.0,0.9822872507286886,1.8426197458455524,0.0
28.0,0.9685831611286311,1.7937438905180842,0.0
28.0,0.9510565162951536,1.8035190615835779,0.0
28.0,0.9297764858882517,1.774193548387097,0.0
28.0,0.9048270524660192,1.6764418377321606,0.0
28.0,0.8763066800438634,1.637341153470186,0.0
28.0,0.8443279255020151,1.5395894428152497,0.0
28.0,0.8090169943749477,1.4613880742912997,0.0
28.0,0.7705132427757886,1.2561094819159333,0.0
28.0,0.728968627421411,1.1779081133919842,0.0
28.0,0.6845471059286897,1.0703812316715542,0.0
28.0,0.6374239897486911,0.9824046920821115,0.0
28.0,0.5877852522924734,0.9042033235581624,0.0
28.0,0.5358267949789972,0.7869012707722387,0.0
28.0,0.4817536741017162,0.669599217986315,0.0
28.0,0.42577929156507394,0.5816226783968723,0.0
28.0,0.368124552684678,0.5034213098729223,0.0
28.0,0.3090169943749478,0.42521994134897323,0.0
28.0,0.2486898871648555,0.26881720430107503,0.0
28.0,0.18738131458572568,0.12218963831867047,0.0
28.0,0.1253332335643039,-0.014662756598240456,0.0
28.0,0.06279051952931339,-0.15151515151515138,0.0
28.0,3.6739403974420594e-16,-0.22971652003910048,0.0
28.0,-0.06279051952931265,-0.34701857282502413,0.0
28.0,-0.12533323356430318,-0.4447702834799605,0.0
28.0,-0.18738131458572496,-0.5229716520039105,0.0
28.0,-0.24868988716485477,-0.6109481915933532,0.0
28.0,-0.30901699437494706,-0.7282502443792769,0.0
28.0,-0.36812455268467725,-0.8553274682306942,0.0
28.0,-0.42577929156507327,-0.9824046920821115,0.0
28.0,-0.48175367410171555,-1.0606060606060606,0.0
28.0,-0.5358267949789965,-1.2072336265884651,0.0
28.0,-0.5877852522924728,-1.2952101661779083,0.0
28.0,-0.6374239897486905,-1.412512218963832,0.0
28.0,-0.6845471059286892,-1.490713587487781,0.0
28.0,-0.7289686274214106,-1.5786901270772238,0.0
28.0,-0.770513242775788,-1.705767350928641,0.0
28.0,-0.8090169943749472,-1.7448680351906156,0.0
28.0,-0.8443279255020146,-1.8328445747800588,0.0
28.0,-0.876306680043863,-1.8328445747800588,0.0
28.0,-0.9048270524660189,-1.9305962854349952,0.0
28.0,-0.9297764858882513,-2.0087976539589443,0.0
28.0,-0.9510565162951534,-2.067448680351906,0.0
28.0,-0.968583161128631,-2.126099706744868,0.0
28.0,-0.9822872507286885,-2.1652003910068425,0.0
28.0,-0.9921147013144779,-2.2238514173998043,0.0
28.0,-0.9980267284282716,-2.233626588465298,0.0
28.0,-1.0,-2.2531769305962857,0.0
28.0,-0.9980267284282716,-2.2825024437927666,0.0
28.0,-0.992114701314478,-2.3118279569892475,0.0
28.0,-0.9822872507286886,-2.302052785923754,0.0
28.0,-0.9685831611286312,-2.2629521016617793,0.0
28.0,-0.9510565162951538,-2.2140762463343107,0.0
28.0,-0.9297764858882517,-2.2140762463343107,0.0
28.0,-0.9048270524660192,-2.1163245356793743,0.0
28.0,-0.8763066800438635,-1.9990224828934506,0.0
28.0,-0.8443279255020151,-1.9794721407624634,0.0
28.0,-0.8090169943749477,-1.9012707722385143,0.0
28.0,-0.7705132427757886,-1.8230694037145652,0.0
28.0,-0.7289686274214111,-1.6959921798631474,0.0
28.0,-0.6845471059286898,-1.5786901270772238,0.0
28.0,-0.6374239897486912,-1.4711632453567938,0.0
28.0,-0.5877852522924735,-1.3929618768328447,0.0
28.0,-0.5358267949789973,-1.3343108504398828,0.0
28.0,-0.4817536741017163,-1.1974584555229715,0.0
28.0,-0.42577929156507405,-1.1094819159335287,0.0
28.0,-0.3681245526846781,-1.0019550342130987,0.0
28.0,-0.3090169943749479,-0.8260019550342133,0.0
28.0,-0.2486898871648556,-0.7086999022482896,0.0
28.0,-0.1873813145857258,-0.591397849462366,0.0
28.0,-0.125333233564304,-0.4447702834799605,0.0
28.0,-0.06279051952931351,-0.29814271749755594,0.0
28.0,-4.898587196589413e-16,-0.24926686217008776,0.0
28.0,0.06279051952931075,-0.14173998044965774,0.0
28.0,0.12533323356430304,-0.024437927663734094,0.0
28.0,0.1873813145857231,0.04398826979472137,0.0
28.0,0.24868988716485466,0.17106549364613866,0.0
28.0,0.30901699437494523,0.29814271749755594,0.0
28.0,0.36812455268467714,0.43499511241446687,0.0
28.0,0.42577929156507155,0.5131964809384169,0.0
28.0,0.48175367410171543,0.6011730205278596,0.0
28.0,0.535826794978995,0.698924731182796,0.0
28.0,0.5877852522924727,0.8357771260997069,0.0
28.0,0.6374239897486891,0.9530791788856305,0.0
28.0,0.6845471059286891,0.9824046920821115,0.0
28.0,0.7289686274214104,1.0801564027370478,0.0
28.0,0.7705132427757891,1.2072336265884651,0.0
28.0,0.8090169943749471,1.3636363636363633,0.0
28.0,0.8443279255020155,1.5004887585532742,0.0
28.0,0.876306680043863,1.5982404692082115,0.0
28.0,0.9048270524660196,1.637341153470186,0.0
28.0,0.9297764858882513,1.7155425219941352,0.0
28.0,0.951056516295154,1.744868035190616,0.0
28.0,0.9685831611286309,1.744868035190616,0.0
28.0,0.9822872507286888,1.8914956011730206,0.0
28.0,0.9921147013144779,1.911045943304008,0.0
28.0,0.9980267284282717,1.9208211143695015,0.0
28.0,1.0,1.8914956011730206,0.0
28.0,0.9980267284282718,1.911045943304008,0.0
28.0,0.992114701314478,1.8914956011730206,0.0
28.0,0.9822872507286889,1.9012707722385143,0.0
28.0,0.9685831611286312,1.8426197458455524,0.0
28.0,0.9510565162951543,1.774193548387097,0.0
28.0,0.9297764858882518,1.7155425219941352,0.0
28.0,0.90482705246602,1.6080156402737051,0.0
28.0,0.8763066800438635,1.5493646138807433,0.0
28.0,0.8443279255020162,1.529814271749756,0.0
28.0,0.8090169943749478,1.4418377321603124,0.0
28.0,0.7705132427757898,1.373411534701857,0.0
28.0,0.7289686274214112,1.2952101661779079,0.0
28.0,0.6845471059286898,1.236559139784946,0.0
28.0,0.6374239897486899,1.158357771260997,0.0
28.0,0.5877852522924736,1.0410557184750733,0.0
28.0,0.5358267949789959,0.8944281524926687,0.0
28.0,0.48175367410171643,0.8357771260997069,0.0
28.0,0.42577929156507255,0.806451612903226,0.0
28.0,0.3681245526846782,0.7478005865102642,0.0
28.0,0.3090169943749463,0.7086999022482896,0.0
28.0,0.2486898871648557,0.6500488758553278,0.0
28.0,0.18738131458572418,0.4936461388074287,0.0
28.0,0.12533323356430415,0.37634408602150504,0.0
28.0,0.06279051952931186,0.27859237536656867,0.0
28.0,6.123233995736766e-16,0.24926686217008776,0.0
28.0,-0.06279051952931064,0.19061583577712593,0.0
28.0,-0.12533323356430293,0.053763440860215006,0.0
28.0,-0.18738131458572296,-0.04398826979472137,0.0
28.0,-0.24868988716485452,-0.1319648093841641,0.0
28.0,-0.3090169943749451,-0.21994134897360684,0.0
28.0,-0.3681245526846787,-0.27859237536656867,0.0
28.0,-0.42577929156506983,-0.4643206256109478,0.0
28.0,-0.4817536741017154,-0.6402737047898341,0.0
28.0,-0.5358267949789964,-0.7771260997067451,0.0
28.0,-0.5877852522924726,-0.8748778103616814,0.0
28.0,-0.637423989748689,-0.9530791788856305,0.0
28.0,-0.6845471059286877,-1.1094819159335287,0.0
28.0,-0.7289686274214103,-1.2267839687194524,0.0
28.0,-0.7705132427757901,-1.2658846529814274,0.0
28.0,-0.809016994374946,-1.3734115347018574,0.0
28.0,-0.8443279255020155,-1.5004887585532747,0.0
28.0,-0.8763066800438638,-1.627565982404692,0.0
28.0,-0.9048270524660196,-1.7155425219941347,0.0
28.0,-0.9297764858882513,-1.8621700879765397,0.0
28.0,-0.9510565162951534,-1.881720430107527,0.0
28.0,-0.9685831611286309,-1.9305962854349952,0.0
28.0,-0.982287250728689,-1.959921798631476,0.0
28.0,-0.9921147013144777,-2.0087976539589443,0.0
28.0,-0.9980267284282717,-2.038123167155425,0.0
28.0,-1.0,-2.067448680351906,0.0
28.0,-0.9980267284282718,-2.126099706744868,0.0
28.0,-0.9921147013144778,-2.1652003910068425,0.0
28.0,-0.9822872507286894,-2.145650048875855,0.0
28.0,-0.9685831611286312,-2.145650048875855,0.0
28.0,-0.9510565162951538,-2.1065493646138806,0.0
28.0,-0.9297764858882518,-2.0772238514173997,0.0
28.0,-0.9048270524660201,-2.018572825024438,0.0
28.0,-0.8763066800438645,-1.9305962854349952,0.0
28.0,-0.8443279255020162,-1.852394916911046,0.0
28.0,-0.8090169943749468,-1.7644183773216033,0.0
28.0,-0.770513242775791,-1.6471163245356792,0.0
28.0,-0.7289686274214113,-1.627565982404692,0.0
28.0,-0.6845471059286887,-1.5786901270772238,0.0
28.0,-0.63742398974869,-1.4809384164222874,0.0
28.0,-0.5877852522924737,-1.3734115347018574,0.0
28.0,-0.5358267949789975,-1.2561094819159337,0.0
28.0,-0.48175367410171654,-1.129032258064516,0.0
28.0,-0.42577929156507105,-0.9726295210166178,0.0
28.0,-0.36812455268468,-0.9042033235581624,0.0
28.0,-0.3090169943749464,-0.7184750733137832,0.0
28.0,-0.2486898871648541,-0.6207233626588469,0.0
28.0,-0.1873813145857243,-0.45454545454545414,0.0
28.0,-0.12533323356430426,-0.34701857282502413,0.0
28.0,-0.06279051952931375,-0.2883675464320623,0.0
28.0,-7.347880794884119e-16,-0.22971652003910048,0.0
28.0,0.06279051952931229,-0.24926686217008776,0.0
28.0,0.12533323356430282,-0.19061583577712593,0.0
28.0,0.18738131458572285,-0.053763440860215006,0.0
28.0,0.24868988716485269,0.04398826979472137,0.0
28.0,0.309016994374945,0.11241446725317683,0.0
28.0,0.3681245526846786,0.23949169110459412,0.0
28.0,0.4257792915650697,0.3958944281524923,0.0
28.0,0.48175367410171527,0.5718475073313787,0.0
28.0,0.5358267949789963,0.6500488758553278,0.0
28.0,0.5877852522924725,0.7771260997067451,0.0
28.0,0.6374239897486889,0.8260019550342133,0.0
28.0,0.6845471059286876,0.8846529814271751,0.0
28.0,0.7289686274214102,1.050830889540567,0.0
28.0,0.7705132427757901,1.129032258064516,0.0
28.0,0.8090169943749459,1.1485826001955033,0.0
28.0,0.8443279255020154,1.1974584555229715,0.0
28.0,0.8763066800438637,1.2756598240469206,0.0
28.0,0.9048270524660195,1.3343108504398824,0.0
28.0,0.9297764858882512,1.4418377321603124,0.0
28.0,0.9510565162951533,1.4613880742912997,0.0
28.0,0.9685831611286309,1.4907135874877806,0.0
28.0,0.982287250728689,1.5884652981427179,0.0
28.0,0.9921147013144777,1.6471163245356797,0.0
28.0,0.9980267284282717,1.6862170087976542,0.0
28.0,1.0,1.6471163245356797,0.0
28.0,0.9980267284282718,1.6959921798631479,0.0
28.0,0.9921147013144778,1.7350928641251224,0.0
28.0,0.9822872507286894,1.744868035190616,0.0
28.0,0.9685831611286312,1.6764418377321606,0.0
28.0,0.9510565162951539,1.7057673509286415,0.0
28.0,0.9297764858882518,1.6568914956011733,0.0
28.0,0.9048270524660201,1.6568914956011733,0.0
28.0,0.8763066800438645,1.5786901270772242,0.0
28.0,0.8443279255020163,1.4613880742912997,0.0
28.0,0.8090169943749469,1.373411534701857,0.0
28.0,0.7705132427757911,1.3245356793743888,0.0
28.0,0.7289686274214113,1.2072336265884651,0.0
28.0,0.6845471059286887,1.129032258064516,0.0
28.0,0.6374239897486901,1.050830889540567,0.0
28.0,0.5877852522924738,0.9433040078201369,0.0
28.0,0.5358267949789977,0.913978494623656,0.0
28.0,0.48175367410171666,0.9335288367546433,0.0
28.0,0.42577929156507116,0.8260019550342133,0.0
28.0,0.3681245526846801,0.698924731182796,0.0
28.0,0.30901699437494656,0.6891495601173023,0.0
28.0,0.24868988716485424,0.6011730205278596,0.0
28.0,0.1873813145857244,0.5034213098729223,0.0
28.0,0.1253332335643044,0.35679374389051777,0.0
28.0,0.06279051952931387,0.3079178885630496,0.0
28.0,8.572527594031472e-16,0.15151515151515138,0.0
28.0,-0.06279051952931217,0.004887585532746819,0.0
28.0,-0.12533323356430268,-0.09286412512218956,0.0
28.0,-0.18738131458572274,-0.23949169110459412,0.0
28.0,-0.24868988716485257,-0.4154447702834796,0.0
28.0,-0.3090169943749449,-0.5718475073313787,0.0
28.0,-0.3681245526846785,-0.6891495601173023,0.0
28.0,-0.4257792915650696,-0.7966764418377323,0.0
28.0,-0.48175367410171516,-0.9042033235581624,0.0
28.0,-0.5358267949789962,-0.9824046920821115,0.0
28.0,-0.5877852522924725,-1.1192570869990224,0.0
28.0,-0.6374239897486887,-1.2463343108504397,0.0
28.0,-0.6845471059286875,-1.3734115347018574,0.0
28.0,-0.7289686274214101,-1.4711632453567938,0.0
28.0,-0.77051324277579,-1.5786901270772238,0.0
28.0,-0.8090169943749459,-1.6666666666666665,0.0
28.0,-0.8443279255020153,-1.7839687194525906,0.0
28.0,-0.8763066800438637,-1.8328445747800588,0.0
28.0,-0.9048270524660195,-1.8426197458455524,0.0
28.0,-0.9297764858882512,-1.8914956011730206,0.0
28.0,-0.9510565162951533,-1.959921798631476,0.0
28.0,-0.9685831611286309,-2.0576735092864125,0.0
28.0,-0.982287250728689,-2.0869990224828934,0.0
28.0,-0.9921147013144775,-2.126099706744868,0.0
28.0,-0.9980267284282717,-2.1652003910068425,0.0
28.0,-1.0,-2.204301075268817,0.0
28.0,-0.9980267284282718,-2.2629521016617793,0.0
28.0,-0.9921147013144778,-2.3411534701857284,0.0
28.0,-0.9822872507286894,-2.3313782991202348,0.0
28.0,-0.9685831611286313,-2.2629521016617793,0.0
28.0,-0.9510565162951539,-2.2238514173998043,0.0
28.0,-0.9297764858882519,-2.1847507331378297,0.0
28.0,-0.9048270524660202,-2.1163245356793743,0.0
28.0,-0.8763066800438646,-2.1065493646138806,0.0
28.0,-0.8443279255020164,-2.0869990224828934,0.0
28.0,-0.8090169943749469,-2.0772238514173997,0.0
28.0,-0.7705132427757913,-1.9403714565004888,0.0
28.0,-0.7289686274214114,-1.8328445747800588,0.0
28.0,-0.6845471059286888,-1.7155425219941347,0.0
28.0,-0.6374239897486902,-1.6080156402737047,0.0
28.0,-0.5877852522924739,-1.5102639296187683,0.0
28.0,-0.5358267949789978,-1.4222873900293256,0.0
28.0,-0.48175367410171677,-1.2854349951124147,0.0
28.0,-0.42577929156507127,-1.1681329423264906,0.0
28.0,-0.3681245526846802,-1.0703812316715542,0.0
28.0,-0.3090169943749467,-1.0117302052785924,0.0
28.0,-0.24868988716485435,-0.9042033235581624,0.0
28.0,-0.18738131458572455,-0.7869012707722387,0.0
28.0,-0.1253332335643045,-0.6598240469208214,0.0
28.0,-0.062790519529314,-0.4936461388074287,0.0
28.0,-9.797174393178826e-16,-0.3665689149560114,0.0
28.0,0.06279051952931204,-0.35679374389051777,0.0
28.0,0.12533323356429904,-0.26881720430107503,0.0
28.0,0.1873813145857261,-0.17106549364613866,0.0
28.0,0.24868988716485246,-0.14173998044965774,0.0
28.0,0.3090169943749448,-0.06353861192570864,0.0
28.0,0.36812455268467503,0.024437927663734094,0.0
28.0,0.4257792915650727,0.07331378299120228,0.0
28.0,0.48175367410171505,0.21994134897360684,0.0
28.0,0.5358267949789961,0.29814271749755594,0.0
28.0,0.5877852522924695,0.35679374389051777,0.0
28.0,0.6374239897486914,0.4643206256109478,0.0
28.0,0.6845471059286874,0.6500488758553278,0.0
28.0,0.7289686274214101,0.8357771260997069,0.0
28.0,0.7705132427757877,0.9335288367546433,0.0
28.0,0.8090169943749479,1.0312805474095796,0.0
28.0,0.8443279255020153,1.158357771260997,0.0
28.0,0.8763066800438636,1.099706744868035,0.0
28.0,0.9048270524660179,1.158357771260997,0.0
28.0,0.9297764858882525,1.3147605083088951,0.0
28.0,0.9510565162951533,1.3831867057673506,0.0
28.0,0.9685831611286307,1.5200391006842624,0.0
28.0,0.9822872507286884,1.5493646138807433,0.0
28.0,0.992114701314478,1.5200391006842624,0.0
28.0,0.9980267284282717,1.4907135874877806,0.0
28.0,1.0,1.4320625610948188,0.0
28.0,0.9980267284282718,1.4125122189638315,0.0
28.0,0.9921147013144783,1.4907135874877806,0.0
28.0,0.9822872507286887,1.529814271749756,0.0
28.0,0.9685831611286313,1.6080156402737051,0.0
28.0,0.9510565162951539,1.5493646138807433,0.0
28.0,0.9297764858882532,1.5395894428152497,0.0
28.0,0.9048270524660188,1.5982404692082115,0.0
28.0,0.8763066800438646,1.559139784946237,0.0
28.0,0.8443279255020164,1.4613880742912997,0.0
28.0,0.8090169943749491,1.4125122189638315,0.0
28.0,0.770513242775789,1.2952101661779079,0.0
28.0,0.7289686274214116,1.3049853372434015,0.0
28.0,0.684547105928689,1.3147605083088951,0.0
28.0,0.637423989748693,1.236559139784946,0.0
28.0,0.5877852522924711,1.099706744868035,0.0
28.0,0.5358267949789979,1.050830889540567,0.0
28.0,0.4817536741017169,0.8944281524926687,0.0
28.0,0.4257792915650746,0.8162267839687196,0.0
28.0,0.368124552684677,0.6207233626588469,0.0
28.0,0.3090169943749468,0.5425219941348978,0.0
28.0,0.24868988716485446,0.43499511241446687,0.0
28.0,0.18738131458572815,0.2883675464320623,0.0
28.0,0.1253332335643011,0.16129032258064502,0.0
28.0,0.06279051952931412,0.053763440860215006,0.0
28.0,1.102182119232618e-15,-0.07331378299120228,0.0
28.0,-0.06279051952931192,-0.19061583577712593,0.0
28.0,-0.12533323356429893,-0.3665689149560114,0.0
28.0,-0.187381314585726,-0.5425219941348978,0.0
28.0,-0.24868988716485232,-0.6598240469208214,0.0
28.0,-0.3090169943749447,-0.7478005865102642,0.0
28.0,-0.3681245526846749,-0.8162267839687196,0.0
28.0,-0.4257792915650726,-0.9530791788856305,0.0
28.0,-0.48175367410171493,-1.0899315738025415,0.0
28.0,-0.535826794978996,-1.2267839687194524,0.0
28.0,-0.5877852522924694,-1.3734115347018574,0.0
28.0,-0.6374239897486913,-1.5004887585532747,0.0
28.0,-0.6845471059286873,-1.598240469208211,0.0
28.0,-0.72896862742141,-1.6471163245356792,0.0
28.0,-0.7705132427757876,-1.774193548387097,0.0
28.0,-0.8090169943749478,-1.852394916911046,0.0
28.0,-0.8443279255020152,-1.8914956011730206,0.0
28.0,-0.8763066800438636,-1.959921798631476,0.0
28.0,-0.9048270524660178,-2.038123167155425,0.0
28.0,-0.9297764858882525,-2.067448680351906,0.0
28.0,-0.9510565162951532,-2.1358748778103616,0.0
28.0,-0.9685831611286307,-2.233626588465298,0.0
28.0,-0.9822872507286883,-2.2825024437927666,0.0
28.0,-0.992114701314478,-2.2825024437927666,0.0
28.0,-0.9980267284282717,-2.350928641251222,0.0
28.0,-1.0,-2.3607038123167157,0.0
28.0,-0.9980267284282718,-2.321603128054741,0.0
28.0,-0.9921147013144783,-2.2825024437927666,0.0
28.0,-0.9822872507286887,-2.2238514173998043,0.0
28.0,-0.9685831611286313,-2.272727272727273,0.0
28.0,-0.951056516295154,-2.2531769305962857,0.0
28.0,-0.9297764858882532,-2.2238514173998043,0.0
28.0,-0.9048270524660188,-2.1652003910068425,0.0
28.0,-0.8763066800438647,-2.1065493646138806,0.0
28.0,-0.8443279255020165,-1.989247311827957,0.0
28.0,-0.8090169943749491,-1.9208211143695015,0.0
28.0,-0.770513242775789,-1.8621700879765397,0.0
28.0,-0.7289686274214117,-1.6862170087976538,0.0
28.0,-0.6845471059286891,-1.5395894428152492,0.0
28.0,-0.6374239897486931,-1.5298142717497556,0.0
28.0,-0.5877852522924712,-1.5102639296187683,0.0
28.0,-0.535826794978998,-1.3929618768328447,0.0
28.0,-0.481753674101717,-1.275659824046921,0.0
28.0,-0.4257792915650747,-1.1876832844574778,0.0
28.0,-0.3681245526846771,-1.0801564027370478,0.0
28.0,-0.3090169943749469,-0.9628543499511242,0.0
28.0,-0.2486898871648546,-0.8553274682306942,0.0
28.0,-0.18738131458572826,-0.7478005865102642,0.0
28.0,-0.12533323356430123,-0.6598240469208214,0.0
28.0,-0.06279051952931425,-0.562072336265885,0.0
28.0,-1.2246467991473533e-15,-0.4936461388074287,0.0
28.0,0.06279051952931179,-0.37634408602150504,0.0
28.0,0.1253332335642988,-0.27859237536656867,0.0
28.0,0.18738131458572588,-0.19061583577712593,0.0
28.0,0.2486898871648522,-0.06353861192570864,0.0
28.0,0.30901699437494456,0.014662756598240456,0.0
28.0,0.3681245526846748,0.1319648093841641,0.0
28.0,0.4257792915650725,0.20039100684261957,0.0
28.0,0.4817536741017148,0.3372434017595305,0.0
28.0,0.5358267949789959,0.4447702834799605,0.0
28.0,0.5877852522924693,0.5229716520039105,0.0
28.0,0.6374239897486885,0.6500488758553278,0.0
28.0,0.6845471059286898,0.7184750733137832,0.0
28.0,0.7289686274214099,0.8162267839687196,0.0
28.0,0.7705132427757853,0.8748778103616814,0.0
28.0,0.8090169943749498,0.913978494623656,0.0
28.0,0.8443279255020152,0.9921798631476051,0.0
28.0,0.8763066800438618,1.0117302052785924,0.0
28.0,0.9048270524660192,1.099706744868035,0.0
28.0,0.9297764858882523,1.1779081133919842,0.0
28.0,0.9510565162951532,1.2854349951124142,0.0
28.0,0.9685831611286316,1.3831867057673506,0.0
28.0,0.9822872507286883,1.4320625610948188,0.0
28.0,0.992114701314478,1.4711632453567933,0.0
28.0,0.9980267284282713,1.5884652981427179,0.0
28.0,1.0,1.5493646138807433,0.0
28.0,0.9980267284282718,1.6177908113391988,0.0
28.0,0.9921147013144788,1.5982404692082115,0.0
28.0,0.9822872507286882,1.6177908113391988,0.0
28.0,0.9685831611286313,1.6080156402737051,0.0
28.0,0.9510565162951551,1.5884652981427179,0.0
28.0,0.929776485888252,1.5884652981427179,0.0
28.0,0.9048270524660189,1.6177908113391988,0.0
28.0,0.8763066800438647,1.5395894428152497,0.0
28.0,0.8443279255020146,1.480938416422287,0.0
28.0,0.8090169943749492,1.4613880742912997,0.0
28.0,0.7705132427757891,1.4027370478983379,0.0
28.0,0.7289686274214141,1.344086021505376,0.0
28.0,0.6845471059286892,1.2952101661779079,0.0
28.0,0.6374239897486932,1.2170087976539588,0.0
28.0,0.5877852522924742,1.099706744868035,0.0
28.0,0.535826794978995,0.9628543499511242,0.0
28.0,0.48175367410171704,0.8944281524926687,0.0
28.0,0.42577929156507804,0.8455522971652005,0.0
28.0,0.3681245526846739,0.7673509286412514,0.0
28.0,0.309016994374947,0.6598240469208214,0.0
28.0,0.24868988716485815,0.562072336265885,0.0
28.0,0.1873813145857249,0.4154447702834796,0.0
28.0,0.12533323356430134,0.29814271749755594,0.0
28.0,0.06279051952931436,0.1026392961876832,0.0
28.0,4.899825157862589e-15,0.04398826979472137,0.0
28.0,-0.06279051952931168,-0.004887585532746819,0.0
28.0,-0.12533323356429868,-0.14173998044965774,0.0
28.0,-0.18738131458572224,-0.22971652003910048,0.0
28.0,-0.24868988716485554,-0.34701857282502413,0.0
28.0,-0.30901699437494445,-0.5131964809384169,0.0
28.0,-0.3681245526846714,-0.6109481915933532,0.0
28.0,-0.4257792915650756,-0.7673509286412514,0.0
28.0,-0.4817536741017147,-0.8260019550342133,0.0
28.0,-0.5358267949789928,-0.9042033235581624,0.0
28.0,-0.587785252292472,-1.021505376344086,0.0
28.0,-0.6374239897486911,-1.0801564027370478,0.0
28.0,-0.6845471059286872,-1.1779081133919842,0.0
28.0,-0.7289686274214123,-1.3147605083088956,0.0
28.0,-0.7705132427757875,-1.4027370478983383,0.0
28.0,-0.8090169943749477,-1.5395894428152492,0.0
28.0,-0.8443279255020132,-1.6373411534701856,0.0
28.0,-0.8763066800438635,-1.7644183773216033,0.0
28.0,-0.9048270524660177,-1.8621700879765397,0.0
28.0,-0.929776485888251,-1.9501466275659824,0.0
28.0,-0.9510565162951542,-2.0576735092864125,0.0
28.0,-0.9685831611286306,-2.126099706744868,0.0
28.0,-0.9822872507286876,-2.1945259042033234,0.0
28.0,-0.9921147013144784,-2.1652003910068425,0.0
28.0,-0.9980267284282716,-2.1847507331378297,0.0
28.0,-1.0,-2.233626588465298,0.0
28.0,-0.9980267284282716,-2.2238514173998043,0.0
28.0,-0.9921147013144783,-2.272727272727273,0.0
28.0,-0.9822872507286888,-2.272727272727273,0.0
28.0,-0.9685831611286323,-2.272727272727273,0.0
29.0,-0.9510565162951536,0.014662756598240456,0.0
29.0,-0.9297764858882512,-0.004887585532746819,0.0
29.0,-0.9048270524660199,-0.014662756598240456,0.0
29.0,-0.8763066800438638,0.004887585532746819,0.0
29.0,-0.8443279255020155,-0.04398826979472137,0.0
29.0,-0.8090169943749476,-0.5439882697947214,0.0
29.0,-0.7705132427757896,-1.0439882697947214,0.0
29.0,-0.7289686274214116,-1.0117302052785924,0.0
29.0,-0.684547105928689,-0.9237536656891496,0.0
29.0,-0.6374239897486896,-0.8357771260997069,0.0
29.0,-0.5877852522924734,-0.7869012707722387,0.0
29.0,-0.5358267949789963,-0.7086999022482896,0.0
29.0,-0.4817536741017153,-0.6207233626588469,0.0
29.0,-0.4257792915650722,-0.5229716520039105,0.0
29.0,-0.3681245526846787,-0.4447702834799605,0.0
29.0,-0.3090169943749477,-0.35679374389051777,0.0
29.0,-0.24868988716485535,-0.24926686217008776,0.0
29.0,-0.18738131458572468,-0.15151515151515138,0.0
29.0,-0.12533323356430465,-0.06353861192570864,0.0
29.0,-0.06279051952931326,0.04398826979472137,0.0
29.0,-2.4492935982947064e-16,0.1026392961876832,0.0
29.0,0.06279051952931278,0.2101661779081132,0.0
29.0,0.12533323356430418,0.3079178885630496,0.0
29.0,0.1873813145857242,0.4643206256109478,0.0
29.0,0.24868988716485488,0.5034213098729223,0.0
29.0,0.3090169943749472,0.6402737047898341,0.0
29.0,0.3681245526846782,0.6793743890518087,0.0
29.0,0.42577929156507255,0.7869012707722387,0.0
29.0,0.48175367410171566,0.9433040078201369,0.0
29.0,0.5358267949789967,0.9726295210166178,0.0
29.0,0.5877852522924736,0.9824046920821115,0.0
29.0,0.6374239897486899,1.0410557184750733,0.0
29.0,0.6845471059286893,1.099706744868035,0.0
29.0,0.7289686274214107,1.2170087976539588,0.0
29.0,0.7705132427757887,1.3049853372434015,0.0
29.0,0.8090169943749468,1.3636363636363633,0.0
29.0,0.8443279255020147,1.4125122189638315,0.0
29.0,0.8763066800438631,1.4711632453567933,0.0
29.0,0.9048270524660194,1.5102639296187688,0.0
29.0,0.9297764858882511,1.5689149560117306,0.0
29.0,0.9510565162951535,1.5884652981427179,0.0
29.0,0.968583161128631,1.6080156402737051,0.0
29.0,0.9822872507286886,1.6862170087976542,0.0
29.0,0.9921147013144778,1.8230694037145652,0.0
29.0,0.9980267284282716,1.8426197458455524,0.0
29.0,1.0,1.8230694037145652,0.0
29.0,0.9980267284282716,1.852394916911046,0.0
29.0,0.9921147013144779,1.8914956011730206,0.0
29.0,0.9822872507286886,1.9012707722385143,0.0
29.0,0.9685831611286311,1.8719452590420333,0.0
29.0,0.9510565162951536,1.8230694037145652,0.0
29.0,0.9297764858882517,1.7839687194525906,0.0
29.0,0.9048270524660192,1.6959921798631479,0.0
29.0,0.8763066800438634,1.6177908113391988,0.0
29.0,0.8443279255020151,1.4711632453567933,0.0
29.0,0.8090169943749477,1.373411534701857,0.0
29.0,0.7705132427757886,1.2854349951124142,0.0
29.0,0.728968627421411,1.1388074291300097,0.0
29.0,0.6845471059286897,1.0899315738025415,0.0
29.0,0.6374239897486911,0.9530791788856305,0.0
29.0,0.5877852522924734,0.8748778103616814,0.0
29.0,0.5358267949789972,0.8651026392961878,0.0
29.0,0.4817536741017162,0.8357771260997069,0.0
29.0,0.42577929156507394,0.7086999022482896,0.0
29.0,0.368124552684678,0.6304985337243405,0.0
29.0,0.3090169943749478,0.5718475073313787,0.0
29.0,0.2486898871648555,0.5034213098729223,0.0
29.0,0.18738131458572568,0.4154447702834796,0.0
29.0,0.1253332335643039,0.37634408602150504,0.0
29.0,0.06279051952931339,0.2883675464320623,0.0
29.0,3.6739403974420594e-16,0.22971652003910048,0.0
29.0,-0.06279051952931265,0.16129032258064502,0.0
29.0,-0.12533323356430318,0.1026392961876832,0.0
29.0,-0.18738131458572496,-0.014662756598240456,0.0
29.0,-0.24868988716485477,-0.12218963831867047,0.0
29.0,-0.30901699437494706,-0.26881720430107503,0.0
29.0,-0.36812455268467725,-0.34701857282502413,0.0
29.0,-0.42577929156507327,-0.45454545454545414,0.0
29.0,-0.48175367410171555,-0.6207233626588469,0.0
29.0,-0.5358267949789965,-0.7673509286412514,0.0
29.0,-0.5877852522924728,-0.8748778103616814,0.0
29.0,-0.6374239897486905,-0.9726295210166178,0.0
29.0,-0.6845471059286892,-1.0899315738025415,0.0
29.0,-0.7289686274214106,-1.2170087976539588,0.0
29.0,-0.770513242775788,-1.304985337243402,0.0
29.0,-0.8090169943749472,-1.383186705767351,0.0
29.0,-0.8443279255020146,-1.4418377321603129,0.0
29.0,-0.876306680043863,-1.5395894428152492,0.0
29.0,-0.9048270524660189,-1.6373411534701856,0.0
29.0,-0.9297764858882513,-1.7644183773216033,0.0
29.0,-0.9510565162951534,-1.8621700879765397,0.0
29.0,-0.968583161128631,-1.9305962854349952,0.0
29.0,-0.9822872507286885,-1.989247311827957,0.0
29.0,-0.9921147013144779,-1.9794721407624634,0.0
29.0,-0.9980267284282716,-1.9794721407624634,0.0
29.0,-1.0,-2.0576735092864125,0.0
29.0,-0.9980267284282716,-2.047898338220919,0.0
29.0,-0.992114701314478,-2.0087976539589443,0.0
29.0,-0.9822872507286886,-1.9990224828934506,0.0
29.0,-0.9685831611286312,-1.9208211143695015,0.0
29.0,-0.9510565162951538,-1.8719452590420333,0.0
29.0,-0.9297764858882517,-1.8035190615835779,0.0
29.0,-0.9048270524660192,-1.7644183773216033,0.0
29.0,-0.8763066800438635,-1.6862170087976538,0.0
29.0,-0.8443279255020151,-1.6177908113391983,0.0
29.0,-0.8090169943749477,-1.6177908113391983,0.0
29.0,-0.7705132427757886,-1.4809384164222874,0.0
29.0,-0.7289686274214111,-1.4320625610948192,0.0
29.0,-0.6845471059286898,-1.3734115347018574,0.0
29.0,-0.6374239897486912,-1.3147605083088956,0.0
29.0,-0.5877852522924735,-1.1779081133919842,0.0
29.0,-0.5358267949789973,-1.0899315738025415,0.0
29.0,-0.4817536741017163,-1.021505376344086,0.0
29.0,-0.42577929156507405,-0.8748778103616814,0.0
29.0,-0.3681245526846781,-0.8260019550342133,0.0
29.0,-0.3090169943749479,-0.7380254154447705,0.0
29.0,-0.2486898871648556,-0.6304985337243405,0.0
29.0,-0.1873813145857258,-0.4936461388074287,0.0
29.0,-0.125333233564304,-0.3665689149560114,0.0
29.0,-0.06279051952931351,-0.23949169110459412,0.0
29.0,-4.898587196589413e-16,-0.08308895405669592,0.0
29.0,0.06279051952931075,0.004887585532746819,0.0
29.0,0.12533323356430304,0.11241446725317683,0.0
29.0,0.1873813145857231,0.20039100684261957,0.0
29.0,0.24868988716485466,0.3079178885630496,0.0
29.0,0.30901699437494523,0.4447702834799605,0.0
29.0,0.36812455268467714,0.5522971652003914,0.0
29.0,0.42577929156507155,0.6500488758553278,0.0
29.0,0.48175367410171543,0.7184750733137832,0.0
29.0,0.535826794978995,0.8162267839687196,0.0
29.0,0.5877852522924727,0.9824046920821115,0.0
29.0,0.6374239897486891,1.0801564027370478,0.0
29.0,0.6845471059286891,1.129032258064516,0.0
29.0,0.7289686274214104,1.1779081133919842,0.0
29.0,0.7705132427757891,1.3147605083088951,0.0
29.0,0.8090169943749471,1.4222873900293251,0.0
29.0,0.8443279255020155,1.5493646138807433,0.0
29.0,0.876306680043863,1.666666666666667,0.0
29.0,0.9048270524660196,1.6959921798631479,0.0
29.0,0.9297764858882513,1.744868035190616,0.0
29.0,0.951056516295154,1.8426197458455524,0.0
29.0,0.9685831611286309,1.8914956011730206,0.0
29.0,0.9822872507286888,1.9794721407624634,0.0
29.0,0.9921147013144779,1.9990224828934506,0.0
29.0,0.9980267284282717,2.038123167155425,0.0
29.0,1.0,2.018572825024438,0.0
29.0,0.9980267284282718,2.018572825024438,0.0
29.0,0.992114701314478,2.0772238514173997,0.0
29.0,0.9822872507286889,2.0772238514173997,0.0
29.0,0.9685831611286312,2.0283479960899315,0.0
29.0,0.9510565162951543,2.096774193548387,0.0
29.0,0.9297764858882518,2.096774193548387,0.0
29.0,0.90482705246602,1.9990224828934506,0.0
29.0,0.8763066800438635,1.9696969696969697,0.0
29.0,0.8443279255020162,2.018572825024438,0.0
29.0,0.8090169943749478,2.018572825024438,0.0
29.0,0.7705132427757898,2.018572825024438,0.0
29.0,0.7289686274214112,1.911045943304008,0.0
29.0,0.6845471059286898,1.8132942326490715,0.0
29.0,0.6374239897486899,1.7057673509286415,0.0
29.0,0.5877852522924736,1.6080156402737051,0.0
29.0,0.5358267949789959,1.5004887585532742,0.0
29.0,0.48175367410171643,1.4222873900293251,0.0
29.0,0.42577929156507255,1.3538611925708697,0.0
29.0,0.3681245526846782,1.2561094819159333,0.0
29.0,0.3090169943749463,1.1681329423264906,0.0
29.0,0.2486898871648557,1.0899315738025415,0.0
29.0,0.18738131458572418,1.021505376344086,0.0
29.0,0.12533323356430415,0.9433040078201369,0.0
29.0,0.06279051952931186,0.8553274682306942,0.0
29.0,6.123233995736766e-16,0.7380254154447705,0.0
29.0,-0.06279051952931064,0.6500488758553278,0.0
29.0,-0.12533323356430293,0.48387096774193505,0.0
29.0,-0.18738131458572296,0.3861192570869987,0.0
29.0,-0.24868988716485452,0.2590420332355814,0.0
29.0,-0.3090169943749451,0.16129032258064502,0.0
29.0,-0.3681245526846787,0.024437927663734094,0.0
29.0,-0.42577929156506983,-0.12218963831867047,0.0
29.0,-0.4817536741017154,-0.2101661779081132,0.0
29.0,-0.5358267949789964,-0.3079178885630496,0.0
29.0,-0.5877852522924726,-0.40566959921798595,0.0
29.0,-0.637423989748689,-0.4936461388074287,0.0
29.0,-0.6845471059286877,-0.6207233626588469,0.0
29.0,-0.7289686274214103,-0.7966764418377323,0.0
29.0,-0.7705132427757901,-0.8553274682306942,0.0
29.0,-0.809016994374946,-1.0019550342130987,0.0
29.0,-0.8443279255020155,-1.0899315738025415,0.0
29.0,-0.8763066800438638,-1.1681329423264906,0.0
29.0,-0.9048270524660196,-1.3147605083088956,0.0
29.0,-0.9297764858882513,-1.4809384164222874,0.0
29.0,-0.9510565162951534,-1.520039100684262,0.0
29.0,-0.9685831611286309,-1.6080156402737047,0.0
29.0,-0.982287250728689,-1.7253176930596283,0.0
29.0,-0.9921147013144777,-1.8328445747800588,0.0
29.0,-0.9980267284282717,-1.911045943304008,0.0
29.0,-1.0,-1.9501466275659824,0.0
29.0,-0.9980267284282718,-1.9696969696969697,0.0
29.0,-0.9921147013144778,-1.9403714565004888,0.0
29.0,-0.9822872507286894,-1.9501466275659824,0.0
29.0,-0.9685831611286312,-1.959921798631476,0.0
29.0,-0.9510565162951538,-1.9403714565004888,0.0
29.0,-0.9297764858882518,-1.9012707722385143,0.0
29.0,-0.9048270524660201,-1.9305962854349952,0.0
29.0,-0.8763066800438645,-1.9208211143695015,0.0
29.0,-0.8443279255020162,-1.852394916911046,0.0
29.0,-0.8090169943749468,-1.7448680351906156,0.0
29.0,-0.770513242775791,-1.6959921798631474,0.0
29.0,-0.7289686274214113,-1.6568914956011729,0.0
29.0,-0.6845471059286887,-1.5493646138807429,0.0
29.0,-0.63742398974869,-1.4711632453567938,0.0
29.0,-0.5877852522924737,-1.304985337243402,0.0
29.0,-0.5358267949789975,-1.1681329423264906,0.0
29.0,-0.48175367410171654,-1.1192570869990224,0.0
29.0,-0.42577929156507105,-1.050830889540567,0.0
29.0,-0.36812455268468,-0.9530791788856305,0.0
29.0,-0.3090169943749464,-0.8651026392961878,0.0
29.0,-0.2486898871648541,-0.7771260997067451,0.0
29.0,-0.1873813145857243,-0.6402737047898341,0.0
29.0,-0.12533323356430426,-0.48387096774193505,0.0
29.0,-0.06279051952931375,-0.3665689149560114,0.0
29.0,-7.347880794884119e-16,-0.24926686217008776,0.0
29.0,0.06279051952931229,-0.2101661779081132,0.0
29.0,0.12533323356430282,-0.09286412512218956,0.0
29.0,0.18738131458572285,0.014662756598240456,0.0
29.0,0.24868988716485269,0.17106549364613866,0.0
29.0,0.309016994374945,0.24926686217008776,0.0
29.0,0.3681245526846786,0.4154447702834796,0.0
29.0,0.4257792915650697,0.5229716520039105,0.0
29.0,0.48175367410171527,0.6011730205278596,0.0
29.0,0.5358267949789963,0.698924731182796,0.0
29.0,0.5877852522924725,0.8357771260997069,0.0
29.0,0.6374239897486889,1.021505376344086,0.0
29.0,0.6845471059286876,1.1681329423264906,0.0
29.0,0.7289686274214102,1.236559139784946,0.0
29.0,0.7705132427757901,1.3538611925708697,0.0
29.0,0.8090169943749459,1.451612903225806,0.0
29.0,0.8443279255020154,1.529814271749756,0.0
29.0,0.8763066800438637,1.6177908113391988,0.0
29.0,0.9048270524660195,1.6959921798631479,0.0
29.0,0.9297764858882512,1.7546432062561097,0.0
29.0,0.9510565162951533,1.7155425219941352,0.0
29.0,0.9685831611286309,1.7350928641251224,0.0
29.0,0.982287250728689,1.8035190615835779,0.0
29.0,0.9921147013144777,1.881720430107527,0.0
29.0,0.9980267284282717,1.9403714565004888,0.0
29.0,1.0,1.989247311827957,0.0
29.0,0.9980267284282718,2.0283479960899315,0.0
29.0,0.9921147013144778,1.9990224828934506,0.0
29.0,0.9822872507286894,2.0087976539589443,0.0
29.0,0.9685831611286312,2.0772238514173997,0.0
29.0,0.9510565162951539,2.018572825024438,0.0
29.0,0.9297764858882518,1.9208211143695015,0.0
29.0,0.9048270524660201,1.8328445747800588,0.0
29.0,0.8763066800438645,1.7546432062561097,0.0
29.0,0.8443279255020163,1.7057673509286415,0.0
29.0,0.8090169943749469,1.6275659824046924,0.0
29.0,0.7705132427757911,1.5004887585532742,0.0
29.0,0.7289686274214113,1.3636363636363633,0.0
29.0,0.6845471059286887,1.2561094819159333,0.0
29.0,0.6374239897486901,1.158357771260997,0.0
29.0,0.5877852522924738,1.0801564027370478,0.0
29.0,0.5358267949789977,1.0117302052785924,0.0
29.0,0.48175367410171666,0.9433040078201369,0.0
29.0,0.42577929156507116,0.8260019550342133,0.0
29.0,0.3681245526846801,0.698924731182796,0.0
29.0,0.30901699437494656,0.5718475073313787,0.0
29.0,0.24868988716485424,0.4740957966764414,0.0
29.0,0.1873813145857244,0.35679374389051777,0.0
29.0,0.1253332335643044,0.22971652003910048,0.0
29.0,0.06279051952931387,0.11241446725317683,0.0
29.0,8.572527594031472e-16,-0.004887585532746819,0.0
29.0,-0.06279051952931217,-0.14173998044965774,0.0
29.0,-0.12533323356430268,-0.3079178885630496,0.0
29.0,-0.18738131458572274,-0.45454545454545414,0.0
29.0,-0.24868988716485257,-0.591397849462366,0.0
29.0,-0.3090169943749449,-0.669599217986315,0.0
29.0,-0.3681245526846785,-0.7673509286412514,0.0
29.0,-0.4257792915650696,-0.8651026392961878,0.0
29.0,-0.48175367410171516,-0.9628543499511242,0.0
29.0,-0.5358267949789962,-1.0899315738025415,0.0
29.0,-0.5877852522924725,-1.2267839687194524,0.0
29.0,-0.6374239897486887,-1.3245356793743892,0.0
29.0,-0.6845471059286875,-1.412512218963832,0.0
29.0,-0.7289686274214101,-1.4809384164222874,0.0
29.0,-0.77051324277579,-1.6666666666666665,0.0
29.0,-0.8090169943749459,-1.6764418377321602,0.0
29.0,-0.8443279255020153,-1.7546432062561097,0.0
29.0,-0.8763066800438637,-1.852394916911046,0.0
29.0,-0.9048270524660195,-1.9208211143695015,0.0
29.0,-0.9297764858882512,-2.018572825024438,0.0
29.0,-0.9510565162951533,-2.0869990224828934,0.0
29.0,-0.9685831611286309,-2.1065493646138806,0.0
29.0,-0.982287250728689,-2.204301075268817,0.0
29.0,-0.9921147013144775,-2.2531769305962857,0.0
29.0,-0.9980267284282717,-2.272727272727273,0.0
29.0,-1.0,-2.3313782991202348,0.0
29.0,-0.9980267284282718,-2.321603128054741,0.0
29.0,-0.9921147013144778,-2.350928641251222,0.0
29.0,-0.9822872507286894,-2.3704789833822093,0.0
29.0,-0.9685831611286313,-2.321603128054741,0.0
29.0,-0.9510565162951539,-2.2531769305962857,0.0
29.0,-0.9297764858882519,-2.204301075268817,0.0
29.0,-0.9048270524660202,-2.145650048875855,0.0
29.0,-0.8763066800438646,-2.0869990224828934,0.0
29.0,-0.8443279255020164,-1.959921798631476,0.0
29.0,-0.8090169943749469,-1.8914956011730206,0.0
29.0,-0.7705132427757913,-1.852394916911046,0.0
29.0,-0.7289686274214114,-1.7546432062561097,0.0
29.0,-0.6845471059286888,-1.627565982404692,0.0
29.0,-0.6374239897486902,-1.5395894428152492,0.0
29.0,-0.5877852522924739,-1.4613880742913001,0.0
29.0,-0.5358267949789978,-1.3440860215053765,0.0
29.0,-0.48175367410171677,-1.304985337243402,0.0
29.0,-0.42577929156507127,-1.1779081133919842,0.0
29.0,-0.3681245526846802,-1.0703812316715542,0.0
29.0,-0.3090169943749467,-0.9335288367546433,0.0
29.0,-0.24868988716485435,-0.8553274682306942,0.0
29.0,-0.18738131458572455,-0.7673509286412514,0.0
29.0,-0.1253332335643045,-0.6304985337243405,0.0
29.0,-0.062790519529314,-0.5425219941348978,0.0
29.0,-9.797174393178826e-16,-0.4447702834799605,0.0
29.0,0.06279051952931204,-0.2883675464320623,0.0
29.0,0.12533323356429904,-0.1808406647116323,0.0
29.0,0.1873813145857261,-0.07331378299120228,0.0
29.0,0.24868988716485246,0.024437927663734094,0.0
29.0,0.3090169943749448,0.14173998044965774,0.0
29.0,0.36812455268467503,0.2101661779081132,0.0
29.0,0.4257792915650727,0.2883675464320623,0.0
29.0,0.48175367410171505,0.4154447702834796,0.0
29.0,0.5358267949789961,0.5229716520039105,0.0
29.0,0.5877852522924695,0.669599217986315,0.0
29.0,0.6374239897486914,0.7771260997067451,0.0
29.0,0.6845471059286874,0.8651026392961878,0.0
29.0,0.7289686274214101,0.8748778103616814,0.0
29.0,0.7705132427757877,0.9433040078201369,0.0
29.0,0.8090169943749479,1.099706744868035,0.0
29.0,0.8443279255020153,1.1876832844574778,0.0
29.0,0.8763066800438636,1.3245356793743888,0.0
29.0,0.9048270524660179,1.4320625610948188,0.0
29.0,0.9297764858882525,1.4711632453567933,0.0
29.0,0.9510565162951533,1.559139784946237,0.0
29.0,0.9685831611286307,1.637341153470186,0.0
29.0,0.9822872507286884,1.666666666666667,0.0
29.0,0.992114701314478,1.7155425219941352,0.0
29.0,0.9980267284282717,1.7839687194525906,0.0
29.0,1.0,1.8328445747800588,0.0
29.0,0.9980267284282718,1.8035190615835779,0.0
29.0,0.9921147013144783,1.744868035190616,0.0
29.0,0.9822872507286887,1.744868035190616,0.0
29.0,0.9685831611286313,1.744868035190616,0.0
29.0,0.9510565162951539,1.7155425219941352,0.0
29.0,0.9297764858882532,1.666666666666667,0.0
29.0,0.9048270524660188,1.5884652981427179,0.0
29.0,0.8763066800438646,1.5395894428152497,0.0
29.0,0.8443279255020164,1.4711632453567933,0.0
29.0,0.8090169943749491,1.4027370478983379,0.0
29.0,0.770513242775789,1.344086021505376,0.0
29.0,0.7289686274214116,1.2756598240469206,0.0
29.0,0.684547105928689,1.1094819159335287,0.0
29.0,0.637423989748693,1.0410557184750733,0.0
29.0,0.5877852522924711,0.9628543499511242,0.0
29.0,0.5358267949789979,0.8651026392961878,0.0
29.0,0.4817536741017169,0.7771260997067451,0.0
29.0,0.4257792915650746,0.7184750733137832,0.0
29.0,0.368124552684677,0.6598240469208214,0.0
29.0,0.3090169943749468,0.5425219941348978,0.0
29.0,0.24868988716485446,0.3958944281524923,0.0
29.0,0.18738131458572815,0.29814271749755594,0.0
29.0,0.1253332335643011,0.21994134897360684,0.0
29.0,0.06279051952931412,0.16129032258064502,0.0
29.0,1.102182119232618e-15,-0.004887585532746819,0.0
29.0,-0.06279051952931192,-0.1319648093841641,0.0
29.0,-0.12533323356429893,-0.26881720430107503,0.0
29.0,-0.187381314585726,-0.45454545454545414,0.0
29.0,-0.24868988716485232,-0.5718475073313787,0.0
29.0,-0.3090169943749447,-0.6500488758553278,0.0
29.0,-0.3681245526846749,-0.7478005865102642,0.0
29.0,-0.4257792915650726,-0.8651026392961878,0.0
29.0,-0.48175367410171493,-0.9628543499511242,0.0
29.0,-0.535826794978996,-1.099706744868035,0.0
29.0,-0.5877852522924694,-1.1974584555229715,0.0
29.0,-0.6374239897486913,-1.3538611925708701,0.0
29.0,-0.6845471059286873,-1.4320625610948192,0.0
29.0,-0.72896862742141,-1.6080156402737047,0.0
29.0,-0.7705132427757876,-1.6666666666666665,0.0
29.0,-0.8090169943749478,-1.6959921798631474,0.0
29.0,-0.8443279255020152,-1.7448680351906156,0.0
29.0,-0.8763066800438636,-1.7253176930596283,0.0
29.0,-0.9048270524660178,-1.8035190615835779,0.0
29.0,-0.9297764858882525,-1.8426197458455524,0.0
29.0,-0.9510565162951532,-1.8328445747800588,0.0
29.0,-0.9685831611286307,-1.852394916911046,0.0
29.0,-0.9822872507286883,-1.8914956011730206,0.0
29.0,-0.992114701314478,-1.9794721407624634,0.0
29.0,-0.9980267284282717,-1.9794721407624634,0.0
29.0,-1.0,-1.9403714565004888,0.0
29.0,-0.9980267284282718,-1.8914956011730206,0.0
29.0,-0.9921147013144783,-1.8230694037145652,0.0
29.0,-0.9822872507286887,-1.8230694037145652,0.0
29.0,-0.9685831611286313,-1.852394916911046,0.0
29.0,-0.951056516295154,-1.8328445747800588,0.0
29.0,-0.9297764858882532,-1.8621700879765397,0.0
29.0,-0.9048270524660188,-1.8328445747800588,0.0
29.0,-0.8763066800438647,-1.8132942326490715,0.0
29.0,-0.8443279255020165,-1.7546432062561097,0.0
29.0,-0.8090169943749491,-1.6568914956011729,0.0
29.0,-0.770513242775789,-1.5395894428152492,0.0
29.0,-0.7289686274214117,-1.490713587487781,0.0
29.0,-0.6845471059286891,-1.3929618768328447,0.0
29.0,-0.6374239897486931,-1.3538611925708701,0.0
29.0,-0.5877852522924712,-1.2267839687194524,0.0
29.0,-0.535826794978998,-1.129032258064516,0.0
29.0,-0.481753674101717,-1.0117302052785924,0.0
29.0,-0.4257792915650747,-0.913978494623656,0.0
29.0,-0.3681245526846771,-0.913978494623656,0.0
29.0,-0.3090169943749469,-0.8651026392961878,0.0
29.0,-0.2486898871648546,-0.7869012707722387,0.0
29.0,-0.18738131458572826,-0.6891495601173023,0.0
29.0,-0.12533323356430123,-0.6402737047898341,0.0
29.0,-0.06279051952931425,-0.5034213098729232,0.0
29.0,-1.2246467991473533e-15,-0.3372434017595305,0.0
29.0,0.06279051952931179,-0.2590420332355814,0.0
29.0,0.1253332335642988,-0.16129032258064502,0.0
29.0,0.18738131458572588,-0.03421309872922773,0.0
29.0,0.2486898871648522,0.053763440860215006,0.0
29.0,0.30901699437494456,0.22971652003910048,0.0
29.0,0.3681245526846748,0.27859237536656867,0.0
29.0,0.4257792915650725,0.40566959921798595,0.0
29.0,0.4817536741017148,0.5131964809384169,0.0
29.0,0.5358267949789959,0.591397849462366,0.0
29.0,0.5877852522924693,0.7869012707722387,0.0
29.0,0.6374239897486885,0.913978494623656,0.0
29.0,0.6845471059286898,1.021505376344086,0.0
29.0,0.7289686274214099,1.1485826001955033,0.0
29.0,0.7705132427757853,1.2561094819159333,0.0
29.0,0.8090169943749498,1.3538611925708697,0.0
29.0,0.8443279255020152,1.4027370478983379,0.0
29.0,0.8763066800438618,1.559139784946237,0.0
29.0,0.9048270524660192,1.6177908113391988,0.0
29.0,0.9297764858882523,1.7546432062561097,0.0
29.0,0.9510565162951532,1.7546432062561097,0.0
29.0,0.9685831611286316,1.7155425219941352,0.0
29.0,0.9822872507286883,1.6764418377321606,0.0
29.0,0.992114701314478,1.7546432062561097,0.0
29.0,0.9980267284282713,1.7350928641251224,0.0
29.0,1.0,1.7155425219941352,0.0
29.0,0.9980267284282718,1.6959921798631479,0.0
29.0,0.9921147013144788,1.6764418377321606,0.0
29.0,0.9822872507286882,1.6568914956011733,0.0
29.0,0.9685831611286313,1.6080156402737051,0.0
29.0,0.9510565162951551,1.5884652981427179,0.0
29.0,0.929776485888252,1.5884652981427179,0.0
29.0,0.9048270524660189,1.4711632453567933,0.0
29.0,0.8763066800438647,1.4711632453567933,0.0
29.0,0.8443279255020146,1.4613880742912997,0.0
29.0,0.8090169943749492,1.3538611925708697,0.0
29.0,0.7705132427757891,1.2756598240469206,0.0
29.0,0.7289686274214141,1.158357771260997,0.0
29.0,0.6845471059286892,1.0606060606060606,0.0
29.0,0.6374239897486932,0.9433040078201369,0.0
29.0,0.5877852522924742,0.8846529814271751,0.0
29.0,0.535826794978995,0.7771260997067451,0.0
29.0,0.48175367410171704,0.669599217986315,0.0
29.0,0.42577929156507804,0.6109481915933532,0.0
29.0,0.3681245526846739,0.45454545454545414,0.0
29.0,0.309016994374947,0.3372434017595305,0.0
29.0,0.24868988716485815,0.19061583577712593,0.0
29.0,0.1873813145857249,0.09286412512218956,0.0
29.0,0.12533323356430134,0.004887585532746819,0.0
29.0,0.06279051952931436,-0.024437927663734094,0.0
29.0,4.899825157862589e-15,-0.14173998044965774,0.0
29.0,-0.06279051952931168,-0.20039100684261957,0.0
29.0,-0.12533323356429868,-0.29814271749755594,0.0
29.0,-0.18738131458572224,-0.42521994134897323,0.0
29.0,-0.24868988716485554,-0.4936461388074287,0.0
29.0,-0.30901699437494445,-0.562072336265885,0.0
29.0,-0.3681245526846714,-0.6402737047898341,0.0
29.0,-0.4257792915650756,-0.7966764418377323,0.0
29.0,-0.4817536741017147,-0.9530791788856305,0.0
29.0,-0.5358267949789928,-1.0606060606060606,0.0
29.0,-0.587785252292472,-1.1485826001955033,0.0
29.0,-0.6374239897486911,-1.275659824046921,0.0
29.0,-0.6845471059286872,-1.3636363636363638,0.0
29.0,-0.7289686274214123,-1.4809384164222874,0.0
29.0,-0.7705132427757875,-1.5395894428152492,0.0
29.0,-0.8090169943749477,-1.6666666666666665,0.0
29.0,-0.8443279255020132,-1.7546432062561097,0.0
29.0,-0.8763066800438635,-1.8426197458455524,0.0
29.0,-0.9048270524660177,-1.9501466275659824,0.0
29.0,-0.929776485888251,-1.9794721407624634,0.0
29.0,-0.9510565162951542,-2.047898338220919,0.0
29.0,-0.9685831611286306,-2.096774193548387,0.0
29.0,-0.9822872507286876,-2.145650048875855,0.0
29.0,-0.9921147013144784,-2.204301075268817,0.0
29.0,-0.9980267284282716,-2.204301075268817,0.0
29.0,-1.0,-2.2629521016617793,0.0
29.0,-0.9980267284282716,-2.2629521016617793,0.0
29.0,-0.9921147013144783,-2.302052785923754,0.0
29.0,-0.9822872507286888,-2.321603128054741,0.0
29.0,-0.9685831611286323,-2.3118279569892475,0.0
30.0,-0.9510565162951536,-0.014662756598240456,0.0
30.0,-0.9297764858882512,-0.014662756598240456,0.0
30.0,-0.9048270524660199,0.014662756598240456,0.0
30.0,-0.8763066800438638,0.014662756598240456,0.0
30.0,-0.8443279255020155,-0.48533724340175954,0.0
30.0,-0.8090169943749476,-0.9853372434017595,0.0
30.0,-0.7705132427757896,-1.0019550342130987,0.0
30.0,-0.7289686274214116,-0.9628543499511242,0.0
30.0,-0.684547105928689,-0.9433040078201369,0.0
30.0,-0.6374239897486896,-0.9237536656891496,0.0
30.0,-0.5877852522924734,-0.8748778103616814,0.0
30.0,-0.5358267949789963,-0.8260019550342133,0.0
30.0,-0.4817536741017153,-0.7673509286412514,0.0
30.0,-0.4257792915650722,-0.7478005865102642,0.0
30.0,-0.3681245526846787,-0.6207233626588469,0.0
30.0,-0.3090169943749477,-0.5425219941348978,0.0
30.0,-0.24868988716485535,-0.4154447702834796,0.0
30.0,-0.18738131458572468,-0.35679374389051777,0.0
30.0,-0.12533323356430465,-0.22971652003910048,0.0
30.0,-0.06279051952931326,-0.15151515151515138,0.0
30.0,-2.4492935982947064e-16,-0.08308895405669592,0.0
30.0,0.06279051952931278,0.004887585532746819,0.0
30.0,0.12533323356430418,0.11241446725317683,0.0
30.0,0.1873813145857242,0.2590420332355814,0.0
30.0,0.24868988716485488,0.37634408602150504,0.0
30.0,0.3090169943749472,0.5425219941348978,0.0
30.0,0.3681245526846782,0.6109481915933532,0.0
30.0,0.42577929156507255,0.7282502443792769,0.0
30.0,0.48175367410171566,0.8651026392961878,0.0
30.0,0.5358267949789967,0.8944281524926687,0.0
30.0,0.5877852522924736,0.8748778103616814,0.0
30.0,0.6374239897486899,0.9921798631476051,0.0
30.0,0.6845471059286893,1.0899315738025415,0.0
30.0,0.7289686274214107,1.1779081133919842,0.0
30.0,0.7705132427757887,1.3049853372434015,0.0
30.0,0.8090169943749468,1.3636363636363633,0.0
30.0,0.8443279255020147,1.4222873900293251,0.0
30.0,0.8763066800438631,1.5200391006842624,0.0
30.0,0.9048270524660194,1.6177908113391988,0.0
30.0,0.9297764858882511,1.6764418377321606,0.0
30.0,0.9510565162951535,1.744868035190616,0.0
30.0,0.968583161128631,1.7839687194525906,0.0
30.0,0.9822872507286886,1.7937438905180842,0.0
30.0,0.9921147013144778,1.8230694037145652,0.0
30.0,0.9980267284282716,1.8426197458455524,0.0
30.0,1.0,1.9012707722385143,0.0
30.0,0.9980267284282716,1.8426197458455524,0.0
30.0,0.9921147013144779,1.8621700879765397,0.0
30.0,0.9822872507286886,1.8328445747800588,0.0
30.0,0.9685831611286311,1.8035190615835779,0.0
30.0,0.9510565162951536,1.7937438905180842,0.0
30.0,0.9297764858882517,1.7057673509286415,0.0
30.0,0.9048270524660192,1.6471163245356797,0.0
30.0,0.8763066800438634,1.5689149560117306,0.0
30.0,0.8443279255020151,1.4027370478983379,0.0
30.0,0.8090169943749477,1.3343108504398824,0.0
30.0,0.7705132427757886,1.2756598240469206,0.0
30.0,0.728968627421411,1.236559139784946,0.0
30.0,0.6845471059286897,1.1974584555229715,0.0
30.0,0.6374239897486911,1.0606060606060606,0.0
30.0,0.5877852522924734,1.0117302052785924,0.0
30.0,0.5358267949789972,0.9726295210166178,0.0
30.0,0.4817536741017162,0.9433040078201369,0.0
30.0,0.42577929156507394,0.7771260997067451,0.0
30.0,0.368124552684678,0.7575757575757578,0.0
30.0,0.3090169943749478,0.6793743890518087,0.0
30.0,0.2486898871648555,0.5131964809384169,0.0
30.0,0.18738131458572568,0.4740957966764414,0.0
30.0,0.1253332335643039,0.35679374389051777,0.0
30.0,0.06279051952931339,0.2101661779081132,0.0
30.0,3.6739403974420594e-16,0.1026392961876832,0.0
30.0,-0.06279051952931265,0.08308895405669592,0.0
30.0,-0.12533323356430318,-0.11241446725317683,0.0
30.0,-0.18738131458572496,-0.19061583577712593,0.0
30.0,-0.24868988716485477,-0.29814271749755594,0.0
30.0,-0.30901699437494706,-0.32746823069403685,0.0
30.0,-0.36812455268467725,-0.48387096774193505,0.0
30.0,-0.42577929156507327,-0.6207233626588469,0.0
30.0,-0.48175367410171555,-0.7673509286412514,0.0
30.0,-0.5358267949789965,-0.8846529814271751,0.0
30.0,-0.5877852522924728,-0.9824046920821115,0.0
30.0,-0.6374239897486905,-1.1094819159335287,0.0
30.0,-0.6845471059286892,-1.2170087976539588,0.0
30.0,-0.7289686274214106,-1.3343108504398828,0.0
30.0,-0.770513242775788,-1.4320625610948192,0.0
30.0,-0.8090169943749472,-1.5689149560117301,0.0
30.0,-0.8443279255020146,-1.6764418377321602,0.0
30.0,-0.876306680043863,-1.7644183773216033,0.0
30.0,-0.9048270524660189,-1.8621700879765397,0.0
30.0,-0.9297764858882513,-1.881720430107527,0.0
30.0,-0.9510565162951534,-1.9403714565004888,0.0
30.0,-0.968583161128631,-1.9403714565004888,0.0
30.0,-0.9822872507286885,-2.0283479960899315,0.0
30.0,-0.9921147013144779,-2.047898338220919,0.0
30.0,-0.9980267284282716,-2.0576735092864125,0.0
30.0,-1.0,-2.0576735092864125,0.0
30.0,-0.9980267284282716,-2.0087976539589443,0.0
30.0,-0.992114701314478,-1.989247311827957,0.0
30.0,-0.9822872507286886,-1.9501466275659824,0.0
30.0,-0.9685831611286312,-1.9208211143695015,0.0
30.0,-0.9510565162951538,-1.8914956011730206,0.0
30.0,-0.9297764858882517,-1.852394916911046,0.0
30.0,-0.9048270524660192,-1.8230694037145652,0.0
30.0,-0.8763066800438635,-1.735092864125122,0.0
30.0,-0.8443279255020151,-1.6471163245356792,0.0
30.0,-0.8090169943749477,-1.5689149560117301,0.0
30.0,-0.7705132427757886,-1.4809384164222874,0.0
30.0,-0.7289686274214111,-1.412512218963832,0.0
30.0,-0.6845471059286898,-1.2952101661779083,0.0
30.0,-0.6374239897486912,-1.2072336265884651,0.0
30.0,-0.5877852522924735,-1.0801564027370478,0.0
30.0,-0.5358267949789973,-1.0117302052785924,0.0
30.0,-0.4817536741017163,-0.9042033235581624,0.0
30.0,-0.42577929156507405,-0.8260019550342133,0.0
30.0,-0.3681245526846781,-0.7869012707722387,0.0
30.0,-0.3090169943749479,-0.7086999022482896,0.0
30.0,-0.2486898871648556,-0.6207233626588469,0.0
30.0,-0.1873813145857258,-0.4643206256109478,0.0
30.0,-0.125333233564304,-0.3372434017595305,0.0
30.0,-0.06279051952931351,-0.22971652003910048,0.0
30.0,-4.898587196589413e-16,-0.12218963831867047,0.0
30.0,0.06279051952931075,-0.07331378299120228,0.0
30.0,0.12533323356430304,0.053763440860215006,0.0
30.0,0.1873813145857231,0.17106549364613866,0.0
30.0,0.24868988716485466,0.2590420332355814,0.0
30.0,0.30901699437494523,0.32746823069403685,0.0
30.0,0.36812455268467714,0.4447702834799605,0.0
30.0,0.42577929156507155,0.562072336265885,0.0
30.0,0.48175367410171543,0.669599217986315,0.0
30.0,0.535826794978995,0.6793743890518087,0.0
30.0,0.5877852522924727,0.7673509286412514,0.0
30.0,0.6374239897486891,0.8553274682306942,0.0
30.0,0.6845471059286891,1.0410557184750733,0.0
30.0,0.7289686274214104,1.1974584555229715,0.0
30.0,0.7705132427757891,1.3049853372434015,0.0
30.0,0.8090169943749471,1.2952101661779079,0.0
30.0,0.8443279255020155,1.344086021505376,0.0
30.0,0.876306680043863,1.3831867057673506,0.0
30.0,0.9048270524660196,1.4613880742912997,0.0
30.0,0.9297764858882513,1.529814271749756,0.0
30.0,0.951056516295154,1.5493646138807433,0.0
30.0,0.9685831611286309,1.5689149560117306,0.0
30.0,0.9822872507286888,1.5982404692082115,0.0
30.0,0.9921147013144779,1.6080156402737051,0.0
30.0,0.9980267284282717,1.6764418377321606,0.0
30.0,1.0,1.8230694037145652,0.0
30.0,0.9980267284282718,1.8328445747800588,0.0
30.0,0.992114701314478,1.7644183773216033,0.0
30.0,0.9822872507286889,1.7350928641251224,0.0
30.0,0.9685831611286312,1.744868035190616,0.0
30.0,0.9510565162951543,1.6959921798631479,0.0
30.0,0.9297764858882518,1.6764418377321606,0.0
30.0,0.90482705246602,1.6177908113391988,0.0
30.0,0.8763066800438635,1.4711632453567933,0.0
30.0,0.8443279255020162,1.373411534701857,0.0
30.0,0.8090169943749478,1.265884652981427,0.0
30.0,0.7705132427757898,1.158357771260997,0.0
30.0,0.7289686274214112,1.0703812316715542,0.0
30.0,0.6845471059286898,0.9628543499511242,0.0
30.0,0.6374239897486899,0.8748778103616814,0.0
30.0,0.5877852522924736,0.7869012707722387,0.0
30.0,0.5358267949789959,0.6207233626588469,0.0
30.0,0.48175367410171643,0.5425219941348978,0.0
30.0,0.42577929156507255,0.40566959921798595,0.0
30.0,0.3681245526846782,0.23949169110459412,0.0
30.0,0.3090169943749463,0.1319648093841641,0.0
30.0,0.2486898871648557,0.004887585532746819,0.0
30.0,0.18738131458572418,-0.053763440860215006,0.0
30.0,0.12533323356430415,-0.17106549364613866,0.0
30.0,0.06279051952931186,-0.26881720430107503,0.0
30.0,6.123233995736766e-16,-0.3665689149560114,0.0
30.0,-0.06279051952931064,-0.43499511241446687,0.0
30.0,-0.12533323356430293,-0.4936461388074287,0.0
30.0,-0.18738131458572296,-0.6891495601173023,0.0
30.0,-0.24868988716485452,-0.7966764418377323,0.0
30.0,-0.3090169943749451,-0.8651026392961878,0.0
30.0,-0.3681245526846787,-1.021505376344086,0.0
30.0,-0.42577929156506983,-1.0899315738025415,0.0
30.0,-0.4817536741017154,-1.0899315738025415,0.0
30.0,-0.5358267949789964,-1.2463343108504397,0.0
30.0,-0.5877852522924726,-1.3636363636363638,0.0
30.0,-0.637423989748689,-1.4320625610948192,0.0
30.0,-0.6845471059286877,-1.4613880742913001,0.0
30.0,-0.7289686274214103,-1.5102639296187683,0.0
30.0,-0.7705132427757901,-1.5493646138807429,0.0
30.0,-0.809016994374946,-1.627565982404692,0.0
30.0,-0.8443279255020155,-1.7839687194525906,0.0
30.0,-0.8763066800438638,-1.8914956011730206,0.0
30.0,-0.9048270524660196,-1.911045943304008,0.0
30.0,-0.9297764858882513,-2.0087976539589443,0.0
30.0,-0.9510565162951534,-2.0772238514173997,0.0
30.0,-0.9685831611286309,-2.1847507331378297,0.0
30.0,-0.982287250728689,-2.2238514173998043,0.0
30.0,-0.9921147013144777,-2.2825024437927666,0.0
30.0,-0.9980267284282717,-2.350928641251222,0.0
30.0,-1.0,-2.3900293255131966,0.0
30.0,-0.9980267284282718,-2.3900293255131966,0.0
30.0,-0.9921147013144778,-2.4193548387096775,0.0
30.0,-0.9822872507286894,-2.380254154447703,0.0
30.0,-0.9685831611286312,-2.321603128054741,0.0
30.0,-0.9510565162951538,-2.3118279569892475,0.0
30.0,-0.9297764858882518,-2.350928641251222,0.0
30.0,-0.9048270524660201,-2.2825024437927666,0.0
30.0,-0.8763066800438645,-2.272727272727273,0.0
30.0,-0.8443279255020162,-2.2140762463343107,0.0
30.0,-0.8090169943749468,-2.126099706744868,0.0
30.0,-0.770513242775791,-2.0283479960899315,0.0
30.0,-0.7289686274214113,-1.9305962854349952,0.0
30.0,-0.6845471059286887,-1.7155425219941347,0.0
30.0,-0.63742398974869,-1.598240469208211,0.0
30.0,-0.5877852522924737,-1.490713587487781,0.0
30.0,-0.5358267949789975,-1.3440860215053765,0.0
30.0,-0.48175367410171654,-1.2267839687194524,0.0
30.0,-0.42577929156507105,-1.0899315738025415,0.0
30.0,-0.36812455268468,-0.9530791788856305,0.0
30.0,-0.3090169943749464,-0.8260019550342133,0.0
30.0,-0.2486898871648541,-0.7282502443792769,0.0
30.0,-0.1873813145857243,-0.6011730205278596,0.0
30.0,-0.12533323356430426,-0.5425219941348978,0.0
30.0,-0.06279051952931375,-0.48387096774193505,0.0
30.0,-7.347880794884119e-16,-0.3958944281524923,0.0
30.0,0.06279051952931229,-0.27859237536656867,0.0
30.0,0.12533323356430282,-0.12218963831867047,0.0
30.0,0.18738131458572285,-0.004887585532746819,0.0
30.0,0.24868988716485269,0.15151515151515138,0.0
30.0,0.309016994374945,0.27859237536656867,0.0
30.0,0.3681245526846786,0.4154447702834796,0.0
30.0,0.4257792915650697,0.5131964809384169,0.0
30.0,0.48175367410171527,0.6500488758553278,0.0
30.0,0.5358267949789963,0.7380254154447705,0.0
30.0,0.5877852522924725,0.8944281524926687,0.0
30.0,0.6374239897486889,1.0019550342130987,0.0
30.0,0.6845471059286876,1.1192570869990224,0.0
30.0,0.7289686274214102,1.236559139784946,0.0
30.0,0.7705132427757901,1.344086021505376,0.0
30.0,0.8090169943749459,1.4418377321603124,0.0
30.0,0.8443279255020154,1.5395894428152497,0.0
30.0,0.8763066800438637,1.6568914956011733,0.0
30.0,0.9048270524660195,1.6862170087976542,0.0
30.0,0.9297764858882512,1.7350928641251224,0.0
30.0,0.9510565162951533,1.7253176930596288,0.0
30.0,0.9685831611286309,1.7350928641251224,0.0
30.0,0.982287250728689,1.7546432062561097,0.0
30.0,0.9921147013144777,1.8132942326490715,0.0
30.0,0.9980267284282717,1.8132942326490715,0.0
30.0,1.0,1.744868035190616,0.0
30.0,0.9980267284282718,1.8132942326490715,0.0
30.0,0.9921147013144778,1.8230694037145652,0.0
30.0,0.9822872507286894,1.8035190615835779,0.0
30.0,0.9685831611286312,1.7253176930596288,0.0
30.0,0.9510565162951539,1.7155425219941352,0.0
30.0,0.9297764858882518,1.6080156402737051,0.0
30.0,0.9048270524660201,1.5786901270772242,0.0
30.0,0.8763066800438645,1.5004887585532742,0.0
30.0,0.8443279255020163,1.5102639296187688,0.0
30.0,0.8090169943749469,1.4711632453567933,0.0
30.0,0.7705132427757911,1.451612903225806,0.0
30.0,0.7289686274214113,1.3831867057673506,0.0
30.0,0.6845471059286887,1.2952101661779079,0.0
30.0,0.6374239897486901,1.1388074291300097,0.0
30.0,0.5877852522924738,1.0899315738025415,0.0
30.0,0.5358267949789977,0.9726295210166178,0.0
30.0,0.48175367410171666,0.8944281524926687,0.0
30.0,0.42577929156507116,0.7575757575757578,0.0
30.0,0.3681245526846801,0.6500488758553278,0.0
30.0,0.30901699437494656,0.5229716520039105,0.0
30.0,0.24868988716485424,0.4447702834799605,0.0
30.0,0.1873813145857244,0.34701857282502413,0.0
30.0,0.1253332335643044,0.23949169110459412,0.0
30.0,0.06279051952931387,0.15151515151515138,0.0
30.0,8.572527594031472e-16,-0.014662756598240456,0.0
30.0,-0.06279051952931217,-0.15151515151515138,0.0
30.0,-0.12533323356430268,-0.2590420332355814,0.0
30.0,-0.18738131458572274,-0.40566959921798595,0.0
30.0,-0.24868988716485257,-0.4643206256109478,0.0
30.0,-0.3090169943749449,-0.6207233626588469,0.0
30.0,-0.3681245526846785,-0.7575757575757578,0.0
30.0,-0.4257792915650696,-0.8553274682306942,0.0
30.0,-0.48175367410171516,-0.9921798631476051,0.0
30.0,-0.5358267949789962,-1.1388074291300097,0.0
30.0,-0.5877852522924725,-1.2072336265884651,0.0
30.0,-0.6374239897486887,-1.3343108504398828,0.0
30.0,-0.6845471059286875,-1.3440860215053765,0.0
30.0,-0.7289686274214101,-1.4516129032258065,0.0
30.0,-0.77051324277579,-1.6471163245356792,0.0
30.0,-0.8090169943749459,-1.774193548387097,0.0
30.0,-0.8443279255020153,-1.8426197458455524,0.0
30.0,-0.8763066800438637,-1.9403714565004888,0.0
30.0,-0.9048270524660195,-1.959921798631476,0.0
30.0,-0.9297764858882512,-2.0772238514173997,0.0
30.0,-0.9510565162951533,-2.0869990224828934,0.0
30.0,-0.9685831611286309,-2.1065493646138806,0.0
30.0,-0.982287250728689,-2.155425219941349,0.0
30.0,-0.9921147013144775,-2.204301075268817,0.0
30.0,-0.9980267284282717,-2.233626588465298,0.0
30.0,-1.0,-2.2238514173998043,0.0
30.0,-0.9980267284282718,-2.096774193548387,0.0
30.0,-0.9921147013144778,-2.145650048875855,0.0
30.0,-0.9822872507286894,-2.1358748778103616,0.0
30.0,-0.9685831611286313,-2.1163245356793743,0.0
30.0,-0.9510565162951539,-2.096774193548387,0.0
30.0,-0.9297764858882519,-2.0772238514173997,0.0
30.0,-0.9048270524660202,-2.067448680351906,0.0
30.0,-0.8763066800438646,-1.9696969696969697,0.0
30.0,-0.8443279255020164,-1.881720430107527,0.0
30.0,-0.8090169943749469,-1.7839687194525906,0.0
30.0,-0.7705132427757913,-1.5884652981427174,0.0
30.0,-0.7289686274214114,-1.5102639296187683,0.0
30.0,-0.6845471059286888,-1.4418377321603129,0.0
30.0,-0.6374239897486902,-1.304985337243402,0.0
30.0,-0.5877852522924739,-1.1681329423264906,0.0
30.0,-0.5358267949789978,-1.0606060606060606,0.0
30.0,-0.48175367410171677,-0.9726295210166178,0.0
30.0,-0.42577929156507127,-0.8455522971652005,0.0
30.0,-0.3681245526846802,-0.7478005865102642,0.0
30.0,-0.3090169943749467,-0.6011730205278596,0.0
30.0,-0.24868988716485435,-0.40566959921798595,0.0
30.0,-0.18738131458572455,-0.37634408602150504,0.0
30.0,-0.1253332335643045,-0.22971652003910048,0.0
30.0,-0.062790519529314,-0.1026392961876832,0.0
30.0,-9.797174393178826e-16,-0.03421309872922773,0.0
30.0,0.06279051952931204,0.053763440860215006,0.0
30.0,0.12533323356429904,0.20039100684261957,0.0
30.0,0.1873813145857261,0.27859237536656867,0.0
30.0,0.24868988716485246,0.43499511241446687,0.0
30.0,0.3090169943749448,0.48387096774193505,0.0
30.0,0.36812455268467503,0.5425219941348978,0.0
30.0,0.4257792915650727,0.6598240469208214,0.0
30.0,0.48175367410171505,0.7575757575757578,0.0
30.0,0.5358267949789961,0.8553274682306942,0.0
30.0,0.5877852522924695,0.9921798631476051,0.0
30.0,0.6374239897486914,1.0606060606060606,0.0
30.0,0.6845471059286874,1.158357771260997,0.0
30.0,0.7289686274214101,1.1974584555229715,0.0
30.0,0.7705132427757877,1.2854349951124142,0.0
30.0,0.8090169943749479,1.4027370478983379,0.0
30.0,0.8443279255020153,1.5200391006842624,0.0
30.0,0.8763066800438636,1.6568914956011733,0.0
30.0,0.9048270524660179,1.6959921798631479,0.0
30.0,0.9297764858882525,1.7644183773216033,0.0
30.0,0.9510565162951533,1.8132942326490715,0.0
30.0,0.9685831611286307,1.8621700879765397,0.0
30.0,0.9822872507286884,1.8914956011730206,0.0
30.0,0.992114701314478,1.8719452590420333,0.0
30.0,0.9980267284282717,1.9403714565004888,0.0
30.0,1.0,1.9012707722385143,0.0
30.0,0.9980267284282718,1.9501466275659824,0.0
30.0,0.9921147013144783,1.9501466275659824,0.0
30.0,0.9822872507286887,1.9501466275659824,0.0
30.0,0.9685831611286313,1.989247311827957,0.0
30.0,0.9510565162951539,1.8914956011730206,0.0
30.0,0.9297764858882532,1.8230694037145652,0.0
30.0,0.9048270524660188,1.7155425219941352,0.0
30.0,0.8763066800438646,1.5493646138807433,0.0
30.0,0.8443279255020164,1.5102639296187688,0.0
30.0,0.8090169943749491,1.3538611925708697,0.0
30.0,0.770513242775789,1.2952101661779079,0.0
30.0,0.7289686274214116,1.2561094819159333,0.0
30.0,0.684547105928689,1.1779081133919842,0.0
30.0,0.637423989748693,1.021505376344086,0.0
30.0,0.5877852522924711,0.9335288367546433,0.0
30.0,0.5358267949789979,0.7966764418377323,0.0
30.0,0.4817536741017169,0.7184750733137832,0.0
30.0,0.4257792915650746,0.6109481915933532,0.0
30.0,0.368124552684677,0.5229716520039105,0.0
30.0,0.3090169943749468,0.42521994134897323,0.0
30.0,0.24868988716485446,0.3372434017595305,0.0
30.0,0.18738131458572815,0.21994134897360684,0.0
30.0,0.1253332335643011,0.06353861192570864,0.0
30.0,0.06279051952931412,-0.024437927663734094,0.0
30.0,1.102182119232618e-15,-0.11241446725317683,0.0
30.0,-0.06279051952931192,-0.19061583577712593,0.0
30.0,-0.12533323356429893,-0.3372434017595305,0.0
30.0,-0.187381314585726,-0.3958944281524923,0.0
30.0,-0.24868988716485232,-0.48387096774193505,0.0
30.0,-0.3090169943749447,-0.591397849462366,0.0
30.0,-0.3681245526846749,-0.6500488758553278,0.0
30.0,-0.4257792915650726,-0.7869012707722387,0.0
30.0,-0.48175367410171493,-0.8846529814271751,0.0
30.0,-0.535826794978996,-1.0312805474095796,0.0
30.0,-0.5877852522924694,-1.1876832844574778,0.0
30.0,-0.6374239897486913,-1.2952101661779083,0.0
30.0,-0.6845471059286873,-1.4418377321603129,0.0
30.0,-0.72896862742141,-1.598240469208211,0.0
30.0,-0.7705132427757876,-1.627565982404692,0.0
30.0,-0.8090169943749478,-1.705767350928641,0.0
30.0,-0.8443279255020152,-1.7839687194525906,0.0
30.0,-0.8763066800438636,-1.852394916911046,0.0
30.0,-0.9048270524660178,-1.911045943304008,0.0
30.0,-0.9297764858882525,-2.0283479960899315,0.0
30.0,-0.9510565162951532,-2.067448680351906,0.0
30.0,-0.9685831611286307,-2.1163245356793743,0.0
30.0,-0.9822872507286883,-2.1358748778103616,0.0
30.0,-0.992114701314478,-2.204301075268817,0.0
30.0,-0.9980267284282717,-2.1847507331378297,0.0
30.0,-1.0,-2.233626588465298,0.0
30.0,-0.9980267284282718,-2.204301075268817,0.0
30.0,-0.9921147013144783,-2.233626588465298,0.0
30.0,-0.9822872507286887,-2.1652003910068425,0.0
30.0,-0.9685831611286313,-2.0869990224828934,0.0
30.0,-0.951056516295154,-2.038123167155425,0.0
30.0,-0.9297764858882532,-2.047898338220919,0.0
30.0,-0.9048270524660188,-1.9990224828934506,0.0
30.0,-0.8763066800438647,-1.9696969696969697,0.0
30.0,-0.8443279255020165,-1.9208211143695015,0.0
30.0,-0.8090169943749491,-1.8621700879765397,0.0
30.0,-0.770513242775789,-1.7839687194525906,0.0
30.0,-0.7289686274214117,-1.7448680351906156,0.0
30.0,-0.6845471059286891,-1.6764418377321602,0.0
30.0,-0.6374239897486931,-1.627565982404692,0.0
30.0,-0.5877852522924712,-1.5493646138807429,0.0
30.0,-0.535826794978998,-1.412512218963832,0.0
30.0,-0.481753674101717,-1.304985337243402,0.0
30.0,-0.4257792915650747,-1.2072336265884651,0.0
30.0,-0.3681245526846771,-1.1094819159335287,0.0
30.0,-0.3090169943749469,-1.0019550342130987,0.0
30.0,-0.2486898871648546,-0.8455522971652005,0.0
30.0,-0.18738131458572826,-0.6891495601173023,0.0
30.0,-0.12533323356430123,-0.5816226783968723,0.0
30.0,-0.06279051952931425,-0.45454545454545414,0.0
30.0,-1.2246467991473533e-15,-0.3665689149560114,0.0
30.0,0.06279051952931179,-0.24926686217008776,0.0
30.0,0.1253332335642988,-0.19061583577712593,0.0
30.0,0.18738131458572588,-0.1026392961876832,0.0
30.0,0.2486898871648522,0.024437927663734094,0.0
30.0,0.30901699437494456,0.11241446725317683,0.0
30.0,0.3681245526846748,0.21994134897360684,0.0
30.0,0.4257792915650725,0.3665689149560114,0.0
30.0,0.4817536741017148,0.5131964809384169,0.0
30.0,0.5358267949789959,0.6793743890518087,0.0
30.0,0.5877852522924693,0.7966764418377323,0.0
30.0,0.6374239897486885,0.9433040078201369,0.0
30.0,0.6845471059286898,1.099706744868035,0.0
30.0,0.7289686274214099,1.2463343108504397,0.0
30.0,0.7705132427757853,1.3929618768328442,0.0
30.0,0.8090169943749498,1.529814271749756,0.0
30.0,0.8443279255020152,1.6764418377321606,0.0
30.0,0.8763066800438618,1.7155425219941352,0.0
30.0,0.9048270524660192,1.8132942326490715,0.0
30.0,0.9297764858882523,1.8426197458455524,0.0
30.0,0.9510565162951532,1.911045943304008,0.0
30.0,0.9685831611286316,1.8621700879765397,0.0
30.0,0.9822872507286883,1.881720430107527,0.0
30.0,0.992114701314478,1.911045943304008,0.0
30.0,0.9980267284282713,1.959921798631476,0.0
30.0,1.0,1.8914956011730206,0.0
30.0,0.9980267284282718,1.8621700879765397,0.0
30.0,0.9921147013144788,1.8426197458455524,0.0
30.0,0.9822872507286882,1.8328445747800588,0.0
30.0,0.9685831611286313,1.8914956011730206,0.0
30.0,0.9510565162951551,1.7253176930596288,0.0
30.0,0.929776485888252,1.7546432062561097,0.0
30.0,0.9048270524660189,1.7546432062561097,0.0
30.0,0.8763066800438647,1.5786901270772242,0.0
30.0,0.8443279255020146,1.4418377321603124,0.0
30.0,0.8090169943749492,1.3245356793743888,0.0
30.0,0.7705132427757891,1.2170087976539588,0.0
30.0,0.7289686274214141,1.1485826001955033,0.0
30.0,0.6845471059286892,1.0606060606060606,0.0
30.0,0.6374239897486932,0.9824046920821115,0.0
30.0,0.5877852522924742,0.9042033235581624,0.0
30.0,0.535826794978995,0.8260019550342133,0.0
30.0,0.48175367410171704,0.7086999022482896,0.0
30.0,0.42577929156507804,0.6793743890518087,0.0
30.0,0.3681245526846739,0.5229716520039105,0.0
30.0,0.309016994374947,0.4643206256109478,0.0
30.0,0.24868988716485815,0.35679374389051777,0.0
30.0,0.1873813145857249,0.29814271749755594,0.0
30.0,0.12533323356430134,0.17106549364613866,0.0
30.0,0.06279051952931436,0.024437927663734094,0.0
30.0,4.899825157862589e-15,-0.004887585532746819,0.0
30.0,-0.06279051952931168,-0.04398826979472137,0.0
30.0,-0.12533323356429868,-0.16129032258064502,0.0
30.0,-0.18738131458572224,-0.24926686217008776,0.0
30.0,-0.24868988716485554,-0.34701857282502413,0.0
30.0,-0.30901699437494445,-0.5229716520039105,0.0
30.0,-0.3681245526846714,-0.6109481915933532,0.0
30.0,-0.4257792915650756,-0.7380254154447705,0.0
30.0,-0.4817536741017147,-0.7966764418377323,0.0
30.0,-0.5358267949789928,-0.8455522971652005,0.0
30.0,-0.587785252292472,-0.9628543499511242,0.0
30.0,-0.6374239897486911,-1.0899315738025415,0.0
30.0,-0.6845471059286872,-1.1388074291300097,0.0
30.0,-0.7289686274214123,-1.2463343108504397,0.0
30.0,-0.7705132427757875,-1.3440860215053765,0.0
30.0,-0.8090169943749477,-1.4711632453567938,0.0
30.0,-0.8443279255020132,-1.5786901270772238,0.0
30.0,-0.8763066800438635,-1.6373411534701856,0.0
30.0,-0.9048270524660177,-1.6764418377321602,0.0
30.0,-0.929776485888251,-1.735092864125122,0.0
30.0,-0.9510565162951542,-1.7937438905180842,0.0
30.0,-0.9685831611286306,-1.8621700879765397,0.0
30.0,-0.9822872507286876,-1.881720430107527,0.0
30.0,-0.9921147013144784,-1.8719452590420333,0.0
30.0,-0.9980267284282716,-1.8914956011730206,0.0
30.0,-1.0,-1.9208211143695015,0.0
30.0,-0.9980267284282716,-1.9012707722385143,0.0
30.0,-0.9921147013144783,-1.9501466275659824,0.0
30.0,-0.9822872507286888,-1.959921798631476,0.0
30.0,-0.9685831611286323,-1.9305962854349952,0.0
31.0,-0.9510565162951536,0.004887585532746819,0.0
31.0,-0.9297764858882512,-0.04398826979472137,0.0
31.0,-0.9048270524660199,-0.014662756598240456,0.0
31.0,-0.8763066800438638,-0.5146627565982405,0.0
31.0,-0.8443279255020155,-1.0146627565982405,0.0
31.0,-0.8090169943749476,-1.5146627565982405,0.0
31.0,-0.7705132427757896,-1.4711632453567938,0.0
31.0,-0.7289686274214116,-1.5102639296187683,0.0
31.0,-0.684547105928689,-1.5395894428152492,0.0
31.0,-0.6374239897486896,-1.4516129032258065,0.0
31.0,-0.5877852522924734,-1.2952101661779083,0.0
31.0,-0.5358267949789963,-1.2072336265884651,0.0
31.0,-0.4817536741017153,-1.158357771260997,0.0
31.0,-0.4257792915650722,-1.1388074291300097,0.0
31.0,-0.3681245526846787,-1.0410557184750733,0.0
31.0,-0.3090169943749477,-0.9042033235581624,0.0
31.0,-0.24868988716485535,-0.7966764418377323,0.0
31.0,-0.18738131458572468,-0.7380254154447705,0.0
31.0,-0.12533323356430465,-0.5425219941348978,0.0
31.0,-0.06279051952931326,-0.5229716520039105,0.0
31.0,-2.4492935982947064e-16,-0.4154447702834796,0.0
31.0,0.06279051952931278,-0.3372434017595305,0.0
31.0,0.12533323356430418,-0.1808406647116323,0.0
31.0,0.1873813145857242,-0.053763440860215006,0.0
31.0,0.24868988716485488,0.07331378299120228,0.0
31.0,0.3090169943749472,0.1808406647116323,0.0
31.0,0.3681245526846782,0.29814271749755594,0.0
31.0,0.42577929156507255,0.42521994134897323,0.0
31.0,0.48175367410171566,0.6109481915933532,0.0
31.0,0.5358267949789967,0.7478005865102642,0.0
31.0,0.5877852522924736,0.8748778103616814,0.0
31.0,0.6374239897486899,0.9237536656891496,0.0
31.0,0.6845471059286893,1.0312805474095796,0.0
31.0,0.7289686274214107,1.1485826001955033,0.0
31.0,0.7705132427757887,1.344086021505376,0.0
31.0,0.8090169943749468,1.480938416422287,0.0
31.0,0.8443279255020147,1.5982404692082115,0.0
31.0,0.8763066800438631,1.666666666666667,0.0
31.0,0.9048270524660194,1.774193548387097,0.0
31.0,0.9297764858882511,1.881720430107527,0.0
31.0,0.9510565162951535,1.8914956011730206,0.0
31.0,0.968583161128631,2.0087976539589443,0.0
31.0,0.9822872507286886,2.047898338220919,0.0
31.0,0.9921147013144778,2.126099706744868,0.0
31.0,0.9980267284282716,2.174975562072336,0.0
31.0,1.0,2.2434017595307916,0.0
31.0,0.9980267284282716,2.262952101661779,0.0
31.0,0.9921147013144779,2.262952101661779,0.0
31.0,0.9822872507286886,2.2434017595307916,0.0
31.0,0.9685831611286311,2.2434017595307916,0.0
31.0,0.9510565162951536,2.1652003910068425,0.0
31.0,0.9297764858882517,2.1652003910068425,0.0
31.0,0.9048270524660192,2.096774193548387,0.0
31.0,0.8763066800438634,2.0087976539589443,0.0
31.0,0.8443279255020151,1.9501466275659824,0.0
31.0,0.8090169943749477,1.8230694037145652,0.0
31.0,0.7705132427757886,1.7057673509286415,0.0
31.0,0.728968627421411,1.5493646138807433,0.0
31.0,0.6845471059286897,1.4125122189638315,0.0
31.0,0.6374239897486911,1.3245356793743888,0.0
31.0,0.5877852522924734,1.2170087976539588,0.0
31.0,0.5358267949789972,1.0801564027370478,0.0
31.0,0.4817536741017162,0.9530791788856305,0.0
31.0,0.42577929156507394,0.8260019550342133,0.0
31.0,0.368124552684678,0.7478005865102642,0.0
31.0,0.3090169943749478,0.6304985337243405,0.0
31.0,0.2486898871648555,0.5034213098729223,0.0
31.0,0.18738131458572568,0.4154447702834796,0.0
31.0,0.1253332335643039,0.29814271749755594,0.0
31.0,0.06279051952931339,0.16129032258064502,0.0
31.0,3.6739403974420594e-16,0.11241446725317683,0.0
31.0,-0.06279051952931265,-0.03421309872922773,0.0
31.0,-0.12533323356430318,-0.15151515151515138,0.0
31.0,-0.18738131458572496,-0.24926686217008776,0.0
31.0,-0.24868988716485477,-0.3861192570869987,0.0
31.0,-0.30901699437494706,-0.562072336265885,0.0
31.0,-0.36812455268467725,-0.7184750733137832,0.0
31.0,-0.42577929156507327,-0.8162267839687196,0.0
31.0,-0.48175367410171555,-0.9824046920821115,0.0
31.0,-0.5358267949789965,-1.050830889540567,0.0
31.0,-0.5877852522924728,-1.1681329423264906,0.0
31.0,-0.6374239897486905,-1.2854349951124147,0.0
31.0,-0.6845471059286892,-1.3538611925708701,0.0
31.0,-0.7289686274214106,-1.4222873900293256,0.0
31.0,-0.770513242775788,-1.5395894428152492,0.0
31.0,-0.8090169943749472,-1.705767350928641,0.0
31.0,-0.8443279255020146,-1.852394916911046,0.0
31.0,-0.876306680043863,-1.9501466275659824,0.0
31.0,-0.9048270524660189,-2.067448680351906,0.0
31.0,-0.9297764858882513,-2.2434017595307916,0.0
31.0,-0.9510565162951534,-2.321603128054741,0.0
31.0,-0.968583161128631,-2.409579667644184,0.0
31.0,-0.9822872507286885,-2.5855327468230693,0.0
31.0,-0.9921147013144779,-2.653958944281525,0.0
31.0,-0.9980267284282716,-2.536656891495601,0.0
31.0,-1.0,-2.565982404692082,0.0
31.0,-0.9980267284282716,-2.5073313782991202,0.0
31.0,-0.992114701314478,-2.517106549364614,0.0
31.0,-0.9822872507286886,-2.517106549364614,0.0
31.0,-0.9685831611286312,-2.595307917888563,0.0
31.0,-0.9510565162951538,-2.4975562072336266,0.0
31.0,-0.9297764858882517,-2.4486803519061584,0.0
31.0,-0.9048270524660192,-2.302052785923754,0.0
31.0,-0.8763066800438635,-2.2531769305962857,0.0
31.0,-0.8443279255020151,-2.0869990224828934,0.0
31.0,-0.8090169943749477,-1.959921798631476,0.0
31.0,-0.7705132427757886,-1.911045943304008,0.0
31.0,-0.7289686274214111,-1.8230694037145652,0.0
31.0,-0.6845471059286898,-1.6764418377321602,0.0
31.0,-0.6374239897486912,-1.6177908113391983,0.0
31.0,-0.5877852522924735,-1.598240469208211,0.0
31.0,-0.5358267949789973,-1.4809384164222874,0.0
31.0,-0.4817536741017163,-1.4027370478983383,0.0
31.0,-0.42577929156507405,-1.3343108504398828,0.0
31.0,-0.3681245526846781,-1.2072336265884651,0.0
31.0,-0.3090169943749479,-1.0801564027370478,0.0
31.0,-0.2486898871648556,-0.8846529814271751,0.0
31.0,-0.1873813145857258,-0.7869012707722387,0.0
31.0,-0.125333233564304,-0.6598240469208214,0.0
31.0,-0.06279051952931351,-0.5327468230694041,0.0
31.0,-4.898587196589413e-16,-0.3958944281524923,0.0
31.0,0.06279051952931075,-0.2883675464320623,0.0
31.0,0.12533323356430304,-0.14173998044965774,0.0
31.0,0.1873813145857231,-0.08308895405669592,0.0
31.0,0.24868988716485466,0.014662756598240456,0.0
31.0,0.30901699437494523,0.09286412512218956,0.0
31.0,0.36812455268467714,0.23949169110459412,0.0
31.0,0.42577929156507155,0.32746823069403685,0.0
31.0,0.48175367410171543,0.4643206256109478,0.0
31.0,0.535826794978995,0.5816226783968723,0.0
31.0,0.5877852522924727,0.7673509286412514,0.0
31.0,0.6374239897486891,0.9433040078201369,0.0
31.0,0.6845471059286891,1.1094819159335287,0.0
31.0,0.7289686274214104,1.2463343108504397,0.0
31.0,0.7705132427757891,1.3245356793743888,0.0
31.0,0.8090169943749471,1.3049853372434015,0.0
31.0,0.8443279255020155,1.2561094819159333,0.0
31.0,0.876306680043863,1.4027370478983379,0.0
31.0,0.9048270524660196,1.5200391006842624,0.0
31.0,0.9297764858882513,1.4907135874877806,0.0
31.0,0.951056516295154,1.5493646138807433,0.0
31.0,0.9685831611286309,1.7057673509286415,0.0
31.0,0.9822872507286888,1.8035190615835779,0.0
31.0,0.9921147013144779,1.9501466275659824,0.0
31.0,0.9980267284282717,1.9305962854349952,0.0
31.0,1.0,1.881720430107527,0.0
31.0,0.9980267284282718,1.8621700879765397,0.0
31.0,0.992114701314478,1.911045943304008,0.0
31.0,0.9822872507286889,1.8426197458455524,0.0
31.0,0.9685831611286312,1.9208211143695015,0.0
31.0,0.9510565162951543,1.9794721407624634,0.0
31.0,0.9297764858882518,2.018572825024438,0.0
31.0,0.90482705246602,2.038123167155425,0.0
31.0,0.8763066800438635,2.155425219941349,0.0
31.0,0.8443279255020162,2.1358748778103616,0.0
31.0,0.8090169943749478,2.0576735092864125,0.0
31.0,0.7705132427757898,1.9794721407624634,0.0
31.0,0.7289686274214112,1.9794721407624634,0.0
31.0,0.6845471059286898,1.959921798631476,0.0
31.0,0.6374239897486899,1.8621700879765397,0.0
31.0,0.5877852522924736,1.8426197458455524,0.0
31.0,0.5358267949789959,1.7057673509286415,0.0
31.0,0.48175367410171643,1.5982404692082115,0.0
31.0,0.42577929156507255,1.5102639296187688,0.0
31.0,0.3681245526846782,1.4613880742912997,0.0
31.0,0.3090169943749463,1.3245356793743888,0.0
31.0,0.2486898871648557,1.2463343108504397,0.0
31.0,0.18738131458572418,1.2072336265884651,0.0
31.0,0.12533323356430415,1.099706744868035,0.0
31.0,0.06279051952931186,1.021505376344086,0.0
31.0,6.123233995736766e-16,0.8944281524926687,0.0
31.0,-0.06279051952931064,0.7673509286412514,0.0
31.0,-0.12533323356430293,0.591397849462366,0.0
31.0,-0.18738131458572296,0.4740957966764414,0.0
31.0,-0.24868988716485452,0.27859237536656867,0.0
31.0,-0.3090169943749451,0.19061583577712593,0.0
31.0,-0.3681245526846787,0.03421309872922773,0.0
31.0,-0.42577929156506983,-0.08308895405669592,0.0
31.0,-0.4817536741017154,-0.1808406647116323,0.0
31.0,-0.5358267949789964,-0.24926686217008776,0.0
31.0,-0.5877852522924726,-0.34701857282502413,0.0
31.0,-0.637423989748689,-0.4740957966764414,0.0
31.0,-0.6845471059286877,-0.591397849462366,0.0
31.0,-0.7289686274214103,-0.7184750733137832,0.0
31.0,-0.7705132427757901,-0.8357771260997069,0.0
31.0,-0.809016994374946,-0.8748778103616814,0.0
31.0,-0.8443279255020155,-0.9628543499511242,0.0
31.0,-0.8763066800438638,-1.0899315738025415,0.0
31.0,-0.9048270524660196,-1.2072336265884651,0.0
31.0,-0.9297764858882513,-1.304985337243402,0.0
31.0,-0.9510565162951534,-1.4027370478983383,0.0
31.0,-0.9685831611286309,-1.4711632453567938,0.0
31.0,-0.982287250728689,-1.5493646138807429,0.0
31.0,-0.9921147013144777,-1.627565982404692,0.0
31.0,-0.9980267284282717,-1.7253176930596283,0.0
31.0,-1.0,-1.7253176930596283,0.0
31.0,-0.9980267284282718,-1.7839687194525906,0.0
31.0,-0.9921147013144778,-1.852394916911046,0.0
31.0,-0.9822872507286894,-1.8621700879765397,0.0
31.0,-0.9685831611286312,-1.8426197458455524,0.0
31.0,-0.9510565162951538,-1.852394916911046,0.0
31.0,-0.9297764858882518,-1.8035190615835779,0.0
31.0,-0.9048270524660201,-1.6862170087976538,0.0
31.0,-0.8763066800438645,-1.6568914956011729,0.0
31.0,-0.8443279255020162,-1.6666666666666665,0.0
31.0,-0.8090169943749468,-1.6764418377321602,0.0
31.0,-0.770513242775791,-1.6373411534701856,0.0
31.0,-0.7289686274214113,-1.6177908113391983,0.0
31.0,-0.6845471059286887,-1.520039100684262,0.0
31.0,-0.63742398974869,-1.4418377321603129,0.0
31.0,-0.5877852522924737,-1.3734115347018574,0.0
31.0,-0.5358267949789975,-1.275659824046921,0.0
31.0,-0.48175367410171654,-1.1779081133919842,0.0
31.0,-0.42577929156507105,-1.0899315738025415,0.0
31.0,-0.36812455268468,-0.9628543499511242,0.0
31.0,-0.3090169943749464,-0.8748778103616814,0.0
31.0,-0.2486898871648541,-0.7478005865102642,0.0
31.0,-0.1873813145857243,-0.5425219941348978,0.0
31.0,-0.12533323356430426,-0.40566959921798595,0.0
31.0,-0.06279051952931375,-0.2101661779081132,0.0
31.0,-7.347880794884119e-16,-0.12218963831867047,0.0
31.0,0.06279051952931229,-0.014662756598240456,0.0
31.0,0.12533323356430282,0.053763440860215006,0.0
31.0,0.18738131458572285,0.11241446725317683,0.0
31.0,0.24868988716485269,0.22971652003910048,0.0
31.0,0.309016994374945,0.3665689149560114,0.0
31.0,0.3681245526846786,0.43499511241446687,0.0
31.0,0.4257792915650697,0.5327468230694041,0.0
31.0,0.48175367410171527,0.6011730205278596,0.0
31.0,0.5358267949789963,0.7184750733137832,0.0
31.0,0.5877852522924725,0.8846529814271751,0.0
31.0,0.6374239897486889,1.0019550342130987,0.0
31.0,0.6845471059286876,1.1094819159335287,0.0
31.0,0.7289686274214102,1.2561094819159333,0.0
31.0,0.7705132427757901,1.2854349951124142,0.0
31.0,0.8090169943749459,1.3343108504398824,0.0
31.0,0.8443279255020154,1.4907135874877806,0.0
31.0,0.8763066800438637,1.559139784946237,0.0
31.0,0.9048270524660195,1.7057673509286415,0.0
31.0,0.9297764858882512,1.7546432062561097,0.0
31.0,0.9510565162951533,1.8132942326490715,0.0
31.0,0.9685831611286309,1.8719452590420333,0.0
31.0,0.982287250728689,1.8914956011730206,0.0
31.0,0.9921147013144777,1.9403714565004888,0.0
31.0,0.9980267284282717,1.8914956011730206,0.0
31.0,1.0,1.9501466275659824,0.0
31.0,0.9980267284282718,1.959921798631476,0.0
31.0,0.9921147013144778,2.0087976539589443,0.0
31.0,0.9822872507286894,1.9501466275659824,0.0
31.0,0.9685831611286312,1.959921798631476,0.0
31.0,0.9510565162951539,1.9305962854349952,0.0
31.0,0.9297764858882518,1.8914956011730206,0.0
31.0,0.9048270524660201,1.852394916911046,0.0
31.0,0.8763066800438645,1.6959921798631479,0.0
31.0,0.8443279255020163,1.6568914956011733,0.0
31.0,0.8090169943749469,1.559139784946237,0.0
31.0,0.7705132427757911,1.5982404692082115,0.0
31.0,0.7289686274214113,1.5004887585532742,0.0
31.0,0.6845471059286887,1.373411534701857,0.0
31.0,0.6374239897486901,1.3245356793743888,0.0
31.0,0.5877852522924738,1.129032258064516,0.0
31.0,0.5358267949789977,1.050830889540567,0.0
31.0,0.48175367410171666,0.9335288367546433,0.0
31.0,0.42577929156507116,0.8357771260997069,0.0
31.0,0.3681245526846801,0.7966764418377323,0.0
31.0,0.30901699437494656,0.7282502443792769,0.0
31.0,0.24868988716485424,0.6402737047898341,0.0
31.0,0.1873813145857244,0.4643206256109478,0.0
31.0,0.1253332335643044,0.3861192570869987,0.0
31.0,0.06279051952931387,0.27859237536656867,0.0
31.0,8.572527594031472e-16,0.20039100684261957,0.0
31.0,-0.06279051952931217,0.11241446725317683,0.0
31.0,-0.12533323356430268,0.024437927663734094,0.0
31.0,-0.18738131458572274,-0.17106549364613866,0.0
31.0,-0.24868988716485257,-0.23949169110459412,0.0
31.0,-0.3090169943749449,-0.3861192570869987,0.0
31.0,-0.3681245526846785,-0.6304985337243405,0.0
31.0,-0.4257792915650696,-0.7673509286412514,0.0
31.0,-0.48175367410171516,-0.913978494623656,0.0
31.0,-0.5358267949789962,-1.0312805474095796,0.0
31.0,-0.5877852522924725,-1.1876832844574778,0.0
31.0,-0.6374239897486887,-1.3245356793743892,0.0
31.0,-0.6845471059286875,-1.4613880742913001,0.0
31.0,-0.7289686274214101,-1.5689149560117301,0.0
31.0,-0.77051324277579,-1.774193548387097,0.0
31.0,-0.8090169943749459,-1.9012707722385143,0.0
31.0,-0.8443279255020153,-2.0283479960899315,0.0
31.0,-0.8763066800438637,-2.1652003910068425,0.0
31.0,-0.9048270524660195,-2.2531769305962857,0.0
31.0,-0.9297764858882512,-2.3704789833822093,0.0
31.0,-0.9510565162951533,-2.3704789833822093,0.0
31.0,-0.9685831611286309,-2.458455522971652,0.0
31.0,-0.982287250728689,-2.5464320625610948,0.0
31.0,-0.9921147013144775,-2.5073313782991202,0.0
31.0,-0.9980267284282717,-2.536656891495601,0.0
31.0,-1.0,-2.5562072336265884,0.0
31.0,-0.9980267284282718,-2.4389051808406648,0.0
31.0,-0.9921147013144778,-2.39980449657869,0.0
31.0,-0.9822872507286894,-2.3900293255131966,0.0
31.0,-0.9685831611286313,-2.3411534701857284,0.0
31.0,-0.9510565162951539,-2.302052785923754,0.0
31.0,-0.9297764858882519,-2.302052785923754,0.0
31.0,-0.9048270524660202,-2.174975562072336,0.0
31.0,-0.8763066800438646,-2.038123167155425,0.0
31.0,-0.8443279255020164,-1.9403714565004888,0.0
31.0,-0.8090169943749469,-1.881720430107527,0.0
31.0,-0.7705132427757913,-1.7448680351906156,0.0
31.0,-0.7289686274214114,-1.627565982404692,0.0
31.0,-0.6845471059286888,-1.598240469208211,0.0
31.0,-0.6374239897486902,-1.5395894428152492,0.0
31.0,-0.5877852522924739,-1.4516129032258065,0.0
31.0,-0.5358267949789978,-1.3343108504398828,0.0
31.0,-0.48175367410171677,-1.2072336265884651,0.0
31.0,-0.42577929156507127,-1.1094819159335287,0.0
31.0,-0.3681245526846802,-0.9628543499511242,0.0
31.0,-0.3090169943749467,-0.7966764418377323,0.0
31.0,-0.24868988716485435,-0.698924731182796,0.0
31.0,-0.18738131458572455,-0.562072336265885,0.0
31.0,-0.1253332335643045,-0.4154447702834796,0.0
31.0,-0.062790519529314,-0.21994134897360684,0.0
31.0,-9.797174393178826e-16,-0.14173998044965774,0.0
31.0,0.06279051952931204,-0.024437927663734094,0.0
31.0,0.12533323356429904,0.1026392961876832,0.0
31.0,0.1873813145857261,0.14173998044965774,0.0
31.0,0.24868988716485246,0.2590420332355814,0.0
31.0,0.3090169943749448,0.35679374389051777,0.0
31.0,0.36812455268467503,0.48387096774193505,0.0
31.0,0.4257792915650727,0.5131964809384169,0.0
31.0,0.48175367410171505,0.6207233626588469,0.0
31.0,0.5358267949789961,0.7184750733137832,0.0
31.0,0.5877852522924695,0.7380254154447705,0.0
31.0,0.6374239897486914,0.8944281524926687,0.0
31.0,0.6845471059286874,0.9628543499511242,0.0
31.0,0.7289686274214101,1.050830889540567,0.0
31.0,0.7705132427757877,1.0801564027370478,0.0
31.0,0.8090169943749479,1.1974584555229715,0.0
31.0,0.8443279255020153,1.344086021505376,0.0
31.0,0.8763066800438636,1.3538611925708697,0.0
31.0,0.9048270524660179,1.5786901270772242,0.0
31.0,0.9297764858882525,1.5786901270772242,0.0
31.0,0.9510565162951533,1.666666666666667,0.0
31.0,0.9685831611286307,1.7253176930596288,0.0
31.0,0.9822872507286884,1.852394916911046,0.0
31.0,0.992114701314478,1.7546432062561097,0.0
31.0,0.9980267284282717,1.852394916911046,0.0
31.0,1.0,1.8426197458455524,0.0
31.0,0.9980267284282718,1.9012707722385143,0.0
31.0,0.9921147013144783,1.8132942326490715,0.0
31.0,0.9822872507286887,1.881720430107527,0.0
31.0,0.9685831611286313,1.8132942326490715,0.0
31.0,0.9510565162951539,1.8621700879765397,0.0
31.0,0.9297764858882532,1.8621700879765397,0.0
31.0,0.9048270524660188,1.7350928641251224,0.0
31.0,0.8763066800438646,1.7839687194525906,0.0
31.0,0.8443279255020164,1.8132942326490715,0.0
31.0,0.8090169943749491,1.6471163245356797,0.0
31.0,0.770513242775789,1.5689149560117306,0.0
31.0,0.7289686274214116,1.5004887585532742,0.0
31.0,0.684547105928689,1.4418377321603124,0.0
31.0,0.637423989748693,1.5102639296187688,0.0
31.0,0.5877852522924711,1.4125122189638315,0.0
31.0,0.5358267949789979,1.3245356793743888,0.0
31.0,0.4817536741017169,1.3245356793743888,0.0
31.0,0.4257792915650746,1.1388074291300097,0.0
31.0,0.368124552684677,1.0117302052785924,0.0
31.0,0.3090169943749468,0.9628543499511242,0.0
31.0,0.24868988716485446,0.9042033235581624,0.0
31.0,0.18738131458572815,0.7966764418377323,0.0
31.0,0.1253332335643011,0.6011730205278596,0.0
31.0,0.06279051952931412,0.3861192570869987,0.0
31.0,1.102182119232618e-15,0.32746823069403685,0.0
31.0,-0.06279051952931192,0.16129032258064502,0.0
31.0,-0.12533323356429893,-0.024437927663734094,0.0
31.0,-0.187381314585726,-0.11241446725317683,0.0
31.0,-0.24868988716485232,-0.17106549364613866,0.0
31.0,-0.3090169943749447,-0.37634408602150504,0.0
31.0,-0.3681245526846749,-0.5522971652003914,0.0
31.0,-0.4257792915650726,-0.6598240469208214,0.0
31.0,-0.48175367410171493,-0.7673509286412514,0.0
31.0,-0.535826794978996,-0.806451612903226,0.0
31.0,-0.5877852522924694,-0.9726295210166178,0.0
31.0,-0.6374239897486913,-1.1192570869990224,0.0
31.0,-0.6845471059286873,-1.2267839687194524,0.0
31.0,-0.72896862742141,-1.3636363636363638,0.0
31.0,-0.7705132427757876,-1.5298142717497556,0.0
31.0,-0.8090169943749478,-1.6080156402737047,0.0
31.0,-0.8443279255020152,-1.6959921798631474,0.0
31.0,-0.8763066800438636,-1.8328445747800588,0.0
31.0,-0.9048270524660178,-1.9305962854349952,0.0
31.0,-0.9297764858882525,-1.9696969696969697,0.0
31.0,-0.9510565162951532,-2.047898338220919,0.0
31.0,-0.9685831611286307,-2.1652003910068425,0.0
31.0,-0.9822872507286883,-2.2434017595307916,0.0
31.0,-0.992114701314478,-2.3118279569892475,0.0
31.0,-0.9980267284282717,-2.3313782991202348,0.0
31.0,-1.0,-2.3704789833822093,0.0
31.0,-0.9980267284282718,-2.3607038123167157,0.0
31.0,-0.9921147013144783,-2.4975562072336266,0.0
31.0,-0.9822872507286887,-2.5562072336265884,0.0
31.0,-0.9685831611286313,-2.565982404692082,0.0
31.0,-0.951056516295154,-2.3900293255131966,0.0
31.0,-0.9297764858882532,-2.321603128054741,0.0
31.0,-0.9048270524660188,-2.2238514173998043,0.0
31.0,-0.8763066800438647,-2.1163245356793743,0.0
31.0,-0.8443279255020165,-2.038123167155425,0.0
31.0,-0.8090169943749491,-1.9403714565004888,0.0
31.0,-0.770513242775789,-1.8328445747800588,0.0
31.0,-0.7289686274214117,-1.7253176930596283,0.0
31.0,-0.6845471059286891,-1.6959921798631474,0.0
31.0,-0.6374239897486931,-1.6177908113391983,0.0
31.0,-0.5877852522924712,-1.520039100684262,0.0
31.0,-0.535826794978998,-1.4222873900293256,0.0
31.0,-0.481753674101717,-1.3147605083088956,0.0
31.0,-0.4257792915650747,-1.2267839687194524,0.0
31.0,-0.3681245526846771,-1.099706744868035,0.0
31.0,-0.3090169943749469,-0.9335288367546433,0.0
31.0,-0.2486898871648546,-0.806451612903226,0.0
31.0,-0.18738131458572826,-0.6402737047898341,0.0
31.0,-0.12533323356430123,-0.5425219941348978,0.0
31.0,-0.06279051952931425,-0.43499511241446687,0.0
31.0,-1.2246467991473533e-15,-0.3176930596285432,0.0
31.0,0.06279051952931179,-0.17106549364613866,0.0
31.0,0.1253332335642988,-0.04398826979472137,0.0
31.0,0.18738131458572588,0.09286412512218956,0.0
31.0,0.2486898871648522,0.16129032258064502,0.0
31.0,0.30901699437494456,0.27859237536656867,0.0
31.0,0.3681245526846748,0.3861192570869987,0.0
31.0,0.4257792915650725,0.48387096774193505,0.0
31.0,0.4817536741017148,0.591397849462366,0.0
31.0,0.5358267949789959,0.7184750733137832,0.0
31.0,0.5877852522924693,0.9042033235581624,0.0
31.0,0.6374239897486885,1.0312805474095796,0.0
31.0,0.6845471059286898,1.1779081133919842,0.0
31.0,0.7289686274214099,1.2170087976539588,0.0
31.0,0.7705132427757853,1.2952101661779079,0.0
31.0,0.8090169943749498,1.4027370478983379,0.0
31.0,0.8443279255020152,1.5102639296187688,0.0
31.0,0.8763066800438618,1.637341153470186,0.0
31.0,0.9048270524660192,1.7155425219941352,0.0
31.0,0.9297764858882523,1.7644183773216033,0.0
31.0,0.9510565162951532,1.8719452590420333,0.0
31.0,0.9685831611286316,1.9012707722385143,0.0
31.0,0.9822872507286883,1.989247311827957,0.0
31.0,0.992114701314478,2.0772238514173997,0.0
31.0,0.9980267284282713,2.1163245356793743,0.0
31.0,1.0,2.1358748778103616,0.0
31.0,0.9980267284282718,2.1945259042033234,0.0
31.0,0.9921147013144788,2.155425219941349,0.0
31.0,0.9822872507286882,2.1163245356793743,0.0
31.0,0.9685831611286313,2.0869990224828934,0.0
31.0,0.9510565162951551,2.1065493646138806,0.0
31.0,0.929776485888252,2.067448680351906,0.0
31.0,0.9048270524660189,2.0087976539589443,0.0
31.0,0.8763066800438647,1.9501466275659824,0.0
31.0,0.8443279255020146,1.852394916911046,0.0
31.0,0.8090169943749492,1.7546432062561097,0.0
31.0,0.7705132427757891,1.6471163245356797,0.0
31.0,0.7289686274214141,1.4418377321603124,0.0
31.0,0.6845471059286892,1.3831867057673506,0.0
31.0,0.6374239897486932,1.3245356793743888,0.0
31.0,0.5877852522924742,1.1388074291300097,0.0
31.0,0.535826794978995,1.0312805474095796,0.0
31.0,0.48175367410171704,1.0410557184750733,0.0
31.0,0.42577929156507804,0.9824046920821115,0.0
31.0,0.3681245526846739,0.9237536656891496,0.0
31.0,0.309016994374947,0.7478005865102642,0.0
31.0,0.24868988716485815,0.5522971652003914,0.0
31.0,0.1873813145857249,0.40566959921798595,0.0
31.0,0.12533323356430134,0.24926686217008776,0.0
31.0,0.06279051952931436,0.2101661779081132,0.0
31.0,4.899825157862589e-15,0.12218963831867047,0.0
31.0,-0.06279051952931168,-0.004887585532746819,0.0
31.0,-0.12533323356429868,-0.15151515151515138,0.0
31.0,-0.18738131458572224,-0.3176930596285432,0.0
31.0,-0.24868988716485554,-0.48387096774193505,0.0
31.0,-0.30901699437494445,-0.5327468230694041,0.0
31.0,-0.3681245526846714,-0.591397849462366,0.0
31.0,-0.4257792915650756,-0.5718475073313787,0.0
31.0,-0.4817536741017147,-0.6598240469208214,0.0
31.0,-0.5358267949789928,-0.806451612903226,0.0
31.0,-0.587785252292472,-0.8748778103616814,0.0
31.0,-0.6374239897486911,-0.9335288367546433,0.0
31.0,-0.6845471059286872,-1.0019550342130987,0.0
31.0,-0.7289686274214123,-1.050830889540567,0.0
31.0,-0.7705132427757875,-1.1876832844574778,0.0
31.0,-0.8090169943749477,-1.3440860215053765,0.0
31.0,-0.8443279255020132,-1.4222873900293256,0.0
31.0,-0.8763066800438635,-1.520039100684262,0.0
31.0,-0.9048270524660177,-1.7644183773216033,0.0
31.0,-0.929776485888251,-1.8621700879765397,0.0
31.0,-0.9510565162951542,-1.9012707722385143,0.0
31.0,-0.9685831611286306,-2.038123167155425,0.0
31.0,-0.9822872507286876,-2.0772238514173997,0.0
31.0,-0.9921147013144784,-2.096774193548387,0.0
31.0,-0.9980267284282716,-2.174975562072336,0.0
31.0,-1.0,-2.1945259042033234,0.0
31.0,-0.9980267284282716,-2.1847507331378297,0.0
31.0,-0.9921147013144783,-2.204301075268817,0.0
31.0,-0.9822872507286888,-2.2531769305962857,0.0
31.0,-0.9685831611286323,-2.2434017595307916,0.0
32.0,-0.9510565162951536,0.014662756598240456,0.0
32.0,-0.9297764858882512,-0.004887585532746819,0.0
32.0,-0.9048270524660199,-0.014662756598240456,0.0
32.0,-0.8763066800438638,0.1026392961876832,0.0
32.0,-0.8443279255020155,-0.3973607038123168,0.0
32.0,-0.8090169943749476,-0.8973607038123168,0.0
32.0,-0.7705132427757896,-0.8846529814271751,0.0
32.0,-0.7289686274214116,-0.806451612903226,0.0
32.0,-0.684547105928689,-0.7771260997067451,0.0
32.0,-0.6374239897486896,-0.7184750733137832,0.0
32.0,-0.5877852522924734,-0.6402737047898341,0.0
32.0,-0.5358267949789963,-0.5229716520039105,0.0
32.0,-0.4817536741017153,-0.48387096774193505,0.0
32.0,-0.4257792915650722,-0.40566959921798595,0.0
32.0,-0.3681245526846787,-0.32746823069403685,0.0
32.0,-0.3090169943749477,-0.21994134897360684,0.0
32.0,-0.24868988716485535,-0.21994134897360684,0.0
32.0,-0.18738131458572468,-0.1026392961876832,0.0
32.0,-0.12533323356430465,-0.03421309872922773,0.0
32.0,-0.06279051952931326,0.053763440860215006,0.0
32.0,-2.4492935982947064e-16,0.12218963831867047,0.0
32.0,0.06279051952931278,0.23949169110459412,0.0
32.0,0.12533323356430418,0.3079178885630496,0.0
32.0,0.1873813145857242,0.40566959921798595,0.0
32.0,0.24868988716485488,0.5131964809384169,0.0
32.0,0.3090169943749472,0.6402737047898341,0.0
32.0,0.3681245526846782,0.698924731182796,0.0
32.0,0.42577929156507255,0.7966764418377323,0.0
32.0,0.48175367410171566,0.913978494623656,0.0
32.0,0.5358267949789967,1.0019550342130987,0.0
32.0,0.5877852522924736,1.050830889540567,0.0
32.0,0.6374239897486899,1.2072336265884651,0.0
32.0,0.6845471059286893,1.3636363636363633,0.0
32.0,0.7289686274214107,1.451612903225806,0.0
32.0,0.7705132427757887,1.5689149560117306,0.0
32.0,0.8090169943749468,1.6568914956011733,0.0
32.0,0.8443279255020147,1.7155425219941352,0.0
32.0,0.8763066800438631,1.7546432062561097,0.0
32.0,0.9048270524660194,1.8035190615835779,0.0
32.0,0.9297764858882511,1.9012707722385143,0.0
32.0,0.9510565162951535,2.0087976539589443,0.0
32.0,0.968583161128631,2.047898338220919,0.0
32.0,0.9822872507286886,2.145650048875855,0.0
32.0,0.9921147013144778,2.1358748778103616,0.0
32.0,0.9980267284282716,2.2140762463343107,0.0
32.0,1.0,2.2238514173998043,0.0
32.0,0.9980267284282716,2.2140762463343107,0.0
32.0,0.9921147013144779,2.1847507331378297,0.0
32.0,0.9822872507286886,2.1945259042033234,0.0
32.0,0.9685831611286311,2.096774193548387,0.0
32.0,0.9510565162951536,2.038123167155425,0.0
32.0,0.9297764858882517,1.9305962854349952,0.0
32.0,0.9048270524660192,1.9305962854349952,0.0
32.0,0.8763066800438634,1.8230694037145652,0.0
32.0,0.8443279255020151,1.7546432062561097,0.0
32.0,0.8090169943749477,1.6177908113391988,0.0
32.0,0.7705132427757886,1.4418377321603124,0.0
32.0,0.728968627421411,1.3831867057673506,0.0
32.0,0.6845471059286897,1.373411534701857,0.0
32.0,0.6374239897486911,1.265884652981427,0.0
32.0,0.5877852522924734,1.2072336265884651,0.0
32.0,0.5358267949789972,1.129032258064516,0.0
32.0,0.4817536741017162,0.9921798631476051,0.0
32.0,0.42577929156507394,0.8260019550342133,0.0
32.0,0.368124552684678,0.8260019550342133,0.0
32.0,0.3090169943749478,0.7478005865102642,0.0
32.0,0.2486898871648555,0.669599217986315,0.0
32.0,0.18738131458572568,0.591397849462366,0.0
32.0,0.1253332335643039,0.45454545454545414,0.0
32.0,0.06279051952931339,0.2590420332355814,0.0
32.0,3.6739403974420594e-16,0.14173998044965774,0.0
32.0,-0.06279051952931265,-0.014662756598240456,0.0
32.0,-0.12533323356430318,-0.14173998044965774,0.0
32.0,-0.18738131458572496,-0.2883675464320623,0.0
32.0,-0.24868988716485477,-0.43499511241446687,0.0
32.0,-0.30901699437494706,-0.5816226783968723,0.0
32.0,-0.36812455268467725,-0.6207233626588469,0.0
32.0,-0.42577929156507327,-0.7086999022482896,0.0
32.0,-0.48175367410171555,-0.8357771260997069,0.0
32.0,-0.5358267949789965,-0.9433040078201369,0.0
32.0,-0.5877852522924728,-1.0410557184750733,0.0
32.0,-0.6374239897486905,-1.2561094819159337,0.0
32.0,-0.6845471059286892,-1.383186705767351,0.0
32.0,-0.7289686274214106,-1.4809384164222874,0.0
32.0,-0.770513242775788,-1.520039100684262,0.0
32.0,-0.8090169943749472,-1.6177908113391983,0.0
32.0,-0.8443279255020146,-1.705767350928641,0.0
32.0,-0.876306680043863,-1.735092864125122,0.0
32.0,-0.9048270524660189,-1.8621700879765397,0.0
32.0,-0.9297764858882513,-1.9012707722385143,0.0
32.0,-0.9510565162951534,-2.047898338220919,0.0
32.0,-0.968583161128631,-2.126099706744868,0.0
32.0,-0.9822872507286885,-2.174975562072336,0.0
32.0,-0.9921147013144779,-2.2531769305962857,0.0
32.0,-0.9980267284282716,-2.321603128054741,0.0
32.0,-1.0,-2.3313782991202348,0.0
32.0,-0.9980267284282716,-2.3607038123167157,0.0
32.0,-0.992114701314478,-2.380254154447703,0.0
32.0,-0.9822872507286886,-2.321603128054741,0.0
32.0,-0.9685831611286312,-2.350928641251222,0.0
32.0,-0.9510565162951538,-2.3313782991202348,0.0
32.0,-0.9297764858882517,-2.272727272727273,0.0
32.0,-0.9048270524660192,-2.174975562072336,0.0
32.0,-0.8763066800438635,-2.1358748778103616,0.0
32.0,-0.8443279255020151,-2.038123167155425,0.0
32.0,-0.8090169943749477,-1.9990224828934506,0.0
32.0,-0.7705132427757886,-1.9305962854349952,0.0
32.0,-0.7289686274214111,-1.8621700879765397,0.0
32.0,-0.6845471059286898,-1.8035190615835779,0.0
32.0,-0.6374239897486912,-1.7155425219941347,0.0
32.0,-0.5877852522924735,-1.6764418377321602,0.0
32.0,-0.5358267949789973,-1.598240469208211,0.0
32.0,-0.4817536741017163,-1.4516129032258065,0.0
32.0,-0.42577929156507405,-1.3245356793743892,0.0
32.0,-0.3681245526846781,-1.2561094819159337,0.0
32.0,-0.3090169943749479,-1.1192570869990224,0.0
32.0,-0.2486898871648556,-1.021505376344086,0.0
32.0,-0.1873813145857258,-0.9042033235581624,0.0
32.0,-0.125333233564304,-0.8162267839687196,0.0
32.0,-0.06279051952931351,-0.669599217986315,0.0
32.0,-4.898587196589413e-16,-0.4936461388074287,0.0
32.0,0.06279051952931075,-0.37634408602150504,0.0
32.0,0.12533323356430304,-0.24926686217008776,0.0
32.0,0.1873813145857231,-0.16129032258064502,0.0
32.0,0.24868988716485466,-0.07331378299120228,0.0
32.0,0.30901699437494523,0.004887585532746819,0.0
32.0,0.36812455268467714,0.11241446725317683,0.0
32.0,0.42577929156507155,0.26881720430107503,0.0
32.0,0.48175367410171543,0.43499511241446687,0.0
32.0,0.535826794978995,0.4936461388074287,0.0
32.0,0.5877852522924727,0.562072336265885,0.0
32.0,0.6374239897486891,0.7184750733137832,0.0
32.0,0.6845471059286891,0.8553274682306942,0.0
32.0,0.7289686274214104,0.9628543499511242,0.0
32.0,0.7705132427757891,1.0801564027370478,0.0
32.0,0.8090169943749471,1.129032258064516,0.0
32.0,0.8443279255020155,1.3245356793743888,0.0
32.0,0.876306680043863,1.4711632453567933,0.0
32.0,0.9048270524660196,1.6275659824046924,0.0
32.0,0.9297764858882513,1.744868035190616,0.0
32.0,0.951056516295154,1.8621700879765397,0.0
32.0,0.9685831611286309,1.9403714565004888,0.0
32.0,0.9822872507286888,2.0087976539589443,0.0
32.0,0.9921147013144779,2.096774193548387,0.0
32.0,0.9980267284282717,2.155425219941349,0.0
32.0,1.0,2.126099706744868,0.0
32.0,0.9980267284282718,2.1065493646138806,0.0
32.0,0.992114701314478,2.1358748778103616,0.0
32.0,0.9822872507286889,2.0869990224828934,0.0
32.0,0.9685831611286312,1.9696969696969697,0.0
32.0,0.9510565162951543,1.852394916911046,0.0
32.0,0.9297764858882518,1.8328445747800588,0.0
32.0,0.90482705246602,1.7839687194525906,0.0
32.0,0.8763066800438635,1.6959921798631479,0.0
32.0,0.8443279255020162,1.529814271749756,0.0
32.0,0.8090169943749478,1.4418377321603124,0.0
32.0,0.7705132427757898,1.3831867057673506,0.0
32.0,0.7289686274214112,1.3049853372434015,0.0
32.0,0.6845471059286898,1.1681329423264906,0.0
32.0,0.6374239897486899,1.0606060606060606,0.0
32.0,0.5877852522924736,1.0117302052785924,0.0
32.0,0.5358267949789959,0.9530791788856305,0.0
32.0,0.48175367410171643,0.7673509286412514,0.0
32.0,0.42577929156507255,0.669599217986315,0.0
32.0,0.3681245526846782,0.4740957966764414,0.0
32.0,0.3090169943749463,0.40566959921798595,0.0
32.0,0.2486898871648557,0.3176930596285432,0.0
32.0,0.18738131458572418,0.19061583577712593,0.0
32.0,0.12533323356430415,0.06353861192570864,0.0
32.0,0.06279051952931186,-0.07331378299120228,0.0
32.0,6.123233995736766e-16,-0.2590420332355814,0.0
32.0,-0.06279051952931064,-0.37634408602150504,0.0
32.0,-0.12533323356430293,-0.4936461388074287,0.0
32.0,-0.18738131458572296,-0.6304985337243405,0.0
32.0,-0.24868988716485452,-0.8260019550342133,0.0
32.0,-0.3090169943749451,-0.806451612903226,0.0
32.0,-0.3681245526846787,-0.9237536656891496,0.0
32.0,-0.42577929156506983,-1.0606060606060606,0.0
32.0,-0.4817536741017154,-1.0703812316715542,0.0
32.0,-0.5358267949789964,-1.2267839687194524,0.0
32.0,-0.5877852522924726,-1.3147605083088956,0.0
32.0,-0.637423989748689,-1.3929618768328447,0.0
32.0,-0.6845471059286877,-1.4711632453567938,0.0
32.0,-0.7289686274214103,-1.6177908113391983,0.0
32.0,-0.7705132427757901,-1.7644183773216033,0.0
32.0,-0.809016994374946,-1.9990224828934506,0.0
32.0,-0.8443279255020155,-2.0283479960899315,0.0
32.0,-0.8763066800438638,-2.0772238514173997,0.0
32.0,-0.9048270524660196,-2.1163245356793743,0.0
32.0,-0.9297764858882513,-2.047898338220919,0.0
32.0,-0.9510565162951534,-2.1847507331378297,0.0
32.0,-0.9685831611286309,-2.1847507331378297,0.0
32.0,-0.982287250728689,-2.1847507331378297,0.0
32.0,-0.9921147013144777,-2.155425219941349,0.0
32.0,-0.9980267284282717,-2.2238514173998043,0.0
32.0,-1.0,-2.2140762463343107,0.0
32.0,-0.9980267284282718,-2.2140762463343107,0.0
32.0,-0.9921147013144778,-2.233626588465298,0.0
32.0,-0.9822872507286894,-2.2238514173998043,0.0
32.0,-0.9685831611286312,-2.204301075268817,0.0
32.0,-0.9510565162951538,-2.2434017595307916,0.0
32.0,-0.9297764858882518,-2.302052785923754,0.0
32.0,-0.9048270524660201,-2.1847507331378297,0.0
32.0,-0.8763066800438645,-2.1358748778103616,0.0
32.0,-0.8443279255020162,-1.989247311827957,0.0
32.0,-0.8090169943749468,-1.9403714565004888,0.0
32.0,-0.770513242775791,-1.8621700879765397,0.0
32.0,-0.7289686274214113,-1.7155425219941347,0.0
32.0,-0.6845471059286887,-1.6373411534701856,0.0
32.0,-0.63742398974869,-1.5493646138807429,0.0
32.0,-0.5877852522924737,-1.5004887585532747,0.0
32.0,-0.5358267949789975,-1.4222873900293256,0.0
32.0,-0.48175367410171654,-1.383186705767351,0.0
32.0,-0.42577929156507105,-1.275659824046921,0.0
32.0,-0.36812455268468,-1.158357771260997,0.0
32.0,-0.3090169943749464,-1.0019550342130987,0.0
32.0,-0.2486898871648541,-0.8748778103616814,0.0
32.0,-0.1873813145857243,-0.8162267839687196,0.0
32.0,-0.12533323356430426,-0.6891495601173023,0.0
32.0,-0.06279051952931375,-0.5425219941348978,0.0
32.0,-7.347880794884119e-16,-0.40566959921798595,0.0
32.0,0.06279051952931229,-0.29814271749755594,0.0
32.0,0.12533323356430282,-0.20039100684261957,0.0
32.0,0.18738131458572285,-0.1026392961876832,0.0
32.0,0.24868988716485269,0.014662756598240456,0.0
32.0,0.309016994374945,0.14173998044965774,0.0
32.0,0.3681245526846786,0.29814271749755594,0.0
32.0,0.4257792915650697,0.40566959921798595,0.0
32.0,0.48175367410171527,0.4740957966764414,0.0
32.0,0.5358267949789963,0.5522971652003914,0.0
32.0,0.5877852522924725,0.6891495601173023,0.0
32.0,0.6374239897486889,0.7673509286412514,0.0
32.0,0.6845471059286876,0.8651026392961878,0.0
32.0,0.7289686274214102,0.9921798631476051,0.0
32.0,0.7705132427757901,1.0703812316715542,0.0
32.0,0.8090169943749459,1.158357771260997,0.0
32.0,0.8443279255020154,1.265884652981427,0.0
32.0,0.8763066800438637,1.373411534701857,0.0
32.0,0.9048270524660195,1.480938416422287,0.0
32.0,0.9297764858882512,1.5982404692082115,0.0
32.0,0.9510565162951533,1.6275659824046924,0.0
32.0,0.9685831611286309,1.6568914956011733,0.0
32.0,0.982287250728689,1.6568914956011733,0.0
32.0,0.9921147013144777,1.5786901270772242,0.0
32.0,0.9980267284282717,1.666666666666667,0.0
32.0,1.0,1.8328445747800588,0.0
32.0,0.9980267284282718,1.8328445747800588,0.0
32.0,0.9921147013144778,1.7937438905180842,0.0
32.0,0.9822872507286894,1.7253176930596288,0.0
32.0,0.9685831611286312,1.6959921798631479,0.0
32.0,0.9510565162951539,1.6862170087976542,0.0
32.0,0.9297764858882518,1.6275659824046924,0.0
32.0,0.9048270524660201,1.529814271749756,0.0
32.0,0.8763066800438645,1.559139784946237,0.0
32.0,0.8443279255020163,1.5200391006842624,0.0
32.0,0.8090169943749469,1.4418377321603124,0.0
32.0,0.7705132427757911,1.5102639296187688,0.0
32.0,0.7289686274214113,1.4418377321603124,0.0
32.0,0.6845471059286887,1.3831867057673506,0.0
32.0,0.6374239897486901,1.265884652981427,0.0
32.0,0.5877852522924738,1.129032258064516,0.0
32.0,0.5358267949789977,0.9237536656891496,0.0
32.0,0.48175367410171666,0.7673509286412514,0.0
32.0,0.42577929156507116,0.698924731182796,0.0
32.0,0.3681245526846801,0.5229716520039105,0.0
32.0,0.30901699437494656,0.40566959921798595,0.0
32.0,0.24868988716485424,0.35679374389051777,0.0
32.0,0.1873813145857244,0.29814271749755594,0.0
32.0,0.1253332335643044,0.16129032258064502,0.0
32.0,0.06279051952931387,0.03421309872922773,0.0
32.0,8.572527594031472e-16,-0.1026392961876832,0.0
32.0,-0.06279051952931217,-0.19061583577712593,0.0
32.0,-0.12533323356430268,-0.32746823069403685,0.0
32.0,-0.18738131458572274,-0.5327468230694041,0.0
32.0,-0.24868988716485257,-0.6109481915933532,0.0
32.0,-0.3090169943749449,-0.7184750733137832,0.0
32.0,-0.3681245526846785,-0.8651026392961878,0.0
32.0,-0.4257792915650696,-0.9628543499511242,0.0
32.0,-0.48175367410171516,-1.021505376344086,0.0
32.0,-0.5358267949789962,-1.158357771260997,0.0
32.0,-0.5877852522924725,-1.2267839687194524,0.0
32.0,-0.6374239897486887,-1.2561094819159337,0.0
32.0,-0.6845471059286875,-1.3734115347018574,0.0
32.0,-0.7289686274214101,-1.5102639296187683,0.0
32.0,-0.77051324277579,-1.5884652981427174,0.0
32.0,-0.8090169943749459,-1.7155425219941347,0.0
32.0,-0.8443279255020153,-1.852394916911046,0.0
32.0,-0.8763066800438637,-1.9794721407624634,0.0
32.0,-0.9048270524660195,-2.0772238514173997,0.0
32.0,-0.9297764858882512,-2.1163245356793743,0.0
32.0,-0.9510565162951533,-2.1163245356793743,0.0
32.0,-0.9685831611286309,-2.233626588465298,0.0
32.0,-0.982287250728689,-2.29227761485826,0.0
32.0,-0.9921147013144775,-2.380254154447703,0.0
32.0,-0.9980267284282717,-2.4682306940371457,0.0
32.0,-1.0,-2.5073313782991202,0.0
32.0,-0.9980267284282718,-2.536656891495601,0.0
32.0,-0.9921147013144778,-2.5464320625610948,0.0
32.0,-0.9822872507286894,-2.595307917888563,0.0
32.0,-0.9685831611286313,-2.5757575757575757,0.0
32.0,-0.9510565162951539,-2.5464320625610948,0.0
32.0,-0.9297764858882519,-2.4975562072336266,0.0
32.0,-0.9048270524660202,-2.4975562072336266,0.0
32.0,-0.8763066800438646,-2.4780058651026393,0.0
32.0,-0.8443279255020164,-2.39980449657869,0.0
32.0,-0.8090169943749469,-2.321603128054741,0.0
32.0,-0.7705132427757913,-2.204301075268817,0.0
32.0,-0.7289686274214114,-2.067448680351906,0.0
32.0,-0.6845471059286888,-1.9305962854349952,0.0
32.0,-0.6374239897486902,-1.8719452590420333,0.0
32.0,-0.5877852522924739,-1.774193548387097,0.0
32.0,-0.5358267949789978,-1.705767350928641,0.0
32.0,-0.48175367410171677,-1.6764418377321602,0.0
32.0,-0.42577929156507127,-1.5102639296187683,0.0
32.0,-0.3681245526846802,-1.4516129032258065,0.0
32.0,-0.3090169943749467,-1.383186705767351,0.0
32.0,-0.24868988716485435,-1.2561094819159337,0.0
32.0,-0.18738131458572455,-1.1681329423264906,0.0
32.0,-0.1253332335643045,-1.0606060606060606,0.0
32.0,-0.062790519529314,-0.9335288367546433,0.0
32.0,-9.797174393178826e-16,-0.7478005865102642,0.0
32.0,0.06279051952931204,-0.6402737047898341,0.0
32.0,0.12533323356429904,-0.562072336265885,0.0
32.0,0.1873813145857261,-0.43499511241446687,0.0
32.0,0.24868988716485246,-0.3665689149560114,0.0
32.0,0.3090169943749448,-0.15151515151515138,0.0
32.0,0.36812455268467503,-0.04398826979472137,0.0
32.0,0.4257792915650727,0.06353861192570864,0.0
32.0,0.48175367410171505,0.21994134897360684,0.0
32.0,0.5358267949789961,0.3176930596285432,0.0
32.0,0.5877852522924695,0.43499511241446687,0.0
32.0,0.6374239897486914,0.6500488758553278,0.0
32.0,0.6845471059286874,0.7869012707722387,0.0
32.0,0.7289686274214101,0.913978494623656,0.0
32.0,0.7705132427757877,1.021505376344086,0.0
32.0,0.8090169943749479,1.236559139784946,0.0
32.0,0.8443279255020153,1.3245356793743888,0.0
32.0,0.8763066800438636,1.3929618768328442,0.0
32.0,0.9048270524660179,1.4125122189638315,0.0
32.0,0.9297764858882525,1.4222873900293251,0.0
32.0,0.9510565162951533,1.4613880742912997,0.0
32.0,0.9685831611286307,1.5786901270772242,0.0
32.0,0.9822872507286884,1.637341153470186,0.0
32.0,0.992114701314478,1.6862170087976542,0.0
32.0,0.9980267284282717,1.744868035190616,0.0
32.0,1.0,1.7546432062561097,0.0
32.0,0.9980267284282718,1.7057673509286415,0.0
32.0,0.9921147013144783,1.666666666666667,0.0
32.0,0.9822872507286887,1.6568914956011733,0.0
32.0,0.9685831611286313,1.6471163245356797,0.0
32.0,0.9510565162951539,1.6764418377321606,0.0
32.0,0.9297764858882532,1.5884652981427179,0.0
32.0,0.9048270524660188,1.5786901270772242,0.0
32.0,0.8763066800438646,1.529814271749756,0.0
32.0,0.8443279255020164,1.451612903225806,0.0
32.0,0.8090169943749491,1.373411534701857,0.0
32.0,0.770513242775789,1.2561094819159333,0.0
32.0,0.7289686274214116,1.2170087976539588,0.0
32.0,0.684547105928689,1.021505376344086,0.0
32.0,0.637423989748693,0.9433040078201369,0.0
32.0,0.5877852522924711,0.8748778103616814,0.0
32.0,0.5358267949789979,0.7869012707722387,0.0
32.0,0.4817536741017169,0.6598240469208214,0.0
32.0,0.4257792915650746,0.562072336265885,0.0
32.0,0.368124552684677,0.4740957966764414,0.0
32.0,0.3090169943749468,0.3372434017595305,0.0
32.0,0.24868988716485446,0.21994134897360684,0.0
32.0,0.18738131458572815,0.053763440860215006,0.0
32.0,0.1253332335643011,-0.06353861192570864,0.0
32.0,0.06279051952931412,-0.20039100684261957,0.0
32.0,1.102182119232618e-15,-0.27859237536656867,0.0
32.0,-0.06279051952931192,-0.29814271749755594,0.0
32.0,-0.12533323356429893,-0.35679374389051777,0.0
32.0,-0.187381314585726,-0.5327468230694041,0.0
32.0,-0.24868988716485232,-0.6109481915933532,0.0
32.0,-0.3090169943749447,-0.7478005865102642,0.0
32.0,-0.3681245526846749,-0.8651026392961878,0.0
32.0,-0.4257792915650726,-0.9335288367546433,0.0
32.0,-0.48175367410171493,-1.0312805474095796,0.0
32.0,-0.535826794978996,-1.1094819159335287,0.0
32.0,-0.5877852522924694,-1.1192570869990224,0.0
32.0,-0.6374239897486913,-1.2658846529814274,0.0
32.0,-0.6845471059286873,-1.412512218963832,0.0
32.0,-0.72896862742141,-1.4613880742913001,0.0
32.0,-0.7705132427757876,-1.5689149560117301,0.0
32.0,-0.8090169943749478,-1.6764418377321602,0.0
32.0,-0.8443279255020152,-1.7448680351906156,0.0
32.0,-0.8763066800438636,-1.7253176930596283,0.0
32.0,-0.9048270524660178,-1.735092864125122,0.0
32.0,-0.9297764858882525,-1.774193548387097,0.0
32.0,-0.9510565162951532,-1.8719452590420333,0.0
32.0,-0.9685831611286307,-1.8719452590420333,0.0
32.0,-0.9822872507286883,-1.9208211143695015,0.0
32.0,-0.992114701314478,-1.959921798631476,0.0
32.0,-0.9980267284282717,-2.067448680351906,0.0
32.0,-1.0,-2.038123167155425,0.0
32.0,-0.9980267284282718,-2.0869990224828934,0.0
32.0,-0.9921147013144783,-2.047898338220919,0.0
32.0,-0.9822872507286887,-2.067448680351906,0.0
32.0,-0.9685831611286313,-2.067448680351906,0.0
32.0,-0.951056516295154,-2.0576735092864125,0.0
32.0,-0.9297764858882532,-2.018572825024438,0.0
32.0,-0.9048270524660188,-1.989247311827957,0.0
32.0,-0.8763066800438647,-1.959921798631476,0.0
32.0,-0.8443279255020165,-1.9208211143695015,0.0
32.0,-0.8090169943749491,-1.8914956011730206,0.0
32.0,-0.770513242775789,-1.852394916911046,0.0
32.0,-0.7289686274214117,-1.8132942326490715,0.0
32.0,-0.6845471059286891,-1.705767350928641,0.0
32.0,-0.6374239897486931,-1.598240469208211,0.0
32.0,-0.5877852522924712,-1.5591397849462365,0.0
32.0,-0.535826794978998,-1.5102639296187683,0.0
32.0,-0.481753674101717,-1.3636363636363638,0.0
32.0,-0.4257792915650747,-1.2170087976539588,0.0
32.0,-0.3681245526846771,-1.021505376344086,0.0
32.0,-0.3090169943749469,-0.8651026392961878,0.0
32.0,-0.2486898871648546,-0.7966764418377323,0.0
32.0,-0.18738131458572826,-0.669599217986315,0.0
32.0,-0.12533323356430123,-0.5522971652003914,0.0
32.0,-0.06279051952931425,-0.40566959921798595,0.0
32.0,-1.2246467991473533e-15,-0.27859237536656867,0.0
32.0,0.06279051952931179,-0.1808406647116323,0.0
32.0,0.1253332335642988,-0.024437927663734094,0.0
32.0,0.18738131458572588,0.1026392961876832,0.0
32.0,0.2486898871648522,0.20039100684261957,0.0
32.0,0.30901699437494456,0.26881720430107503,0.0
32.0,0.3681245526846748,0.3958944281524923,0.0
32.0,0.4257792915650725,0.4740957966764414,0.0
32.0,0.4817536741017148,0.5425219941348978,0.0
32.0,0.5358267949789959,0.669599217986315,0.0
32.0,0.5877852522924693,0.7869012707722387,0.0
32.0,0.6374239897486885,0.913978494623656,0.0
32.0,0.6845471059286898,1.0410557184750733,0.0
32.0,0.7289686274214099,1.2170087976539588,0.0
32.0,0.7705132427757853,1.3538611925708697,0.0
32.0,0.8090169943749498,1.3929618768328442,0.0
32.0,0.8443279255020152,1.5200391006842624,0.0
32.0,0.8763066800438618,1.6275659824046924,0.0
32.0,0.9048270524660192,1.666666666666667,0.0
32.0,0.9297764858882523,1.7057673509286415,0.0
32.0,0.9510565162951532,1.8426197458455524,0.0
32.0,0.9685831611286316,1.9696969696969697,0.0
32.0,0.9822872507286883,2.0283479960899315,0.0
32.0,0.992114701314478,2.0772238514173997,0.0
32.0,0.9980267284282713,2.1065493646138806,0.0
32.0,1.0,2.1358748778103616,0.0
32.0,0.9980267284282718,2.1358748778103616,0.0
32.0,0.9921147013144788,2.145650048875855,0.0
32.0,0.9822872507286882,2.096774193548387,0.0
32.0,0.9685831611286313,2.0869990224828934,0.0
32.0,0.9510565162951551,2.096774193548387,0.0
32.0,0.929776485888252,2.0869990224828934,0.0
32.0,0.9048270524660189,1.9990224828934506,0.0
32.0,0.8763066800438647,1.9403714565004888,0.0
32.0,0.8443279255020146,1.911045943304008,0.0
32.0,0.8090169943749492,1.774193548387097,0.0
32.0,0.7705132427757891,1.6959921798631479,0.0
32.0,0.7289686274214141,1.637341153470186,0.0
32.0,0.6845471059286892,1.5004887585532742,0.0
32.0,0.6374239897486932,1.451612903225806,0.0
32.0,0.5877852522924742,1.3147605083088951,0.0
32.0,0.535826794978995,1.2756598240469206,0.0
32.0,0.48175367410171704,1.1192570869990224,0.0
32.0,0.42577929156507804,0.9530791788856305,0.0
32.0,0.3681245526846739,0.8357771260997069,0.0
32.0,0.309016994374947,0.7380254154447705,0.0
32.0,0.24868988716485815,0.669599217986315,0.0
32.0,0.1873813145857249,0.562072336265885,0.0
32.0,0.12533323356430134,0.4740957966764414,0.0
32.0,0.06279051952931436,0.4154447702834796,0.0
32.0,4.899825157862589e-15,0.34701857282502413,0.0
32.0,-0.06279051952931168,0.19061583577712593,0.0
32.0,-0.12533323356429868,0.053763440860215006,0.0
32.0,-0.18738131458572224,-0.08308895405669592,0.0
32.0,-0.24868988716485554,-0.26881720430107503,0.0
32.0,-0.30901699437494445,-0.3958944281524923,0.0
32.0,-0.3681245526846714,-0.5425219941348978,0.0
32.0,-0.4257792915650756,-0.5522971652003914,0.0
32.0,-0.4817536741017147,-0.6304985337243405,0.0
32.0,-0.5358267949789928,-0.698924731182796,0.0
32.0,-0.587785252292472,-0.806451612903226,0.0
32.0,-0.6374239897486911,-0.9335288367546433,0.0
32.0,-0.6845471059286872,-1.0899315738025415,0.0
32.0,-0.7289686274214123,-1.1974584555229715,0.0
32.0,-0.7705132427757875,-1.304985337243402,0.0
32.0,-0.8090169943749477,-1.4809384164222874,0.0
32.0,-0.8443279255020132,-1.5884652981427174,0.0
32.0,-0.8763066800438635,-1.705767350928641,0.0
32.0,-0.9048270524660177,-1.774193548387097,0.0
32.0,-0.929776485888251,-1.8621700879765397,0.0
32.0,-0.9510565162951542,-1.9208211143695015,0.0
32.0,-0.9685831611286306,-1.9403714565004888,0.0
32.0,-0.9822872507286876,-2.0283479960899315,0.0
32.0,-0.9921147013144784,-2.1652003910068425,0.0
32.0,-0.9980267284282716,-2.1945259042033234,0.0
32.0,-1.0,-2.233626588465298,0.0
32.0,-0.9980267284282716,-2.272727272727273,0.0
32.0,-0.9921147013144783,-2.233626588465298,0.0
32.0,-0.9822872507286888,-2.2531769305962857,0.0
32.0,-0.9685831611286323,-2.1847507331378297,0.0
33.0,-0.9510565162951536,-0.014662756598240456,0.0
33.0,-0.9297764858882512,-0.014662756598240456,0.0
33.0,-0.9048270524660199,0.053763440860215006,0.0
33.0,-0.8763066800438638,-0.024437927663734094,0.0
33.0,-0.8443279255020155,-0.5244379276637341,0.0
33.0,-0.8090169943749476,-1.024437927663734,0.0
33.0,-0.7705132427757896,-1.0606060606060606,0.0
33.0,-0.7289686274214116,-1.129032258064516,0.0
33.0,-0.684547105928689,-1.158357771260997,0.0
33.0,-0.6374239897486896,-1.129032258064516,0.0
33.0,-0.5877852522924734,-1.2170087976539588,0.0
33.0,-0.5358267949789963,-1.1974584555229715,0.0
33.0,-0.4817536741017153,-1.021505376344086,0.0
33.0,-0.4257792915650722,-0.8357771260997069,0.0
33.0,-0.3681245526846787,-0.6793743890518087,0.0
33.0,-0.3090169943749477,-0.562072336265885,0.0
33.0,-0.24868988716485535,-0.45454545454545414,0.0
33.0,-0.18738131458572468,-0.42521994134897323,0.0
33.0,-0.12533323356430465,-0.42521994134897323,0.0
33.0,-0.06279051952931326,-0.27859237536656867,0.0
33.0,-2.4492935982947064e-16,-0.26881720430107503,0.0
33.0,0.06279051952931278,-0.15151515151515138,0.0
33.0,0.12533323356430418,-0.19061583577712593,0.0
33.0,0.1873813145857242,-0.20039100684261957,0.0
33.0,0.24868988716485488,-0.11241446725317683,0.0
33.0,0.3090169943749472,0.07331378299120228,0.0
33.0,0.3681245526846782,0.12218963831867047,0.0
33.0,0.42577929156507255,0.22971652003910048,0.0
33.0,0.48175367410171566,0.3372434017595305,0.0
33.0,0.5358267949789967,0.43499511241446687,0.0
33.0,0.5877852522924736,0.591397849462366,0.0
33.0,0.6374239897486899,0.6598240469208214,0.0
33.0,0.6845471059286893,0.8748778103616814,0.0
33.0,0.7289686274214107,1.021505376344086,0.0
33.0,0.7705132427757887,1.0899315738025415,0.0
33.0,0.8090169943749468,1.0899315738025415,0.0
33.0,0.8443279255020147,1.2267839687194524,0.0
33.0,0.8763066800438631,1.2561094819159333,0.0
33.0,0.9048270524660194,1.3538611925708697,0.0
33.0,0.9297764858882511,1.480938416422287,0.0
33.0,0.9510565162951535,1.6080156402737051,0.0
33.0,0.968583161128631,1.7057673509286415,0.0
33.0,0.9822872507286886,1.744868035190616,0.0
33.0,0.9921147013144778,1.8230694037145652,0.0
33.0,0.9980267284282716,1.9305962854349952,0.0
33.0,1.0,2.018572825024438,0.0
33.0,0.9980267284282716,2.0087976539589443,0.0
33.0,0.9921147013144779,1.9501466275659824,0.0
33.0,0.9822872507286886,1.9305962854349952,0.0
33.0,0.9685831611286311,2.0087976539589443,0.0
33.0,0.9510565162951536,2.0087976539589443,0.0
33.0,0.9297764858882517,2.018572825024438,0.0
33.0,0.9048270524660192,1.9696969696969697,0.0
33.0,0.8763066800438634,1.8914956011730206,0.0
33.0,0.8443279255020151,1.8328445747800588,0.0
33.0,0.8090169943749477,1.7350928641251224,0.0
33.0,0.7705132427757886,1.744868035190616,0.0
33.0,0.728968627421411,1.6568914956011733,0.0
33.0,0.6845471059286897,1.5884652981427179,0.0
33.0,0.6374239897486911,1.451612903225806,0.0
33.0,0.5877852522924734,1.3147605083088951,0.0
33.0,0.5358267949789972,1.2267839687194524,0.0
33.0,0.4817536741017162,1.0801564027370478,0.0
33.0,0.42577929156507394,0.913978494623656,0.0
33.0,0.368124552684678,0.7673509286412514,0.0
33.0,0.3090169943749478,0.669599217986315,0.0
33.0,0.2486898871648555,0.5816226783968723,0.0
33.0,0.18738131458572568,0.5131964809384169,0.0
33.0,0.1253332335643039,0.4154447702834796,0.0
33.0,0.06279051952931339,0.2590420332355814,0.0
33.0,3.6739403974420594e-16,0.16129032258064502,0.0
33.0,-0.06279051952931265,-0.024437927663734094,0.0
33.0,-0.12533323356430318,-0.08308895405669592,0.0
33.0,-0.18738131458572496,-0.1026392961876832,0.0
33.0,-0.24868988716485477,-0.16129032258064502,0.0
33.0,-0.30901699437494706,-0.29814271749755594,0.0
33.0,-0.36812455268467725,-0.48387096774193505,0.0
33.0,-0.42577929156507327,-0.669599217986315,0.0
33.0,-0.48175367410171555,-0.7673509286412514,0.0
33.0,-0.5358267949789965,-0.7673509286412514,0.0
33.0,-0.5877852522924728,-0.8455522971652005,0.0
33.0,-0.6374239897486905,-0.9335288367546433,0.0
33.0,-0.6845471059286892,-1.0312805474095796,0.0
33.0,-0.7289686274214106,-1.0703812316715542,0.0
33.0,-0.770513242775788,-1.1485826001955033,0.0
33.0,-0.8090169943749472,-1.2658846529814274,0.0
33.0,-0.8443279255020146,-1.383186705767351,0.0
33.0,-0.876306680043863,-1.4516129032258065,0.0
33.0,-0.9048270524660189,-1.627565982404692,0.0
33.0,-0.9297764858882513,-1.6666666666666665,0.0
33.0,-0.9510565162951534,-1.7253176930596283,0.0
33.0,-0.968583161128631,-1.8328445747800588,0.0
33.0,-0.9822872507286885,-1.8621700879765397,0.0
33.0,-0.9921147013144779,-1.8719452590420333,0.0
33.0,-0.9980267284282716,-1.8328445747800588,0.0
33.0,-1.0,-1.8621700879765397,0.0
33.0,-0.9980267284282716,-1.9305962854349952,0.0
33.0,-0.992114701314478,-1.9794721407624634,0.0
33.0,-0.9822872507286886,-1.9990224828934506,0.0
33.0,-0.9685831611286312,-1.9696969696969697,0.0
33.0,-0.9510565162951538,-1.9794721407624634,0.0
33.0,-0.9297764858882517,-1.9696969696969697,0.0
33.0,-0.9048270524660192,-1.9403714565004888,0.0
33.0,-0.8763066800438635,-1.9208211143695015,0.0
33.0,-0.8443279255020151,-1.8621700879765397,0.0
33.0,-0.8090169943749477,-1.7839687194525906,0.0
33.0,-0.7705132427757886,-1.6862170087976538,0.0
33.0,-0.7289686274214111,-1.490713587487781,0.0
33.0,-0.6845471059286898,-1.4222873900293256,0.0
33.0,-0.6374239897486912,-1.2463343108504397,0.0
33.0,-0.5877852522924735,-1.1192570869990224,0.0
33.0,-0.5358267949789973,-1.050830889540567,0.0
33.0,-0.4817536741017163,-0.9433040078201369,0.0
33.0,-0.42577929156507405,-0.8455522971652005,0.0
33.0,-0.3681245526846781,-0.7184750733137832,0.0
33.0,-0.3090169943749479,-0.6109481915933532,0.0
33.0,-0.2486898871648556,-0.48387096774193505,0.0
33.0,-0.1873813145857258,-0.34701857282502413,0.0
33.0,-0.125333233564304,-0.27859237536656867,0.0
33.0,-0.06279051952931351,-0.20039100684261957,0.0
33.0,-4.898587196589413e-16,-0.04398826979472137,0.0
33.0,0.06279051952931075,0.03421309872922773,0.0
33.0,0.12533323356430304,0.1026392961876832,0.0
33.0,0.1873813145857231,0.21994134897360684,0.0
33.0,0.24868988716485466,0.2883675464320623,0.0
33.0,0.30901699437494523,0.4643206256109478,0.0
33.0,0.36812455268467714,0.5522971652003914,0.0
33.0,0.42577929156507155,0.6500488758553278,0.0
33.0,0.48175367410171543,0.8260019550342133,0.0
33.0,0.535826794978995,0.9824046920821115,0.0
33.0,0.5877852522924727,1.099706744868035,0.0
33.0,0.6374239897486891,1.2561094819159333,0.0
33.0,0.6845471059286891,1.344086021505376,0.0
33.0,0.7289686274214104,1.4125122189638315,0.0
33.0,0.7705132427757891,1.4320625610948188,0.0
33.0,0.8090169943749471,1.5395894428152497,0.0
33.0,0.8443279255020155,1.5982404692082115,0.0
33.0,0.876306680043863,1.8035190615835779,0.0
33.0,0.9048270524660196,1.959921798631476,0.0
33.0,0.9297764858882513,1.959921798631476,0.0
33.0,0.951056516295154,2.0576735092864125,0.0
33.0,0.9685831611286309,2.096774193548387,0.0
33.0,0.9822872507286888,2.0869990224828934,0.0
33.0,0.9921147013144779,2.1652003910068425,0.0
33.0,0.9980267284282717,2.1847507331378297,0.0
33.0,1.0,2.2727272727272725,0.0
33.0,0.9980267284282718,2.311827956989247,0.0
33.0,0.992114701314478,2.282502443792766,0.0
33.0,0.9822872507286889,2.204301075268817,0.0
33.0,0.9685831611286312,2.067448680351906,0.0
33.0,0.9510565162951543,2.0087976539589443,0.0
33.0,0.9297764858882518,2.018572825024438,0.0
33.0,0.90482705246602,2.047898338220919,0.0
33.0,0.8763066800438635,2.0772238514173997,0.0
33.0,0.8443279255020162,2.038123167155425,0.0
33.0,0.8090169943749478,2.0087976539589443,0.0
33.0,0.7705132427757898,1.959921798631476,0.0
33.0,0.7289686274214112,1.9403714565004888,0.0
33.0,0.6845471059286898,1.8230694037145652,0.0
33.0,0.6374239897486899,1.7253176930596288,0.0
33.0,0.5877852522924736,1.6080156402737051,0.0
33.0,0.5358267949789959,1.5004887585532742,0.0
33.0,0.48175367410171643,1.3636363636363633,0.0
33.0,0.42577929156507255,1.2072336265884651,0.0
33.0,0.3681245526846782,1.0801564027370478,0.0
33.0,0.3090169943749463,1.0703812316715542,0.0
33.0,0.2486898871648557,0.9042033235581624,0.0
33.0,0.18738131458572418,0.7673509286412514,0.0
33.0,0.12533323356430415,0.669599217986315,0.0
33.0,0.06279051952931186,0.5327468230694041,0.0
33.0,6.123233995736766e-16,0.40566959921798595,0.0
33.0,-0.06279051952931064,0.26881720430107503,0.0
33.0,-0.12533323356430293,0.1319648093841641,0.0
33.0,-0.18738131458572296,-0.014662756598240456,0.0
33.0,-0.24868988716485452,-0.09286412512218956,0.0
33.0,-0.3090169943749451,-0.23949169110459412,0.0
33.0,-0.3681245526846787,-0.3665689149560114,0.0
33.0,-0.42577929156506983,-0.5327468230694041,0.0
33.0,-0.4817536741017154,-0.7086999022482896,0.0
33.0,-0.5358267949789964,-0.8260019550342133,0.0
33.0,-0.5877852522924726,-0.8455522971652005,0.0
33.0,-0.637423989748689,-1.0019550342130987,0.0
33.0,-0.6845471059286877,-1.0899315738025415,0.0
33.0,-0.7289686274214103,-1.1876832844574778,0.0
33.0,-0.7705132427757901,-1.3147605083088956,0.0
33.0,-0.809016994374946,-1.4516129032258065,0.0
33.0,-0.8443279255020155,-1.6080156402737047,0.0
33.0,-0.8763066800438638,-1.774193548387097,0.0
33.0,-0.9048270524660196,-1.8719452590420333,0.0
33.0,-0.9297764858882513,-1.9305962854349952,0.0
33.0,-0.9510565162951534,-1.9990224828934506,0.0
33.0,-0.9685831611286309,-2.0283479960899315,0.0
33.0,-0.982287250728689,-2.0576735092864125,0.0
33.0,-0.9921147013144777,-2.0869990224828934,0.0
33.0,-0.9980267284282717,-2.145650048875855,0.0
33.0,-1.0,-2.233626588465298,0.0
33.0,-0.9980267284282718,-2.3411534701857284,0.0
33.0,-0.9921147013144778,-2.3900293255131966,0.0
33.0,-0.9822872507286894,-2.350928641251222,0.0
33.0,-0.9685831611286312,-2.3313782991202348,0.0
33.0,-0.9510565162951538,-2.2825024437927666,0.0
33.0,-0.9297764858882518,-2.3118279569892475,0.0
33.0,-0.9048270524660201,-2.3118279569892475,0.0
33.0,-0.8763066800438645,-2.233626588465298,0.0
33.0,-0.8443279255020162,-2.145650048875855,0.0
33.0,-0.8090169943749468,-2.0869990224828934,0.0
33.0,-0.770513242775791,-2.038123167155425,0.0
33.0,-0.7289686274214113,-1.959921798631476,0.0
33.0,-0.6845471059286887,-1.881720430107527,0.0
33.0,-0.63742398974869,-1.7937438905180842,0.0
33.0,-0.5877852522924737,-1.6080156402737047,0.0
33.0,-0.5358267949789975,-1.5395894428152492,0.0
33.0,-0.48175367410171654,-1.490713587487781,0.0
33.0,-0.42577929156507105,-1.4516129032258065,0.0
33.0,-0.36812455268468,-1.2658846529814274,0.0
33.0,-0.3090169943749464,-1.158357771260997,0.0
33.0,-0.2486898871648541,-1.0312805474095796,0.0
33.0,-0.1873813145857243,-0.8944281524926687,0.0
33.0,-0.12533323356430426,-0.8260019550342133,0.0
33.0,-0.06279051952931375,-0.698924731182796,0.0
33.0,-7.347880794884119e-16,-0.591397849462366,0.0
33.0,0.06279051952931229,-0.4447702834799605,0.0
33.0,0.12533323356430282,-0.29814271749755594,0.0
33.0,0.18738131458572285,-0.15151515151515138,0.0
33.0,0.24868988716485269,0.053763440860215006,0.0
33.0,0.309016994374945,0.15151515151515138,0.0
33.0,0.3681245526846786,0.3079178885630496,0.0
33.0,0.4257792915650697,0.43499511241446687,0.0
33.0,0.48175367410171527,0.562072336265885,0.0
33.0,0.5358267949789963,0.669599217986315,0.0
33.0,0.5877852522924725,0.8357771260997069,0.0
33.0,0.6374239897486889,0.9335288367546433,0.0
33.0,0.6845471059286876,1.050830889540567,0.0
33.0,0.7289686274214102,1.1974584555229715,0.0
33.0,0.7705132427757901,1.3831867057673506,0.0
33.0,0.8090169943749459,1.4222873900293251,0.0
33.0,0.8443279255020154,1.480938416422287,0.0
33.0,0.8763066800438637,1.5200391006842624,0.0
33.0,0.9048270524660195,1.6568914956011733,0.0
33.0,0.9297764858882512,1.6764418377321606,0.0
33.0,0.9510565162951533,1.6177908113391988,0.0
33.0,0.9685831611286309,1.7546432062561097,0.0
33.0,0.982287250728689,1.8132942326490715,0.0
33.0,0.9921147013144777,1.9990224828934506,0.0
33.0,0.9980267284282717,2.126099706744868,0.0
33.0,1.0,2.1847507331378297,0.0
33.0,0.9980267284282718,2.067448680351906,0.0
33.0,0.9921147013144778,2.0576735092864125,0.0
33.0,0.9822872507286894,2.1163245356793743,0.0
33.0,0.9685831611286312,2.1065493646138806,0.0
33.0,0.9510565162951539,2.126099706744868,0.0
33.0,0.9297764858882518,2.145650048875855,0.0
33.0,0.9048270524660201,2.096774193548387,0.0
33.0,0.8763066800438645,1.9403714565004888,0.0
33.0,0.8443279255020163,1.8914956011730206,0.0
33.0,0.8090169943749469,1.8035190615835779,0.0
33.0,0.7705132427757911,1.774193548387097,0.0
33.0,0.7289686274214113,1.6764418377321606,0.0
33.0,0.6845471059286887,1.5004887585532742,0.0
33.0,0.6374239897486901,1.4907135874877806,0.0
33.0,0.5877852522924738,1.3147605083088951,0.0
33.0,0.5358267949789977,1.1876832844574778,0.0
33.0,0.48175367410171666,1.0606060606060606,0.0
33.0,0.42577929156507116,0.9237536656891496,0.0
33.0,0.3681245526846801,0.7869012707722387,0.0
33.0,0.30901699437494656,0.6109481915933532,0.0
33.0,0.24868988716485424,0.4740957966764414,0.0
33.0,0.1873813145857244,0.3665689149560114,0.0
33.0,0.1253332335643044,0.17106549364613866,0.0
33.0,0.06279051952931387,0.11241446725317683,0.0
33.0,8.572527594031472e-16,0.053763440860215006,0.0
33.0,-0.06279051952931217,0.053763440860215006,0.0
33.0,-0.12533323356430268,-0.08308895405669592,0.0
33.0,-0.18738131458572274,-0.24926686217008776,0.0
33.0,-0.24868988716485257,-0.3372434017595305,0.0
33.0,-0.3090169943749449,-0.5131964809384169,0.0
33.0,-0.3681245526846785,-0.7086999022482896,0.0
33.0,-0.4257792915650696,-0.8260019550342133,0.0
33.0,-0.48175367410171516,-0.9530791788856305,0.0
33.0,-0.5358267949789962,-1.0312805474095796,0.0
33.0,-0.5877852522924725,-1.1779081133919842,0.0
33.0,-0.6374239897486887,-1.3245356793743892,0.0
33.0,-0.6845471059286875,-1.4320625610948192,0.0
33.0,-0.7289686274214101,-1.598240469208211,0.0
33.0,-0.77051324277579,-1.6764418377321602,0.0
33.0,-0.8090169943749459,-1.8328445747800588,0.0
33.0,-0.8443279255020153,-1.9012707722385143,0.0
33.0,-0.8763066800438637,-1.881720430107527,0.0
33.0,-0.9048270524660195,-1.9990224828934506,0.0
33.0,-0.9297764858882512,-2.1163245356793743,0.0
33.0,-0.9510565162951533,-2.1652003910068425,0.0
33.0,-0.9685831611286309,-2.1847507331378297,0.0
33.0,-0.982287250728689,-2.233626588465298,0.0
33.0,-0.9921147013144775,-2.2531769305962857,0.0
33.0,-0.9980267284282717,-2.2825024437927666,0.0
33.0,-1.0,-2.3313782991202348,0.0
33.0,-0.9980267284282718,-2.4389051808406648,0.0
33.0,-0.9921147013144778,-2.517106549364614,0.0
33.0,-0.9822872507286894,-2.5073313782991202,0.0
33.0,-0.9685831611286313,-2.4780058651026393,0.0
33.0,-0.9510565162951539,-2.4682306940371457,0.0
33.0,-0.9297764858882519,-2.3607038123167157,0.0
33.0,-0.9048270524660202,-2.3118279569892475,0.0
33.0,-0.8763066800438646,-2.145650048875855,0.0
33.0,-0.8443279255020164,-2.0772238514173997,0.0
33.0,-0.8090169943749469,-2.0772238514173997,0.0
33.0,-0.7705132427757913,-2.0087976539589443,0.0
33.0,-0.7289686274214114,-1.9012707722385143,0.0
33.0,-0.6845471059286888,-1.7155425219941347,0.0
33.0,-0.6374239897486902,-1.6471163245356792,0.0
33.0,-0.5877852522924739,-1.598240469208211,0.0
33.0,-0.5358267949789978,-1.5395894428152492,0.0
33.0,-0.48175367410171677,-1.4320625610948192,0.0
33.0,-0.42577929156507127,-1.304985337243402,0.0
33.0,-0.3681245526846802,-1.129032258064516,0.0
33.0,-0.3090169943749467,-1.0312805474095796,0.0
33.0,-0.24868988716485435,-0.9530791788856305,0.0
33.0,-0.18738131458572455,-0.8455522971652005,0.0
33.0,-0.1253332335643045,-0.7086999022482896,0.0
33.0,-0.062790519529314,-0.6109481915933532,0.0
33.0,-9.797174393178826e-16,-0.4936461388074287,0.0
33.0,0.06279051952931204,-0.37634408602150504,0.0
33.0,0.12533323356429904,-0.35679374389051777,0.0
33.0,0.1873813145857261,-0.2883675464320623,0.0
33.0,0.24868988716485246,-0.2101661779081132,0.0
33.0,0.3090169943749448,-0.1026392961876832,0.0
33.0,0.36812455268467503,0.12218963831867047,0.0
33.0,0.4257792915650727,0.24926686217008776,0.0
33.0,0.48175367410171505,0.3665689149560114,0.0
33.0,0.5358267949789961,0.4936461388074287,0.0
33.0,0.5877852522924695,0.5816226783968723,0.0
33.0,0.6374239897486914,0.7673509286412514,0.0
33.0,0.6845471059286874,0.9237536656891496,0.0
33.0,0.7289686274214101,1.099706744868035,0.0
33.0,0.7705132427757877,1.1779081133919842,0.0
33.0,0.8090169943749479,1.2756598240469206,0.0
33.0,0.8443279255020153,1.3929618768328442,0.0
33.0,0.8763066800438636,1.5493646138807433,0.0
33.0,0.9048270524660179,1.5884652981427179,0.0
33.0,0.9297764858882525,1.637341153470186,0.0
33.0,0.9510565162951533,1.6471163245356797,0.0
33.0,0.9685831611286307,1.6764418377321606,0.0
33.0,0.9822872507286884,1.7546432062561097,0.0
33.0,0.992114701314478,1.744868035190616,0.0
33.0,0.9980267284282717,1.7644183773216033,0.0
33.0,1.0,1.7057673509286415,0.0
33.0,0.9980267284282718,1.744868035190616,0.0
33.0,0.9921147013144783,1.6764418377321606,0.0
33.0,0.9822872507286887,1.6177908113391988,0.0
33.0,0.9685831611286313,1.529814271749756,0.0
33.0,0.9510565162951539,1.4125122189638315,0.0
33.0,0.9297764858882532,1.451612903225806,0.0
33.0,0.9048270524660188,1.4222873900293251,0.0
33.0,0.8763066800438646,1.3147605083088951,0.0
33.0,0.8443279255020164,1.2267839687194524,0.0
33.0,0.8090169943749491,1.1779081133919842,0.0
33.0,0.770513242775789,1.0899315738025415,0.0
33.0,0.7289686274214116,1.0019550342130987,0.0
33.0,0.684547105928689,0.7966764418377323,0.0
33.0,0.637423989748693,0.6598240469208214,0.0
33.0,0.5877852522924711,0.6011730205278596,0.0
33.0,0.5358267949789979,0.4936461388074287,0.0
33.0,0.4817536741017169,0.34701857282502413,0.0
33.0,0.4257792915650746,0.23949169110459412,0.0
33.0,0.368124552684677,0.19061583577712593,0.0
33.0,0.3090169943749468,0.1026392961876832,0.0
33.0,0.24868988716485446,-0.04398826979472137,0.0
33.0,0.18738131458572815,-0.15151515151515138,0.0
33.0,0.1253332335643011,-0.2883675464320623,0.0
33.0,0.06279051952931412,-0.35679374389051777,0.0
33.0,1.102182119232618e-15,-0.5131964809384169,0.0
33.0,-0.06279051952931192,-0.591397849462366,0.0
33.0,-0.12533323356429893,-0.6793743890518087,0.0
33.0,-0.187381314585726,-0.8357771260997069,0.0
33.0,-0.24868988716485232,-0.8651026392961878,0.0
33.0,-0.3090169943749447,-1.0019550342130987,0.0
33.0,-0.3681245526846749,-1.129032258064516,0.0
33.0,-0.4257792915650726,-1.1974584555229715,0.0
33.0,-0.48175367410171493,-1.3147605083088956,0.0
33.0,-0.535826794978996,-1.383186705767351,0.0
33.0,-0.5877852522924694,-1.4809384164222874,0.0
33.0,-0.6374239897486913,-1.5298142717497556,0.0
33.0,-0.6845471059286873,-1.627565982404692,0.0
33.0,-0.72896862742141,-1.7448680351906156,0.0
33.0,-0.7705132427757876,-1.8426197458455524,0.0
33.0,-0.8090169943749478,-1.8914956011730206,0.0
33.0,-0.8443279255020152,-1.852394916911046,0.0
33.0,-0.8763066800438636,-1.8426197458455524,0.0
33.0,-0.9048270524660178,-1.9403714565004888,0.0
33.0,-0.9297764858882525,-2.047898338220919,0.0
33.0,-0.9510565162951532,-2.0869990224828934,0.0
33.0,-0.9685831611286307,-2.145650048875855,0.0
33.0,-0.9822872507286883,-2.1847507331378297,0.0
33.0,-0.992114701314478,-2.204301075268817,0.0
33.0,-0.9980267284282717,-2.2140762463343107,0.0
33.0,-1.0,-2.1652003910068425,0.0
33.0,-0.9980267284282718,-2.204301075268817,0.0
33.0,-0.9921147013144783,-2.1847507331378297,0.0
33.0,-0.9822872507286887,-2.204301075268817,0.0
33.0,-0.9685831611286313,-2.233626588465298,0.0
33.0,-0.951056516295154,-2.204301075268817,0.0
33.0,-0.9297764858882532,-2.1358748778103616,0.0
33.0,-0.9048270524660188,-2.126099706744868,0.0
33.0,-0.8763066800438647,-2.067448680351906,0.0
33.0,-0.8443279255020165,-2.0087976539589443,0.0
33.0,-0.8090169943749491,-1.9305962854349952,0.0
33.0,-0.770513242775789,-1.852394916911046,0.0
33.0,-0.7289686274214117,-1.705767350928641,0.0
33.0,-0.6845471059286891,-1.598240469208211,0.0
33.0,-0.6374239897486931,-1.5102639296187683,0.0
33.0,-0.5877852522924712,-1.4516129032258065,0.0
33.0,-0.535826794978998,-1.3734115347018574,0.0
33.0,-0.481753674101717,-1.2658846529814274,0.0
33.0,-0.4257792915650747,-1.129032258064516,0.0
33.0,-0.3681245526846771,-1.0410557184750733,0.0
33.0,-0.3090169943749469,-0.9530791788856305,0.0
33.0,-0.2486898871648546,-0.8553274682306942,0.0
33.0,-0.18738131458572826,-0.7086999022482896,0.0
33.0,-0.12533323356430123,-0.6109481915933532,0.0
33.0,-0.06279051952931425,-0.5327468230694041,0.0
33.0,-1.2246467991473533e-15,-0.45454545454545414,0.0
33.0,0.06279051952931179,-0.3372434017595305,0.0
33.0,0.1253332335642988,-0.22971652003910048,0.0
33.0,0.18738131458572588,-0.07331378299120228,0.0
33.0,0.2486898871648522,0.08308895405669592,0.0
33.0,0.30901699437494456,0.21994134897360684,0.0
33.0,0.3681245526846748,0.34701857282502413,0.0
33.0,0.4257792915650725,0.4740957966764414,0.0
33.0,0.4817536741017148,0.5131964809384169,0.0
33.0,0.5358267949789959,0.6500488758553278,0.0
33.0,0.5877852522924693,0.806451612903226,0.0
33.0,0.6374239897486885,0.8944281524926687,0.0
33.0,0.6845471059286898,1.0410557184750733,0.0
33.0,0.7289686274214099,1.1779081133919842,0.0
33.0,0.7705132427757853,1.3147605083088951,0.0
33.0,0.8090169943749498,1.4613880742912997,0.0
33.0,0.8443279255020152,1.4907135874877806,0.0
33.0,0.8763066800438618,1.6080156402737051,0.0
33.0,0.9048270524660192,1.7253176930596288,0.0
33.0,0.9297764858882523,1.8230694037145652,0.0
33.0,0.9510565162951532,1.8719452590420333,0.0
33.0,0.9685831611286316,1.9208211143695015,0.0
33.0,0.9822872507286883,1.9794721407624634,0.0
33.0,0.992114701314478,2.047898338220919,0.0
33.0,0.9980267284282713,2.096774193548387,0.0
33.0,1.0,2.1065493646138806,0.0
33.0,0.9980267284282718,2.0869990224828934,0.0
33.0,0.9921147013144788,2.155425219941349,0.0
33.0,0.9822872507286882,2.174975562072336,0.0
33.0,0.9685831611286313,2.0869990224828934,0.0
33.0,0.9510565162951551,2.038123167155425,0.0
33.0,0.929776485888252,1.959921798631476,0.0
33.0,0.9048270524660189,1.9012707722385143,0.0
33.0,0.8763066800438647,1.9012707722385143,0.0
33.0,0.8443279255020146,1.8230694037145652,0.0
33.0,0.8090169943749492,1.6764418377321606,0.0
33.0,0.7705132427757891,1.6177908113391988,0.0
33.0,0.7289686274214141,1.6080156402737051,0.0
33.0,0.6845471059286892,1.6080156402737051,0.0
33.0,0.6374239897486932,1.4125122189638315,0.0
33.0,0.5877852522924742,1.3538611925708697,0.0
33.0,0.535826794978995,1.1779081133919842,0.0
33.0,0.48175367410171704,1.0117302052785924,0.0
33.0,0.42577929156507804,0.913978494623656,0.0
33.0,0.3681245526846739,0.806451612903226,0.0
33.0,0.309016994374947,0.6598240469208214,0.0
33.0,0.24868988716485815,0.562072336265885,0.0
33.0,0.1873813145857249,0.4740957966764414,0.0
33.0,0.12533323356430134,0.4447702834799605,0.0
33.0,0.06279051952931436,0.42521994134897323,0.0
33.0,4.899825157862589e-15,0.3372434017595305,0.0
33.0,-0.06279051952931168,0.08308895405669592,0.0
33.0,-0.12533323356429868,0.03421309872922773,0.0
33.0,-0.18738131458572224,-0.04398826979472137,0.0
33.0,-0.24868988716485554,-0.12218963831867047,0.0
33.0,-0.30901699437494445,-0.29814271749755594,0.0
33.0,-0.3681245526846714,-0.5229716520039105,0.0
33.0,-0.4257792915650756,-0.6304985337243405,0.0
33.0,-0.4817536741017147,-0.7478005865102642,0.0
33.0,-0.5358267949789928,-0.8455522971652005,0.0
33.0,-0.587785252292472,-0.9433040078201369,0.0
33.0,-0.6374239897486911,-1.0019550342130987,0.0
33.0,-0.6845471059286872,-1.1192570869990224,0.0
33.0,-0.7289686274214123,-1.2170087976539588,0.0
33.0,-0.7705132427757875,-1.3343108504398828,0.0
33.0,-0.8090169943749477,-1.4613880742913001,0.0
33.0,-0.8443279255020132,-1.598240469208211,0.0
33.0,-0.8763066800438635,-1.7448680351906156,0.0
33.0,-0.9048270524660177,-1.8230694037145652,0.0
33.0,-0.929776485888251,-1.9012707722385143,0.0
33.0,-0.9510565162951542,-1.9794721407624634,0.0
33.0,-0.9685831611286306,-2.038123167155425,0.0
33.0,-0.9822872507286876,-2.145650048875855,0.0
33.0,-0.9921147013144784,-2.174975562072336,0.0
33.0,-0.9980267284282716,-2.2531769305962857,0.0
33.0,-1.0,-2.272727272727273,0.0
33.0,-0.9980267284282716,-2.3411534701857284,0.0
33.0,-0.9921147013144783,-2.321603128054741,0.0
33.0,-0.9822872507286888,-2.2825024437927666,0.0
33.0,-0.9685831611286323,-2.3118279569892475,0.0
34.0,-0.9510565162951536,-0.04398826979472137,0.0
34.0,-0.9297764858882512,-0.06353861192570864,0.0
34.0,-0.9048270524660199,-0.07331378299120228,0.0
34.0,-0.8763066800438638,-0.06353861192570864,0.0
34.0,-0.8443279255020155,-0.5635386119257086,0.0
34.0,-0.8090169943749476,-1.0635386119257086,0.0
34.0,-0.7705132427757896,-1.099706744868035,0.0
34.0,-0.7289686274214116,-1.1192570869990224,0.0
34.0,-0.684547105928689,-1.050830889540567,0.0
34.0,-0.6374239897486896,-1.0019550342130987,0.0
34.0,-0.5877852522924734,-0.9628543499511242,0.0
34.0,-0.5358267949789963,-0.9237536656891496,0.0
34.0,-0.4817536741017153,-0.8944281524926687,0.0
34.0,-0.4257792915650722,-0.8846529814271751,0.0
34.0,-0.3681245526846787,-0.8357771260997069,0.0
34.0,-0.3090169943749477,-0.7478005865102642,0.0
34.0,-0.24868988716485535,-0.7184750733137832,0.0
34.0,-0.18738131458572468,-0.6402737047898341,0.0
34.0,-0.12533323356430465,-0.591397849462366,0.0
34.0,-0.06279051952931326,-0.5131964809384169,0.0
34.0,-2.4492935982947064e-16,-0.3861192570869987,0.0
34.0,0.06279051952931278,-0.2883675464320623,0.0
34.0,0.12533323356430418,-0.20039100684261957,0.0
34.0,0.1873813145857242,-0.17106549364613866,0.0
34.0,0.24868988716485488,-0.11241446725317683,0.0
34.0,0.3090169943749472,0.07331378299120228,0.0
34.0,0.3681245526846782,0.23949169110459412,0.0
34.0,0.42577929156507255,0.34701857282502413,0.0
34.0,0.48175367410171566,0.35679374389051777,0.0
34.0,0.5358267949789967,0.4643206256109478,0.0
34.0,0.5877852522924736,0.591397849462366,0.0
34.0,0.6374239897486899,0.7282502443792769,0.0
34.0,0.6845471059286893,0.8455522971652005,0.0
34.0,0.7289686274214107,0.9530791788856305,0.0
34.0,0.7705132427757887,1.1485826001955033,0.0
34.0,0.8090169943749468,1.2072336265884651,0.0
34.0,0.8443279255020147,1.3147605083088951,0.0
34.0,0.8763066800438631,1.3831867057673506,0.0
34.0,0.9048270524660194,1.480938416422287,0.0
34.0,0.9297764858882511,1.6568914956011733,0.0
34.0,0.9510565162951535,1.7839687194525906,0.0
34.0,0.968583161128631,1.8719452590420333,0.0
34.0,0.9822872507286886,1.8621700879765397,0.0
34.0,0.9921147013144778,1.8914956011730206,0.0
34.0,0.9980267284282716,1.852394916911046,0.0
34.0,1.0,1.9012707722385143,0.0
34.0,0.9980267284282716,1.9208211143695015,0.0
34.0,0.9921147013144779,1.9403714565004888,0.0
34.0,0.9822872507286886,1.911045943304008,0.0
34.0,0.9685831611286311,1.911045943304008,0.0
34.0,0.9510565162951536,1.881720430107527,0.0
34.0,0.9297764858882517,1.8621700879765397,0.0
34.0,0.9048270524660192,1.8035190615835779,0.0
34.0,0.8763066800438634,1.666666666666667,0.0
34.0,0.8443279255020151,1.6471163245356797,0.0
34.0,0.8090169943749477,1.6080156402737051,0.0
34.0,0.7705132427757886,1.4907135874877806,0.0
34.0,0.728968627421411,1.373411534701857,0.0
34.0,0.6845471059286897,1.2072336265884651,0.0
34.0,0.6374239897486911,1.0801564027370478,0.0
34.0,0.5877852522924734,0.9921798631476051,0.0
34.0,0.5358267949789972,0.9042033235581624,0.0
34.0,0.4817536741017162,0.8455522971652005,0.0
34.0,0.42577929156507394,0.806451612903226,0.0
34.0,0.368124552684678,0.6793743890518087,0.0
34.0,0.3090169943749478,0.562072336265885,0.0
34.0,0.2486898871648555,0.4447702834799605,0.0
34.0,0.18738131458572568,0.3079178885630496,0.0
34.0,0.1253332335643039,0.2101661779081132,0.0
34.0,0.06279051952931339,0.1026392961876832,0.0
34.0,3.6739403974420594e-16,-0.004887585532746819,0.0
34.0,-0.06279051952931265,-0.20039100684261957,0.0
34.0,-0.12533323356430318,-0.3176930596285432,0.0
34.0,-0.18738131458572496,-0.4447702834799605,0.0
34.0,-0.24868988716485477,-0.591397849462366,0.0
34.0,-0.30901699437494706,-0.7380254154447705,0.0
34.0,-0.36812455268467725,-0.8162267839687196,0.0
34.0,-0.42577929156507327,-0.913978494623656,0.0
34.0,-0.48175367410171555,-1.050830889540567,0.0
34.0,-0.5358267949789965,-1.2170087976539588,0.0
34.0,-0.5877852522924728,-1.4222873900293256,0.0
34.0,-0.6374239897486905,-1.5004887585532747,0.0
34.0,-0.6845471059286892,-1.6177908113391983,0.0
34.0,-0.7289686274214106,-1.7448680351906156,0.0
34.0,-0.770513242775788,-1.8914956011730206,0.0
34.0,-0.8090169943749472,-2.0576735092864125,0.0
34.0,-0.8443279255020146,-2.1652003910068425,0.0
34.0,-0.876306680043863,-2.2629521016617793,0.0
34.0,-0.9048270524660189,-2.409579667644184,0.0
34.0,-0.9297764858882513,-2.458455522971652,0.0
34.0,-0.9510565162951534,-2.5562072336265884,0.0
34.0,-0.968583161128631,-2.624633431085044,0.0
34.0,-0.9822872507286885,-2.644183773216031,0.0
34.0,-0.9921147013144779,-2.6930596285434993,0.0
34.0,-0.9980267284282716,-2.673509286412512,0.0
34.0,-1.0,-2.653958944281525,0.0
34.0,-0.9980267284282716,-2.6637341153470184,0.0
34.0,-0.992114701314478,-2.673509286412512,0.0
34.0,-0.9822872507286886,-2.644183773216031,0.0
34.0,-0.9685831611286312,-2.5757575757575757,0.0
34.0,-0.9510565162951538,-2.565982404692082,0.0
34.0,-0.9297764858882517,-2.5268817204301075,0.0
34.0,-0.9048270524660192,-2.458455522971652,0.0
34.0,-0.8763066800438635,-2.409579667644184,0.0
34.0,-0.8443279255020151,-2.3704789833822093,0.0
34.0,-0.8090169943749477,-2.3411534701857284,0.0
34.0,-0.7705132427757886,-2.2825024437927666,0.0
34.0,-0.7289686274214111,-2.1945259042033234,0.0
34.0,-0.6845471059286898,-2.018572825024438,0.0
34.0,-0.6374239897486912,-1.8719452590420333,0.0
34.0,-0.5877852522924735,-1.8132942326490715,0.0
34.0,-0.5358267949789973,-1.7253176930596283,0.0
34.0,-0.4817536741017163,-1.5884652981427174,0.0
34.0,-0.42577929156507405,-1.490713587487781,0.0
34.0,-0.3681245526846781,-1.4027370478983383,0.0
34.0,-0.3090169943749479,-1.2854349951124147,0.0
34.0,-0.2486898871648556,-1.158357771260997,0.0
34.0,-0.1873813145857258,-1.0410557184750733,0.0
34.0,-0.125333233564304,-0.8651026392961878,0.0
34.0,-0.06279051952931351,-0.7282502443792769,0.0
34.0,-4.898587196589413e-16,-0.5718475073313787,0.0
34.0,0.06279051952931075,-0.5229716520039105,0.0
34.0,0.12533323356430304,-0.42521994134897323,0.0
34.0,0.1873813145857231,-0.3176930596285432,0.0
34.0,0.24868988716485466,-0.26881720430107503,0.0
34.0,0.30901699437494523,-0.1026392961876832,0.0
34.0,0.36812455268467714,0.04398826979472137,0.0
34.0,0.42577929156507155,0.2101661779081132,0.0
34.0,0.48175367410171543,0.32746823069403685,0.0
34.0,0.535826794978995,0.3665689149560114,0.0
34.0,0.5877852522924727,0.5522971652003914,0.0
34.0,0.6374239897486891,0.6304985337243405,0.0
34.0,0.6845471059286891,0.7869012707722387,0.0
34.0,0.7289686274214104,0.9042033235581624,0.0
34.0,0.7705132427757891,1.050830889540567,0.0
34.0,0.8090169943749471,1.1974584555229715,0.0
34.0,0.8443279255020155,1.3343108504398824,0.0
34.0,0.876306680043863,1.4222873900293251,0.0
34.0,0.9048270524660196,1.529814271749756,0.0
34.0,0.9297764858882513,1.666666666666667,0.0
34.0,0.951056516295154,1.6959921798631479,0.0
34.0,0.9685831611286309,1.852394916911046,0.0
34.0,0.9822872507286888,1.9208211143695015,0.0
34.0,0.9921147013144779,1.9012707722385143,0.0
34.0,0.9980267284282717,1.9012707722385143,0.0
34.0,1.0,1.8719452590420333,0.0
34.0,0.9980267284282718,1.8719452590420333,0.0
34.0,0.992114701314478,1.9403714565004888,0.0
34.0,0.9822872507286889,1.8719452590420333,0.0
34.0,0.9685831611286312,1.852394916911046,0.0
34.0,0.9510565162951543,1.8426197458455524,0.0
34.0,0.9297764858882518,1.852394916911046,0.0
34.0,0.90482705246602,1.7644183773216033,0.0
34.0,0.8763066800438635,1.7546432062561097,0.0
34.0,0.8443279255020162,1.6471163245356797,0.0
34.0,0.8090169943749478,1.6568914956011733,0.0
34.0,0.7705132427757898,1.5786901270772242,0.0
34.0,0.7289686274214112,1.480938416422287,0.0
34.0,0.6845471059286898,1.373411534701857,0.0
34.0,0.6374239897486899,1.2561094819159333,0.0
34.0,0.5877852522924736,1.129032258064516,0.0
34.0,0.5358267949789959,1.0606060606060606,0.0
34.0,0.48175367410171643,0.8944281524926687,0.0
34.0,0.42577929156507255,0.7966764418377323,0.0
34.0,0.3681245526846782,0.7575757575757578,0.0
34.0,0.3090169943749463,0.5522971652003914,0.0
34.0,0.2486898871648557,0.3665689149560114,0.0
34.0,0.18738131458572418,0.21994134897360684,0.0
34.0,0.12533323356430415,0.16129032258064502,0.0
34.0,0.06279051952931186,0.004887585532746819,0.0
34.0,6.123233995736766e-16,-0.11241446725317683,0.0
34.0,-0.06279051952931064,-0.24926686217008776,0.0
34.0,-0.12533323356430293,-0.4154447702834796,0.0
34.0,-0.18738131458572296,-0.6207233626588469,0.0
34.0,-0.24868988716485452,-0.7086999022482896,0.0
34.0,-0.3090169943749451,-0.8846529814271751,0.0
34.0,-0.3681245526846787,-0.9824046920821115,0.0
34.0,-0.42577929156506983,-1.1192570869990224,0.0
34.0,-0.4817536741017154,-1.1485826001955033,0.0
34.0,-0.5358267949789964,-1.3636363636363638,0.0
34.0,-0.5877852522924726,-1.4320625610948192,0.0
34.0,-0.637423989748689,-1.5786901270772238,0.0
34.0,-0.6845471059286877,-1.7155425219941347,0.0
34.0,-0.7289686274214103,-1.8621700879765397,0.0
34.0,-0.7705132427757901,-1.959921798631476,0.0
34.0,-0.809016994374946,-2.047898338220919,0.0
34.0,-0.8443279255020155,-2.145650048875855,0.0
34.0,-0.8763066800438638,-2.2629521016617793,0.0
34.0,-0.9048270524660196,-2.3607038123167157,0.0
34.0,-0.9297764858882513,-2.380254154447703,0.0
34.0,-0.9510565162951534,-2.429130009775171,0.0
34.0,-0.9685831611286309,-2.4975562072336266,0.0
34.0,-0.982287250728689,-2.536656891495601,0.0
34.0,-0.9921147013144777,-2.5855327468230693,0.0
34.0,-0.9980267284282717,-2.644183773216031,0.0
34.0,-1.0,-2.624633431085044,0.0
34.0,-0.9980267284282718,-2.6637341153470184,0.0
34.0,-0.9921147013144778,-2.5855327468230693,0.0
34.0,-0.9822872507286894,-2.536656891495601,0.0
34.0,-0.9685831611286312,-2.5073313782991202,0.0
34.0,-0.9510565162951538,-2.4780058651026393,0.0
34.0,-0.9297764858882518,-2.4193548387096775,0.0
34.0,-0.9048270524660201,-2.302052785923754,0.0
34.0,-0.8763066800438645,-2.2140762463343107,0.0
34.0,-0.8443279255020162,-2.0576735092864125,0.0
34.0,-0.8090169943749468,-1.9990224828934506,0.0
34.0,-0.770513242775791,-2.0283479960899315,0.0
34.0,-0.7289686274214113,-1.9501466275659824,0.0
34.0,-0.6845471059286887,-1.7937438905180842,0.0
34.0,-0.63742398974869,-1.6568914956011729,0.0
34.0,-0.5877852522924737,-1.6177908113391983,0.0
34.0,-0.5358267949789975,-1.490713587487781,0.0
34.0,-0.48175367410171654,-1.3538611925708701,0.0
34.0,-0.42577929156507105,-1.304985337243402,0.0
34.0,-0.36812455268468,-1.2561094819159337,0.0
34.0,-0.3090169943749464,-1.158357771260997,0.0
34.0,-0.2486898871648541,-1.0606060606060606,0.0
34.0,-0.1873813145857243,-0.9726295210166178,0.0
34.0,-0.12533323356430426,-0.8357771260997069,0.0
34.0,-0.06279051952931375,-0.7184750733137832,0.0
34.0,-7.347880794884119e-16,-0.5816226783968723,0.0
34.0,0.06279051952931229,-0.37634408602150504,0.0
34.0,0.12533323356430282,-0.21994134897360684,0.0
34.0,0.18738131458572285,-0.1026392961876832,0.0
34.0,0.24868988716485269,0.14173998044965774,0.0
34.0,0.309016994374945,0.23949169110459412,0.0
34.0,0.3681245526846786,0.32746823069403685,0.0
34.0,0.4257792915650697,0.4447702834799605,0.0
34.0,0.48175367410171527,0.5425219941348978,0.0
34.0,0.5358267949789963,0.698924731182796,0.0
34.0,0.5877852522924725,0.7673509286412514,0.0
34.0,0.6374239897486889,0.9237536656891496,0.0
34.0,0.6845471059286876,1.0312805474095796,0.0
34.0,0.7289686274214102,1.1681329423264906,0.0
34.0,0.7705132427757901,1.2170087976539588,0.0
34.0,0.8090169943749459,1.265884652981427,0.0
34.0,0.8443279255020154,1.3636363636363633,0.0
34.0,0.8763066800438637,1.5102639296187688,0.0
34.0,0.9048270524660195,1.5982404692082115,0.0
34.0,0.9297764858882512,1.5982404692082115,0.0
34.0,0.9510565162951533,1.6080156402737051,0.0
34.0,0.9685831611286309,1.7253176930596288,0.0
34.0,0.982287250728689,1.8426197458455524,0.0
34.0,0.9921147013144777,1.9501466275659824,0.0
34.0,0.9980267284282717,1.989247311827957,0.0
34.0,1.0,1.959921798631476,0.0
34.0,0.9980267284282718,1.9501466275659824,0.0
34.0,0.9921147013144778,1.9794721407624634,0.0
34.0,0.9822872507286894,1.959921798631476,0.0
34.0,0.9685831611286312,1.9305962854349952,0.0
34.0,0.9510565162951539,1.9696969696969697,0.0
34.0,0.9297764858882518,1.9696969696969697,0.0
34.0,0.9048270524660201,1.881720430107527,0.0
34.0,0.8763066800438645,1.8035190615835779,0.0
34.0,0.8443279255020163,1.6568914956011733,0.0
34.0,0.8090169943749469,1.5493646138807433,0.0
34.0,0.7705132427757911,1.480938416422287,0.0
34.0,0.7289686274214113,1.4907135874877806,0.0
34.0,0.6845471059286887,1.2952101661779079,0.0
34.0,0.6374239897486901,1.2267839687194524,0.0
34.0,0.5877852522924738,1.158357771260997,0.0
34.0,0.5358267949789977,1.0410557184750733,0.0
34.0,0.48175367410171666,0.9237536656891496,0.0
34.0,0.42577929156507116,0.9335288367546433,0.0
34.0,0.3681245526846801,0.806451612903226,0.0
34.0,0.30901699437494656,0.7282502443792769,0.0
34.0,0.24868988716485424,0.6109481915933532,0.0
34.0,0.1873813145857244,0.5327468230694041,0.0
34.0,0.1253332335643044,0.42521994134897323,0.0
34.0,0.06279051952931387,0.22971652003910048,0.0
34.0,8.572527594031472e-16,0.1026392961876832,0.0
34.0,-0.06279051952931217,-0.053763440860215006,0.0
34.0,-0.12533323356430268,-0.21994134897360684,0.0
34.0,-0.18738131458572274,-0.2883675464320623,0.0
34.0,-0.24868988716485257,-0.32746823069403685,0.0
34.0,-0.3090169943749449,-0.32746823069403685,0.0
34.0,-0.3681245526846785,-0.45454545454545414,0.0
34.0,-0.4257792915650696,-0.5522971652003914,0.0
34.0,-0.48175367410171516,-0.6793743890518087,0.0
34.0,-0.5358267949789962,-0.7575757575757578,0.0
34.0,-0.5877852522924725,-0.7869012707722387,0.0
34.0,-0.6374239897486887,-0.9237536656891496,0.0
34.0,-0.6845471059286875,-1.0312805474095796,0.0
34.0,-0.7289686274214101,-1.1876832844574778,0.0
34.0,-0.77051324277579,-1.4222873900293256,0.0
34.0,-0.8090169943749459,-1.5004887585532747,0.0
34.0,-0.8443279255020153,-1.5395894428152492,0.0
34.0,-0.8763066800438637,-1.6373411534701856,0.0
34.0,-0.9048270524660195,-1.6959921798631474,0.0
34.0,-0.9297764858882512,-1.8426197458455524,0.0
34.0,-0.9510565162951533,-1.9305962854349952,0.0
34.0,-0.9685831611286309,-1.9794721407624634,0.0
34.0,-0.982287250728689,-2.0772238514173997,0.0
34.0,-0.9921147013144775,-2.1652003910068425,0.0
34.0,-0.9980267284282717,-2.067448680351906,0.0
34.0,-1.0,-2.1163245356793743,0.0
34.0,-0.9980267284282718,-2.155425219941349,0.0
34.0,-0.9921147013144778,-2.2434017595307916,0.0
34.0,-0.9822872507286894,-2.2238514173998043,0.0
34.0,-0.9685831611286313,-2.3313782991202348,0.0
34.0,-0.9510565162951539,-2.29227761485826,0.0
34.0,-0.9297764858882519,-2.3607038123167157,0.0
34.0,-0.9048270524660202,-2.3411534701857284,0.0
34.0,-0.8763066800438646,-2.204301075268817,0.0
34.0,-0.8443279255020164,-1.9990224828934506,0.0
34.0,-0.8090169943749469,-1.881720430107527,0.0
34.0,-0.7705132427757913,-1.774193548387097,0.0
34.0,-0.7289686274214114,-1.6959921798631474,0.0
34.0,-0.6845471059286888,-1.627565982404692,0.0
34.0,-0.6374239897486902,-1.6177908113391983,0.0
34.0,-0.5877852522924739,-1.5004887585532747,0.0
34.0,-0.5358267949789978,-1.4516129032258065,0.0
34.0,-0.48175367410171677,-1.4516129032258065,0.0
34.0,-0.42577929156507127,-1.3929618768328447,0.0
34.0,-0.3681245526846802,-1.275659824046921,0.0
34.0,-0.3090169943749467,-1.1681329423264906,0.0
34.0,-0.24868988716485435,-0.9726295210166178,0.0
34.0,-0.18738131458572455,-0.7673509286412514,0.0
34.0,-0.1253332335643045,-0.6011730205278596,0.0
34.0,-0.062790519529314,-0.5131964809384169,0.0
34.0,-9.797174393178826e-16,-0.4740957966764414,0.0
34.0,0.06279051952931204,-0.35679374389051777,0.0
34.0,0.12533323356429904,-0.2590420332355814,0.0
34.0,0.1873813145857261,-0.23949169110459412,0.0
34.0,0.24868988716485246,-0.06353861192570864,0.0
34.0,0.3090169943749448,0.053763440860215006,0.0
34.0,0.36812455268467503,0.2590420332355814,0.0
34.0,0.4257792915650727,0.40566959921798595,0.0
34.0,0.48175367410171505,0.4643206256109478,0.0
34.0,0.5358267949789961,0.5522971652003914,0.0
34.0,0.5877852522924695,0.6598240469208214,0.0
34.0,0.6374239897486914,0.7673509286412514,0.0
34.0,0.6845471059286874,0.9042033235581624,0.0
34.0,0.7289686274214101,0.9433040078201369,0.0
34.0,0.7705132427757877,1.1192570869990224,0.0
34.0,0.8090169943749479,1.2463343108504397,0.0
34.0,0.8443279255020153,1.4125122189638315,0.0
34.0,0.8763066800438636,1.559139784946237,0.0
34.0,0.9048270524660179,1.6764418377321606,0.0
34.0,0.9297764858882525,1.774193548387097,0.0
34.0,0.9510565162951533,1.881720430107527,0.0
34.0,0.9685831611286307,2.0283479960899315,0.0
34.0,0.9822872507286884,2.096774193548387,0.0
34.0,0.992114701314478,2.126099706744868,0.0
34.0,0.9980267284282717,2.1945259042033234,0.0
34.0,1.0,2.2434017595307916,0.0
34.0,0.9980267284282718,2.2922776148582598,0.0
34.0,0.9921147013144783,2.2727272727272725,0.0
34.0,0.9822872507286887,2.3313782991202343,0.0
34.0,0.9685831611286313,2.311827956989247,0.0
34.0,0.9510565162951539,2.204301075268817,0.0
34.0,0.9297764858882532,2.1945259042033234,0.0
34.0,0.9048270524660188,2.1652003910068425,0.0
34.0,0.8763066800438646,2.096774193548387,0.0
34.0,0.8443279255020164,1.9696969696969697,0.0
34.0,0.8090169943749491,1.8719452590420333,0.0
34.0,0.770513242775789,1.7644183773216033,0.0
34.0,0.7289686274214116,1.6275659824046924,0.0
34.0,0.684547105928689,1.4418377321603124,0.0
34.0,0.637423989748693,1.3049853372434015,0.0
34.0,0.5877852522924711,1.2072336265884651,0.0
34.0,0.5358267949789979,1.1192570869990224,0.0
34.0,0.4817536741017169,0.9530791788856305,0.0
34.0,0.4257792915650746,0.7869012707722387,0.0
34.0,0.368124552684677,0.6598240469208214,0.0
34.0,0.3090169943749468,0.5131964809384169,0.0
34.0,0.24868988716485446,0.35679374389051777,0.0
34.0,0.18738131458572815,0.20039100684261957,0.0
34.0,0.1253332335643011,0.08308895405669592,0.0
34.0,0.06279051952931412,0.004887585532746819,0.0
34.0,1.102182119232618e-15,-0.08308895405669592,0.0
34.0,-0.06279051952931192,-0.23949169110459412,0.0
34.0,-0.12533323356429893,-0.29814271749755594,0.0
34.0,-0.187381314585726,-0.3665689149560114,0.0
34.0,-0.24868988716485232,-0.5034213098729232,0.0
34.0,-0.3090169943749447,-0.5718475073313787,0.0
34.0,-0.3681245526846749,-0.591397849462366,0.0
34.0,-0.4257792915650726,-0.6304985337243405,0.0
34.0,-0.48175367410171493,-0.7086999022482896,0.0
34.0,-0.535826794978996,-0.8162267839687196,0.0
34.0,-0.5877852522924694,-0.9335288367546433,0.0
34.0,-0.6374239897486913,-1.0899315738025415,0.0
34.0,-0.6845471059286873,-1.158357771260997,0.0
34.0,-0.72896862742141,-1.304985337243402,0.0
34.0,-0.7705132427757876,-1.4320625610948192,0.0
34.0,-0.8090169943749478,-1.5102639296187683,0.0
34.0,-0.8443279255020152,-1.5884652981427174,0.0
34.0,-0.8763066800438636,-1.7155425219941347,0.0
34.0,-0.9048270524660178,-1.8328445747800588,0.0
34.0,-0.9297764858882525,-1.8719452590420333,0.0
34.0,-0.9510565162951532,-1.9696969696969697,0.0
34.0,-0.9685831611286307,-2.0576735092864125,0.0
34.0,-0.9822872507286883,-2.1065493646138806,0.0
34.0,-0.992114701314478,-2.174975562072336,0.0
34.0,-0.9980267284282717,-2.2434017595307916,0.0
34.0,-1.0,-2.3313782991202348,0.0
34.0,-0.9980267284282718,-2.4193548387096775,0.0
34.0,-0.9921147013144783,-2.4682306940371457,0.0
34.0,-0.9822872507286887,-2.4682306940371457,0.0
34.0,-0.9685831611286313,-2.4486803519061584,0.0
34.0,-0.951056516295154,-2.409579667644184,0.0
34.0,-0.9297764858882532,-2.3704789833822093,0.0
34.0,-0.9048270524660188,-2.350928641251222,0.0
34.0,-0.8763066800438647,-2.3411534701857284,0.0
34.0,-0.8443279255020165,-2.2629521016617793,0.0
34.0,-0.8090169943749491,-2.174975562072336,0.0
34.0,-0.770513242775789,-2.038123167155425,0.0
34.0,-0.7289686274214117,-1.852394916911046,0.0
34.0,-0.6845471059286891,-1.7253176930596283,0.0
34.0,-0.6374239897486931,-1.6764418377321602,0.0
34.0,-0.5877852522924712,-1.6177908113391983,0.0
34.0,-0.535826794978998,-1.520039100684262,0.0
34.0,-0.481753674101717,-1.3734115347018574,0.0
34.0,-0.4257792915650747,-1.3636363636363638,0.0
34.0,-0.3681245526846771,-1.275659824046921,0.0
34.0,-0.3090169943749469,-1.1485826001955033,0.0
34.0,-0.2486898871648546,-0.9726295210166178,0.0
34.0,-0.18738131458572826,-0.913978494623656,0.0
34.0,-0.12533323356430123,-0.7478005865102642,0.0
34.0,-0.06279051952931425,-0.6402737047898341,0.0
34.0,-1.2246467991473533e-15,-0.6011730205278596,0.0
34.0,0.06279051952931179,-0.4154447702834796,0.0
34.0,0.1253332335642988,-0.3176930596285432,0.0
34.0,0.18738131458572588,-0.20039100684261957,0.0
34.0,0.2486898871648522,-0.1026392961876832,0.0
34.0,0.30901699437494456,0.004887585532746819,0.0
34.0,0.3681245526846748,0.08308895405669592,0.0
34.0,0.4257792915650725,0.19061583577712593,0.0
34.0,0.4817536741017148,0.3372434017595305,0.0
34.0,0.5358267949789959,0.4447702834799605,0.0
34.0,0.5877852522924693,0.6207233626588469,0.0
34.0,0.6374239897486885,0.698924731182796,0.0
34.0,0.6845471059286898,0.7478005865102642,0.0
34.0,0.7289686274214099,0.9433040078201369,0.0
34.0,0.7705132427757853,1.0606060606060606,0.0
34.0,0.8090169943749498,1.158357771260997,0.0
34.0,0.8443279255020152,1.2854349951124142,0.0
34.0,0.8763066800438618,1.3929618768328442,0.0
34.0,0.9048270524660192,1.4320625610948188,0.0
34.0,0.9297764858882523,1.637341153470186,0.0
34.0,0.9510565162951532,1.7350928641251224,0.0
34.0,0.9685831611286316,1.774193548387097,0.0
34.0,0.9822872507286883,1.9305962854349952,0.0
34.0,0.992114701314478,2.0087976539589443,0.0
34.0,0.9980267284282713,2.038123167155425,0.0
34.0,1.0,2.0869990224828934,0.0
34.0,0.9980267284282718,2.1358748778103616,0.0
34.0,0.9921147013144788,2.1358748778103616,0.0
34.0,0.9822872507286882,2.1358748778103616,0.0
34.0,0.9685831611286313,2.0869990224828934,0.0
34.0,0.9510565162951551,2.0772238514173997,0.0
34.0,0.929776485888252,2.0869990224828934,0.0
34.0,0.9048270524660189,2.0869990224828934,0.0
34.0,0.8763066800438647,1.9696969696969697,0.0
34.0,0.8443279255020146,1.8914956011730206,0.0
34.0,0.8090169943749492,1.8035190615835779,0.0
34.0,0.7705132427757891,1.666666666666667,0.0
34.0,0.7289686274214141,1.6177908113391988,0.0
34.0,0.6845471059286892,1.4711632453567933,0.0
34.0,0.6374239897486932,1.2952101661779079,0.0
34.0,0.5877852522924742,1.1388074291300097,0.0
34.0,0.535826794978995,1.0703812316715542,0.0
34.0,0.48175367410171704,0.9335288367546433,0.0
34.0,0.42577929156507804,0.7771260997067451,0.0
34.0,0.3681245526846739,0.6598240469208214,0.0
34.0,0.309016994374947,0.5229716520039105,0.0
34.0,0.24868988716485815,0.3372434017595305,0.0
34.0,0.1873813145857249,0.19061583577712593,0.0
34.0,0.12533323356430134,0.053763440860215006,0.0
34.0,0.06279051952931436,-0.12218963831867047,0.0
34.0,4.899825157862589e-15,-0.21994134897360684,0.0
34.0,-0.06279051952931168,-0.3372434017595305,0.0
34.0,-0.12533323356429868,-0.3958944281524923,0.0
34.0,-0.18738131458572224,-0.5229716520039105,0.0
34.0,-0.24868988716485554,-0.6207233626588469,0.0
34.0,-0.30901699437494445,-0.7380254154447705,0.0
34.0,-0.3681245526846714,-0.8357771260997069,0.0
34.0,-0.4257792915650756,-0.9433040078201369,0.0
34.0,-0.4817536741017147,-1.050830889540567,0.0
34.0,-0.5358267949789928,-1.1876832844574778,0.0
34.0,-0.587785252292472,-1.3147605083088956,0.0
34.0,-0.6374239897486911,-1.4027370478983383,0.0
34.0,-0.6845471059286872,-1.4613880742913001,0.0
34.0,-0.7289686274214123,-1.6080156402737047,0.0
34.0,-0.7705132427757875,-1.705767350928641,0.0
34.0,-0.8090169943749477,-1.8230694037145652,0.0
34.0,-0.8443279255020132,-1.881720430107527,0.0
34.0,-0.8763066800438635,-1.9696969696969697,0.0
34.0,-0.9048270524660177,-2.0576735092864125,0.0
34.0,-0.929776485888251,-2.0576735092864125,0.0
34.0,-0.9510565162951542,-2.155425219941349,0.0
34.0,-0.9685831611286306,-2.29227761485826,0.0
34.0,-0.9822872507286876,-2.3118279569892475,0.0
34.0,-0.9921147013144784,-2.3900293255131966,0.0
34.0,-0.9980267284282716,-2.429130009775171,0.0
34.0,-1.0,-2.380254154447703,0.0
34.0,-0.9980267284282716,-2.3411534701857284,0.0
34.0,-0.9921147013144783,-2.3607038123167157,0.0
34.0,-0.9822872507286888,-2.3313782991202348,0.0
34.0,-0.9685831611286323,-2.3607038123167157,0.0
35.0,-0.9510565162951536,-0.03421309872922773,0.0
35.0,-0.9297764858882512,-0.053763440860215006,0.0
35.0,-0.9048270524660199,-0.06353861192570864,0.0
35.0,-0.8763066800438638,0.1026392961876832,0.0
35.0,-0.8443279255020155,-0.3973607038123168,0.0
35.0,-0.8090169943749476,-0.8973607038123168,0.0
35.0,-0.7705132427757896,-0.9824046920821115,0.0
35.0,-0.7289686274214116,-0.9433040078201369,0.0
35.0,-0.684547105928689,-0.9237536656891496,0.0
35.0,-0.6374239897486896,-0.8357771260997069,0.0
35.0,-0.5877852522924734,-0.7869012707722387,0.0
35.0,-0.5358267949789963,-0.7282502443792769,0.0
35.0,-0.4817536741017153,-0.6891495601173023,0.0
35.0,-0.4257792915650722,-0.562072336265885,0.0
35.0,-0.3681245526846787,-0.45454545454545414,0.0
35.0,-0.3090169943749477,-0.40566959921798595,0.0
35.0,-0.24868988716485535,-0.3176930596285432,0.0
35.0,-0.18738131458572468,-0.1808406647116323,0.0
35.0,-0.12533323356430465,-0.04398826979472137,0.0
35.0,-0.06279051952931326,0.024437927663734094,0.0
35.0,-2.4492935982947064e-16,0.2101661779081132,0.0
35.0,0.06279051952931278,0.3176930596285432,0.0
35.0,0.12533323356430418,0.37634408602150504,0.0
35.0,0.1873813145857242,0.43499511241446687,0.0
35.0,0.24868988716485488,0.43499511241446687,0.0
35.0,0.3090169943749472,0.6207233626588469,0.0
35.0,0.3681245526846782,0.7673509286412514,0.0
35.0,0.42577929156507255,0.8846529814271751,0.0
35.0,0.48175367410171566,1.0312805474095796,0.0
35.0,0.5358267949789967,1.1681329423264906,0.0
35.0,0.5877852522924736,1.2463343108504397,0.0
35.0,0.6374239897486899,1.3147605083088951,0.0
35.0,0.6845471059286893,1.4125122189638315,0.0
35.0,0.7289686274214107,1.529814271749756,0.0
35.0,0.7705132427757887,1.5884652981427179,0.0
35.0,0.8090169943749468,1.666666666666667,0.0
35.0,0.8443279255020147,1.7253176930596288,0.0
35.0,0.8763066800438631,1.7839687194525906,0.0
35.0,0.9048270524660194,1.8426197458455524,0.0
35.0,0.9297764858882511,1.989247311827957,0.0
35.0,0.9510565162951535,2.018572825024438,0.0
35.0,0.968583161128631,2.126099706744868,0.0
35.0,0.9822872507286886,2.1945259042033234,0.0
35.0,0.9921147013144778,2.282502443792766,0.0
35.0,0.9980267284282716,2.311827956989247,0.0
35.0,1.0,2.2922776148582598,0.0
35.0,0.9980267284282716,2.3509286412512216,0.0
35.0,0.9921147013144779,2.4291300097751707,0.0
35.0,0.9822872507286886,2.4095796676441834,0.0
35.0,0.9685831611286311,2.3802541544477025,0.0
35.0,0.9510565162951536,2.390029325513196,0.0
35.0,0.9297764858882517,2.370478983382209,0.0
35.0,0.9048270524660192,2.282502443792766,0.0
35.0,0.8763066800438634,2.262952101661779,0.0
35.0,0.8443279255020151,2.2238514173998043,0.0
35.0,0.8090169943749477,2.018572825024438,0.0
35.0,0.7705132427757886,1.9305962854349952,0.0
35.0,0.728968627421411,1.911045943304008,0.0
35.0,0.6845471059286897,1.7644183773216033,0.0
35.0,0.6374239897486911,1.6862170087976542,0.0
35.0,0.5877852522924734,1.5884652981427179,0.0
35.0,0.5358267949789972,1.4613880742912997,0.0
35.0,0.4817536741017162,1.2952101661779079,0.0
35.0,0.42577929156507394,1.2561094819159333,0.0
35.0,0.368124552684678,1.0703812316715542,0.0
35.0,0.3090169943749478,0.9726295210166178,0.0
35.0,0.2486898871648555,0.913978494623656,0.0
35.0,0.18738131458572568,0.806451612903226,0.0
35.0,0.1253332335643039,0.7086999022482896,0.0
35.0,0.06279051952931339,0.4740957966764414,0.0
35.0,3.6739403974420594e-16,0.3665689149560114,0.0
35.0,-0.06279051952931265,0.19061583577712593,0.0
35.0,-0.12533323356430318,0.12218963831867047,0.0
35.0,-0.18738131458572496,-0.06353861192570864,0.0
35.0,-0.24868988716485477,-0.23949169110459412,0.0
35.0,-0.30901699437494706,-0.3958944281524923,0.0
35.0,-0.36812455268467725,-0.5816226783968723,0.0
35.0,-0.42577929156507327,-0.698924731182796,0.0
35.0,-0.48175367410171555,-0.7771260997067451,0.0
35.0,-0.5358267949789965,-0.8651026392961878,0.0
35.0,-0.5877852522924728,-1.0899315738025415,0.0
35.0,-0.6374239897486905,-1.2267839687194524,0.0
35.0,-0.6845471059286892,-1.412512218963832,0.0
35.0,-0.7289686274214106,-1.598240469208211,0.0
35.0,-0.770513242775788,-1.7448680351906156,0.0
35.0,-0.8090169943749472,-1.8035190615835779,0.0
35.0,-0.8443279255020146,-1.911045943304008,0.0
35.0,-0.876306680043863,-2.0087976539589443,0.0
35.0,-0.9048270524660189,-2.174975562072336,0.0
35.0,-0.9297764858882513,-2.302052785923754,0.0
35.0,-0.9510565162951534,-2.380254154447703,0.0
35.0,-0.968583161128631,-2.4389051808406648,0.0
35.0,-0.9822872507286885,-2.5562072336265884,0.0
35.0,-0.9921147013144779,-2.565982404692082,0.0
35.0,-0.9980267284282716,-2.5855327468230693,0.0
35.0,-1.0,-2.653958944281525,0.0
35.0,-0.9980267284282716,-2.7223851417399803,0.0
35.0,-0.992114701314478,-2.653958944281525,0.0
35.0,-0.9822872507286886,-2.624633431085044,0.0
35.0,-0.9685831611286312,-2.6637341153470184,0.0
35.0,-0.9510565162951538,-2.6637341153470184,0.0
35.0,-0.9297764858882517,-2.6344086021505375,0.0
35.0,-0.9048270524660192,-2.6344086021505375,0.0
35.0,-0.8763066800438635,-2.4389051808406648,0.0
35.0,-0.8443279255020151,-2.3607038123167157,0.0
35.0,-0.8090169943749477,-2.2434017595307916,0.0
35.0,-0.7705132427757886,-2.096774193548387,0.0
35.0,-0.7289686274214111,-2.038123167155425,0.0
35.0,-0.6845471059286898,-1.8914956011730206,0.0
35.0,-0.6374239897486912,-1.852394916911046,0.0
35.0,-0.5877852522924735,-1.6862170087976538,0.0
35.0,-0.5358267949789973,-1.5689149560117301,0.0
35.0,-0.4817536741017163,-1.4516129032258065,0.0
35.0,-0.42577929156507405,-1.236559139784946,0.0
35.0,-0.3681245526846781,-1.021505376344086,0.0
35.0,-0.3090169943749479,-0.8846529814271751,0.0
35.0,-0.2486898871648556,-0.7575757575757578,0.0
35.0,-0.1873813145857258,-0.591397849462366,0.0
35.0,-0.125333233564304,-0.4447702834799605,0.0
35.0,-0.06279051952931351,-0.35679374389051777,0.0
35.0,-4.898587196589413e-16,-0.26881720430107503,0.0
35.0,0.06279051952931075,-0.1808406647116323,0.0
35.0,0.12533323356430304,-0.04398826979472137,0.0
35.0,0.1873813145857231,0.11241446725317683,0.0
35.0,0.24868988716485466,0.24926686217008776,0.0
35.0,0.30901699437494523,0.4154447702834796,0.0
35.0,0.36812455268467714,0.5425219941348978,0.0
35.0,0.42577929156507155,0.6109481915933532,0.0
35.0,0.48175367410171543,0.7478005865102642,0.0
35.0,0.535826794978995,0.8357771260997069,0.0
35.0,0.5877852522924727,0.9433040078201369,0.0
35.0,0.6374239897486891,0.9921798631476051,0.0
35.0,0.6845471059286891,1.1388074291300097,0.0
35.0,0.7289686274214104,1.3049853372434015,0.0
35.0,0.7705132427757891,1.5102639296187688,0.0
35.0,0.8090169943749471,1.6275659824046924,0.0
35.0,0.8443279255020155,1.7350928641251224,0.0
35.0,0.876306680043863,1.8230694037145652,0.0
35.0,0.9048270524660196,1.9696969696969697,0.0
35.0,0.9297764858882513,1.959921798631476,0.0
35.0,0.951056516295154,1.9794721407624634,0.0
35.0,0.9685831611286309,2.1163245356793743,0.0
35.0,0.9822872507286888,2.0772238514173997,0.0
35.0,0.9921147013144779,2.0087976539589443,0.0
35.0,0.9980267284282717,1.9990224828934506,0.0
35.0,1.0,1.989247311827957,0.0
35.0,0.9980267284282718,2.0283479960899315,0.0
35.0,0.992114701314478,2.0869990224828934,0.0
35.0,0.9822872507286889,2.067448680351906,0.0
35.0,0.9685831611286312,2.126099706744868,0.0
35.0,0.9510565162951543,2.126099706744868,0.0
35.0,0.9297764858882518,2.1652003910068425,0.0
35.0,0.90482705246602,2.1163245356793743,0.0
35.0,0.8763066800438635,2.126099706744868,0.0
35.0,0.8443279255020162,1.989247311827957,0.0
35.0,0.8090169943749478,1.9501466275659824,0.0
35.0,0.7705132427757898,1.8230694037145652,0.0
35.0,0.7289686274214112,1.666666666666667,0.0
35.0,0.6845471059286898,1.5982404692082115,0.0
35.0,0.6374239897486899,1.480938416422287,0.0
35.0,0.5877852522924736,1.4711632453567933,0.0
35.0,0.5358267949789959,1.4027370478983379,0.0
35.0,0.48175367410171643,1.2561094819159333,0.0
35.0,0.42577929156507255,1.099706744868035,0.0
35.0,0.3681245526846782,0.9335288367546433,0.0
35.0,0.3090169943749463,0.8651026392961878,0.0
35.0,0.2486898871648557,0.7380254154447705,0.0
35.0,0.18738131458572418,0.5522971652003914,0.0
35.0,0.12533323356430415,0.43499511241446687,0.0
35.0,0.06279051952931186,0.3079178885630496,0.0
35.0,6.123233995736766e-16,0.20039100684261957,0.0
35.0,-0.06279051952931064,0.1319648093841641,0.0
35.0,-0.12533323356430293,0.06353861192570864,0.0
35.0,-0.18738131458572296,-0.024437927663734094,0.0
35.0,-0.24868988716485452,-0.1026392961876832,0.0
35.0,-0.3090169943749451,-0.24926686217008776,0.0
35.0,-0.3681245526846787,-0.3958944281524923,0.0
35.0,-0.42577929156506983,-0.591397849462366,0.0
35.0,-0.4817536741017154,-0.6793743890518087,0.0
35.0,-0.5358267949789964,-0.7771260997067451,0.0
35.0,-0.5877852522924726,-0.8846529814271751,0.0
35.0,-0.637423989748689,-0.9237536656891496,0.0
35.0,-0.6845471059286877,-1.0410557184750733,0.0
35.0,-0.7289686274214103,-1.1779081133919842,0.0
35.0,-0.7705132427757901,-1.2952101661779083,0.0
35.0,-0.809016994374946,-1.3538611925708701,0.0
35.0,-0.8443279255020155,-1.4320625610948192,0.0
35.0,-0.8763066800438638,-1.520039100684262,0.0
35.0,-0.9048270524660196,-1.6471163245356792,0.0
35.0,-0.9297764858882513,-1.735092864125122,0.0
35.0,-0.9510565162951534,-1.8621700879765397,0.0
35.0,-0.9685831611286309,-1.9696969696969697,0.0
35.0,-0.982287250728689,-2.0087976539589443,0.0
35.0,-0.9921147013144777,-2.0576735092864125,0.0
35.0,-0.9980267284282717,-2.096774193548387,0.0
35.0,-1.0,-2.0772238514173997,0.0
35.0,-0.9980267284282718,-2.1065493646138806,0.0
35.0,-0.9921147013144778,-2.096774193548387,0.0
35.0,-0.9822872507286894,-2.1065493646138806,0.0
35.0,-0.9685831611286312,-2.0772238514173997,0.0
35.0,-0.9510565162951538,-2.067448680351906,0.0
35.0,-0.9297764858882518,-2.067448680351906,0.0
35.0,-0.9048270524660201,-2.096774193548387,0.0
35.0,-0.8763066800438645,-2.0869990224828934,0.0
35.0,-0.8443279255020162,-1.9794721407624634,0.0
35.0,-0.8090169943749468,-1.8914956011730206,0.0
35.0,-0.770513242775791,-1.8132942326490715,0.0
35.0,-0.7289686274214113,-1.6862170087976538,0.0
35.0,-0.6845471059286887,-1.6080156402737047,0.0
35.0,-0.63742398974869,-1.5298142717497556,0.0
35.0,-0.5877852522924737,-1.4613880742913001,0.0
35.0,-0.5358267949789975,-1.3538611925708701,0.0
35.0,-0.48175367410171654,-1.236559139784946,0.0
35.0,-0.42577929156507105,-1.1681329423264906,0.0
35.0,-0.36812455268468,-1.129032258064516,0.0
35.0,-0.3090169943749464,-0.9824046920821115,0.0
35.0,-0.2486898871648541,-0.7966764418377323,0.0
35.0,-0.1873813145857243,-0.7184750733137832,0.0
35.0,-0.12533323356430426,-0.6011730205278596,0.0
35.0,-0.06279051952931375,-0.5522971652003914,0.0
35.0,-7.347880794884119e-16,-0.5327468230694041,0.0
35.0,0.06279051952931229,-0.3861192570869987,0.0
35.0,0.12533323356430282,-0.2590420332355814,0.0
35.0,0.18738131458572285,-0.09286412512218956,0.0
35.0,0.24868988716485269,0.04398826979472137,0.0
35.0,0.309016994374945,0.2101661779081132,0.0
35.0,0.3681245526846786,0.34701857282502413,0.0
35.0,0.4257792915650697,0.5229716520039105,0.0
35.0,0.48175367410171527,0.7282502443792769,0.0
35.0,0.5358267949789963,0.8162267839687196,0.0
35.0,0.5877852522924725,0.9433040078201369,0.0
35.0,0.6374239897486889,1.0019550342130987,0.0
35.0,0.6845471059286876,1.1192570869990224,0.0
35.0,0.7289686274214102,1.2561094819159333,0.0
35.0,0.7705132427757901,1.2854349951124142,0.0
35.0,0.8090169943749459,1.480938416422287,0.0
35.0,0.8443279255020154,1.6764418377321606,0.0
35.0,0.8763066800438637,1.8035190615835779,0.0
35.0,0.9048270524660195,1.9305962854349952,0.0
35.0,0.9297764858882512,2.0283479960899315,0.0
35.0,0.9510565162951533,2.096774193548387,0.0
35.0,0.9685831611286309,2.067448680351906,0.0
35.0,0.982287250728689,2.096774193548387,0.0
35.0,0.9921147013144777,2.0576735092864125,0.0
35.0,0.9980267284282717,2.155425219941349,0.0
35.0,1.0,2.2140762463343107,0.0
35.0,0.9980267284282718,2.2434017595307916,0.0
35.0,0.9921147013144778,2.253176930596285,0.0
35.0,0.9822872507286894,2.2922776148582598,0.0
35.0,0.9685831611286312,2.2727272727272725,0.0
35.0,0.9510565162951539,2.262952101661779,0.0
35.0,0.9297764858882518,2.311827956989247,0.0
35.0,0.9048270524660201,2.2727272727272725,0.0
35.0,0.8763066800438645,2.253176930596285,0.0
35.0,0.8443279255020163,2.145650048875855,0.0
35.0,0.8090169943749469,2.145650048875855,0.0
35.0,0.7705132427757911,2.096774193548387,0.0
35.0,0.7289686274214113,2.047898338220919,0.0
35.0,0.6845471059286887,2.0087976539589443,0.0
35.0,0.6374239897486901,1.959921798631476,0.0
35.0,0.5877852522924738,1.774193548387097,0.0
35.0,0.5358267949789977,1.6959921798631479,0.0
35.0,0.48175367410171666,1.5786901270772242,0.0
35.0,0.42577929156507116,1.3343108504398824,0.0
35.0,0.3681245526846801,1.1974584555229715,0.0
35.0,0.30901699437494656,1.0703812316715542,0.0
35.0,0.24868988716485424,1.0312805474095796,0.0
35.0,0.1873813145857244,0.9237536656891496,0.0
35.0,0.1253332335643044,0.8651026392961878,0.0
35.0,0.06279051952931387,0.7966764418377323,0.0
35.0,8.572527594031472e-16,0.7966764418377323,0.0
35.0,-0.06279051952931217,0.6304985337243405,0.0
35.0,-0.12533323356430268,0.5522971652003914,0.0
35.0,-0.18738131458572274,0.5425219941348978,0.0
35.0,-0.24868988716485257,0.4154447702834796,0.0
35.0,-0.3090169943749449,0.22971652003910048,0.0
35.0,-0.3681245526846785,0.09286412512218956,0.0
35.0,-0.4257792915650696,-0.03421309872922773,0.0
35.0,-0.48175367410171516,-0.3176930596285432,0.0
35.0,-0.5358267949789962,-0.5131964809384169,0.0
35.0,-0.5877852522924725,-0.6109481915933532,0.0
35.0,-0.6374239897486887,-0.7673509286412514,0.0
35.0,-0.6845471059286875,-0.9628543499511242,0.0
35.0,-0.7289686274214101,-0.9921798631476051,0.0
35.0,-0.77051324277579,-1.0801564027370478,0.0
35.0,-0.8090169943749459,-1.2170087976539588,0.0
35.0,-0.8443279255020153,-1.4027370478983383,0.0
35.0,-0.8763066800438637,-1.5689149560117301,0.0
35.0,-0.9048270524660195,-1.627565982404692,0.0
35.0,-0.9297764858882512,-1.7448680351906156,0.0
35.0,-0.9510565162951533,-1.9012707722385143,0.0
35.0,-0.9685831611286309,-2.067448680351906,0.0
35.0,-0.982287250728689,-2.126099706744868,0.0
35.0,-0.9921147013144775,-2.1945259042033234,0.0
35.0,-0.9980267284282717,-2.3411534701857284,0.0
35.0,-1.0,-2.3704789833822093,0.0
35.0,-0.9980267284282718,-2.487781036168133,0.0
35.0,-0.9921147013144778,-2.458455522971652,0.0
35.0,-0.9822872507286894,-2.380254154447703,0.0
35.0,-0.9685831611286313,-2.409579667644184,0.0
35.0,-0.9510565162951539,-2.3900293255131966,0.0
35.0,-0.9297764858882519,-2.380254154447703,0.0
35.0,-0.9048270524660202,-2.458455522971652,0.0
35.0,-0.8763066800438646,-2.3118279569892475,0.0
35.0,-0.8443279255020164,-2.2434017595307916,0.0
35.0,-0.8090169943749469,-2.0869990224828934,0.0
35.0,-0.7705132427757913,-1.9403714565004888,0.0
35.0,-0.7289686274214114,-1.8621700879765397,0.0
35.0,-0.6845471059286888,-1.8230694037145652,0.0
35.0,-0.6374239897486902,-1.6959921798631474,0.0
35.0,-0.5877852522924739,-1.7155425219941347,0.0
35.0,-0.5358267949789978,-1.6862170087976538,0.0
35.0,-0.48175367410171677,-1.5493646138807429,0.0
35.0,-0.42577929156507127,-1.4320625610948192,0.0
35.0,-0.3681245526846802,-1.2952101661779083,0.0
35.0,-0.3090169943749467,-1.1974584555229715,0.0
35.0,-0.24868988716485435,-1.2463343108504397,0.0
35.0,-0.18738131458572455,-1.158357771260997,0.0
35.0,-0.1253332335643045,-1.1094819159335287,0.0
35.0,-0.062790519529314,-1.021505376344086,0.0
35.0,-9.797174393178826e-16,-0.9921798631476051,0.0
35.0,0.06279051952931204,-0.9042033235581624,0.0
35.0,0.12533323356429904,-0.7869012707722387,0.0
35.0,0.1873813145857261,-0.5229716520039105,0.0
35.0,0.24868988716485246,-0.37634408602150504,0.0
35.0,0.3090169943749448,-0.3079178885630496,0.0
35.0,0.36812455268467503,-0.17106549364613866,0.0
35.0,0.4257792915650727,0.004887585532746819,0.0
35.0,0.48175367410171505,0.16129032258064502,0.0
35.0,0.5358267949789961,0.40566959921798595,0.0
35.0,0.5877852522924695,0.562072336265885,0.0
35.0,0.6374239897486914,0.669599217986315,0.0
35.0,0.6845471059286874,0.8357771260997069,0.0
35.0,0.7289686274214101,0.9530791788856305,0.0
35.0,0.7705132427757877,1.0606060606060606,0.0
35.0,0.8090169943749479,1.158357771260997,0.0
35.0,0.8443279255020153,1.265884652981427,0.0
35.0,0.8763066800438636,1.4125122189638315,0.0
35.0,0.9048270524660179,1.5200391006842624,0.0
35.0,0.9297764858882525,1.6275659824046924,0.0
35.0,0.9510565162951533,1.774193548387097,0.0
35.0,0.9685831611286307,1.9012707722385143,0.0
35.0,0.9822872507286884,1.9403714565004888,0.0
35.0,0.992114701314478,2.0087976539589443,0.0
35.0,0.9980267284282717,2.047898338220919,0.0
35.0,1.0,2.0087976539589443,0.0
35.0,0.9980267284282718,2.1065493646138806,0.0
35.0,0.9921147013144783,2.096774193548387,0.0
35.0,0.9822872507286887,2.155425219941349,0.0
35.0,0.9685831611286313,2.1652003910068425,0.0
35.0,0.9510565162951539,2.204301075268817,0.0
35.0,0.9297764858882532,2.1652003910068425,0.0
35.0,0.9048270524660188,2.047898338220919,0.0
35.0,0.8763066800438646,2.126099706744868,0.0
35.0,0.8443279255020164,2.126099706744868,0.0
35.0,0.8090169943749491,2.0283479960899315,0.0
35.0,0.770513242775789,1.9696969696969697,0.0
35.0,0.7289686274214116,1.8719452590420333,0.0
35.0,0.684547105928689,1.7644183773216033,0.0
35.0,0.637423989748693,1.6471163245356797,0.0
35.0,0.5877852522924711,1.529814271749756,0.0
35.0,0.5358267949789979,1.3538611925708697,0.0
35.0,0.4817536741017169,1.1681329423264906,0.0
35.0,0.4257792915650746,1.0899315738025415,0.0
35.0,0.368124552684677,1.1094819159335287,0.0
35.0,0.3090169943749468,0.8651026392961878,0.0
35.0,0.24868988716485446,0.6598240469208214,0.0
35.0,0.18738131458572815,0.6207233626588469,0.0
35.0,0.1253332335643011,0.4643206256109478,0.0
35.0,0.06279051952931412,0.2883675464320623,0.0
35.0,1.102182119232618e-15,0.19061583577712593,0.0
35.0,-0.06279051952931192,-0.07331378299120228,0.0
35.0,-0.12533323356429893,-0.21994134897360684,0.0
35.0,-0.187381314585726,-0.26881720430107503,0.0
35.0,-0.24868988716485232,-0.42521994134897323,0.0
35.0,-0.3090169943749447,-0.7771260997067451,0.0
35.0,-0.3681245526846749,-0.9628543499511242,0.0
35.0,-0.4257792915650726,-0.8846529814271751,0.0
35.0,-0.48175367410171493,-1.1681329423264906,0.0
35.0,-0.535826794978996,-1.1779081133919842,0.0
35.0,-0.5877852522924694,-1.2170087976539588,0.0
35.0,-0.6374239897486913,-1.304985337243402,0.0
35.0,-0.6845471059286873,-1.3538611925708701,0.0
35.0,-0.72896862742141,-1.4027370478983383,0.0
35.0,-0.7705132427757876,-1.5786901270772238,0.0
35.0,-0.8090169943749478,-1.7839687194525906,0.0
35.0,-0.8443279255020152,-1.959921798631476,0.0
35.0,-0.8763066800438636,-1.852394916911046,0.0
35.0,-0.9048270524660178,-1.9794721407624634,0.0
35.0,-0.9297764858882525,-1.9501466275659824,0.0
35.0,-0.9510565162951532,-2.0087976539589443,0.0
35.0,-0.9685831611286307,-2.155425219941349,0.0
35.0,-0.9822872507286883,-2.067448680351906,0.0
35.0,-0.992114701314478,-2.1163245356793743,0.0
35.0,-0.9980267284282717,-2.29227761485826,0.0
35.0,-1.0,-2.1358748778103616,0.0
35.0,-0.9980267284282718,-2.155425219941349,0.0
35.0,-0.9921147013144783,-2.1847507331378297,0.0
35.0,-0.9822872507286887,-2.2238514173998043,0.0
35.0,-0.9685831611286313,-2.2825024437927666,0.0
35.0,-0.951056516295154,-2.2531769305962857,0.0
35.0,-0.9297764858882532,-2.2531769305962857,0.0
35.0,-0.9048270524660188,-2.155425219941349,0.0
35.0,-0.8763066800438647,-2.047898338220919,0.0
35.0,-0.8443279255020165,-2.0576735092864125,0.0
35.0,-0.8090169943749491,-1.9403714565004888,0.0
35.0,-0.770513242775789,-1.774193548387097,0.0
35.0,-0.7289686274214117,-1.627565982404692,0.0
35.0,-0.6845471059286891,-1.5689149560117301,0.0
35.0,-0.6374239897486931,-1.4613880742913001,0.0
35.0,-0.5877852522924712,-1.304985337243402,0.0
35.0,-0.535826794978998,-1.2170087976539588,0.0
35.0,-0.481753674101717,-1.1192570869990224,0.0
35.0,-0.4257792915650747,-1.0606060606060606,0.0
35.0,-0.3681245526846771,-1.021505376344086,0.0
35.0,-0.3090169943749469,-0.9628543499511242,0.0
35.0,-0.2486898871648546,-0.7869012707722387,0.0
35.0,-0.18738131458572826,-0.6207233626588469,0.0
35.0,-0.12533323356430123,-0.5229716520039105,0.0
35.0,-0.06279051952931425,-0.5034213098729232,0.0
35.0,-1.2246467991473533e-15,-0.48387096774193505,0.0
35.0,0.06279051952931179,-0.42521994134897323,0.0
35.0,0.1253332335642988,-0.26881720430107503,0.0
35.0,0.18738131458572588,-0.19061583577712593,0.0
35.0,0.2486898871648522,-0.06353861192570864,0.0
35.0,0.30901699437494456,0.03421309872922773,0.0
35.0,0.3681245526846748,0.16129032258064502,0.0
35.0,0.4257792915650725,0.32746823069403685,0.0
35.0,0.4817536741017148,0.45454545454545414,0.0
35.0,0.5358267949789959,0.4740957966764414,0.0
35.0,0.5877852522924693,0.4740957966764414,0.0
35.0,0.6374239897486885,0.5816226783968723,0.0
35.0,0.6845471059286898,0.7673509286412514,0.0
35.0,0.7289686274214099,0.8846529814271751,0.0
35.0,0.7705132427757853,1.0410557184750733,0.0
35.0,0.8090169943749498,1.1681329423264906,0.0
35.0,0.8443279255020152,1.2072336265884651,0.0
35.0,0.8763066800438618,1.265884652981427,0.0
35.0,0.9048270524660192,1.4418377321603124,0.0
35.0,0.9297764858882523,1.6275659824046924,0.0
35.0,0.9510565162951532,1.7937438905180842,0.0
35.0,0.9685831611286316,1.8328445747800588,0.0
35.0,0.9822872507286883,1.9501466275659824,0.0
35.0,0.992114701314478,2.1065493646138806,0.0
35.0,0.9980267284282713,2.2238514173998043,0.0
35.0,1.0,2.1945259042033234,0.0
35.0,0.9980267284282718,2.2140762463343107,0.0
35.0,0.9921147013144788,2.2140762463343107,0.0
35.0,0.9822872507286882,2.2434017595307916,0.0
35.0,0.9685831611286313,2.2140762463343107,0.0
35.0,0.9510565162951551,2.145650048875855,0.0
35.0,0.929776485888252,2.126099706744868,0.0
35.0,0.9048270524660189,2.0869990224828934,0.0
35.0,0.8763066800438647,1.959921798631476,0.0
35.0,0.8443279255020146,1.8914956011730206,0.0
35.0,0.8090169943749492,1.8035190615835779,0.0
35.0,0.7705132427757891,1.6568914956011733,0.0
35.0,0.7289686274214141,1.5689149560117306,0.0
35.0,0.6845471059286892,1.4418377321603124,0.0
35.0,0.6374239897486932,1.3831867057673506,0.0
35.0,0.5877852522924742,1.265884652981427,0.0
35.0,0.535826794978995,1.129032258064516,0.0
35.0,0.48175367410171704,0.9921798631476051,0.0
35.0,0.42577929156507804,0.9237536656891496,0.0
35.0,0.3681245526846739,0.7966764418377323,0.0
35.0,0.309016994374947,0.5425219941348978,0.0
35.0,0.24868988716485815,0.3079178885630496,0.0
35.0,0.1873813145857249,0.14173998044965774,0.0
35.0,0.12533323356430134,0.03421309872922773,0.0
35.0,0.06279051952931436,-0.1026392961876832,0.0
35.0,4.899825157862589e-15,-0.24926686217008776,0.0
35.0,-0.06279051952931168,-0.37634408602150504,0.0
35.0,-0.12533323356429868,-0.5425219941348978,0.0
35.0,-0.18738131458572224,-0.6207233626588469,0.0
35.0,-0.24868988716485554,-0.7966764418377323,0.0
35.0,-0.30901699437494445,-0.9237536656891496,0.0
35.0,-0.3681245526846714,-1.0117302052785924,0.0
35.0,-0.4257792915650756,-1.1485826001955033,0.0
35.0,-0.4817536741017147,-1.2170087976539588,0.0
35.0,-0.5358267949789928,-1.275659824046921,0.0
35.0,-0.587785252292472,-1.4711632453567938,0.0
35.0,-0.6374239897486911,-1.6373411534701856,0.0
35.0,-0.6845471059286872,-1.7448680351906156,0.0
35.0,-0.7289686274214123,-1.8719452590420333,0.0
35.0,-0.7705132427757875,-1.959921798631476,0.0
35.0,-0.8090169943749477,-1.9990224828934506,0.0
35.0,-0.8443279255020132,-2.1163245356793743,0.0
35.0,-0.8763066800438635,-2.204301075268817,0.0
35.0,-0.9048270524660177,-2.272727272727273,0.0
35.0,-0.929776485888251,-2.3313782991202348,0.0
35.0,-0.9510565162951542,-2.350928641251222,0.0
35.0,-0.9685831611286306,-2.3704789833822093,0.0
35.0,-0.9822872507286876,-2.4389051808406648,0.0
35.0,-0.9921147013144784,-2.5073313782991202,0.0
35.0,-0.9980267284282716,-2.5464320625610948,0.0
35.0,-1.0,-2.5855327468230693,0.0
35.0,-0.9980267284282716,-2.653958944281525,0.0
35.0,-0.9921147013144783,-2.644183773216031,0.0
35.0,-0.9822872507286888,-2.5757575757575757,0.0
35.0,-0.9685831611286323,-2.536656891495601,0.0
36.0,-0.9510565162951536,-0.024437927663734094,0.0
36.0,-0.9297764858882512,0.014662756598240456,0.0
36.0,-0.9048270524660199,-0.024437927663734094,0.0
36.0,-0.8763066800438638,-0.014662756598240456,0.0
36.0,-0.8443279255020155,-0.5146627565982405,0.0
36.0,-0.8090169943749476,-1.0146627565982405,0.0
36.0,-0.7705132427757896,-1.1681329423264906,0.0
36.0,-0.7289686274214116,-1.1192570869990224,0.0
36.0,-0.684547105928689,-1.050830889540567,0.0
36.0,-0.6374239897486896,-0.9628543499511242,0.0
36.0,-0.5877852522924734,-0.9237536656891496,0.0
36.0,-0.5358267949789963,-0.8260019550342133,0.0
36.0,-0.4817536741017153,-0.7575757575757578,0.0
36.0,-0.4257792915650722,-0.6598240469208214,0.0
36.0,-0.3681245526846787,-0.562072336265885,0.0
36.0,-0.3090169943749477,-0.4936461388074287,0.0
36.0,-0.24868988716485535,-0.37634408602150504,0.0
36.0,-0.18738131458572468,-0.22971652003910048,0.0
36.0,-0.12533323356430465,-0.20039100684261957,0.0
36.0,-0.06279051952931326,-0.24926686217008776,0.0
36.0,-2.4492935982947064e-16,-0.20039100684261957,0.0
36.0,0.06279051952931278,-0.17106549364613866,0.0
36.0,0.12533323356430418,-0.11241446725317683,0.0
36.0,0.1873813145857242,-0.07331378299120228,0.0
36.0,0.24868988716485488,0.04398826979472137,0.0
36.0,0.3090169943749472,0.1319648093841641,0.0
36.0,0.3681245526846782,0.2590420332355814,0.0
36.0,0.42577929156507255,0.40566959921798595,0.0
36.0,0.48175367410171566,0.48387096774193505,0.0
36.0,0.5358267949789967,0.5522971652003914,0.0
36.0,0.5877852522924736,0.6891495601173023,0.0
36.0,0.6374239897486899,0.8748778103616814,0.0
36.0,0.6845471059286893,0.913978494623656,0.0
36.0,0.7289686274214107,0.9726295210166178,0.0
36.0,0.7705132427757887,1.129032258064516,0.0
36.0,0.8090169943749468,1.2463343108504397,0.0
36.0,0.8443279255020147,1.451612903225806,0.0
36.0,0.8763066800438631,1.5982404692082115,0.0
36.0,0.9048270524660194,1.6959921798631479,0.0
36.0,0.9297764858882511,1.8426197458455524,0.0
36.0,0.9510565162951535,2.096774193548387,0.0
36.0,0.968583161128631,2.253176930596285,0.0
36.0,0.9822872507286886,2.311827956989247,0.0
36.0,0.9921147013144778,2.370478983382209,0.0
36.0,0.9980267284282716,2.4095796676441834,0.0
36.0,1.0,2.4682306940371452,0.0
36.0,0.9980267284282716,2.497556207233626,0.0
36.0,0.9921147013144779,2.448680351906158,0.0
36.0,0.9822872507286886,2.370478983382209,0.0
36.0,0.9685831611286311,2.311827956989247,0.0
36.0,0.9510565162951536,2.2727272727272725,0.0
36.0,0.9297764858882517,2.1652003910068425,0.0
36.0,0.9048270524660192,2.126099706744868,0.0
36.0,0.8763066800438634,1.959921798631476,0.0
36.0,0.8443279255020151,1.8621700879765397,0.0
36.0,0.8090169943749477,1.8132942326490715,0.0
36.0,0.7705132427757886,1.7546432062561097,0.0
36.0,0.728968627421411,1.6862170087976542,0.0
36.0,0.6845471059286897,1.4711632453567933,0.0
36.0,0.6374239897486911,1.373411534701857,0.0
36.0,0.5877852522924734,1.2952101661779079,0.0
36.0,0.5358267949789972,1.2561094819159333,0.0
36.0,0.4817536741017162,1.0606060606060606,0.0
36.0,0.42577929156507394,0.8846529814271751,0.0
36.0,0.368124552684678,0.7771260997067451,0.0
36.0,0.3090169943749478,0.669599217986315,0.0
36.0,0.2486898871648555,0.5522971652003914,0.0
36.0,0.18738131458572568,0.40566959921798595,0.0
36.0,0.1253332335643039,0.1808406647116323,0.0
36.0,0.06279051952931339,0.04398826979472137,0.0
36.0,3.6739403974420594e-16,-0.08308895405669592,0.0
36.0,-0.06279051952931265,-0.16129032258064502,0.0
36.0,-0.12533323356430318,-0.32746823069403685,0.0
36.0,-0.18738131458572496,-0.4447702834799605,0.0
36.0,-0.24868988716485477,-0.591397849462366,0.0
36.0,-0.30901699437494706,-0.7086999022482896,0.0
36.0,-0.36812455268467725,-0.8553274682306942,0.0
36.0,-0.42577929156507327,-1.099706744868035,0.0
36.0,-0.48175367410171555,-1.2561094819159337,0.0
36.0,-0.5358267949789965,-1.3734115347018574,0.0
36.0,-0.5877852522924728,-1.5004887585532747,0.0
36.0,-0.6374239897486905,-1.6177908113391983,0.0
36.0,-0.6845471059286892,-1.7448680351906156,0.0
36.0,-0.7289686274214106,-1.7546432062561097,0.0
36.0,-0.770513242775788,-1.8914956011730206,0.0
36.0,-0.8090169943749472,-2.018572825024438,0.0
36.0,-0.8443279255020146,-2.2140762463343107,0.0
36.0,-0.876306680043863,-2.29227761485826,0.0
36.0,-0.9048270524660189,-2.409579667644184,0.0
36.0,-0.9297764858882513,-2.4975562072336266,0.0
36.0,-0.9510565162951534,-2.487781036168133,0.0
36.0,-0.968583161128631,-2.429130009775171,0.0
36.0,-0.9822872507286885,-2.3411534701857284,0.0
36.0,-0.9921147013144779,-2.2434017595307916,0.0
36.0,-0.9980267284282716,-2.29227761485826,0.0
36.0,-1.0,-2.302052785923754,0.0
36.0,-0.9980267284282716,-2.380254154447703,0.0
36.0,-0.992114701314478,-2.3118279569892475,0.0
36.0,-0.9822872507286886,-2.2531769305962857,0.0
36.0,-0.9685831611286312,-2.126099706744868,0.0
36.0,-0.9510565162951538,-1.9990224828934506,0.0
36.0,-0.9297764858882517,-1.8719452590420333,0.0
36.0,-0.9048270524660192,-1.9208211143695015,0.0
36.0,-0.8763066800438635,-1.852394916911046,0.0
36.0,-0.8443279255020151,-1.8132942326490715,0.0
36.0,-0.8090169943749477,-1.7448680351906156,0.0
36.0,-0.7705132427757886,-1.7546432062561097,0.0
36.0,-0.7289686274214111,-1.6764418377321602,0.0
36.0,-0.6845471059286898,-1.598240469208211,0.0
36.0,-0.6374239897486912,-1.490713587487781,0.0
36.0,-0.5877852522924735,-1.3636363636363638,0.0
36.0,-0.5358267949789973,-1.2561094819159337,0.0
36.0,-0.4817536741017163,-1.158357771260997,0.0
36.0,-0.42577929156507405,-1.050830889540567,0.0
36.0,-0.3681245526846781,-0.913978494623656,0.0
36.0,-0.3090169943749479,-0.7869012707722387,0.0
36.0,-0.2486898871648556,-0.698924731182796,0.0
36.0,-0.1873813145857258,-0.5522971652003914,0.0
36.0,-0.125333233564304,-0.4154447702834796,0.0
36.0,-0.06279051952931351,-0.27859237536656867,0.0
36.0,-4.898587196589413e-16,-0.20039100684261957,0.0
36.0,0.06279051952931075,-0.08308895405669592,0.0
36.0,0.12533323356430304,0.03421309872922773,0.0
36.0,0.1873813145857231,0.14173998044965774,0.0
36.0,0.24868988716485466,0.3176930596285432,0.0
36.0,0.30901699437494523,0.4643206256109478,0.0
36.0,0.36812455268467714,0.5718475073313787,0.0
36.0,0.42577929156507155,0.669599217986315,0.0
36.0,0.48175367410171543,0.8162267839687196,0.0
36.0,0.535826794978995,0.9433040078201369,0.0
36.0,0.5877852522924727,1.0899315738025415,0.0
36.0,0.6374239897486891,1.2561094819159333,0.0
36.0,0.6845471059286891,1.3538611925708697,0.0
36.0,0.7289686274214104,1.4222873900293251,0.0
36.0,0.7705132427757891,1.5200391006842624,0.0
36.0,0.8090169943749471,1.6568914956011733,0.0
36.0,0.8443279255020155,1.774193548387097,0.0
36.0,0.876306680043863,1.9501466275659824,0.0
36.0,0.9048270524660196,2.0772238514173997,0.0
36.0,0.9297764858882513,2.1358748778103616,0.0
36.0,0.951056516295154,2.2434017595307916,0.0
36.0,0.9685831611286309,2.4389051808406643,0.0
36.0,0.9822872507286888,2.546432062561095,0.0
36.0,0.9921147013144779,2.5659824046920825,0.0
36.0,0.9980267284282717,2.6246334310850443,0.0
36.0,1.0,2.663734115347019,0.0
36.0,0.9980267284282718,2.7321603128054743,0.0
36.0,0.992114701314478,2.820136852394917,0.0
36.0,0.9822872507286889,2.90811339198436,0.0
36.0,0.9685831611286312,2.986314760508309,0.0
36.0,0.9510565162951543,3.0254154447702835,0.0
36.0,0.9297764858882518,2.9960899315738025,0.0
36.0,0.90482705246602,2.898338220918866,0.0
36.0,0.8763066800438635,2.8299120234604107,0.0
36.0,0.8443279255020162,2.7223851417399807,0.0
36.0,0.8090169943749478,2.6735092864125125,0.0
36.0,0.7705132427757898,2.6735092864125125,0.0
36.0,0.7289686274214112,2.5659824046920825,0.0
36.0,0.6845471059286898,2.4389051808406643,0.0
36.0,0.6374239897486899,2.2922776148582598,0.0
36.0,0.5877852522924736,2.174975562072336,0.0
36.0,0.5358267949789959,2.0869990224828934,0.0
36.0,0.48175367410171643,1.8914956011730206,0.0
36.0,0.42577929156507255,1.774193548387097,0.0
36.0,0.3681245526846782,1.6764418377321606,0.0
36.0,0.3090169943749463,1.559139784946237,0.0
36.0,0.2486898871648557,1.344086021505376,0.0
36.0,0.18738131458572418,1.236559139784946,0.0
36.0,0.12533323356430415,1.1876832844574778,0.0
36.0,0.06279051952931186,1.0801564027370478,0.0
36.0,6.123233995736766e-16,0.9237536656891496,0.0
36.0,-0.06279051952931064,0.806451612903226,0.0
36.0,-0.12533323356430293,0.7282502443792769,0.0
36.0,-0.18738131458572296,0.5229716520039105,0.0
36.0,-0.24868988716485452,0.42521994134897323,0.0
36.0,-0.3090169943749451,0.3372434017595305,0.0
36.0,-0.3681245526846787,0.12218963831867047,0.0
36.0,-0.42577929156506983,-0.03421309872922773,0.0
36.0,-0.4817536741017154,-0.19061583577712593,0.0
36.0,-0.5358267949789964,-0.3665689149560114,0.0
36.0,-0.5877852522924726,-0.5229716520039105,0.0
36.0,-0.637423989748689,-0.6207233626588469,0.0
36.0,-0.6845471059286877,-0.7869012707722387,0.0
36.0,-0.7289686274214103,-0.8260019550342133,0.0
36.0,-0.7705132427757901,-1.050830889540567,0.0
36.0,-0.809016994374946,-1.1485826001955033,0.0
36.0,-0.8443279255020155,-1.3245356793743892,0.0
36.0,-0.8763066800438638,-1.412512218963832,0.0
36.0,-0.9048270524660196,-1.4711632453567938,0.0
36.0,-0.9297764858882513,-1.627565982404692,0.0
36.0,-0.9510565162951534,-1.8328445747800588,0.0
36.0,-0.9685831611286309,-1.9696969696969697,0.0
36.0,-0.982287250728689,-1.9990224828934506,0.0
36.0,-0.9921147013144777,-2.0772238514173997,0.0
36.0,-0.9980267284282717,-2.1163245356793743,0.0
36.0,-1.0,-2.0772238514173997,0.0
36.0,-0.9980267284282718,-2.0576735092864125,0.0
36.0,-0.9921147013144778,-2.1163245356793743,0.0
36.0,-0.9822872507286894,-2.047898338220919,0.0
36.0,-0.9685831611286312,-2.047898338220919,0.0
36.0,-0.9510565162951538,-2.067448680351906,0.0
36.0,-0.9297764858882518,-2.067448680351906,0.0
36.0,-0.9048270524660201,-2.047898338220919,0.0
36.0,-0.8763066800438645,-1.8426197458455524,0.0
36.0,-0.8443279255020162,-1.7155425219941347,0.0
36.0,-0.8090169943749468,-1.5689149560117301,0.0
36.0,-0.770513242775791,-1.383186705767351,0.0
36.0,-0.7289686274214113,-1.383186705767351,0.0
36.0,-0.6845471059286887,-1.2854349951124147,0.0
36.0,-0.63742398974869,-1.158357771260997,0.0
36.0,-0.5877852522924737,-1.050830889540567,0.0
36.0,-0.5358267949789975,-0.913978494623656,0.0
36.0,-0.48175367410171654,-0.7771260997067451,0.0
36.0,-0.42577929156507105,-0.669599217986315,0.0
36.0,-0.36812455268468,-0.5327468230694041,0.0
36.0,-0.3090169943749464,-0.43499511241446687,0.0
36.0,-0.2486898871648541,-0.3861192570869987,0.0
36.0,-0.1873813145857243,-0.26881720430107503,0.0
36.0,-0.12533323356430426,-0.24926686217008776,0.0
36.0,-0.06279051952931375,-0.17106549364613866,0.0
36.0,-7.347880794884119e-16,-0.09286412512218956,0.0
36.0,0.06279051952931229,-0.06353861192570864,0.0
36.0,0.12533323356430282,0.1026392961876832,0.0
36.0,0.18738131458572285,0.26881720430107503,0.0
36.0,0.24868988716485269,0.3079178885630496,0.0
36.0,0.309016994374945,0.34701857282502413,0.0
36.0,0.3681245526846786,0.4447702834799605,0.0
36.0,0.4257792915650697,0.5816226783968723,0.0
36.0,0.48175367410171527,0.7184750733137832,0.0
36.0,0.5358267949789963,0.8944281524926687,0.0
36.0,0.5877852522924725,1.050830889540567,0.0
36.0,0.6374239897486889,1.129032258064516,0.0
36.0,0.6845471059286876,1.2463343108504397,0.0
36.0,0.7289686274214102,1.2561094819159333,0.0
36.0,0.7705132427757901,1.4027370478983379,0.0
36.0,0.8090169943749459,1.5982404692082115,0.0
36.0,0.8443279255020154,1.5982404692082115,0.0
36.0,0.8763066800438637,1.5689149560117306,0.0
36.0,0.9048270524660195,1.8132942326490715,0.0
36.0,0.9297764858882512,1.9012707722385143,0.0
36.0,0.9510565162951533,1.9208211143695015,0.0
36.0,0.9685831611286309,1.959921798631476,0.0
36.0,0.982287250728689,1.9990224828934506,0.0
36.0,0.9921147013144777,2.1163245356793743,0.0
36.0,0.9980267284282717,2.1945259042033234,0.0
36.0,1.0,2.233626588465298,0.0
36.0,0.9980267284282718,2.262952101661779,0.0
36.0,0.9921147013144778,2.2922776148582598,0.0
36.0,0.9822872507286894,2.262952101661779,0.0
36.0,0.9685831611286312,2.1652003910068425,0.0
36.0,0.9510565162951539,2.096774193548387,0.0
36.0,0.9297764858882518,2.174975562072336,0.0
36.0,0.9048270524660201,2.262952101661779,0.0
36.0,0.8763066800438645,2.1945259042033234,0.0
36.0,0.8443279255020163,2.0772238514173997,0.0
36.0,0.8090169943749469,2.047898338220919,0.0
36.0,0.7705132427757911,1.959921798631476,0.0
36.0,0.7289686274214113,1.9305962854349952,0.0
36.0,0.6845471059286887,1.744868035190616,0.0
36.0,0.6374239897486901,1.5982404692082115,0.0
36.0,0.5877852522924738,1.451612903225806,0.0
36.0,0.5358267949789977,1.3538611925708697,0.0
36.0,0.48175367410171666,1.2561094819159333,0.0
36.0,0.42577929156507116,1.129032258064516,0.0
36.0,0.3681245526846801,0.9824046920821115,0.0
36.0,0.30901699437494656,0.8162267839687196,0.0
36.0,0.24868988716485424,0.6304985337243405,0.0
36.0,0.1873813145857244,0.5425219941348978,0.0
36.0,0.1253332335643044,0.3861192570869987,0.0
36.0,0.06279051952931387,0.27859237536656867,0.0
36.0,8.572527594031472e-16,0.16129032258064502,0.0
36.0,-0.06279051952931217,0.08308895405669592,0.0
36.0,-0.12533323356430268,-0.03421309872922773,0.0
36.0,-0.18738131458572274,-0.1808406647116323,0.0
36.0,-0.24868988716485257,-0.27859237536656867,0.0
36.0,-0.3090169943749449,-0.4740957966764414,0.0
36.0,-0.3681245526846785,-0.6011730205278596,0.0
36.0,-0.4257792915650696,-0.7673509286412514,0.0
36.0,-0.48175367410171516,-0.8455522971652005,0.0
36.0,-0.5358267949789962,-0.9530791788856305,0.0
36.0,-0.5877852522924725,-1.0410557184750733,0.0
36.0,-0.6374239897486887,-1.1876832844574778,0.0
36.0,-0.6845471059286875,-1.3147605083088956,0.0
36.0,-0.7289686274214101,-1.4320625610948192,0.0
36.0,-0.77051324277579,-1.5395894428152492,0.0
36.0,-0.8090169943749459,-1.5884652981427174,0.0
36.0,-0.8443279255020153,-1.7448680351906156,0.0
36.0,-0.8763066800438637,-1.8328445747800588,0.0
36.0,-0.9048270524660195,-1.9501466275659824,0.0
36.0,-0.9297764858882512,-2.0283479960899315,0.0
36.0,-0.9510565162951533,-2.1065493646138806,0.0
36.0,-0.9685831611286309,-2.204301075268817,0.0
36.0,-0.982287250728689,-2.272727272727273,0.0
36.0,-0.9921147013144775,-2.321603128054741,0.0
36.0,-0.9980267284282717,-2.3411534701857284,0.0
36.0,-1.0,-2.39980449657869,0.0
36.0,-0.9980267284282718,-2.3704789833822093,0.0
36.0,-0.9921147013144778,-2.350928641251222,0.0
36.0,-0.9822872507286894,-2.3118279569892475,0.0
36.0,-0.9685831611286313,-2.233626588465298,0.0
36.0,-0.9510565162951539,-2.233626588465298,0.0
36.0,-0.9297764858882519,-2.2434017595307916,0.0
36.0,-0.9048270524660202,-2.204301075268817,0.0
36.0,-0.8763066800438646,-2.126099706744868,0.0
36.0,-0.8443279255020164,-2.038123167155425,0.0
36.0,-0.8090169943749469,-1.959921798631476,0.0
36.0,-0.7705132427757913,-1.8230694037145652,0.0
36.0,-0.7289686274214114,-1.705767350928641,0.0
36.0,-0.6845471059286888,-1.6177908113391983,0.0
36.0,-0.6374239897486902,-1.5786901270772238,0.0
36.0,-0.5877852522924739,-1.4613880742913001,0.0
36.0,-0.5358267949789978,-1.3734115347018574,0.0
36.0,-0.48175367410171677,-1.2658846529814274,0.0
36.0,-0.42577929156507127,-1.1876832844574778,0.0
36.0,-0.3681245526846802,-1.050830889540567,0.0
36.0,-0.3090169943749467,-0.9530791788856305,0.0
36.0,-0.24868988716485435,-0.806451612903226,0.0
36.0,-0.18738131458572455,-0.6598240469208214,0.0
36.0,-0.1253332335643045,-0.5229716520039105,0.0
36.0,-0.062790519529314,-0.34701857282502413,0.0
36.0,-9.797174393178826e-16,-0.23949169110459412,0.0
36.0,0.06279051952931204,-0.1319648093841641,0.0
36.0,0.12533323356429904,0.03421309872922773,0.0
36.0,0.1873813145857261,0.16129032258064502,0.0
36.0,0.24868988716485246,0.29814271749755594,0.0
36.0,0.3090169943749448,0.3665689149560114,0.0
36.0,0.36812455268467503,0.48387096774193505,0.0
36.0,0.4257792915650727,0.5425219941348978,0.0
36.0,0.48175367410171505,0.698924731182796,0.0
36.0,0.5358267949789961,0.8748778103616814,0.0
36.0,0.5877852522924695,1.0117302052785924,0.0
36.0,0.6374239897486914,1.129032258064516,0.0
36.0,0.6845471059286874,1.2072336265884651,0.0
36.0,0.7289686274214101,1.373411534701857,0.0
36.0,0.7705132427757877,1.5200391006842624,0.0
36.0,0.8090169943749479,1.6471163245356797,0.0
36.0,0.8443279255020153,1.8132942326490715,0.0
36.0,0.8763066800438636,1.881720430107527,0.0
36.0,0.9048270524660179,1.989247311827957,0.0
36.0,0.9297764858882525,2.0772238514173997,0.0
36.0,0.9510565162951533,2.145650048875855,0.0
36.0,0.9685831611286307,2.1945259042033234,0.0
36.0,0.9822872507286884,2.2727272727272725,0.0
36.0,0.992114701314478,2.341153470185728,0.0
36.0,0.9980267284282717,2.448680351906158,0.0
36.0,1.0,2.478005865102639,0.0
36.0,0.9980267284282718,2.419354838709677,0.0
36.0,0.9921147013144783,2.311827956989247,0.0
36.0,0.9822872507286887,2.341153470185728,0.0
36.0,0.9685831611286313,2.262952101661779,0.0
36.0,0.9510565162951539,2.1652003910068425,0.0
36.0,0.9297764858882532,2.096774193548387,0.0
36.0,0.9048270524660188,1.9990224828934506,0.0
36.0,0.8763066800438646,1.881720430107527,0.0
36.0,0.8443279255020164,1.852394916911046,0.0
36.0,0.8090169943749491,1.7937438905180842,0.0
36.0,0.770513242775789,1.5982404692082115,0.0
36.0,0.7289686274214116,1.480938416422287,0.0
36.0,0.684547105928689,1.3929618768328442,0.0
36.0,0.637423989748693,1.373411534701857,0.0
36.0,0.5877852522924711,1.1779081133919842,0.0
36.0,0.5358267949789979,1.0801564027370478,0.0
36.0,0.4817536741017169,0.9335288367546433,0.0
36.0,0.4257792915650746,0.8651026392961878,0.0
36.0,0.368124552684677,0.7380254154447705,0.0
36.0,0.3090169943749468,0.6891495601173023,0.0
36.0,0.24868988716485446,0.5522971652003914,0.0
36.0,0.18738131458572815,0.48387096774193505,0.0
36.0,0.1253332335643011,0.4447702834799605,0.0
36.0,0.06279051952931412,0.3079178885630496,0.0
36.0,1.102182119232618e-15,0.2101661779081132,0.0
36.0,-0.06279051952931192,0.053763440860215006,0.0
36.0,-0.12533323356429893,-0.024437927663734094,0.0
36.0,-0.187381314585726,0.014662756598240456,0.0
36.0,-0.24868988716485232,-0.12218963831867047,0.0
36.0,-0.3090169943749447,-0.27859237536656867,0.0
36.0,-0.3681245526846749,-0.40566959921798595,0.0
36.0,-0.4257792915650726,-0.48387096774193505,0.0
36.0,-0.48175367410171493,-0.6500488758553278,0.0
36.0,-0.535826794978996,-0.8260019550342133,0.0
36.0,-0.5877852522924694,-0.9335288367546433,0.0
36.0,-0.6374239897486913,-1.099706744868035,0.0
36.0,-0.6845471059286873,-1.2854349951124147,0.0
36.0,-0.72896862742141,-1.4027370478983383,0.0
36.0,-0.7705132427757876,-1.627565982404692,0.0
36.0,-0.8090169943749478,-1.774193548387097,0.0
36.0,-0.8443279255020152,-1.8132942326490715,0.0
36.0,-0.8763066800438636,-1.9403714565004888,0.0
36.0,-0.9048270524660178,-2.0087976539589443,0.0
36.0,-0.9297764858882525,-2.047898338220919,0.0
36.0,-0.9510565162951532,-2.1065493646138806,0.0
36.0,-0.9685831611286307,-2.2434017595307916,0.0
36.0,-0.9822872507286883,-2.409579667644184,0.0
36.0,-0.992114701314478,-2.458455522971652,0.0
36.0,-0.9980267284282717,-2.517106549364614,0.0
36.0,-1.0,-2.536656891495601,0.0
36.0,-0.9980267284282718,-2.595307917888563,0.0
36.0,-0.9921147013144783,-2.565982404692082,0.0
36.0,-0.9822872507286887,-2.565982404692082,0.0
36.0,-0.9685831611286313,-2.5464320625610948,0.0
36.0,-0.951056516295154,-2.3900293255131966,0.0
36.0,-0.9297764858882532,-2.272727272727273,0.0
36.0,-0.9048270524660188,-2.204301075268817,0.0
36.0,-0.8763066800438647,-2.067448680351906,0.0
36.0,-0.8443279255020165,-1.9012707722385143,0.0
36.0,-0.8090169943749491,-1.8426197458455524,0.0
36.0,-0.770513242775789,-1.7839687194525906,0.0
36.0,-0.7289686274214117,-1.6764418377321602,0.0
36.0,-0.6845471059286891,-1.5884652981427174,0.0
36.0,-0.6374239897486931,-1.490713587487781,0.0
36.0,-0.5877852522924712,-1.383186705767351,0.0
36.0,-0.535826794978998,-1.2952101661779083,0.0
36.0,-0.481753674101717,-1.1876832844574778,0.0
36.0,-0.4257792915650747,-1.129032258064516,0.0
36.0,-0.3681245526846771,-1.0117302052785924,0.0
36.0,-0.3090169943749469,-0.8944281524926687,0.0
36.0,-0.2486898871648546,-0.7282502443792769,0.0
36.0,-0.18738131458572826,-0.6207233626588469,0.0
36.0,-0.12533323356430123,-0.4643206256109478,0.0
36.0,-0.06279051952931425,-0.4447702834799605,0.0
36.0,-1.2246467991473533e-15,-0.3079178885630496,0.0
36.0,0.06279051952931179,-0.24926686217008776,0.0
36.0,0.1253332335642988,-0.024437927663734094,0.0
36.0,0.18738131458572588,0.11241446725317683,0.0
36.0,0.2486898871648522,0.21994134897360684,0.0
36.0,0.30901699437494456,0.2883675464320623,0.0
36.0,0.3681245526846748,0.35679374389051777,0.0
36.0,0.4257792915650725,0.3372434017595305,0.0
36.0,0.4817536741017148,0.4936461388074287,0.0
36.0,0.5358267949789959,0.7086999022482896,0.0
36.0,0.5877852522924693,0.806451612903226,0.0
36.0,0.6374239897486885,0.8455522971652005,0.0
36.0,0.6845471059286898,1.050830889540567,0.0
36.0,0.7289686274214099,1.1388074291300097,0.0
36.0,0.7705132427757853,1.158357771260997,0.0
36.0,0.8090169943749498,1.373411534701857,0.0
36.0,0.8443279255020152,1.5689149560117306,0.0
36.0,0.8763066800438618,1.6862170087976542,0.0
36.0,0.9048270524660192,1.7644183773216033,0.0
36.0,0.9297764858882523,1.7937438905180842,0.0
36.0,0.9510565162951532,1.9794721407624634,0.0
36.0,0.9685831611286316,2.0772238514173997,0.0
36.0,0.9822872507286883,2.1847507331378297,0.0
36.0,0.992114701314478,2.282502443792766,0.0
36.0,0.9980267284282713,2.3998044965786898,0.0
36.0,1.0,2.2922776148582598,0.0
36.0,0.9980267284282718,2.341153470185728,0.0
36.0,0.9921147013144788,2.478005865102639,0.0
36.0,0.9822872507286882,2.478005865102639,0.0
36.0,0.9685831611286313,2.4389051808406643,0.0
36.0,0.9510565162951551,2.3998044965786898,0.0
36.0,0.929776485888252,2.311827956989247,0.0
36.0,0.9048270524660189,2.2727272727272725,0.0
36.0,0.8763066800438647,2.1847507331378297,0.0
36.0,0.8443279255020146,2.1652003910068425,0.0
36.0,0.8090169943749492,2.1652003910068425,0.0
36.0,0.7705132427757891,1.959921798631476,0.0
36.0,0.7289686274214141,1.7644183773216033,0.0
36.0,0.6845471059286892,1.7057673509286415,0.0
36.0,0.6374239897486932,1.637341153470186,0.0
36.0,0.5877852522924742,1.5395894428152497,0.0
36.0,0.535826794978995,1.4613880742912997,0.0
36.0,0.48175367410171704,1.3636363636363633,0.0
36.0,0.42577929156507804,1.3049853372434015,0.0
36.0,0.3681245526846739,1.1388074291300097,0.0
36.0,0.309016994374947,0.9530791788856305,0.0
36.0,0.24868988716485815,0.7869012707722387,0.0
36.0,0.1873813145857249,0.6793743890518087,0.0
36.0,0.12533323356430134,0.591397849462366,0.0
36.0,0.06279051952931436,0.3958944281524923,0.0
36.0,4.899825157862589e-15,0.21994134897360684,0.0
36.0,-0.06279051952931168,0.14173998044965774,0.0
36.0,-0.12533323356429868,0.004887585532746819,0.0
36.0,-0.18738131458572224,-0.14173998044965774,0.0
36.0,-0.24868988716485554,-0.22971652003910048,0.0
36.0,-0.30901699437494445,-0.37634408602150504,0.0
36.0,-0.3681245526846714,-0.6011730205278596,0.0
36.0,-0.4257792915650756,-0.7869012707722387,0.0
36.0,-0.4817536741017147,-0.9042033235581624,0.0
36.0,-0.5358267949789928,-1.0410557184750733,0.0
36.0,-0.587785252292472,-1.1974584555229715,0.0
36.0,-0.6374239897486911,-1.3245356793743892,0.0
36.0,-0.6845471059286872,-1.520039100684262,0.0
36.0,-0.7289686274214123,-1.7839687194525906,0.0
36.0,-0.7705132427757875,-1.911045943304008,0.0
36.0,-0.8090169943749477,-2.0576735092864125,0.0
36.0,-0.8443279255020132,-2.096774193548387,0.0
36.0,-0.8763066800438635,-2.1358748778103616,0.0
36.0,-0.9048270524660177,-2.2434017595307916,0.0
36.0,-0.929776485888251,-2.3118279569892475,0.0
36.0,-0.9510565162951542,-2.4682306940371457,0.0
36.0,-0.9685831611286306,-2.536656891495601,0.0
36.0,-0.9822872507286876,-2.6148582600195502,0.0
36.0,-0.9921147013144784,-2.624633431085044,0.0
36.0,-0.9980267284282716,-2.6930596285434993,0.0
36.0,-1.0,-2.6832844574780057,0.0
36.0,-0.9980267284282716,-2.624633431085044,0.0
36.0,-0.9921147013144783,-2.6344086021505375,0.0
36.0,-0.9822872507286888,-2.644183773216031,0.0
36.0,-0.9685831611286323,-2.4975562072336266,0.0
37.0,-0.9510565162951536,0.04398826979472137,0.0
37.0,-0.9297764858882512,0.014662756598240456,0.0
37.0,-0.9048270524660199,0.07331378299120228,0.0
37.0,-0.8763066800438638,-0.004887585532746819,0.0
37.0,-0.8443279255020155,-0.5048875855327468,0.0
37.0,-0.8090169943749476,-1.0048875855327468,0.0
37.0,-0.7705132427757896,-1.5048875855327468,0.0
37.0,-0.7289686274214116,-1.4516129032258065,0.0
37.0,-0.684547105928689,-1.4222873900293256,0.0
37.0,-0.6374239897486896,-1.3245356793743892,0.0
37.0,-0.5877852522924734,-1.3343108504398828,0.0
37.0,-0.5358267949789963,-1.1876832844574778,0.0
37.0,-0.4817536741017153,-1.0703812316715542,0.0
37.0,-0.4257792915650722,-1.050830889540567,0.0
37.0,-0.3681245526846787,-0.9824046920821115,0.0
37.0,-0.3090169943749477,-0.913978494623656,0.0
37.0,-0.24868988716485535,-0.8162267839687196,0.0
37.0,-0.18738131458572468,-0.8846529814271751,0.0
37.0,-0.12533323356430465,-0.7184750733137832,0.0
37.0,-0.06279051952931326,-0.5522971652003914,0.0
37.0,-2.4492935982947064e-16,-0.4154447702834796,0.0
37.0,0.06279051952931278,-0.3176930596285432,0.0
37.0,0.12533323356430418,-0.14173998044965774,0.0
37.0,0.1873813145857242,-0.09286412512218956,0.0
37.0,0.24868988716485488,-0.03421309872922773,0.0
37.0,0.3090169943749472,0.14173998044965774,0.0
37.0,0.3681245526846782,0.2101661779081132,0.0
37.0,0.42577929156507255,0.2883675464320623,0.0
37.0,0.48175367410171566,0.3372434017595305,0.0
37.0,0.5358267949789967,0.5816226783968723,0.0
37.0,0.5877852522924736,0.7282502443792769,0.0
37.0,0.6374239897486899,0.8260019550342133,0.0
37.0,0.6845471059286893,1.0801564027370478,0.0
37.0,0.7289686274214107,1.1779081133919842,0.0
37.0,0.7705132427757887,1.2561094819159333,0.0
37.0,0.8090169943749468,1.3245356793743888,0.0
37.0,0.8443279255020147,1.5004887585532742,0.0
37.0,0.8763066800438631,1.6177908113391988,0.0
37.0,0.9048270524660194,1.7546432062561097,0.0
37.0,0.9297764858882511,1.852394916911046,0.0
37.0,0.9510565162951535,1.9012707722385143,0.0
37.0,0.968583161128631,1.9501466275659824,0.0
37.0,0.9822872507286886,2.0772238514173997,0.0
37.0,0.9921147013144778,2.0576735092864125,0.0
37.0,0.9980267284282716,1.9990224828934506,0.0
37.0,1.0,2.018572825024438,0.0
37.0,0.9980267284282716,1.959921798631476,0.0
37.0,0.9921147013144779,1.9794721407624634,0.0
37.0,0.9822872507286886,2.0283479960899315,0.0
37.0,0.9685831611286311,2.0772238514173997,0.0
37.0,0.9510565162951536,2.1163245356793743,0.0
37.0,0.9297764858882517,2.096774193548387,0.0
37.0,0.9048270524660192,2.126099706744868,0.0
37.0,0.8763066800438634,2.096774193548387,0.0
37.0,0.8443279255020151,2.018572825024438,0.0
37.0,0.8090169943749477,1.9696969696969697,0.0
37.0,0.7705132427757886,1.8426197458455524,0.0
37.0,0.728968627421411,1.744868035190616,0.0
37.0,0.6845471059286897,1.5786901270772242,0.0
37.0,0.6374239897486911,1.529814271749756,0.0
37.0,0.5877852522924734,1.4418377321603124,0.0
37.0,0.5358267949789972,1.3245356793743888,0.0
37.0,0.4817536741017162,1.1974584555229715,0.0
37.0,0.42577929156507394,1.0899315738025415,0.0
37.0,0.368124552684678,0.9433040078201369,0.0
37.0,0.3090169943749478,0.8455522971652005,0.0
37.0,0.2486898871648555,0.806451612903226,0.0
37.0,0.18738131458572568,0.6207233626588469,0.0
37.0,0.1253332335643039,0.5229716520039105,0.0
37.0,0.06279051952931339,0.34701857282502413,0.0
37.0,3.6739403974420594e-16,0.20039100684261957,0.0
37.0,-0.06279051952931265,0.024437927663734094,0.0
37.0,-0.12533323356430318,-0.03421309872922773,0.0
37.0,-0.18738131458572496,-0.09286412512218956,0.0
37.0,-0.24868988716485477,-0.21994134897360684,0.0
37.0,-0.30901699437494706,-0.37634408602150504,0.0
37.0,-0.36812455268467725,-0.5522971652003914,0.0
37.0,-0.42577929156507327,-0.7086999022482896,0.0
37.0,-0.48175367410171555,-0.8748778103616814,0.0
37.0,-0.5358267949789965,-0.9824046920821115,0.0
37.0,-0.5877852522924728,-1.021505376344086,0.0
37.0,-0.6374239897486905,-1.099706744868035,0.0
37.0,-0.6845471059286892,-1.2170087976539588,0.0
37.0,-0.7289686274214106,-1.4222873900293256,0.0
37.0,-0.770513242775788,-1.627565982404692,0.0
37.0,-0.8090169943749472,-1.705767350928641,0.0
37.0,-0.8443279255020146,-1.7448680351906156,0.0
37.0,-0.876306680043863,-1.8230694037145652,0.0
37.0,-0.9048270524660189,-1.9696969696969697,0.0
37.0,-0.9297764858882513,-2.126099706744868,0.0
37.0,-0.9510565162951534,-2.204301075268817,0.0
37.0,-0.968583161128631,-2.29227761485826,0.0
37.0,-0.9822872507286885,-2.380254154447703,0.0
37.0,-0.9921147013144779,-2.380254154447703,0.0
37.0,-0.9980267284282716,-2.3607038123167157,0.0
37.0,-1.0,-2.409579667644184,0.0
37.0,-0.9980267284282716,-2.458455522971652,0.0
37.0,-0.992114701314478,-2.4682306940371457,0.0
37.0,-0.9822872507286886,-2.487781036168133,0.0
37.0,-0.9685831611286312,-2.4682306940371457,0.0
37.0,-0.9510565162951538,-2.4389051808406648,0.0
37.0,-0.9297764858882517,-2.409579667644184,0.0
37.0,-0.9048270524660192,-2.517106549364614,0.0
37.0,-0.8763066800438635,-2.673509286412512,0.0
37.0,-0.8443279255020151,-2.6050830889540566,0.0
37.0,-0.8090169943749477,-2.4486803519061584,0.0
37.0,-0.7705132427757886,-2.2825024437927666,0.0
37.0,-0.7289686274214111,-2.0283479960899315,0.0
37.0,-0.6845471059286898,-1.8914956011730206,0.0
37.0,-0.6374239897486912,-1.8621700879765397,0.0
37.0,-0.5877852522924735,-1.8426197458455524,0.0
37.0,-0.5358267949789973,-1.6666666666666665,0.0
37.0,-0.4817536741017163,-1.598240469208211,0.0
37.0,-0.42577929156507405,-1.4320625610948192,0.0
37.0,-0.3681245526846781,-1.2561094819159337,0.0
37.0,-0.3090169943749479,-1.1485826001955033,0.0
37.0,-0.2486898871648556,-1.050830889540567,0.0
37.0,-0.1873813145857258,-1.0312805474095796,0.0
37.0,-0.125333233564304,-0.9237536656891496,0.0
37.0,-0.06279051952931351,-0.7673509286412514,0.0
37.0,-4.898587196589413e-16,-0.6402737047898341,0.0
37.0,0.06279051952931075,-0.4936461388074287,0.0
37.0,0.12533323356430304,-0.32746823069403685,0.0
37.0,0.1873813145857231,-0.12218963831867047,0.0
37.0,0.24868988716485466,0.04398826979472137,0.0
37.0,0.30901699437494523,0.24926686217008776,0.0
37.0,0.36812455268467714,0.42521994134897323,0.0
37.0,0.42577929156507155,0.5131964809384169,0.0
37.0,0.48175367410171543,0.6402737047898341,0.0
37.0,0.535826794978995,0.7380254154447705,0.0
37.0,0.5877852522924727,0.8651026392961878,0.0
37.0,0.6374239897486891,1.021505376344086,0.0
37.0,0.6845471059286891,1.129032258064516,0.0
37.0,0.7289686274214104,1.3245356793743888,0.0
37.0,0.7705132427757891,1.4613880742912997,0.0
37.0,0.8090169943749471,1.637341153470186,0.0
37.0,0.8443279255020155,1.666666666666667,0.0
37.0,0.876306680043863,1.7546432062561097,0.0
37.0,0.9048270524660196,1.852394916911046,0.0
37.0,0.9297764858882513,2.018572825024438,0.0
37.0,0.951056516295154,2.047898338220919,0.0
37.0,0.9685831611286309,2.2140762463343107,0.0
37.0,0.9822872507286888,2.311827956989247,0.0
37.0,0.9921147013144779,2.3313782991202343,0.0
37.0,0.9980267284282717,2.370478983382209,0.0
37.0,1.0,2.4095796676441834,0.0
37.0,0.9980267284282718,2.419354838709677,0.0
37.0,0.992114701314478,2.3802541544477025,0.0
37.0,0.9822872507286889,2.3020527859237534,0.0
37.0,0.9685831611286312,2.2727272727272725,0.0
37.0,0.9510565162951543,2.282502443792766,0.0
37.0,0.9297764858882518,2.233626588465298,0.0
37.0,0.90482705246602,2.1945259042033234,0.0
37.0,0.8763066800438635,2.2140762463343107,0.0
37.0,0.8443279255020162,2.155425219941349,0.0
37.0,0.8090169943749478,1.989247311827957,0.0
37.0,0.7705132427757898,1.7937438905180842,0.0
37.0,0.7289686274214112,1.6764418377321606,0.0
37.0,0.6845471059286898,1.529814271749756,0.0
37.0,0.6374239897486899,1.4125122189638315,0.0
37.0,0.5877852522924736,1.2756598240469206,0.0
37.0,0.5358267949789959,1.099706744868035,0.0
37.0,0.48175367410171643,1.0117302052785924,0.0
37.0,0.42577929156507255,0.9042033235581624,0.0
37.0,0.3681245526846782,0.7380254154447705,0.0
37.0,0.3090169943749463,0.6598240469208214,0.0
37.0,0.2486898871648557,0.5034213098729223,0.0
37.0,0.18738131458572418,0.5131964809384169,0.0
37.0,0.12533323356430415,0.4154447702834796,0.0
37.0,0.06279051952931186,0.22971652003910048,0.0
37.0,6.123233995736766e-16,0.1319648093841641,0.0
37.0,-0.06279051952931064,-0.11241446725317683,0.0
37.0,-0.12533323356430293,-0.24926686217008776,0.0
37.0,-0.18738131458572296,-0.3665689149560114,0.0
37.0,-0.24868988716485452,-0.4740957966764414,0.0
37.0,-0.3090169943749451,-0.5425219941348978,0.0
37.0,-0.3681245526846787,-0.6304985337243405,0.0
37.0,-0.42577929156506983,-0.7869012707722387,0.0
37.0,-0.4817536741017154,-0.8846529814271751,0.0
37.0,-0.5358267949789964,-1.021505376344086,0.0
37.0,-0.5877852522924726,-1.2170087976539588,0.0
37.0,-0.637423989748689,-1.3929618768328447,0.0
37.0,-0.6845471059286877,-1.4516129032258065,0.0
37.0,-0.7289686274214103,-1.4516129032258065,0.0
37.0,-0.7705132427757901,-1.627565982404692,0.0
37.0,-0.809016994374946,-1.774193548387097,0.0
37.0,-0.8443279255020155,-1.8914956011730206,0.0
37.0,-0.8763066800438638,-2.0576735092864125,0.0
37.0,-0.9048270524660196,-2.145650048875855,0.0
37.0,-0.9297764858882513,-2.2140762463343107,0.0
37.0,-0.9510565162951534,-2.2531769305962857,0.0
37.0,-0.9685831611286309,-2.3313782991202348,0.0
37.0,-0.982287250728689,-2.350928641251222,0.0
37.0,-0.9921147013144777,-2.4780058651026393,0.0
37.0,-0.9980267284282717,-2.4682306940371457,0.0
37.0,-1.0,-2.3900293255131966,0.0
37.0,-0.9980267284282718,-2.4389051808406648,0.0
37.0,-0.9921147013144778,-2.458455522971652,0.0
37.0,-0.9822872507286894,-2.4486803519061584,0.0
37.0,-0.9685831611286312,-2.4193548387096775,0.0
37.0,-0.9510565162951538,-2.3900293255131966,0.0
37.0,-0.9297764858882518,-2.3411534701857284,0.0
37.0,-0.9048270524660201,-2.2531769305962857,0.0
37.0,-0.8763066800438645,-2.1847507331378297,0.0
37.0,-0.8443279255020162,-2.0869990224828934,0.0
37.0,-0.8090169943749468,-1.9501466275659824,0.0
37.0,-0.770513242775791,-1.8621700879765397,0.0
37.0,-0.7289686274214113,-1.7839687194525906,0.0
37.0,-0.6845471059286887,-1.6471163245356792,0.0
37.0,-0.63742398974869,-1.6666666666666665,0.0
37.0,-0.5877852522924737,-1.4809384164222874,0.0
37.0,-0.5358267949789975,-1.3245356793743892,0.0
37.0,-0.48175367410171654,-1.2170087976539588,0.0
37.0,-0.42577929156507105,-1.0899315738025415,0.0
37.0,-0.36812455268468,-1.0606060606060606,0.0
37.0,-0.3090169943749464,-0.9628543499511242,0.0
37.0,-0.2486898871648541,-0.8455522971652005,0.0
37.0,-0.1873813145857243,-0.7869012707722387,0.0
37.0,-0.12533323356430426,-0.562072336265885,0.0
37.0,-0.06279051952931375,-0.4643206256109478,0.0
37.0,-7.347880794884119e-16,-0.34701857282502413,0.0
37.0,0.06279051952931229,-0.12218963831867047,0.0
37.0,0.12533323356430282,0.024437927663734094,0.0
37.0,0.18738131458572285,0.1808406647116323,0.0
37.0,0.24868988716485269,0.3176930596285432,0.0
37.0,0.309016994374945,0.37634408602150504,0.0
37.0,0.3681245526846786,0.45454545454545414,0.0
37.0,0.4257792915650697,0.562072336265885,0.0
37.0,0.48175367410171527,0.7380254154447705,0.0
37.0,0.5358267949789963,0.9433040078201369,0.0
37.0,0.5877852522924725,1.1388074291300097,0.0
37.0,0.6374239897486889,1.2854349951124142,0.0
37.0,0.6845471059286876,1.4125122189638315,0.0
37.0,0.7289686274214102,1.4907135874877806,0.0
37.0,0.7705132427757901,1.6568914956011733,0.0
37.0,0.8090169943749459,1.6959921798631479,0.0
37.0,0.8443279255020154,1.8132942326490715,0.0
37.0,0.8763066800438637,1.911045943304008,0.0
37.0,0.9048270524660195,1.881720430107527,0.0
37.0,0.9297764858882512,1.9501466275659824,0.0
37.0,0.9510565162951533,2.038123167155425,0.0
37.0,0.9685831611286309,2.096774193548387,0.0
37.0,0.982287250728689,2.233626588465298,0.0
37.0,0.9921147013144777,2.370478983382209,0.0
37.0,0.9980267284282717,2.3998044965786898,0.0
37.0,1.0,2.419354838709677,0.0
37.0,0.9980267284282718,2.497556207233626,0.0
37.0,0.9921147013144778,2.3998044965786898,0.0
37.0,0.9822872507286894,2.448680351906158,0.0
37.0,0.9685831611286312,2.370478983382209,0.0
37.0,0.9510565162951539,2.3216031280547407,0.0
37.0,0.9297764858882518,2.174975562072336,0.0
37.0,0.9048270524660201,2.1945259042033234,0.0
37.0,0.8763066800438645,2.1163245356793743,0.0
37.0,0.8443279255020163,1.9794721407624634,0.0
37.0,0.8090169943749469,1.7937438905180842,0.0
37.0,0.7705132427757911,1.6764418377321606,0.0
37.0,0.7289686274214113,1.6080156402737051,0.0
37.0,0.6845471059286887,1.637341153470186,0.0
37.0,0.6374239897486901,1.5395894428152497,0.0
37.0,0.5877852522924738,1.4907135874877806,0.0
37.0,0.5358267949789977,1.3245356793743888,0.0
37.0,0.48175367410171666,1.1192570869990224,0.0
37.0,0.42577929156507116,1.0117302052785924,0.0
37.0,0.3681245526846801,0.8357771260997069,0.0
37.0,0.30901699437494656,0.6793743890518087,0.0
37.0,0.24868988716485424,0.5425219941348978,0.0
37.0,0.1873813145857244,0.37634408602150504,0.0
37.0,0.1253332335643044,0.21994134897360684,0.0
37.0,0.06279051952931387,0.08308895405669592,0.0
37.0,8.572527594031472e-16,-0.004887585532746819,0.0
37.0,-0.06279051952931217,-0.15151515151515138,0.0
37.0,-0.12533323356430268,-0.14173998044965774,0.0
37.0,-0.18738131458572274,-0.3176930596285432,0.0
37.0,-0.24868988716485257,-0.43499511241446687,0.0
37.0,-0.3090169943749449,-0.5327468230694041,0.0
37.0,-0.3681245526846785,-0.6891495601173023,0.0
37.0,-0.4257792915650696,-0.8357771260997069,0.0
37.0,-0.48175367410171516,-1.0312805474095796,0.0
37.0,-0.5358267949789962,-1.099706744868035,0.0
37.0,-0.5877852522924725,-1.1681329423264906,0.0
37.0,-0.6374239897486887,-1.3440860215053765,0.0
37.0,-0.6845471059286875,-1.4613880742913001,0.0
37.0,-0.7289686274214101,-1.627565982404692,0.0
37.0,-0.77051324277579,-1.705767350928641,0.0
37.0,-0.8090169943749459,-1.8230694037145652,0.0
37.0,-0.8443279255020153,-1.9501466275659824,0.0
37.0,-0.8763066800438637,-2.0087976539589443,0.0
37.0,-0.9048270524660195,-2.047898338220919,0.0
37.0,-0.9297764858882512,-2.1358748778103616,0.0
37.0,-0.9510565162951533,-2.233626588465298,0.0
37.0,-0.9685831611286309,-2.302052785923754,0.0
37.0,-0.982287250728689,-2.321603128054741,0.0
37.0,-0.9921147013144775,-2.3704789833822093,0.0
37.0,-0.9980267284282717,-2.39980449657869,0.0
37.0,-1.0,-2.5562072336265884,0.0
37.0,-0.9980267284282718,-2.5464320625610948,0.0
37.0,-0.9921147013144778,-2.5562072336265884,0.0
37.0,-0.9822872507286894,-2.5757575757575757,0.0
37.0,-0.9685831611286313,-2.4682306940371457,0.0
37.0,-0.9510565162951539,-2.4486803519061584,0.0
37.0,-0.9297764858882519,-2.4193548387096775,0.0
37.0,-0.9048270524660202,-2.4975562072336266,0.0
37.0,-0.8763066800438646,-2.4486803519061584,0.0
37.0,-0.8443279255020164,-2.302052785923754,0.0
37.0,-0.8090169943749469,-2.2531769305962857,0.0
37.0,-0.7705132427757913,-2.204301075268817,0.0
37.0,-0.7289686274214114,-2.1358748778103616,0.0
37.0,-0.6845471059286888,-2.067448680351906,0.0
37.0,-0.6374239897486902,-1.8230694037145652,0.0
37.0,-0.5877852522924739,-1.735092864125122,0.0
37.0,-0.5358267949789978,-1.6177908113391983,0.0
37.0,-0.48175367410171677,-1.4516129032258065,0.0
37.0,-0.42577929156507127,-1.275659824046921,0.0
37.0,-0.3681245526846802,-1.1192570869990224,0.0
37.0,-0.3090169943749467,-0.9335288367546433,0.0
37.0,-0.24868988716485435,-0.8553274682306942,0.0
37.0,-0.18738131458572455,-0.8748778103616814,0.0
37.0,-0.1253332335643045,-0.7966764418377323,0.0
37.0,-0.062790519529314,-0.6011730205278596,0.0
37.0,-9.797174393178826e-16,-0.4740957966764414,0.0
37.0,0.06279051952931204,-0.3372434017595305,0.0
37.0,0.12533323356429904,-0.2101661779081132,0.0
37.0,0.1873813145857261,-0.1319648093841641,0.0
37.0,0.24868988716485246,0.06353861192570864,0.0
37.0,0.3090169943749448,0.11241446725317683,0.0
37.0,0.36812455268467503,0.27859237536656867,0.0
37.0,0.4257792915650727,0.4154447702834796,0.0
37.0,0.48175367410171505,0.5425219941348978,0.0
37.0,0.5358267949789961,0.6109481915933532,0.0
37.0,0.5877852522924695,0.7380254154447705,0.0
37.0,0.6374239897486914,0.8748778103616814,0.0
37.0,0.6845471059286874,1.0703812316715542,0.0
37.0,0.7289686274214101,1.2267839687194524,0.0
37.0,0.7705132427757877,1.3538611925708697,0.0
37.0,0.8090169943749479,1.4613880742912997,0.0
37.0,0.8443279255020153,1.6177908113391988,0.0
37.0,0.8763066800438636,1.6275659824046924,0.0
37.0,0.9048270524660179,1.8230694037145652,0.0
37.0,0.9297764858882525,1.911045943304008,0.0
37.0,0.9510565162951533,2.018572825024438,0.0
37.0,0.9685831611286307,2.038123167155425,0.0
37.0,0.9822872507286884,2.174975562072336,0.0
37.0,0.992114701314478,2.3020527859237534,0.0
37.0,0.9980267284282717,2.341153470185728,0.0
37.0,1.0,2.419354838709677,0.0
37.0,0.9980267284282718,2.390029325513196,0.0
37.0,0.9921147013144783,2.478005865102639,0.0
37.0,0.9822872507286887,2.5073313782991207,0.0
37.0,0.9685831611286313,2.478005865102639,0.0
37.0,0.9510565162951539,2.4877810361681325,0.0
37.0,0.9297764858882532,2.4682306940371452,0.0
37.0,0.9048270524660188,2.3802541544477025,0.0
37.0,0.8763066800438646,2.370478983382209,0.0
37.0,0.8443279255020164,2.2922776148582598,0.0
37.0,0.8090169943749491,2.341153470185728,0.0
37.0,0.770513242775789,2.262952101661779,0.0
37.0,0.7289686274214116,2.204301075268817,0.0
37.0,0.684547105928689,2.018572825024438,0.0
37.0,0.637423989748693,1.9305962854349952,0.0
37.0,0.5877852522924711,1.7839687194525906,0.0
37.0,0.5358267949789979,1.6568914956011733,0.0
37.0,0.4817536741017169,1.5102639296187688,0.0
37.0,0.4257792915650746,1.3538611925708697,0.0
37.0,0.368124552684677,1.2072336265884651,0.0
37.0,0.3090169943749468,1.050830889540567,0.0
37.0,0.24868988716485446,0.9237536656891496,0.0
37.0,0.18738131458572815,0.8162267839687196,0.0
37.0,0.1253332335643011,0.669599217986315,0.0
37.0,0.06279051952931412,0.5034213098729223,0.0
37.0,1.102182119232618e-15,0.42521994134897323,0.0
37.0,-0.06279051952931192,0.24926686217008776,0.0
37.0,-0.12533323356429893,0.09286412512218956,0.0
37.0,-0.187381314585726,0.07331378299120228,0.0
37.0,-0.24868988716485232,-0.024437927663734094,0.0
37.0,-0.3090169943749447,-0.15151515151515138,0.0
37.0,-0.3681245526846749,-0.22971652003910048,0.0
37.0,-0.4257792915650726,-0.40566959921798595,0.0
37.0,-0.48175367410171493,-0.5327468230694041,0.0
37.0,-0.535826794978996,-0.6207233626588469,0.0
37.0,-0.5877852522924694,-0.8162267839687196,0.0
37.0,-0.6374239897486913,-1.021505376344086,0.0
37.0,-0.6845471059286873,-1.1388074291300097,0.0
37.0,-0.72896862742141,-1.236559139784946,0.0
37.0,-0.7705132427757876,-1.383186705767351,0.0
37.0,-0.8090169943749478,-1.5786901270772238,0.0
37.0,-0.8443279255020152,-1.7253176930596283,0.0
37.0,-0.8763066800438636,-1.8719452590420333,0.0
37.0,-0.9048270524660178,-2.0087976539589443,0.0
37.0,-0.9297764858882525,-2.1652003910068425,0.0
37.0,-0.9510565162951532,-2.350928641251222,0.0
37.0,-0.9685831611286307,-2.4193548387096775,0.0
37.0,-0.9822872507286883,-2.458455522971652,0.0
37.0,-0.992114701314478,-2.4486803519061584,0.0
37.0,-0.9980267284282717,-2.4975562072336266,0.0
37.0,-1.0,-2.487781036168133,0.0
37.0,-0.9980267284282718,-2.4389051808406648,0.0
37.0,-0.9921147013144783,-2.4193548387096775,0.0
37.0,-0.9822872507286887,-2.4193548387096775,0.0
37.0,-0.9685831611286313,-2.380254154447703,0.0
37.0,-0.951056516295154,-2.272727272727273,0.0
37.0,-0.9297764858882532,-2.2434017595307916,0.0
37.0,-0.9048270524660188,-2.1945259042033234,0.0
37.0,-0.8763066800438647,-2.1652003910068425,0.0
37.0,-0.8443279255020165,-2.1358748778103616,0.0
37.0,-0.8090169943749491,-2.067448680351906,0.0
37.0,-0.770513242775789,-1.8719452590420333,0.0
37.0,-0.7289686274214117,-1.8035190615835779,0.0
37.0,-0.6845471059286891,-1.6568914956011729,0.0
37.0,-0.6374239897486931,-1.5591397849462365,0.0
37.0,-0.5877852522924712,-1.4809384164222874,0.0
37.0,-0.535826794978998,-1.383186705767351,0.0
37.0,-0.481753674101717,-1.2854349951124147,0.0
37.0,-0.4257792915650747,-1.1779081133919842,0.0
37.0,-0.3681245526846771,-1.0410557184750733,0.0
37.0,-0.3090169943749469,-0.9433040078201369,0.0
37.0,-0.2486898871648546,-0.7673509286412514,0.0
37.0,-0.18738131458572826,-0.6598240469208214,0.0
37.0,-0.12533323356430123,-0.5522971652003914,0.0
37.0,-0.06279051952931425,-0.4154447702834796,0.0
37.0,-1.2246467991473533e-15,-0.3665689149560114,0.0
37.0,0.06279051952931179,-0.1808406647116323,0.0
37.0,0.1253332335642988,-0.09286412512218956,0.0
37.0,0.18738131458572588,-0.004887585532746819,0.0
37.0,0.2486898871648522,0.2101661779081132,0.0
37.0,0.30901699437494456,0.3176930596285432,0.0
37.0,0.3681245526846748,0.34701857282502413,0.0
37.0,0.4257792915650725,0.5131964809384169,0.0
37.0,0.4817536741017148,0.6793743890518087,0.0
37.0,0.5358267949789959,0.8162267839687196,0.0
37.0,0.5877852522924693,0.9237536656891496,0.0
37.0,0.6374239897486885,1.0019550342130987,0.0
37.0,0.6845471059286898,1.129032258064516,0.0
37.0,0.7289686274214099,1.2952101661779079,0.0
37.0,0.7705132427757853,1.4711632453567933,0.0
37.0,0.8090169943749498,1.5102639296187688,0.0
37.0,0.8443279255020152,1.6568914956011733,0.0
37.0,0.8763066800438618,1.744868035190616,0.0
37.0,0.9048270524660192,1.881720430107527,0.0
37.0,0.9297764858882523,1.9501466275659824,0.0
37.0,0.9510565162951532,2.047898338220919,0.0
37.0,0.9685831611286316,2.126099706744868,0.0
37.0,0.9822872507286883,2.2238514173998043,0.0
37.0,0.992114701314478,2.2140762463343107,0.0
37.0,0.9980267284282713,2.2434017595307916,0.0
37.0,1.0,2.262952101661779,0.0
37.0,0.9980267284282718,2.204301075268817,0.0
37.0,0.9921147013144788,2.282502443792766,0.0
37.0,0.9822872507286882,2.145650048875855,0.0
37.0,0.9685831611286313,2.155425219941349,0.0
37.0,0.9510565162951551,1.9794721407624634,0.0
37.0,0.929776485888252,2.126099706744868,0.0
37.0,0.9048270524660189,2.155425219941349,0.0
37.0,0.8763066800438647,2.174975562072336,0.0
37.0,0.8443279255020146,2.096774193548387,0.0
37.0,0.8090169943749492,2.1065493646138806,0.0
37.0,0.7705132427757891,1.9208211143695015,0.0
37.0,0.7289686274214141,1.7350928641251224,0.0
37.0,0.6845471059286892,1.5786901270772242,0.0
37.0,0.6374239897486932,1.5200391006842624,0.0
37.0,0.5877852522924742,1.3831867057673506,0.0
37.0,0.535826794978995,1.265884652981427,0.0
37.0,0.48175367410171704,1.0312805474095796,0.0
37.0,0.42577929156507804,0.8748778103616814,0.0
37.0,0.3681245526846739,0.7869012707722387,0.0
37.0,0.309016994374947,0.7184750733137832,0.0
37.0,0.24868988716485815,0.5718475073313787,0.0
37.0,0.1873813145857249,0.6304985337243405,0.0
37.0,0.12533323356430134,0.42521994134897323,0.0
37.0,0.06279051952931436,0.23949169110459412,0.0
37.0,4.899825157862589e-15,0.08308895405669592,0.0
37.0,-0.06279051952931168,-0.12218963831867047,0.0
37.0,-0.12533323356429868,-0.24926686217008776,0.0
37.0,-0.18738131458572224,-0.32746823069403685,0.0
37.0,-0.24868988716485554,-0.3861192570869987,0.0
37.0,-0.30901699437494445,-0.4643206256109478,0.0
37.0,-0.3681245526846714,-0.591397849462366,0.0
37.0,-0.4257792915650756,-0.7380254154447705,0.0
37.0,-0.4817536741017147,-0.8260019550342133,0.0
37.0,-0.5358267949789928,-0.9237536656891496,0.0
37.0,-0.587785252292472,-0.9628543499511242,0.0
37.0,-0.6374239897486911,-1.1094819159335287,0.0
37.0,-0.6845471059286872,-1.2658846529814274,0.0
37.0,-0.7289686274214123,-1.3343108504398828,0.0
37.0,-0.7705132427757875,-1.4027370478983383,0.0
37.0,-0.8090169943749477,-1.5004887585532747,0.0
37.0,-0.8443279255020132,-1.5884652981427174,0.0
37.0,-0.8763066800438635,-1.6959921798631474,0.0
37.0,-0.9048270524660177,-1.7253176930596283,0.0
37.0,-0.929776485888251,-1.8426197458455524,0.0
37.0,-0.9510565162951542,-1.9501466275659824,0.0
37.0,-0.9685831611286306,-1.9794721407624634,0.0
37.0,-0.9822872507286876,-2.096774193548387,0.0
37.0,-0.9921147013144784,-2.1945259042033234,0.0
37.0,-0.9980267284282716,-2.321603128054741,0.0
37.0,-1.0,-2.3607038123167157,0.0
37.0,-0.9980267284282716,-2.380254154447703,0.0
37.0,-0.9921147013144783,-2.380254154447703,0.0
37.0,-0.9822872507286888,-2.3900293255131966,0.0
37.0,-0.9685831611286323,-2.4193548387096775,0.0
38.0,-0.9510565162951536,0.07331378299120228,0.0
38.0,-0.9297764858882512,0.08308895405669592,0.0
38.0,-0.9048270524660199,0.06353861192570864,0.0
38.0,-0.8763066800438638,-0.43646138807429136,0.0
38.0,-0.8443279255020155,-0.9364613880742914,0.0
38.0,-0.8090169943749476,-1.4364613880742914,0.0
38.0,-0.7705132427757896,-1.3440860215053765,0.0
38.0,-0.7289686274214116,-1.3245356793743892,0.0
38.0,-0.684547105928689,-1.5004887585532747,0.0
38.0,-0.6374239897486896,-1.236559139784946,0.0
38.0,-0.5877852522924734,-1.1192570869990224,0.0
38.0,-0.5358267949789963,-0.9433040078201369,0.0
38.0,-0.4817536741017153,-0.8260019550342133,0.0
38.0,-0.4257792915650722,-0.8455522971652005,0.0
38.0,-0.3681245526846787,-0.7575757575757578,0.0
38.0,-0.3090169943749477,-0.591397849462366,0.0
38.0,-0.24868988716485535,-0.4643206256109478,0.0
38.0,-0.18738131458572468,-0.40566959921798595,0.0
38.0,-0.12533323356430465,-0.2590420332355814,0.0
38.0,-0.06279051952931326,-0.19061583577712593,0.0
38.0,-2.4492935982947064e-16,-0.07331378299120228,0.0
38.0,0.06279051952931278,-0.024437927663734094,0.0
38.0,0.12533323356430418,0.17106549364613866,0.0
38.0,0.1873813145857242,0.29814271749755594,0.0
38.0,0.24868988716485488,0.42521994134897323,0.0
38.0,0.3090169943749472,0.43499511241446687,0.0
38.0,0.3681245526846782,0.5718475073313787,0.0
38.0,0.42577929156507255,0.6793743890518087,0.0
38.0,0.48175367410171566,0.7771260997067451,0.0
38.0,0.5358267949789967,0.913978494623656,0.0
38.0,0.5877852522924736,0.9628543499511242,0.0
38.0,0.6374239897486899,1.129032258064516,0.0
38.0,0.6845471059286893,1.158357771260997,0.0
38.0,0.7289686274214107,1.2952101661779079,0.0
38.0,0.7705132427757887,1.3343108504398824,0.0
38.0,0.8090169943749468,1.5200391006842624,0.0
38.0,0.8443279255020147,1.6764418377321606,0.0
38.0,0.8763066800438631,1.8035190615835779,0.0
38.0,0.9048270524660194,1.959921798631476,0.0
38.0,0.9297764858882511,2.1163245356793743,0.0
38.0,0.9510565162951535,2.1358748778103616,0.0
38.0,0.968583161128631,2.1358748778103616,0.0
38.0,0.9822872507286886,2.155425219941349,0.0
38.0,0.9921147013144778,2.3216031280547407,0.0
38.0,0.9980267284282716,2.4682306940371452,0.0
38.0,1.0,2.4877810361681325,0.0
38.0,0.9980267284282716,2.4877810361681325,0.0
38.0,0.9921147013144779,2.546432062561095,0.0
38.0,0.9822872507286886,2.4877810361681325,0.0
38.0,0.9685831611286311,2.4389051808406643,0.0
38.0,0.9510565162951536,2.4389051808406643,0.0
38.0,0.9297764858882517,2.3998044965786898,0.0
38.0,0.9048270524660192,2.390029325513196,0.0
38.0,0.8763066800438634,2.282502443792766,0.0
38.0,0.8443279255020151,2.2238514173998043,0.0
38.0,0.8090169943749477,2.174975562072336,0.0
38.0,0.7705132427757886,2.018572825024438,0.0
38.0,0.728968627421411,1.9990224828934506,0.0
38.0,0.6845471059286897,1.8914956011730206,0.0
38.0,0.6374239897486911,1.6568914956011733,0.0
38.0,0.5877852522924734,1.559139784946237,0.0
38.0,0.5358267949789972,1.4027370478983379,0.0
38.0,0.4817536741017162,1.2756598240469206,0.0
38.0,0.42577929156507394,1.1388074291300097,0.0
38.0,0.368124552684678,1.0801564027370478,0.0
38.0,0.3090169943749478,0.913978494623656,0.0
38.0,0.2486898871648555,0.7478005865102642,0.0
38.0,0.18738131458572568,0.5718475073313787,0.0
38.0,0.1253332335643039,0.4154447702834796,0.0
38.0,0.06279051952931339,0.23949169110459412,0.0
38.0,3.6739403974420594e-16,0.053763440860215006,0.0
38.0,-0.06279051952931265,-0.07331378299120228,0.0
38.0,-0.12533323356430318,-0.26881720430107503,0.0
38.0,-0.18738131458572496,-0.3861192570869987,0.0
38.0,-0.24868988716485477,-0.5522971652003914,0.0
38.0,-0.30901699437494706,-0.6793743890518087,0.0
38.0,-0.36812455268467725,-0.8553274682306942,0.0
38.0,-0.42577929156507327,-0.9628543499511242,0.0
38.0,-0.48175367410171555,-1.0606060606060606,0.0
38.0,-0.5358267949789965,-1.236559139784946,0.0
38.0,-0.5877852522924728,-1.3636363636363638,0.0
38.0,-0.6374239897486905,-1.5591397849462365,0.0
38.0,-0.6845471059286892,-1.6764418377321602,0.0
38.0,-0.7289686274214106,-1.852394916911046,0.0
38.0,-0.770513242775788,-1.989247311827957,0.0
38.0,-0.8090169943749472,-2.1163245356793743,0.0
38.0,-0.8443279255020146,-2.302052785923754,0.0
38.0,-0.876306680043863,-2.7126099706744866,0.0
38.0,-0.9048270524660189,-2.80058651026393,0.0
38.0,-0.9297764858882513,-2.898338220918866,0.0
38.0,-0.9510565162951534,-3.064516129032258,0.0
38.0,-0.968583161128631,-3.172043010752688,0.0
38.0,-0.9822872507286885,-3.1818181818181817,0.0
38.0,-0.9921147013144779,-3.3186705767350926,0.0
38.0,-0.9980267284282716,-3.3675464320625608,0.0
38.0,-1.0,-3.33822091886608,0.0
38.0,-0.9980267284282716,-3.4164222873900294,0.0
38.0,-0.992114701314478,-3.426197458455523,0.0
38.0,-0.9822872507286886,-3.4066471163245358,0.0
38.0,-0.9685831611286312,-3.3186705767350926,0.0
38.0,-0.9510565162951538,-3.3186705767350926,0.0
38.0,-0.9297764858882517,-3.33822091886608,0.0
38.0,-0.9048270524660192,-3.1915933528836753,0.0
38.0,-0.8763066800438635,-3.1524926686217007,0.0
38.0,-0.8443279255020151,-3.1329423264907135,0.0
38.0,-0.8090169943749477,-3.093841642228739,0.0
38.0,-0.7705132427757886,-3.01564027370479,0.0
38.0,-0.7289686274214111,-2.8396871945259043,0.0
38.0,-0.6845471059286898,-2.644183773216031,0.0
38.0,-0.6374239897486912,-2.624633431085044,0.0
38.0,-0.5877852522924735,-2.4682306940371457,0.0
38.0,-0.5358267949789973,-2.2238514173998043,0.0
38.0,-0.4817536741017163,-2.1065493646138806,0.0
38.0,-0.42577929156507405,-1.959921798631476,0.0
38.0,-0.3681245526846781,-1.8719452590420333,0.0
38.0,-0.3090169943749479,-1.6764418377321602,0.0
38.0,-0.2486898871648556,-1.5102639296187683,0.0
38.0,-0.1873813145857258,-1.4222873900293256,0.0
38.0,-0.125333233564304,-1.2952101661779083,0.0
38.0,-0.06279051952931351,-1.129032258064516,0.0
38.0,-4.898587196589413e-16,-1.0312805474095796,0.0
38.0,0.06279051952931075,-0.9237536656891496,0.0
38.0,0.12533323356430304,-0.7673509286412514,0.0
38.0,0.1873813145857231,-0.669599217986315,0.0
38.0,0.24868988716485466,-0.5816226783968723,0.0
38.0,0.30901699437494523,-0.5229716520039105,0.0
38.0,0.36812455268467714,-0.4447702834799605,0.0
38.0,0.42577929156507155,-0.3665689149560114,0.0
38.0,0.48175367410171543,-0.32746823069403685,0.0
38.0,0.535826794978995,-0.14173998044965774,0.0
38.0,0.5877852522924727,0.04398826979472137,0.0
38.0,0.6374239897486891,0.27859237536656867,0.0
38.0,0.6845471059286891,0.42521994134897323,0.0
38.0,0.7289686274214104,0.5327468230694041,0.0
38.0,0.7705132427757891,0.669599217986315,0.0
38.0,0.8090169943749471,0.8944281524926687,0.0
38.0,0.8443279255020155,1.050830889540567,0.0
38.0,0.876306680043863,1.1388074291300097,0.0
38.0,0.9048270524660196,1.1876832844574778,0.0
38.0,0.9297764858882513,1.3245356793743888,0.0
38.0,0.951056516295154,1.451612903225806,0.0
38.0,0.9685831611286309,1.6177908113391988,0.0
38.0,0.9822872507286888,1.6862170087976542,0.0
38.0,0.9921147013144779,1.774193548387097,0.0
38.0,0.9980267284282717,1.744868035190616,0.0
38.0,1.0,1.8426197458455524,0.0
38.0,0.9980267284282718,1.9501466275659824,0.0
38.0,0.992114701314478,1.959921798631476,0.0
38.0,0.9822872507286889,2.0087976539589443,0.0
38.0,0.9685831611286312,2.0283479960899315,0.0
38.0,0.9510565162951543,2.0576735092864125,0.0
38.0,0.9297764858882518,1.9990224828934506,0.0
38.0,0.90482705246602,1.9696969696969697,0.0
38.0,0.8763066800438635,1.989247311827957,0.0
38.0,0.8443279255020162,2.0087976539589443,0.0
38.0,0.8090169943749478,2.038123167155425,0.0
38.0,0.7705132427757898,1.959921798631476,0.0
38.0,0.7289686274214112,1.8426197458455524,0.0
38.0,0.6845471059286898,1.7253176930596288,0.0
38.0,0.6374239897486899,1.529814271749756,0.0
38.0,0.5877852522924736,1.3831867057673506,0.0
38.0,0.5358267949789959,1.2170087976539588,0.0
38.0,0.48175367410171643,1.0899315738025415,0.0
38.0,0.42577929156507255,1.0312805474095796,0.0
38.0,0.3681245526846782,0.9335288367546433,0.0
38.0,0.3090169943749463,0.8260019550342133,0.0
38.0,0.2486898871648557,0.6402737047898341,0.0
38.0,0.18738131458572418,0.45454545454545414,0.0
38.0,0.12533323356430415,0.32746823069403685,0.0
38.0,0.06279051952931186,0.2883675464320623,0.0
38.0,6.123233995736766e-16,0.20039100684261957,0.0
38.0,-0.06279051952931064,0.08308895405669592,0.0
38.0,-0.12533323356430293,-0.024437927663734094,0.0
38.0,-0.18738131458572296,-0.15151515151515138,0.0
38.0,-0.24868988716485452,-0.35679374389051777,0.0
38.0,-0.3090169943749451,-0.5034213098729232,0.0
38.0,-0.3681245526846787,-0.6109481915933532,0.0
38.0,-0.42577929156506983,-0.6891495601173023,0.0
38.0,-0.4817536741017154,-0.7966764418377323,0.0
38.0,-0.5358267949789964,-0.8944281524926687,0.0
38.0,-0.5877852522924726,-1.0899315738025415,0.0
38.0,-0.637423989748689,-1.1485826001955033,0.0
38.0,-0.6845471059286877,-1.2854349951124147,0.0
38.0,-0.7289686274214103,-1.3636363636363638,0.0
38.0,-0.7705132427757901,-1.5298142717497556,0.0
38.0,-0.809016994374946,-1.6373411534701856,0.0
38.0,-0.8443279255020155,-1.852394916911046,0.0
38.0,-0.8763066800438638,-1.881720430107527,0.0
38.0,-0.9048270524660196,-1.9990224828934506,0.0
38.0,-0.9297764858882513,-2.0869990224828934,0.0
38.0,-0.9510565162951534,-2.204301075268817,0.0
38.0,-0.9685831611286309,-2.204301075268817,0.0
38.0,-0.982287250728689,-2.1945259042033234,0.0
38.0,-0.9921147013144777,-2.2531769305962857,0.0
38.0,-0.9980267284282717,-2.2825024437927666,0.0
38.0,-1.0,-2.458455522971652,0.0
38.0,-0.9980267284282718,-2.409579667644184,0.0
38.0,-0.9921147013144778,-2.2825024437927666,0.0
38.0,-0.9822872507286894,-2.2434017595307916,0.0
38.0,-0.9685831611286312,-2.204301075268817,0.0
38.0,-0.9510565162951538,-2.126099706744868,0.0
38.0,-0.9297764858882518,-2.1065493646138806,0.0
38.0,-0.9048270524660201,-1.9305962854349952,0.0
38.0,-0.8763066800438645,-1.852394916911046,0.0
38.0,-0.8443279255020162,-1.6373411534701856,0.0
38.0,-0.8090169943749468,-1.5884652981427174,0.0
38.0,-0.770513242775791,-1.4809384164222874,0.0
38.0,-0.7289686274214113,-1.3245356793743892,0.0
38.0,-0.6845471059286887,-1.2267839687194524,0.0
38.0,-0.63742398974869,-1.050830889540567,0.0
38.0,-0.5877852522924737,-0.9628543499511242,0.0
38.0,-0.5358267949789975,-0.9042033235581624,0.0
38.0,-0.48175367410171654,-0.7673509286412514,0.0
38.0,-0.42577929156507105,-0.669599217986315,0.0
38.0,-0.36812455268468,-0.669599217986315,0.0
38.0,-0.3090169943749464,-0.6793743890518087,0.0
38.0,-0.2486898871648541,-0.4740957966764414,0.0
38.0,-0.1873813145857243,-0.3079178885630496,0.0
38.0,-0.12533323356430426,-0.27859237536656867,0.0
38.0,-0.06279051952931375,-0.19061583577712593,0.0
38.0,-7.347880794884119e-16,-0.16129032258064502,0.0
38.0,0.06279051952931229,-0.08308895405669592,0.0
38.0,0.12533323356430282,-0.014662756598240456,0.0
38.0,0.18738131458572285,0.06353861192570864,0.0
38.0,0.24868988716485269,0.21994134897360684,0.0
38.0,0.309016994374945,0.3176930596285432,0.0
38.0,0.3681245526846786,0.4154447702834796,0.0
38.0,0.4257792915650697,0.4643206256109478,0.0
38.0,0.48175367410171527,0.5816226783968723,0.0
38.0,0.5358267949789963,0.6793743890518087,0.0
38.0,0.5877852522924725,0.8260019550342133,0.0
38.0,0.6374239897486889,0.9824046920821115,0.0
38.0,0.6845471059286876,1.1485826001955033,0.0
38.0,0.7289686274214102,1.2952101661779079,0.0
38.0,0.7705132427757901,1.3636363636363633,0.0
38.0,0.8090169943749459,1.4907135874877806,0.0
38.0,0.8443279255020154,1.637341153470186,0.0
38.0,0.8763066800438637,1.7839687194525906,0.0
38.0,0.9048270524660195,1.9012707722385143,0.0
38.0,0.9297764858882512,2.067448680351906,0.0
38.0,0.9510565162951533,2.204301075268817,0.0
38.0,0.9685831611286309,2.3020527859237534,0.0
38.0,0.982287250728689,2.3607038123167152,0.0
38.0,0.9921147013144777,2.3802541544477025,0.0
38.0,0.9980267284282717,2.4291300097751707,0.0
38.0,1.0,2.4095796676441834,0.0
38.0,0.9980267284282718,2.5171065493646143,0.0
38.0,0.9921147013144778,2.497556207233626,0.0
38.0,0.9822872507286894,2.4682306940371452,0.0
38.0,0.9685831611286312,2.419354838709677,0.0
38.0,0.9510565162951539,2.341153470185728,0.0
38.0,0.9297764858882518,2.262952101661779,0.0
38.0,0.9048270524660201,2.2140762463343107,0.0
38.0,0.8763066800438645,2.0869990224828934,0.0
38.0,0.8443279255020163,1.989247311827957,0.0
38.0,0.8090169943749469,1.9403714565004888,0.0
38.0,0.7705132427757911,1.8230694037145652,0.0
38.0,0.7289686274214113,1.6471163245356797,0.0
38.0,0.6845471059286887,1.480938416422287,0.0
38.0,0.6374239897486901,1.2072336265884651,0.0
38.0,0.5877852522924738,0.9726295210166178,0.0
38.0,0.5358267949789977,0.9042033235581624,0.0
38.0,0.48175367410171666,0.7575757575757578,0.0
38.0,0.42577929156507116,0.562072336265885,0.0
38.0,0.3681245526846801,0.3665689149560114,0.0
38.0,0.30901699437494656,0.2883675464320623,0.0
38.0,0.24868988716485424,0.16129032258064502,0.0
38.0,0.1873813145857244,0.1026392961876832,0.0
38.0,0.1253332335643044,-0.03421309872922773,0.0
38.0,0.06279051952931387,-0.1808406647116323,0.0
38.0,8.572527594031472e-16,-0.3079178885630496,0.0
38.0,-0.06279051952931217,-0.4447702834799605,0.0
38.0,-0.12533323356430268,-0.5131964809384169,0.0
38.0,-0.18738131458572274,-0.6207233626588469,0.0
38.0,-0.24868988716485257,-0.6891495601173023,0.0
38.0,-0.3090169943749449,-0.7869012707722387,0.0
38.0,-0.3681245526846785,-0.8748778103616814,0.0
38.0,-0.4257792915650696,-1.0312805474095796,0.0
38.0,-0.48175367410171516,-1.0606060606060606,0.0
38.0,-0.5358267949789962,-1.1779081133919842,0.0
38.0,-0.5877852522924725,-1.3343108504398828,0.0
38.0,-0.6374239897486887,-1.3734115347018574,0.0
38.0,-0.6845471059286875,-1.4613880742913001,0.0
38.0,-0.7289686274214101,-1.5884652981427174,0.0
38.0,-0.77051324277579,-1.7644183773216033,0.0
38.0,-0.8090169943749459,-1.9208211143695015,0.0
38.0,-0.8443279255020153,-2.047898338220919,0.0
38.0,-0.8763066800438637,-2.1652003910068425,0.0
38.0,-0.9048270524660195,-2.272727272727273,0.0
38.0,-0.9297764858882512,-2.409579667644184,0.0
38.0,-0.9510565162951533,-2.487781036168133,0.0
38.0,-0.9685831611286309,-2.624633431085044,0.0
38.0,-0.982287250728689,-2.771260997067449,0.0
38.0,-0.9921147013144775,-2.673509286412512,0.0
38.0,-0.9980267284282717,-2.7517106549364616,0.0
38.0,-1.0,-2.7517106549364616,0.0
38.0,-0.9980267284282718,-2.771260997067449,0.0
38.0,-0.9921147013144778,-2.790811339198436,0.0
38.0,-0.9822872507286894,-2.8592375366568916,0.0
38.0,-0.9685831611286313,-2.878787878787879,0.0
38.0,-0.9510565162951539,-2.8885630498533725,0.0
38.0,-0.9297764858882519,-2.9472140762463344,0.0
38.0,-0.9048270524660202,-2.927663734115347,0.0
38.0,-0.8763066800438646,-2.8690127077223853,0.0
38.0,-0.8443279255020164,-2.8885630498533725,0.0
38.0,-0.8090169943749469,-2.6832844574780057,0.0
38.0,-0.7705132427757913,-2.624633431085044,0.0
38.0,-0.7289686274214114,-2.4682306940371457,0.0
38.0,-0.6845471059286888,-2.29227761485826,0.0
38.0,-0.6374239897486902,-2.1847507331378297,0.0
38.0,-0.5877852522924739,-2.0283479960899315,0.0
38.0,-0.5358267949789978,-1.9208211143695015,0.0
38.0,-0.48175367410171677,-1.7448680351906156,0.0
38.0,-0.42577929156507127,-1.6568914956011729,0.0
38.0,-0.3681245526846802,-1.5493646138807429,0.0
38.0,-0.3090169943749467,-1.4613880742913001,0.0
38.0,-0.24868988716485435,-1.383186705767351,0.0
38.0,-0.18738131458572455,-1.2170087976539588,0.0
38.0,-0.1253332335643045,-0.9726295210166178,0.0
38.0,-0.062790519529314,-0.8162267839687196,0.0
38.0,-9.797174393178826e-16,-0.7086999022482896,0.0
38.0,0.06279051952931204,-0.6109481915933532,0.0
38.0,0.12533323356429904,-0.5229716520039105,0.0
38.0,0.1873813145857261,-0.32746823069403685,0.0
38.0,0.24868988716485246,-0.1808406647116323,0.0
38.0,0.3090169943749448,0.004887585532746819,0.0
38.0,0.36812455268467503,0.19061583577712593,0.0
38.0,0.4257792915650727,0.19061583577712593,0.0
38.0,0.48175367410171505,0.2883675464320623,0.0
38.0,0.5358267949789961,0.42521994134897323,0.0
38.0,0.5877852522924695,0.48387096774193505,0.0
38.0,0.6374239897486914,0.6402737047898341,0.0
38.0,0.6845471059286874,0.8260019550342133,0.0
38.0,0.7289686274214101,0.9824046920821115,0.0
38.0,0.7705132427757877,1.0117302052785924,0.0
38.0,0.8090169943749479,1.1974584555229715,0.0
38.0,0.8443279255020153,1.3147605083088951,0.0
38.0,0.8763066800438636,1.4613880742912997,0.0
38.0,0.9048270524660179,1.5982404692082115,0.0
38.0,0.9297764858882525,1.744868035190616,0.0
38.0,0.9510565162951533,1.8914956011730206,0.0
38.0,0.9685831611286307,2.047898338220919,0.0
38.0,0.9822872507286884,2.0869990224828934,0.0
38.0,0.992114701314478,2.1163245356793743,0.0
38.0,0.9980267284282717,2.253176930596285,0.0
38.0,1.0,2.341153470185728,0.0
38.0,0.9980267284282718,2.3020527859237534,0.0
38.0,0.9921147013144783,2.3998044965786898,0.0
38.0,0.9822872507286887,2.4389051808406643,0.0
38.0,0.9685831611286313,2.370478983382209,0.0
38.0,0.9510565162951539,2.4584555229716516,0.0
38.0,0.9297764858882532,2.370478983382209,0.0
38.0,0.9048270524660188,2.341153470185728,0.0
38.0,0.8763066800438646,2.419354838709677,0.0
38.0,0.8443279255020164,2.3802541544477025,0.0
38.0,0.8090169943749491,2.204301075268817,0.0
38.0,0.770513242775789,2.0869990224828934,0.0
38.0,0.7289686274214116,2.0283479960899315,0.0
38.0,0.684547105928689,1.881720430107527,0.0
38.0,0.637423989748693,1.7155425219941352,0.0
38.0,0.5877852522924711,1.666666666666667,0.0
38.0,0.5358267949789979,1.5884652981427179,0.0
38.0,0.4817536741017169,1.480938416422287,0.0
38.0,0.4257792915650746,1.3245356793743888,0.0
38.0,0.368124552684677,1.1876832844574778,0.0
38.0,0.3090169943749468,1.0410557184750733,0.0
38.0,0.24868988716485446,0.913978494623656,0.0
38.0,0.18738131458572815,0.7282502443792769,0.0
38.0,0.1253332335643011,0.6402737047898341,0.0
38.0,0.06279051952931412,0.42521994134897323,0.0
38.0,1.102182119232618e-15,0.27859237536656867,0.0
38.0,-0.06279051952931192,0.14173998044965774,0.0
38.0,-0.12533323356429893,0.014662756598240456,0.0
38.0,-0.187381314585726,-0.12218963831867047,0.0
38.0,-0.24868988716485232,-0.3665689149560114,0.0
38.0,-0.3090169943749447,-0.5718475073313787,0.0
38.0,-0.3681245526846749,-0.7282502443792769,0.0
38.0,-0.4257792915650726,-0.8553274682306942,0.0
38.0,-0.48175367410171493,-1.021505376344086,0.0
38.0,-0.535826794978996,-1.0899315738025415,0.0
38.0,-0.5877852522924694,-1.2561094819159337,0.0
38.0,-0.6374239897486913,-1.304985337243402,0.0
38.0,-0.6845471059286873,-1.383186705767351,0.0
38.0,-0.72896862742141,-1.5591397849462365,0.0
38.0,-0.7705132427757876,-1.6764418377321602,0.0
38.0,-0.8090169943749478,-1.7937438905180842,0.0
38.0,-0.8443279255020152,-1.9012707722385143,0.0
38.0,-0.8763066800438636,-1.9501466275659824,0.0
38.0,-0.9048270524660178,-2.0772238514173997,0.0
38.0,-0.9297764858882525,-2.1065493646138806,0.0
38.0,-0.9510565162951532,-2.174975562072336,0.0
38.0,-0.9685831611286307,-2.3411534701857284,0.0
38.0,-0.9822872507286883,-2.5073313782991202,0.0
38.0,-0.992114701314478,-2.487781036168133,0.0
38.0,-0.9980267284282717,-2.5562072336265884,0.0
38.0,-1.0,-2.5855327468230693,0.0
38.0,-0.9980267284282718,-2.5464320625610948,0.0
38.0,-0.9921147013144783,-2.5464320625610948,0.0
38.0,-0.9822872507286887,-2.5855327468230693,0.0
38.0,-0.9685831611286313,-2.5268817204301075,0.0
38.0,-0.951056516295154,-2.272727272727273,0.0
38.0,-0.9297764858882532,-2.3118279569892475,0.0
38.0,-0.9048270524660188,-2.1652003910068425,0.0
38.0,-0.8763066800438647,-2.047898338220919,0.0
38.0,-0.8443279255020165,-1.9208211143695015,0.0
38.0,-0.8090169943749491,-1.6959921798631474,0.0
38.0,-0.770513242775789,-1.5493646138807429,0.0
38.0,-0.7289686274214117,-1.5689149560117301,0.0
38.0,-0.6845471059286891,-1.3147605083088956,0.0
38.0,-0.6374239897486931,-1.2170087976539588,0.0
38.0,-0.5877852522924712,-1.1192570869990224,0.0
38.0,-0.535826794978998,-1.1485826001955033,0.0
38.0,-0.481753674101717,-1.0606060606060606,0.0
38.0,-0.4257792915650747,-0.8944281524926687,0.0
38.0,-0.3681245526846771,-0.8260019550342133,0.0
38.0,-0.3090169943749469,-0.7086999022482896,0.0
38.0,-0.2486898871648546,-0.7575757575757578,0.0
38.0,-0.18738131458572826,-0.698924731182796,0.0
38.0,-0.12533323356430123,-0.6304985337243405,0.0
38.0,-0.06279051952931425,-0.5229716520039105,0.0
38.0,-1.2246467991473533e-15,-0.35679374389051777,0.0
38.0,0.06279051952931179,-0.22971652003910048,0.0
38.0,0.1253332335642988,-0.17106549364613866,0.0
38.0,0.18738131458572588,-0.004887585532746819,0.0
38.0,0.2486898871648522,0.23949169110459412,0.0
38.0,0.30901699437494456,0.3861192570869987,0.0
38.0,0.3681245526846748,0.3861192570869987,0.0
38.0,0.4257792915650725,0.5816226783968723,0.0
38.0,0.4817536741017148,0.7282502443792769,0.0
38.0,0.5358267949789959,0.8357771260997069,0.0
38.0,0.5877852522924693,0.9921798631476051,0.0
38.0,0.6374239897486885,1.0117302052785924,0.0
38.0,0.6845471059286898,1.0606060606060606,0.0
38.0,0.7289686274214099,1.1876832844574778,0.0
38.0,0.7705132427757853,1.2952101661779079,0.0
38.0,0.8090169943749498,1.265884652981427,0.0
38.0,0.8443279255020152,1.3245356793743888,0.0
38.0,0.8763066800438618,1.480938416422287,0.0
38.0,0.9048270524660192,1.4320625610948188,0.0
38.0,0.9297764858882523,1.5102639296187688,0.0
38.0,0.9510565162951532,1.7839687194525906,0.0
38.0,0.9685831611286316,1.8914956011730206,0.0
38.0,0.9822872507286883,1.8621700879765397,0.0
38.0,0.992114701314478,2.038123167155425,0.0
38.0,0.9980267284282713,2.0869990224828934,0.0
38.0,1.0,2.018572825024438,0.0
38.0,0.9980267284282718,1.959921798631476,0.0
38.0,0.9921147013144788,2.0087976539589443,0.0
38.0,0.9822872507286882,1.9696969696969697,0.0
38.0,0.9685831611286313,1.8719452590420333,0.0
38.0,0.9510565162951551,1.8621700879765397,0.0
38.0,0.929776485888252,1.8621700879765397,0.0
38.0,0.9048270524660189,1.9305962854349952,0.0
38.0,0.8763066800438647,1.9305962854349952,0.0
38.0,0.8443279255020146,1.8230694037145652,0.0
38.0,0.8090169943749492,1.774193548387097,0.0
38.0,0.7705132427757891,1.559139784946237,0.0
38.0,0.7289686274214141,1.5200391006842624,0.0
38.0,0.6845471059286892,1.373411534701857,0.0
38.0,0.6374239897486932,1.3147605083088951,0.0
38.0,0.5877852522924742,1.2463343108504397,0.0
38.0,0.535826794978995,1.1485826001955033,0.0
38.0,0.48175367410171704,1.1094819159335287,0.0
38.0,0.42577929156507804,0.9921798631476051,0.0
38.0,0.3681245526846739,0.8357771260997069,0.0
38.0,0.309016994374947,0.591397849462366,0.0
38.0,0.24868988716485815,0.43499511241446687,0.0
38.0,0.1873813145857249,0.27859237536656867,0.0
38.0,0.12533323356430134,0.16129032258064502,0.0
38.0,0.06279051952931436,0.04398826979472137,0.0
38.0,4.899825157862589e-15,-0.024437927663734094,0.0
38.0,-0.06279051952931168,-0.1026392961876832,0.0
38.0,-0.12533323356429868,-0.22971652003910048,0.0
38.0,-0.18738131458572224,-0.32746823069403685,0.0
38.0,-0.24868988716485554,-0.40566959921798595,0.0
38.0,-0.30901699437494445,-0.5718475073313787,0.0
38.0,-0.3681245526846714,-0.669599217986315,0.0
38.0,-0.4257792915650756,-0.8944281524926687,0.0
38.0,-0.4817536741017147,-1.099706744868035,0.0
38.0,-0.5358267949789928,-1.2267839687194524,0.0
38.0,-0.587785252292472,-1.4027370478983383,0.0
38.0,-0.6374239897486911,-1.4613880742913001,0.0
38.0,-0.6845471059286872,-1.6959921798631474,0.0
38.0,-0.7289686274214123,-1.7937438905180842,0.0
38.0,-0.7705132427757875,-1.881720430107527,0.0
38.0,-0.8090169943749477,-1.989247311827957,0.0
38.0,-0.8443279255020132,-2.067448680351906,0.0
38.0,-0.8763066800438635,-2.2531769305962857,0.0
38.0,-0.9048270524660177,-2.487781036168133,0.0
38.0,-0.929776485888251,-2.644183773216031,0.0
38.0,-0.9510565162951542,-2.673509286412512,0.0
38.0,-0.9685831611286306,-2.732160312805474,0.0
38.0,-0.9822872507286876,-2.927663734115347,0.0
38.0,-0.9921147013144784,-2.90811339198436,0.0
38.0,-0.9980267284282716,-2.9472140762463344,0.0
38.0,-1.0,-2.9667644183773216,0.0
38.0,-0.9980267284282716,-3.005865102639296,0.0
38.0,-0.9921147013144783,-3.0449657869012707,0.0
38.0,-0.9822872507286888,-2.986314760508309,0.0
38.0,-0.9685831611286323,-2.9472140762463344,0.0
39.0,-0.9510565162951536,0.004887585532746819,0.0
39.0,-0.9297764858882512,0.03421309872922773,0.0
39.0,-0.9048270524660199,-0.03421309872922773,0.0
39.0,-0.8763066800438638,0.014662756598240456,0.0
39.0,-0.8443279255020155,-0.48533724340175954,0.0
39.0,-0.8090169943749476,-0.9853372434017595,0.0
39.0,-0.7705132427757896,-1.4853372434017595,0.0
39.0,-0.7289686274214116,-1.412512218963832,0.0
39.0,-0.684547105928689,-1.4320625610948192,0.0
39.0,-0.6374239897486896,-1.3538611925708701,0.0
39.0,-0.5877852522924734,-1.1779081133919842,0.0
39.0,-0.5358267949789963,-1.1876832844574778,0.0
39.0,-0.4817536741017153,-1.0312805474095796,0.0
39.0,-0.4257792915650722,-0.913978494623656,0.0
39.0,-0.3681245526846787,-1.1388074291300097,0.0
39.0,-0.3090169943749477,-0.8455522971652005,0.0
39.0,-0.24868988716485535,-0.7478005865102642,0.0
39.0,-0.18738131458572468,-0.7184750733137832,0.0
39.0,-0.12533323356430465,-0.43499511241446687,0.0
39.0,-0.06279051952931326,-0.21994134897360684,0.0
39.0,-2.4492935982947064e-16,-0.053763440860215006,0.0
39.0,0.06279051952931278,0.08308895405669592,0.0
39.0,0.12533323356430418,0.24926686217008776,0.0
39.0,0.1873813145857242,0.23949169110459412,0.0
39.0,0.24868988716485488,0.24926686217008776,0.0
39.0,0.3090169943749472,0.35679374389051777,0.0
39.0,0.3681245526846782,0.5034213098729223,0.0
39.0,0.42577929156507255,0.4740957966764414,0.0
39.0,0.48175367410171566,0.4740957966764414,0.0
39.0,0.5358267949789967,0.5425219941348978,0.0
39.0,0.5877852522924736,0.6207233626588469,0.0
39.0,0.6374239897486899,0.7380254154447705,0.0
39.0,0.6845471059286893,0.8944281524926687,0.0
39.0,0.7289686274214107,1.0899315738025415,0.0
39.0,0.7705132427757887,1.2561094819159333,0.0
39.0,0.8090169943749468,1.3538611925708697,0.0
39.0,0.8443279255020147,1.5884652981427179,0.0
39.0,0.8763066800438631,1.7057673509286415,0.0
39.0,0.9048270524660194,1.9403714565004888,0.0
39.0,0.9297764858882511,2.145650048875855,0.0
39.0,0.9510565162951535,2.2434017595307916,0.0
39.0,0.968583161128631,2.4682306940371452,0.0
39.0,0.9822872507286886,2.556207233626589,0.0
39.0,0.9921147013144778,2.634408602150538,0.0
39.0,0.9980267284282716,2.741935483870968,0.0
39.0,1.0,2.8103616813294234,0.0
39.0,0.9980267284282716,2.7321603128054743,0.0
39.0,0.9921147013144779,2.849462365591398,0.0
39.0,0.9822872507286886,2.8885630498533725,0.0
39.0,0.9685831611286311,2.8592375366568916,0.0
39.0,0.9510565162951536,2.790811339198436,0.0
39.0,0.9297764858882517,2.741935483870968,0.0
39.0,0.9048270524660192,2.5953079178885634,0.0
39.0,0.8763066800438634,2.4877810361681325,0.0
39.0,0.8443279255020151,2.419354838709677,0.0
39.0,0.8090169943749477,2.3216031280547407,0.0
39.0,0.7705132427757886,2.155425219941349,0.0
39.0,0.728968627421411,2.018572825024438,0.0
39.0,0.6845471059286897,1.9012707722385143,0.0
39.0,0.6374239897486911,1.774193548387097,0.0
39.0,0.5877852522924734,1.5982404692082115,0.0
39.0,0.5358267949789972,1.5200391006842624,0.0
39.0,0.4817536741017162,1.4320625610948188,0.0
39.0,0.42577929156507394,1.2561094819159333,0.0
39.0,0.368124552684678,1.0703812316715542,0.0
39.0,0.3090169943749478,0.9335288367546433,0.0
39.0,0.2486898871648555,0.7771260997067451,0.0
39.0,0.18738131458572568,0.6402737047898341,0.0
39.0,0.1253332335643039,0.4740957966764414,0.0
39.0,0.06279051952931339,0.3372434017595305,0.0
39.0,3.6739403974420594e-16,0.27859237536656867,0.0
39.0,-0.06279051952931265,0.20039100684261957,0.0
39.0,-0.12533323356430318,0.07331378299120228,0.0
39.0,-0.18738131458572496,-0.04398826979472137,0.0
39.0,-0.24868988716485477,-0.14173998044965774,0.0
39.0,-0.30901699437494706,-0.20039100684261957,0.0
39.0,-0.36812455268467725,-0.40566959921798595,0.0
39.0,-0.42577929156507327,-0.5425219941348978,0.0
39.0,-0.48175367410171555,-0.6793743890518087,0.0
39.0,-0.5358267949789965,-0.7184750733137832,0.0
39.0,-0.5877852522924728,-0.8944281524926687,0.0
39.0,-0.6374239897486905,-1.0312805474095796,0.0
39.0,-0.6845471059286892,-1.1974584555229715,0.0
39.0,-0.7289686274214106,-1.412512218963832,0.0
39.0,-0.770513242775788,-1.6568914956011729,0.0
39.0,-0.8090169943749472,-1.8132942326490715,0.0
39.0,-0.8443279255020146,-1.8914956011730206,0.0
39.0,-0.876306680043863,-1.989247311827957,0.0
39.0,-0.9048270524660189,-2.0869990224828934,0.0
39.0,-0.9297764858882513,-2.3411534701857284,0.0
39.0,-0.9510565162951534,-2.4780058651026393,0.0
39.0,-0.968583161128631,-2.6148582600195502,0.0
39.0,-0.9822872507286885,-2.6930596285434993,0.0
39.0,-0.9921147013144779,-2.790811339198436,0.0
39.0,-0.9980267284282716,-2.771260997067449,0.0
39.0,-1.0,-2.8299120234604107,0.0
39.0,-0.9980267284282716,-2.8592375366568916,0.0
39.0,-0.992114701314478,-2.8396871945259043,0.0
39.0,-0.9822872507286886,-2.7810361681329425,0.0
39.0,-0.9685831611286312,-2.7223851417399803,0.0
39.0,-0.9510565162951538,-2.7419354838709675,0.0
39.0,-0.9297764858882517,-2.6930596285434993,0.0
39.0,-0.9048270524660192,-2.624633431085044,0.0
39.0,-0.8763066800438635,-2.4975562072336266,0.0
39.0,-0.8443279255020151,-2.4486803519061584,0.0
39.0,-0.8090169943749477,-2.380254154447703,0.0
39.0,-0.7705132427757886,-2.2434017595307916,0.0
39.0,-0.7289686274214111,-2.1163245356793743,0.0
39.0,-0.6845471059286898,-2.067448680351906,0.0
39.0,-0.6374239897486912,-1.9990224828934506,0.0
39.0,-0.5877852522924735,-1.8914956011730206,0.0
39.0,-0.5358267949789973,-1.7839687194525906,0.0
39.0,-0.4817536741017163,-1.5786901270772238,0.0
39.0,-0.42577929156507405,-1.4516129032258065,0.0
39.0,-0.3681245526846781,-1.3636363636363638,0.0
39.0,-0.3090169943749479,-1.2952101661779083,0.0
39.0,-0.2486898871648556,-1.1388074291300097,0.0
39.0,-0.1873813145857258,-1.0410557184750733,0.0
39.0,-0.125333233564304,-0.9042033235581624,0.0
39.0,-0.06279051952931351,-0.7086999022482896,0.0
39.0,-4.898587196589413e-16,-0.6304985337243405,0.0
39.0,0.06279051952931075,-0.5229716520039105,0.0
39.0,0.12533323356430304,-0.2883675464320623,0.0
39.0,0.1873813145857231,-0.1319648093841641,0.0
39.0,0.24868988716485466,0.053763440860215006,0.0
39.0,0.30901699437494523,0.09286412512218956,0.0
39.0,0.36812455268467714,0.1808406647116323,0.0
39.0,0.42577929156507155,0.26881720430107503,0.0
39.0,0.48175367410171543,0.3958944281524923,0.0
39.0,0.535826794978995,0.5229716520039105,0.0
39.0,0.5877852522924727,0.6109481915933532,0.0
39.0,0.6374239897486891,0.7869012707722387,0.0
39.0,0.6845471059286891,1.0312805474095796,0.0
39.0,0.7289686274214104,1.2561094819159333,0.0
39.0,0.7705132427757891,1.2854349951124142,0.0
39.0,0.8090169943749471,1.4320625610948188,0.0
39.0,0.8443279255020155,1.5395894428152497,0.0
39.0,0.876306680043863,1.7155425219941352,0.0
39.0,0.9048270524660196,1.8914956011730206,0.0
39.0,0.9297764858882513,2.0772238514173997,0.0
39.0,0.951056516295154,2.262952101661779,0.0
39.0,0.9685831611286309,2.4389051808406643,0.0
39.0,0.9822872507286888,2.556207233626589,0.0
39.0,0.9921147013144779,2.5171065493646143,0.0
39.0,0.9980267284282717,2.634408602150538,0.0
39.0,1.0,2.6148582600195507,0.0
39.0,0.9980267284282718,2.6148582600195507,0.0
39.0,0.992114701314478,2.634408602150538,0.0
39.0,0.9822872507286889,2.6930596285435,0.0
39.0,0.9685831611286312,2.683284457478006,0.0
39.0,0.9510565162951543,2.6539589442815252,0.0
39.0,0.9297764858882518,2.556207233626589,0.0
39.0,0.90482705246602,2.4291300097751707,0.0
39.0,0.8763066800438635,2.2434017595307916,0.0
39.0,0.8443279255020162,2.2140762463343107,0.0
39.0,0.8090169943749478,2.047898338220919,0.0
39.0,0.7705132427757898,2.047898338220919,0.0
39.0,0.7289686274214112,1.852394916911046,0.0
39.0,0.6845471059286898,1.559139784946237,0.0
39.0,0.6374239897486899,1.3929618768328442,0.0
39.0,0.5877852522924736,1.2463343108504397,0.0
39.0,0.5358267949789959,1.0801564027370478,0.0
39.0,0.48175367410171643,0.9237536656891496,0.0
39.0,0.42577929156507255,0.9042033235581624,0.0
39.0,0.3681245526846782,0.806451612903226,0.0
39.0,0.3090169943749463,0.7184750733137832,0.0
39.0,0.2486898871648557,0.6109481915933532,0.0
39.0,0.18738131458572418,0.4643206256109478,0.0
39.0,0.12533323356430415,0.3372434017595305,0.0
39.0,0.06279051952931186,0.24926686217008776,0.0
39.0,6.123233995736766e-16,0.08308895405669592,0.0
39.0,-0.06279051952931064,0.024437927663734094,0.0
39.0,-0.12533323356430293,-0.1319648093841641,0.0
39.0,-0.18738131458572296,-0.29814271749755594,0.0
39.0,-0.24868988716485452,-0.4154447702834796,0.0
39.0,-0.3090169943749451,-0.5425219941348978,0.0
39.0,-0.3681245526846787,-0.7086999022482896,0.0
39.0,-0.42577929156506983,-0.7869012707722387,0.0
39.0,-0.4817536741017154,-0.9335288367546433,0.0
39.0,-0.5358267949789964,-1.0703812316715542,0.0
39.0,-0.5877852522924726,-1.1876832844574778,0.0
39.0,-0.637423989748689,-1.275659824046921,0.0
39.0,-0.6845471059286877,-1.4418377321603129,0.0
39.0,-0.7289686274214103,-1.5004887585532747,0.0
39.0,-0.7705132427757901,-1.6959921798631474,0.0
39.0,-0.809016994374946,-1.8132942326490715,0.0
39.0,-0.8443279255020155,-1.9501466275659824,0.0
39.0,-0.8763066800438638,-2.0772238514173997,0.0
39.0,-0.9048270524660196,-2.2140762463343107,0.0
39.0,-0.9297764858882513,-2.2825024437927666,0.0
39.0,-0.9510565162951534,-2.4389051808406648,0.0
39.0,-0.9685831611286309,-2.458455522971652,0.0
39.0,-0.982287250728689,-2.565982404692082,0.0
39.0,-0.9921147013144777,-2.624633431085044,0.0
39.0,-0.9980267284282717,-2.771260997067449,0.0
39.0,-1.0,-2.898338220918866,0.0
39.0,-0.9980267284282718,-2.927663734115347,0.0
39.0,-0.9921147013144778,-3.172043010752688,0.0
39.0,-0.9822872507286894,-3.1036168132942326,0.0
39.0,-0.9685831611286312,-3.0254154447702835,0.0
39.0,-0.9510565162951538,-3.064516129032258,0.0
39.0,-0.9297764858882518,-3.0254154447702835,0.0
39.0,-0.9048270524660201,-2.8885630498533725,0.0
39.0,-0.8763066800438645,-2.7419354838709675,0.0
39.0,-0.8443279255020162,-2.673509286412512,0.0
39.0,-0.8090169943749468,-2.5757575757575757,0.0
39.0,-0.770513242775791,-2.4780058651026393,0.0
39.0,-0.7289686274214113,-2.39980449657869,0.0
39.0,-0.6845471059286887,-2.2531769305962857,0.0
39.0,-0.63742398974869,-2.2238514173998043,0.0
39.0,-0.5877852522924737,-2.0576735092864125,0.0
39.0,-0.5358267949789975,-1.9305962854349952,0.0
39.0,-0.48175367410171654,-1.735092864125122,0.0
39.0,-0.42577929156507105,-1.5493646138807429,0.0
39.0,-0.36812455268468,-1.3245356793743892,0.0
39.0,-0.3090169943749464,-1.1681329423264906,0.0
39.0,-0.2486898871648541,-1.0606060606060606,0.0
39.0,-0.1873813145857243,-0.8748778103616814,0.0
39.0,-0.12533323356430426,-0.806451612903226,0.0
39.0,-0.06279051952931375,-0.6891495601173023,0.0
39.0,-7.347880794884119e-16,-0.5718475073313787,0.0
39.0,0.06279051952931229,-0.591397849462366,0.0
39.0,0.12533323356430282,-0.4740957966764414,0.0
39.0,0.18738131458572285,-0.3861192570869987,0.0
39.0,0.24868988716485269,-0.2590420332355814,0.0
39.0,0.309016994374945,-0.11241446725317683,0.0
39.0,0.3681245526846786,-0.04398826979472137,0.0
39.0,0.4257792915650697,0.11241446725317683,0.0
39.0,0.48175367410171527,0.17106549364613866,0.0
39.0,0.5358267949789963,0.3176930596285432,0.0
39.0,0.5877852522924725,0.40566959921798595,0.0
39.0,0.6374239897486889,0.5131964809384169,0.0
39.0,0.6845471059286876,0.6207233626588469,0.0
39.0,0.7289686274214102,0.6500488758553278,0.0
39.0,0.7705132427757901,0.8553274682306942,0.0
39.0,0.8090169943749459,0.9628543499511242,0.0
39.0,0.8443279255020154,1.0899315738025415,0.0
39.0,0.8763066800438637,1.236559139784946,0.0
39.0,0.9048270524660195,1.4125122189638315,0.0
39.0,0.9297764858882512,1.7546432062561097,0.0
39.0,0.9510565162951533,1.9990224828934506,0.0
39.0,0.9685831611286309,2.1358748778103616,0.0
39.0,0.982287250728689,2.204301075268817,0.0
39.0,0.9921147013144777,2.3802541544477025,0.0
39.0,0.9980267284282717,2.4095796676441834,0.0
39.0,1.0,2.4389051808406643,0.0
39.0,0.9980267284282718,2.526881720430108,0.0
39.0,0.9921147013144778,2.5659824046920825,0.0
39.0,0.9822872507286894,2.5659824046920825,0.0
39.0,0.9685831611286312,2.5855327468230698,0.0
39.0,0.9510565162951539,2.575757575757576,0.0
39.0,0.9297764858882518,2.6441837732160316,0.0
39.0,0.9048270524660201,2.556207233626589,0.0
39.0,0.8763066800438645,2.5073313782991207,0.0
39.0,0.8443279255020163,2.478005865102639,0.0
39.0,0.8090169943749469,2.3802541544477025,0.0
39.0,0.7705132427757911,2.262952101661779,0.0
39.0,0.7289686274214113,2.0283479960899315,0.0
39.0,0.6845471059286887,1.881720430107527,0.0
39.0,0.6374239897486901,1.8230694037145652,0.0
39.0,0.5877852522924738,1.6764418377321606,0.0
39.0,0.5358267949789977,1.529814271749756,0.0
39.0,0.48175367410171666,1.3929618768328442,0.0
39.0,0.42577929156507116,1.236559139784946,0.0
39.0,0.3681245526846801,0.9921798631476051,0.0
39.0,0.30901699437494656,0.9335288367546433,0.0
39.0,0.24868988716485424,0.806451612903226,0.0
39.0,0.1873813145857244,0.6598240469208214,0.0
39.0,0.1253332335643044,0.45454545454545414,0.0
39.0,0.06279051952931387,0.2590420332355814,0.0
39.0,8.572527594031472e-16,0.20039100684261957,0.0
39.0,-0.06279051952931217,0.1319648093841641,0.0
39.0,-0.12533323356430268,-0.06353861192570864,0.0
39.0,-0.18738131458572274,-0.1319648093841641,0.0
39.0,-0.24868988716485257,-0.26881720430107503,0.0
39.0,-0.3090169943749449,-0.37634408602150504,0.0
39.0,-0.3681245526846785,-0.48387096774193505,0.0
39.0,-0.4257792915650696,-0.5816226783968723,0.0
39.0,-0.48175367410171516,-0.7282502443792769,0.0
39.0,-0.5358267949789962,-0.8455522971652005,0.0
39.0,-0.5877852522924725,-0.9335288367546433,0.0
39.0,-0.6374239897486887,-0.9921798631476051,0.0
39.0,-0.6845471059286875,-1.0410557184750733,0.0
39.0,-0.7289686274214101,-1.1388074291300097,0.0
39.0,-0.77051324277579,-1.2854349951124147,0.0
39.0,-0.8090169943749459,-1.4516129032258065,0.0
39.0,-0.8443279255020153,-1.520039100684262,0.0
39.0,-0.8763066800438637,-1.5493646138807429,0.0
39.0,-0.9048270524660195,-1.6862170087976538,0.0
39.0,-0.9297764858882512,-1.8035190615835779,0.0
39.0,-0.9510565162951533,-1.881720430107527,0.0
39.0,-0.9685831611286309,-2.126099706744868,0.0
39.0,-0.982287250728689,-2.321603128054741,0.0
39.0,-0.9921147013144775,-2.458455522971652,0.0
39.0,-0.9980267284282717,-2.487781036168133,0.0
39.0,-1.0,-2.4682306940371457,0.0
39.0,-0.9980267284282718,-2.380254154447703,0.0
39.0,-0.9921147013144778,-2.3313782991202348,0.0
39.0,-0.9822872507286894,-2.3313782991202348,0.0
39.0,-0.9685831611286313,-2.3607038123167157,0.0
39.0,-0.9510565162951539,-2.4389051808406648,0.0
39.0,-0.9297764858882519,-2.4975562072336266,0.0
39.0,-0.9048270524660202,-2.429130009775171,0.0
39.0,-0.8763066800438646,-2.429130009775171,0.0
39.0,-0.8443279255020164,-2.272727272727273,0.0
39.0,-0.8090169943749469,-2.1358748778103616,0.0
39.0,-0.7705132427757913,-2.0869990224828934,0.0
39.0,-0.7289686274214114,-2.0087976539589443,0.0
39.0,-0.6845471059286888,-1.9794721407624634,0.0
39.0,-0.6374239897486902,-1.7937438905180842,0.0
39.0,-0.5877852522924739,-1.6959921798631474,0.0
39.0,-0.5358267949789978,-1.6177908113391983,0.0
39.0,-0.48175367410171677,-1.4222873900293256,0.0
39.0,-0.42577929156507127,-1.2170087976539588,0.0
39.0,-0.3681245526846802,-1.0410557184750733,0.0
39.0,-0.3090169943749467,-0.9628543499511242,0.0
39.0,-0.24868988716485435,-0.8357771260997069,0.0
39.0,-0.18738131458572455,-0.7184750733137832,0.0
39.0,-0.1253332335643045,-0.6598240469208214,0.0
39.0,-0.062790519529314,-0.45454545454545414,0.0
39.0,-9.797174393178826e-16,-0.24926686217008776,0.0
39.0,0.06279051952931204,-0.14173998044965774,0.0
39.0,0.12533323356429904,-0.06353861192570864,0.0
39.0,0.1873813145857261,0.1026392961876832,0.0
39.0,0.24868988716485246,0.23949169110459412,0.0
39.0,0.3090169943749448,0.4740957966764414,0.0
39.0,0.36812455268467503,0.5131964809384169,0.0
39.0,0.4257792915650727,0.6011730205278596,0.0
39.0,0.48175367410171505,0.8260019550342133,0.0
39.0,0.5358267949789961,0.8651026392961878,0.0
39.0,0.5877852522924695,0.9237536656891496,0.0
39.0,0.6374239897486914,1.099706744868035,0.0
39.0,0.6845471059286874,1.236559139784946,0.0
39.0,0.7289686274214101,1.4418377321603124,0.0
39.0,0.7705132427757877,1.559139784946237,0.0
39.0,0.8090169943749479,1.744868035190616,0.0
39.0,0.8443279255020153,1.7937438905180842,0.0
39.0,0.8763066800438636,1.852394916911046,0.0
39.0,0.9048270524660179,1.9012707722385143,0.0
39.0,0.9297764858882525,2.0087976539589443,0.0
39.0,0.9510565162951533,2.0283479960899315,0.0
39.0,0.9685831611286307,2.1163245356793743,0.0
39.0,0.9822872507286884,2.1652003910068425,0.0
39.0,0.992114701314478,2.2238514173998043,0.0
39.0,0.9980267284282717,2.4291300097751707,0.0
39.0,1.0,2.526881720430108,0.0
39.0,0.9980267284282718,2.5366568914956016,0.0
39.0,0.9921147013144783,2.546432062561095,0.0
39.0,0.9822872507286887,2.5659824046920825,0.0
39.0,0.9685831611286313,2.6441837732160316,0.0
39.0,0.9510565162951539,2.546432062561095,0.0
39.0,0.9297764858882532,2.478005865102639,0.0
39.0,0.9048270524660188,2.390029325513196,0.0
39.0,0.8763066800438646,2.3802541544477025,0.0
39.0,0.8443279255020164,2.253176930596285,0.0
39.0,0.8090169943749491,2.2434017595307916,0.0
39.0,0.770513242775789,2.2238514173998043,0.0
39.0,0.7289686274214116,2.155425219941349,0.0
39.0,0.684547105928689,1.9990224828934506,0.0
39.0,0.637423989748693,1.8914956011730206,0.0
39.0,0.5877852522924711,1.7546432062561097,0.0
39.0,0.5358267949789979,1.7546432062561097,0.0
39.0,0.4817536741017169,1.5493646138807433,0.0
39.0,0.4257792915650746,1.4907135874877806,0.0
39.0,0.368124552684677,1.265884652981427,0.0
39.0,0.3090169943749468,1.129032258064516,0.0
39.0,0.24868988716485446,0.913978494623656,0.0
39.0,0.18738131458572815,0.7966764418377323,0.0
39.0,0.1253332335643011,0.669599217986315,0.0
39.0,0.06279051952931412,0.5522971652003914,0.0
39.0,1.102182119232618e-15,0.27859237536656867,0.0
39.0,-0.06279051952931192,0.14173998044965774,0.0
39.0,-0.12533323356429893,0.06353861192570864,0.0
39.0,-0.187381314585726,-0.12218963831867047,0.0
39.0,-0.24868988716485232,-0.22971652003910048,0.0
39.0,-0.3090169943749447,-0.32746823069403685,0.0
39.0,-0.3681245526846749,-0.5034213098729232,0.0
39.0,-0.4257792915650726,-0.669599217986315,0.0
39.0,-0.48175367410171493,-0.7478005865102642,0.0
39.0,-0.535826794978996,-0.8455522971652005,0.0
39.0,-0.5877852522924694,-0.9530791788856305,0.0
39.0,-0.6374239897486913,-1.0801564027370478,0.0
39.0,-0.6845471059286873,-1.236559139784946,0.0
39.0,-0.72896862742141,-1.412512218963832,0.0
39.0,-0.7705132427757876,-1.5395894428152492,0.0
39.0,-0.8090169943749478,-1.705767350928641,0.0
39.0,-0.8443279255020152,-1.9696969696969697,0.0
39.0,-0.8763066800438636,-2.1945259042033234,0.0
39.0,-0.9048270524660178,-2.302052785923754,0.0
39.0,-0.9297764858882525,-2.3900293255131966,0.0
39.0,-0.9510565162951532,-2.39980449657869,0.0
39.0,-0.9685831611286307,-2.4389051808406648,0.0
39.0,-0.9822872507286883,-2.4682306940371457,0.0
39.0,-0.992114701314478,-2.5073313782991202,0.0
39.0,-0.9980267284282717,-2.595307917888563,0.0
39.0,-1.0,-2.5757575757575757,0.0
39.0,-0.9980267284282718,-2.624633431085044,0.0
39.0,-0.9921147013144783,-2.771260997067449,0.0
39.0,-0.9822872507286887,-2.653958944281525,0.0
39.0,-0.9685831611286313,-2.5562072336265884,0.0
39.0,-0.951056516295154,-2.4389051808406648,0.0
39.0,-0.9297764858882532,-2.4486803519061584,0.0
39.0,-0.9048270524660188,-2.3704789833822093,0.0
39.0,-0.8763066800438647,-2.2531769305962857,0.0
39.0,-0.8443279255020165,-2.1847507331378297,0.0
39.0,-0.8090169943749491,-2.1652003910068425,0.0
39.0,-0.770513242775789,-1.9501466275659824,0.0
39.0,-0.7289686274214117,-1.9208211143695015,0.0
39.0,-0.6845471059286891,-1.7448680351906156,0.0
39.0,-0.6374239897486931,-1.6666666666666665,0.0
39.0,-0.5877852522924712,-1.4222873900293256,0.0
39.0,-0.535826794978998,-1.304985337243402,0.0
39.0,-0.481753674101717,-1.1876832844574778,0.0
39.0,-0.4257792915650747,-0.9726295210166178,0.0
39.0,-0.3681245526846771,-0.9433040078201369,0.0
39.0,-0.3090169943749469,-0.806451612903226,0.0
39.0,-0.2486898871648546,-0.7086999022482896,0.0
39.0,-0.18738131458572826,-0.669599217986315,0.0
39.0,-0.12533323356430123,-0.6304985337243405,0.0
39.0,-0.06279051952931425,-0.45454545454545414,0.0
39.0,-1.2246467991473533e-15,-0.3861192570869987,0.0
39.0,0.06279051952931179,-0.2883675464320623,0.0
39.0,0.1253332335642988,-0.09286412512218956,0.0
39.0,0.18738131458572588,-0.07331378299120228,0.0
39.0,0.2486898871648522,0.004887585532746819,0.0
39.0,0.30901699437494456,0.14173998044965774,0.0
39.0,0.3681245526846748,0.21994134897360684,0.0
39.0,0.4257792915650725,0.32746823069403685,0.0
39.0,0.4817536741017148,0.4154447702834796,0.0
39.0,0.5358267949789959,0.6304985337243405,0.0
39.0,0.5877852522924693,0.7184750733137832,0.0
39.0,0.6374239897486885,0.9335288367546433,0.0
39.0,0.6845471059286898,1.099706744868035,0.0
39.0,0.7289686274214099,1.2952101661779079,0.0
39.0,0.7705132427757853,1.2854349951124142,0.0
39.0,0.8090169943749498,1.5004887585532742,0.0
39.0,0.8443279255020152,1.6862170087976542,0.0
39.0,0.8763066800438618,1.8621700879765397,0.0
39.0,0.9048270524660192,2.0087976539589443,0.0
39.0,0.9297764858882523,2.126099706744868,0.0
39.0,0.9510565162951532,2.262952101661779,0.0
39.0,0.9685831611286316,2.282502443792766,0.0
39.0,0.9822872507286883,2.4682306940371452,0.0
39.0,0.992114701314478,2.546432062561095,0.0
39.0,0.9980267284282713,2.497556207233626,0.0
39.0,1.0,2.5953079178885634,0.0
39.0,0.9980267284282718,2.546432062561095,0.0
39.0,0.9921147013144788,2.4682306940371452,0.0
39.0,0.9822872507286882,2.4877810361681325,0.0
39.0,0.9685831611286313,2.5366568914956016,0.0
39.0,0.9510565162951551,2.448680351906158,0.0
39.0,0.929776485888252,2.390029325513196,0.0
39.0,0.9048270524660189,2.3509286412512216,0.0
39.0,0.8763066800438647,2.3020527859237534,0.0
39.0,0.8443279255020146,2.233626588465298,0.0
39.0,0.8090169943749492,2.1652003910068425,0.0
39.0,0.7705132427757891,2.1358748778103616,0.0
39.0,0.7289686274214141,2.067448680351906,0.0
39.0,0.6845471059286892,1.9990224828934506,0.0
39.0,0.6374239897486932,1.881720430107527,0.0
39.0,0.5877852522924742,1.7155425219941352,0.0
39.0,0.535826794978995,1.5395894428152497,0.0
39.0,0.48175367410171704,1.4320625610948188,0.0
39.0,0.42577929156507804,1.2561094819159333,0.0
39.0,0.3681245526846739,1.1094819159335287,0.0
39.0,0.309016994374947,0.9530791788856305,0.0
39.0,0.24868988716485815,0.7086999022482896,0.0
39.0,0.1873813145857249,0.6109481915933532,0.0
39.0,0.12533323356430134,0.5816226783968723,0.0
39.0,0.06279051952931436,0.5034213098729223,0.0
39.0,4.899825157862589e-15,0.37634408602150504,0.0
39.0,-0.06279051952931168,0.24926686217008776,0.0
39.0,-0.12533323356429868,0.06353861192570864,0.0
39.0,-0.18738131458572224,-0.04398826979472137,0.0
39.0,-0.24868988716485554,-0.1808406647116323,0.0
39.0,-0.30901699437494445,-0.3861192570869987,0.0
39.0,-0.3681245526846714,-0.48387096774193505,0.0
39.0,-0.4257792915650756,-0.6011730205278596,0.0
39.0,-0.4817536741017147,-0.8162267839687196,0.0
39.0,-0.5358267949789928,-0.9921798631476051,0.0
39.0,-0.587785252292472,-1.0703812316715542,0.0
39.0,-0.6374239897486911,-1.2952101661779083,0.0
39.0,-0.6845471059286872,-1.4320625610948192,0.0
39.0,-0.7289686274214123,-1.6080156402737047,0.0
39.0,-0.7705132427757875,-1.8132942326490715,0.0
39.0,-0.8090169943749477,-1.852394916911046,0.0
39.0,-0.8443279255020132,-1.9208211143695015,0.0
39.0,-0.8763066800438635,-2.067448680351906,0.0
39.0,-0.9048270524660177,-2.0087976539589443,0.0
39.0,-0.929776485888251,-2.1652003910068425,0.0
39.0,-0.9510565162951542,-2.29227761485826,0.0
39.0,-0.9685831611286306,-2.4193548387096775,0.0
39.0,-0.9822872507286876,-2.5757575757575757,0.0
39.0,-0.9921147013144784,-2.5855327468230693,0.0
39.0,-0.9980267284282716,-2.7126099706744866,0.0
39.0,-1.0,-2.6930596285434993,0.0
39.0,-0.9980267284282716,-2.7419354838709675,0.0
39.0,-0.9921147013144783,-2.8299120234604107,0.0
39.0,-0.9822872507286888,-2.8690127077223853,0.0
39.0,-0.9685831611286323,-2.9178885630498534,0.0
40.0,-0.9510565162951536,0.014662756598240456,0.0
40.0,-0.9297764858882512,-0.014662756598240456,0.0
40.0,-0.9048270524660199,0.004887585532746819,0.0
40.0,-0.8763066800438638,0.08308895405669592,0.0
40.0,-0.8443279255020155,-0.4169110459433041,0.0
40.0,-0.8090169943749476,-0.9169110459433041,0.0
40.0,-0.7705132427757896,-1.416911045943304,0.0
40.0,-0.7289686274214116,-1.4809384164222874,0.0
40.0,-0.684547105928689,-1.4222873900293256,0.0
40.0,-0.6374239897486896,-1.4320625610948192,0.0
40.0,-0.5877852522924734,-1.4320625610948192,0.0
40.0,-0.5358267949789963,-1.3636363636363638,0.0
40.0,-0.4817536741017153,-1.2267839687194524,0.0
40.0,-0.4257792915650722,-1.1876832844574778,0.0
40.0,-0.3681245526846787,-1.0312805474095796,0.0
40.0,-0.3090169943749477,-1.0117302052785924,0.0
40.0,-0.24868988716485535,-0.9628543499511242,0.0
40.0,-0.18738131458572468,-0.9042033235581624,0.0
40.0,-0.12533323356430465,-0.7575757575757578,0.0
40.0,-0.06279051952931326,-0.6793743890518087,0.0
40.0,-2.4492935982947064e-16,-0.6109481915933532,0.0
40.0,0.06279051952931278,-0.5425219941348978,0.0
40.0,0.12533323356430418,-0.5034213098729232,0.0
40.0,0.1873813145857242,-0.3861192570869987,0.0
40.0,0.24868988716485488,-0.24926686217008776,0.0
40.0,0.3090169943749472,-0.06353861192570864,0.0
40.0,0.3681245526846782,0.07331378299120228,0.0
40.0,0.42577929156507255,0.20039100684261957,0.0
40.0,0.48175367410171566,0.34701857282502413,0.0
40.0,0.5358267949789967,0.48387096774193505,0.0
40.0,0.5877852522924736,0.6793743890518087,0.0
40.0,0.6374239897486899,0.8846529814271751,0.0
40.0,0.6845471059286893,1.0117302052785924,0.0
40.0,0.7289686274214107,1.129032258064516,0.0
40.0,0.7705132427757887,1.2170087976539588,0.0
40.0,0.8090169943749468,1.4027370478983379,0.0
40.0,0.8443279255020147,1.6080156402737051,0.0
40.0,0.8763066800438631,1.666666666666667,0.0
40.0,0.9048270524660194,1.7644183773216033,0.0
40.0,0.9297764858882511,1.9696969696969697,0.0
40.0,0.9510565162951535,2.0283479960899315,0.0
40.0,0.968583161128631,2.155425219941349,0.0
40.0,0.9822872507286886,2.370478983382209,0.0
40.0,0.9921147013144778,2.4682306940371452,0.0
40.0,0.9980267284282716,2.663734115347019,0.0
40.0,1.0,2.6441837732160316,0.0
40.0,0.9980267284282716,2.5659824046920825,0.0
40.0,0.9921147013144779,2.634408602150538,0.0
40.0,0.9822872507286886,2.683284457478006,0.0
40.0,0.9685831611286311,2.5855327468230698,0.0
40.0,0.9510565162951536,2.575757575757576,0.0
40.0,0.9297764858882517,2.3998044965786898,0.0
40.0,0.9048270524660192,2.4682306940371452,0.0
40.0,0.8763066800438634,2.5171065493646143,0.0
40.0,0.8443279255020151,2.4682306940371452,0.0
40.0,0.8090169943749477,2.2140762463343107,0.0
40.0,0.7705132427757886,2.1163245356793743,0.0
40.0,0.728968627421411,2.155425219941349,0.0
40.0,0.6845471059286897,1.9696969696969697,0.0
40.0,0.6374239897486911,1.8328445747800588,0.0
40.0,0.5877852522924734,1.7839687194525906,0.0
40.0,0.5358267949789972,1.6862170087976542,0.0
40.0,0.4817536741017162,1.6080156402737051,0.0
40.0,0.42577929156507394,1.4613880742912997,0.0
40.0,0.368124552684678,1.3049853372434015,0.0
40.0,0.3090169943749478,1.3147605083088951,0.0
40.0,0.2486898871648555,1.4907135874877806,0.0
40.0,0.18738131458572568,1.2170087976539588,0.0
40.0,0.1253332335643039,1.1974584555229715,0.0
40.0,0.06279051952931339,1.129032258064516,0.0
40.0,3.6739403974420594e-16,1.158357771260997,0.0
40.0,-0.06279051952931265,0.9335288367546433,0.0
40.0,-0.12533323356430318,0.8162267839687196,0.0
40.0,-0.18738131458572496,0.6402737047898341,0.0
40.0,-0.24868988716485477,0.591397849462366,0.0
40.0,-0.30901699437494706,0.4936461388074287,0.0
40.0,-0.36812455268467725,0.591397849462366,0.0
40.0,-0.42577929156507327,0.5522971652003914,0.0
40.0,-0.48175367410171555,0.32746823069403685,0.0
40.0,-0.5358267949789965,0.08308895405669592,0.0
40.0,-0.5877852522924728,0.06353861192570864,0.0
40.0,-0.6374239897486905,-0.03421309872922773,0.0
40.0,-0.6845471059286892,-0.24926686217008776,0.0
40.0,-0.7289686274214106,-0.4447702834799605,0.0
40.0,-0.770513242775788,-0.698924731182796,0.0
40.0,-0.8090169943749472,-0.8651026392961878,0.0
40.0,-0.8443279255020146,-0.9628543499511242,0.0
40.0,-0.876306680043863,-1.0019550342130987,0.0
40.0,-0.9048270524660189,-1.129032258064516,0.0
40.0,-0.9297764858882513,-1.2658846529814274,0.0
40.0,-0.9510565162951534,-1.4711632453567938,0.0
40.0,-0.968583161128631,-1.6568914956011729,0.0
40.0,-0.9822872507286885,-1.852394916911046,0.0
40.0,-0.9921147013144779,-2.047898338220919,0.0
40.0,-0.9980267284282716,-2.1358748778103616,0.0
40.0,-1.0,-2.2238514173998043,0.0
40.0,-0.9980267284282716,-2.2434017595307916,0.0
40.0,-0.992114701314478,-2.302052785923754,0.0
40.0,-0.9822872507286886,-2.3313782991202348,0.0
40.0,-0.9685831611286312,-2.429130009775171,0.0
40.0,-0.9510565162951538,-2.5073313782991202,0.0
40.0,-0.9297764858882517,-2.5073313782991202,0.0
40.0,-0.9048270524660192,-2.429130009775171,0.0
40.0,-0.8763066800438635,-2.3411534701857284,0.0
40.0,-0.8443279255020151,-2.204301075268817,0.0
40.0,-0.8090169943749477,-2.145650048875855,0.0
40.0,-0.7705132427757886,-2.0576735092864125,0.0
40.0,-0.7289686274214111,-2.038123167155425,0.0
40.0,-0.6845471059286898,-1.9696969696969697,0.0
40.0,-0.6374239897486912,-1.7546432062561097,0.0
40.0,-0.5877852522924735,-1.5493646138807429,0.0
40.0,-0.5358267949789973,-1.4711632453567938,0.0
40.0,-0.4817536741017163,-1.383186705767351,0.0
40.0,-0.42577929156507405,-1.236559139784946,0.0
40.0,-0.3681245526846781,-1.0410557184750733,0.0
40.0,-0.3090169943749479,-0.9628543499511242,0.0
40.0,-0.2486898871648556,-0.8162267839687196,0.0
40.0,-0.1873813145857258,-0.669599217986315,0.0
40.0,-0.125333233564304,-0.591397849462366,0.0
40.0,-0.06279051952931351,-0.4643206256109478,0.0
40.0,-4.898587196589413e-16,-0.24926686217008776,0.0
40.0,0.06279051952931075,-0.1026392961876832,0.0
40.0,0.12533323356430304,0.06353861192570864,0.0
40.0,0.1873813145857231,0.19061583577712593,0.0
40.0,0.24868988716485466,0.29814271749755594,0.0
40.0,0.30901699437494523,0.3665689149560114,0.0
40.0,0.36812455268467714,0.5425219941348978,0.0
40.0,0.42577929156507155,0.7282502443792769,0.0
40.0,0.48175367410171543,0.8553274682306942,0.0
40.0,0.535826794978995,0.9237536656891496,0.0
40.0,0.5877852522924727,1.2170087976539588,0.0
40.0,0.6374239897486891,1.3147605083088951,0.0
40.0,0.6845471059286891,1.4418377321603124,0.0
40.0,0.7289686274214104,1.559139784946237,0.0
40.0,0.7705132427757891,1.7057673509286415,0.0
40.0,0.8090169943749471,1.7057673509286415,0.0
40.0,0.8443279255020155,1.9501466275659824,0.0
40.0,0.876306680043863,2.1163245356793743,0.0
40.0,0.9048270524660196,2.2238514173998043,0.0
40.0,0.9297764858882513,2.262952101661779,0.0
40.0,0.951056516295154,2.4095796676441834,0.0
40.0,0.9685831611286309,2.605083088954057,0.0
40.0,0.9822872507286888,2.6735092864125125,0.0
40.0,0.9921147013144779,2.849462365591398,0.0
40.0,0.9980267284282717,2.8299120234604107,0.0
40.0,1.0,2.9765395894428153,0.0
40.0,0.9980267284282718,2.9960899315738025,0.0
40.0,0.992114701314478,2.927663734115347,0.0
40.0,0.9822872507286889,2.8299120234604107,0.0
40.0,0.9685831611286312,2.741935483870968,0.0
40.0,0.9510565162951543,2.7028347996089934,0.0
40.0,0.9297764858882518,2.6735092864125125,0.0
40.0,0.90482705246602,2.7614858260019552,0.0
40.0,0.8763066800438635,2.6930596285435,0.0
40.0,0.8443279255020162,2.5659824046920825,0.0
40.0,0.8090169943749478,2.5659824046920825,0.0
40.0,0.7705132427757898,2.4389051808406643,0.0
40.0,0.7289686274214112,2.262952101661779,0.0
40.0,0.6845471059286898,2.204301075268817,0.0
40.0,0.6374239897486899,2.126099706744868,0.0
40.0,0.5877852522924736,2.1163245356793743,0.0
40.0,0.5358267949789959,2.0087976539589443,0.0
40.0,0.48175367410171643,1.7937438905180842,0.0
40.0,0.42577929156507255,1.637341153470186,0.0
40.0,0.3681245526846782,1.5102639296187688,0.0
40.0,0.3090169943749463,1.3831867057673506,0.0
40.0,0.2486898871648557,1.2072336265884651,0.0
40.0,0.18738131458572418,1.1681329423264906,0.0
40.0,0.12533323356430415,1.050830889540567,0.0
40.0,0.06279051952931186,0.8846529814271751,0.0
40.0,6.123233995736766e-16,0.6598240469208214,0.0
40.0,-0.06279051952931064,0.5425219941348978,0.0
40.0,-0.12533323356430293,0.3665689149560114,0.0
40.0,-0.18738131458572296,0.21994134897360684,0.0
40.0,-0.24868988716485452,0.14173998044965774,0.0
40.0,-0.3090169943749451,0.014662756598240456,0.0
40.0,-0.3681245526846787,-0.1026392961876832,0.0
40.0,-0.42577929156506983,-0.20039100684261957,0.0
40.0,-0.4817536741017154,-0.40566959921798595,0.0
40.0,-0.5358267949789964,-0.4643206256109478,0.0
40.0,-0.5877852522924726,-0.562072336265885,0.0
40.0,-0.637423989748689,-0.6500488758553278,0.0
40.0,-0.6845471059286877,-0.806451612903226,0.0
40.0,-0.7289686274214103,-0.9824046920821115,0.0
40.0,-0.7705132427757901,-1.1388074291300097,0.0
40.0,-0.809016994374946,-1.3929618768328447,0.0
40.0,-0.8443279255020155,-1.5298142717497556,0.0
40.0,-0.8763066800438638,-1.7546432062561097,0.0
40.0,-0.9048270524660196,-1.8328445747800588,0.0
40.0,-0.9297764858882513,-2.0576735092864125,0.0
40.0,-0.9510565162951534,-2.174975562072336,0.0
40.0,-0.9685831611286309,-2.233626588465298,0.0
40.0,-0.982287250728689,-2.3900293255131966,0.0
40.0,-0.9921147013144777,-2.5073313782991202,0.0
40.0,-0.9980267284282717,-2.536656891495601,0.0
40.0,-1.0,-2.5757575757575757,0.0
40.0,-0.9980267284282718,-2.624633431085044,0.0
40.0,-0.9921147013144778,-2.624633431085044,0.0
40.0,-0.9822872507286894,-2.6050830889540566,0.0
40.0,-0.9685831611286312,-2.536656891495601,0.0
40.0,-0.9510565162951538,-2.5464320625610948,0.0
40.0,-0.9297764858882518,-2.4486803519061584,0.0
40.0,-0.9048270524660201,-2.4486803519061584,0.0
40.0,-0.8763066800438645,-2.3704789833822093,0.0
40.0,-0.8443279255020162,-2.3411534701857284,0.0
40.0,-0.8090169943749468,-2.321603128054741,0.0
40.0,-0.770513242775791,-2.155425219941349,0.0
40.0,-0.7289686274214113,-2.0576735092864125,0.0
40.0,-0.6845471059286887,-1.9208211143695015,0.0
40.0,-0.63742398974869,-1.8621700879765397,0.0
40.0,-0.5877852522924737,-1.6959921798631474,0.0
40.0,-0.5358267949789975,-1.5591397849462365,0.0
40.0,-0.48175367410171654,-1.5004887585532747,0.0
40.0,-0.42577929156507105,-1.3538611925708701,0.0
40.0,-0.36812455268468,-1.2072336265884651,0.0
40.0,-0.3090169943749464,-1.0703812316715542,0.0
40.0,-0.2486898871648541,-0.8944281524926687,0.0
40.0,-0.1873813145857243,-0.7771260997067451,0.0
40.0,-0.12533323356430426,-0.669599217986315,0.0
40.0,-0.06279051952931375,-0.4936461388074287,0.0
40.0,-7.347880794884119e-16,-0.29814271749755594,0.0
40.0,0.06279051952931229,-0.15151515151515138,0.0
40.0,0.12533323356430282,-0.06353861192570864,0.0
40.0,0.18738131458572285,0.004887585532746819,0.0
40.0,0.24868988716485269,0.1319648093841641,0.0
40.0,0.309016994374945,0.2101661779081132,0.0
40.0,0.3681245526846786,0.32746823069403685,0.0
40.0,0.4257792915650697,0.48387096774193505,0.0
40.0,0.48175367410171527,0.6402737047898341,0.0
40.0,0.5358267949789963,0.806451612903226,0.0
40.0,0.5877852522924725,0.9824046920821115,0.0
40.0,0.6374239897486889,1.1192570869990224,0.0
40.0,0.6845471059286876,1.2072336265884651,0.0
40.0,0.7289686274214102,1.3343108504398824,0.0
40.0,0.7705132427757901,1.529814271749756,0.0
40.0,0.8090169943749459,1.6959921798631479,0.0
40.0,0.8443279255020154,1.852394916911046,0.0
40.0,0.8763066800438637,1.9794721407624634,0.0
40.0,0.9048270524660195,2.1358748778103616,0.0
40.0,0.9297764858882512,2.3216031280547407,0.0
40.0,0.9510565162951533,2.370478983382209,0.0
40.0,0.9685831611286309,2.4584555229716516,0.0
40.0,0.982287250728689,2.5171065493646143,0.0
40.0,0.9921147013144777,2.5953079178885634,0.0
40.0,0.9980267284282717,2.6148582600195507,0.0
40.0,1.0,2.7321603128054743,0.0
40.0,0.9980267284282718,2.6735092864125125,0.0
40.0,0.9921147013144778,2.6246334310850443,0.0
40.0,0.9822872507286894,2.575757575757576,0.0
40.0,0.9685831611286312,2.5073313782991207,0.0
40.0,0.9510565162951539,2.5073313782991207,0.0
40.0,0.9297764858882518,2.478005865102639,0.0
40.0,0.9048270524660201,2.4584555229716516,0.0
40.0,0.8763066800438645,2.4682306940371452,0.0
40.0,0.8443279255020163,2.3802541544477025,0.0
40.0,0.8090169943749469,2.2140762463343107,0.0
40.0,0.7705132427757911,1.9696969696969697,0.0
40.0,0.7289686274214113,1.7937438905180842,0.0
40.0,0.6845471059286887,1.5102639296187688,0.0
40.0,0.6374239897486901,1.3245356793743888,0.0
40.0,0.5877852522924738,1.099706744868035,0.0
40.0,0.5358267949789977,1.0703812316715542,0.0
40.0,0.48175367410171666,1.050830889540567,0.0
40.0,0.42577929156507116,0.9042033235581624,0.0
40.0,0.3681245526846801,0.9726295210166178,0.0
40.0,0.30901699437494656,1.021505376344086,0.0
40.0,0.24868988716485424,1.0606060606060606,0.0
40.0,0.1873813145857244,0.9530791788856305,0.0
40.0,0.1253332335643044,0.8846529814271751,0.0
40.0,0.06279051952931387,0.698924731182796,0.0
40.0,8.572527594031472e-16,0.5522971652003914,0.0
40.0,-0.06279051952931217,0.40566959921798595,0.0
40.0,-0.12533323356430268,0.1319648093841641,0.0
40.0,-0.18738131458572274,-0.12218963831867047,0.0
40.0,-0.24868988716485257,-0.35679374389051777,0.0
40.0,-0.3090169943749449,-0.5327468230694041,0.0
40.0,-0.3681245526846785,-0.7380254154447705,0.0
40.0,-0.4257792915650696,-0.8846529814271751,0.0
40.0,-0.48175367410171516,-0.9628543499511242,0.0
40.0,-0.5358267949789962,-1.129032258064516,0.0
40.0,-0.5877852522924725,-1.304985337243402,0.0
40.0,-0.6374239897486887,-1.4711632453567938,0.0
40.0,-0.6845471059286875,-1.5493646138807429,0.0
40.0,-0.7289686274214101,-1.705767350928641,0.0
40.0,-0.77051324277579,-1.8719452590420333,0.0
40.0,-0.8090169943749459,-2.1065493646138806,0.0
40.0,-0.8443279255020153,-2.2629521016617793,0.0
40.0,-0.8763066800438637,-2.302052785923754,0.0
40.0,-0.9048270524660195,-2.3704789833822093,0.0
40.0,-0.9297764858882512,-2.517106549364614,0.0
40.0,-0.9510565162951533,-2.536656891495601,0.0
40.0,-0.9685831611286309,-2.5562072336265884,0.0
40.0,-0.982287250728689,-2.5562072336265884,0.0
40.0,-0.9921147013144775,-2.624633431085044,0.0
40.0,-0.9980267284282717,-2.653958944281525,0.0
40.0,-1.0,-2.7517106549364616,0.0
40.0,-0.9980267284282718,-2.771260997067449,0.0
40.0,-0.9921147013144778,-2.80058651026393,0.0
40.0,-0.9822872507286894,-2.702834799608993,0.0
40.0,-0.9685831611286313,-2.7126099706744866,0.0
40.0,-0.9510565162951539,-2.6832844574780057,0.0
40.0,-0.9297764858882519,-2.644183773216031,0.0
40.0,-0.9048270524660202,-2.565982404692082,0.0
40.0,-0.8763066800438646,-2.4193548387096775,0.0
40.0,-0.8443279255020164,-2.3900293255131966,0.0
40.0,-0.8090169943749469,-2.3411534701857284,0.0
40.0,-0.7705132427757913,-2.2531769305962857,0.0
40.0,-0.7289686274214114,-2.1358748778103616,0.0
40.0,-0.6845471059286888,-2.0283479960899315,0.0
40.0,-0.6374239897486902,-1.7155425219941347,0.0
40.0,-0.5877852522924739,-1.5493646138807429,0.0
40.0,-0.5358267949789978,-1.3538611925708701,0.0
40.0,-0.48175367410171677,-1.2463343108504397,0.0
40.0,-0.42577929156507127,-1.0410557184750733,0.0
40.0,-0.3681245526846802,-0.9726295210166178,0.0
40.0,-0.3090169943749467,-0.9237536656891496,0.0
40.0,-0.24868988716485435,-0.8357771260997069,0.0
40.0,-0.18738131458572455,-0.8455522971652005,0.0
40.0,-0.1253332335643045,-0.7575757575757578,0.0
40.0,-0.062790519529314,-0.6402737047898341,0.0
40.0,-9.797174393178826e-16,-0.5816226783968723,0.0
40.0,0.06279051952931204,-0.5522971652003914,0.0
40.0,0.12533323356429904,-0.43499511241446687,0.0
40.0,0.1873813145857261,-0.3372434017595305,0.0
40.0,0.24868988716485246,-0.22971652003910048,0.0
40.0,0.3090169943749448,-0.17106549364613866,0.0
40.0,0.36812455268467503,0.03421309872922773,0.0
40.0,0.4257792915650727,0.29814271749755594,0.0
40.0,0.48175367410171505,0.37634408602150504,0.0
40.0,0.5358267949789961,0.4740957966764414,0.0
40.0,0.5877852522924695,0.6500488758553278,0.0
40.0,0.6374239897486914,0.8162267839687196,0.0
40.0,0.6845471059286874,0.9726295210166178,0.0
40.0,0.7289686274214101,1.021505376344086,0.0
40.0,0.7705132427757877,1.3049853372434015,0.0
40.0,0.8090169943749479,1.4907135874877806,0.0
40.0,0.8443279255020153,1.6275659824046924,0.0
40.0,0.8763066800438636,1.5884652981427179,0.0
40.0,0.9048270524660179,1.7546432062561097,0.0
40.0,0.9297764858882525,1.9696969696969697,0.0
40.0,0.9510565162951533,2.096774193548387,0.0
40.0,0.9685831611286307,2.204301075268817,0.0
40.0,0.9822872507286884,2.390029325513196,0.0
40.0,0.992114701314478,2.5366568914956016,0.0
40.0,0.9980267284282717,2.5171065493646143,0.0
40.0,1.0,2.663734115347019,0.0
40.0,0.9980267284282718,2.7517106549364616,0.0
40.0,0.9921147013144783,2.927663734115347,0.0
40.0,0.9822872507286887,2.9178885630498534,0.0
40.0,0.9685831611286313,2.820136852394917,0.0
40.0,0.9510565162951539,2.878787878787879,0.0
40.0,0.9297764858882532,2.9178885630498534,0.0
40.0,0.9048270524660188,2.790811339198436,0.0
40.0,0.8763066800438646,2.6930596285435,0.0
40.0,0.8443279255020164,2.683284457478006,0.0
40.0,0.8090169943749491,2.4095796676441834,0.0
40.0,0.770513242775789,2.419354838709677,0.0
40.0,0.7289686274214116,2.282502443792766,0.0
40.0,0.684547105928689,2.1847507331378297,0.0
40.0,0.637423989748693,2.038123167155425,0.0
40.0,0.5877852522924711,1.881720430107527,0.0
40.0,0.5358267949789979,1.7937438905180842,0.0
40.0,0.4817536741017169,1.6862170087976542,0.0
40.0,0.4257792915650746,1.5004887585532742,0.0
40.0,0.368124552684677,1.4613880742912997,0.0
40.0,0.3090169943749468,1.3636363636363633,0.0
40.0,0.24868988716485446,1.1876832844574778,0.0
40.0,0.18738131458572815,1.021505376344086,0.0
40.0,0.1253332335643011,0.8846529814271751,0.0
40.0,0.06279051952931412,0.7282502443792769,0.0
40.0,1.102182119232618e-15,0.6793743890518087,0.0
40.0,-0.06279051952931192,0.562072336265885,0.0
40.0,-0.12533323356429893,0.3958944281524923,0.0
40.0,-0.187381314585726,0.2101661779081132,0.0
40.0,-0.24868988716485232,0.08308895405669592,0.0
40.0,-0.3090169943749447,-0.024437927663734094,0.0
40.0,-0.3681245526846749,-0.1319648093841641,0.0
40.0,-0.4257792915650726,-0.26881720430107503,0.0
40.0,-0.48175367410171493,-0.37634408602150504,0.0
40.0,-0.535826794978996,-0.5522971652003914,0.0
40.0,-0.5877852522924694,-0.7869012707722387,0.0
40.0,-0.6374239897486913,-0.913978494623656,0.0
40.0,-0.6845471059286873,-1.0312805474095796,0.0
40.0,-0.72896862742141,-1.2267839687194524,0.0
40.0,-0.7705132427757876,-1.383186705767351,0.0
40.0,-0.8090169943749478,-1.5591397849462365,0.0
40.0,-0.8443279255020152,-1.6568914956011729,0.0
40.0,-0.8763066800438636,-1.8621700879765397,0.0
40.0,-0.9048270524660178,-1.9403714565004888,0.0
40.0,-0.9297764858882525,-2.0869990224828934,0.0
40.0,-0.9510565162951532,-2.233626588465298,0.0
40.0,-0.9685831611286307,-2.321603128054741,0.0
40.0,-0.9822872507286883,-2.4486803519061584,0.0
40.0,-0.992114701314478,-2.517106549364614,0.0
40.0,-0.9980267284282717,-2.5562072336265884,0.0
40.0,-1.0,-2.5268817204301075,0.0
40.0,-0.9980267284282718,-2.624633431085044,0.0
40.0,-0.9921147013144783,-2.5855327468230693,0.0
40.0,-0.9822872507286887,-2.702834799608993,0.0
40.0,-0.9685831611286313,-2.6637341153470184,0.0
40.0,-0.951056516295154,-2.6050830889540566,0.0
40.0,-0.9297764858882532,-2.732160312805474,0.0
40.0,-0.9048270524660188,-2.8690127077223853,0.0
40.0,-0.8763066800438647,-2.820136852394917,0.0
40.0,-0.8443279255020165,-2.6344086021505375,0.0
40.0,-0.8090169943749491,-2.3704789833822093,0.0
40.0,-0.770513242775789,-2.2531769305962857,0.0
40.0,-0.7289686274214117,-2.0869990224828934,0.0
40.0,-0.6845471059286891,-2.096774193548387,0.0
40.0,-0.6374239897486931,-2.0869990224828934,0.0
40.0,-0.5877852522924712,-1.9990224828934506,0.0
40.0,-0.535826794978998,-1.9305962854349952,0.0
40.0,-0.481753674101717,-1.774193548387097,0.0
40.0,-0.4257792915650747,-1.6666666666666665,0.0
40.0,-0.3681245526846771,-1.5786901270772238,0.0
40.0,-0.3090169943749469,-1.3929618768328447,0.0
40.0,-0.2486898871648546,-1.1779081133919842,0.0
40.0,-0.18738131458572826,-0.9726295210166178,0.0
40.0,-0.12533323356430123,-0.8651026392961878,0.0
40.0,-0.06279051952931425,-0.8162267839687196,0.0
40.0,-1.2246467991473533e-15,-0.6402737047898341,0.0
40.0,0.06279051952931179,-0.5522971652003914,0.0
40.0,0.1253332335642988,-0.42521994134897323,0.0
40.0,0.18738131458572588,-0.2590420332355814,0.0
40.0,0.2486898871648522,-0.1026392961876832,0.0
40.0,0.30901699437494456,0.06353861192570864,0.0
40.0,0.3681245526846748,0.1319648093841641,0.0
40.0,0.4257792915650725,0.2590420332355814,0.0
40.0,0.4817536741017148,0.42521994134897323,0.0
40.0,0.5358267949789959,0.6011730205278596,0.0
40.0,0.5877852522924693,0.669599217986315,0.0
40.0,0.6374239897486885,0.9237536656891496,0.0
40.0,0.6845471059286898,1.0801564027370478,0.0
40.0,0.7289686274214099,1.1681329423264906,0.0
40.0,0.7705132427757853,1.3147605083088951,0.0
40.0,0.8090169943749498,1.4907135874877806,0.0
40.0,0.8443279255020152,1.6177908113391988,0.0
40.0,0.8763066800438618,1.774193548387097,0.0
40.0,0.9048270524660192,1.8426197458455524,0.0
40.0,0.9297764858882523,1.9696969696969697,0.0
40.0,0.9510565162951532,2.1065493646138806,0.0
40.0,0.9685831611286316,2.1847507331378297,0.0
40.0,0.9822872507286883,2.2238514173998043,0.0
40.0,0.992114701314478,2.282502443792766,0.0
40.0,0.9980267284282713,2.3802541544477025,0.0
40.0,1.0,2.4389051808406643,0.0
40.0,0.9980267284282718,2.4389051808406643,0.0
40.0,0.9921147013144788,2.370478983382209,0.0
40.0,0.9822872507286882,2.341153470185728,0.0
40.0,0.9685831611286313,2.4095796676441834,0.0
40.0,0.9510565162951551,2.419354838709677,0.0
40.0,0.929776485888252,2.546432062561095,0.0
40.0,0.9048270524660189,2.4584555229716516,0.0
40.0,0.8763066800438647,2.3509286412512216,0.0
40.0,0.8443279255020146,2.2922776148582598,0.0
40.0,0.8090169943749492,2.1358748778103616,0.0
40.0,0.7705132427757891,1.9990224828934506,0.0
40.0,0.7289686274214141,2.018572825024438,0.0
40.0,0.6845471059286892,1.8719452590420333,0.0
40.0,0.6374239897486932,1.666666666666667,0.0
40.0,0.5877852522924742,1.5884652981427179,0.0
40.0,0.535826794978995,1.4320625610948188,0.0
40.0,0.48175367410171704,1.2561094819159333,0.0
40.0,0.42577929156507804,1.1681329423264906,0.0
40.0,0.3681245526846739,1.0410557184750733,0.0
40.0,0.309016994374947,0.9335288367546433,0.0
40.0,0.24868988716485815,0.8162267839687196,0.0
40.0,0.1873813145857249,0.6598240469208214,0.0
40.0,0.12533323356430134,0.591397849462366,0.0
40.0,0.06279051952931436,0.3665689149560114,0.0
40.0,4.899825157862589e-15,0.17106549364613866,0.0
40.0,-0.06279051952931168,0.014662756598240456,0.0
40.0,-0.12533323356429868,-0.21994134897360684,0.0
40.0,-0.18738131458572224,-0.35679374389051777,0.0
40.0,-0.24868988716485554,-0.4936461388074287,0.0
40.0,-0.30901699437494445,-0.6793743890518087,0.0
40.0,-0.3681245526846714,-0.9335288367546433,0.0
40.0,-0.4257792915650756,-1.0899315738025415,0.0
40.0,-0.4817536741017147,-1.3147605083088956,0.0
40.0,-0.5358267949789928,-1.5102639296187683,0.0
40.0,-0.587785252292472,-1.6764418377321602,0.0
40.0,-0.6374239897486911,-1.7644183773216033,0.0
40.0,-0.6845471059286872,-1.8719452590420333,0.0
40.0,-0.7289686274214123,-2.067448680351906,0.0
40.0,-0.7705132427757875,-2.1847507331378297,0.0
40.0,-0.8090169943749477,-2.302052785923754,0.0
40.0,-0.8443279255020132,-2.458455522971652,0.0
40.0,-0.8763066800438635,-2.5855327468230693,0.0
40.0,-0.9048270524660177,-2.702834799608993,0.0
40.0,-0.929776485888251,-2.7614858260019552,0.0
40.0,-0.9510565162951542,-2.8885630498533725,0.0
40.0,-0.9685831611286306,-2.986314760508309,0.0
40.0,-0.9822872507286876,-2.986314760508309,0.0
40.0,-0.9921147013144784,-3.01564027370479,0.0
40.0,-0.9980267284282716,-3.035190615835777,0.0
40.0,-1.0,-3.1036168132942326,0.0
40.0,-0.9980267284282716,-3.0840664711632453,0.0
40.0,-0.9921147013144783,-3.035190615835777,0.0
40.0,-0.9822872507286888,-3.0742913000977516,0.0
40.0,-0.9685831611286323,-3.0840664711632453,0.0
