velocity,roll_deg,steer_command,lat_accel,target_lat_accel
10.0,0.0,-0.9510565162951536,0.004887585532746819,0.0
10.0,0.0,-0.9297764858882512,0.004887585532746819,0.0
10.0,0.0,-0.9048270524660199,0.004887585532746819,0.0
10.0,0.0,-0.8763066800438638,0.014662756598240456,0.0
10.0,0.0,-0.8443279255020155,-0.48533724340175954,0.0
10.0,0.0,-0.8090169943749476,-0.9853372434017595,0.0
10.0,0.0,-0.7705132427757896,-0.9824046920821115,0.0
10.0,0.0,-0.7289686274214116,-0.9726295210166178,0.0
10.0,0.0,-0.684547105928689,-0.913978494623656,0.0
10.0,0.0,-0.6374239897486896,-0.9042033235581624,0.0
10.0,0.0,-0.5877852522924734,-0.8846529814271751,0.0
10.0,0.0,-0.5358267949789963,-0.8260019550342133,0.0
10.0,0.0,-0.4817536741017153,-0.7869012707722387,0.0
10.0,0.0,-0.4257792915650722,-0.7282502443792769,0.0
10.0,0.0,-0.3681245526846787,-0.6598240469208214,0.0
10.0,0.0,-0.3090169943749477,-0.5816226783968723,0.0
10.0,0.0,-0.24868988716485535,-0.5131964809384169,0.0
10.0,0.0,-0.18738131458572468,-0.42521994134897323,0.0
10.0,0.0,-0.12533323356430465,-0.32746823069403685,0.0
10.0,0.0,-0.06279051952931326,-0.2883675464320623,0.0
10.0,0.0,-2.4492935982947064e-16,-0.2101661779081132,0.0
10.0,0.0,0.06279051952931278,-0.12218963831867047,0.0
10.0,0.0,0.12533323356430418,-0.03421309872922773,0.0
10.0,0.0,0.1873813145857242,0.06353861192570864,0.0
10.0,0.0,0.24868988716485488,0.14173998044965774,0.0
10.0,0.0,0.3090169943749472,0.22971652003910048,0.0
10.0,0.0,0.3681245526846782,0.3079178885630496,0.0
10.0,0.0,0.42577929156507255,0.3665689149560114,0.0
10.0,0.0,0.48175367410171566,0.4740957966764414,0.0
10.0,0.0,0.5358267949789967,0.5522971652003914,0.0
10.0,0.0,0.5877852522924736,0.6402737047898341,0.0
10.0,0.0,0.6374239897486899,0.6891495601173023,0.0
10.0,0.0,0.6845471059286893,0.7869012707722387,0.0
10.0,0.0,0.7289686274214107,0.8944281524926687,0.0
10.0,0.0,0.7705132427757887,0.9726295210166178,0.0
10.0,0.0,0.8090169943749468,1.0606060606060606,0.0
10.0,0.0,0.8443279255020147,1.1192570869990224,0.0
10.0,0.0,0.8763066800438631,1.1779081133919842,0.0
10.0,0.0,0.9048270524660194,1.2267839687194524,0.0
10.0,0.0,0.9297764858882511,1.2756598240469206,0.0
10.0,0.0,0.9510565162951535,1.3147605083088951,0.0
10.0,0.0,0.968583161128631,1.3343108504398824,0.0
10.0,0.0,0.9822872507286886,1.3245356793743888,0.0
10.0,0.0,0.9921147013144778,1.3245356793743888,0.0
10.0,0.0,0.9980267284282716,1.3245356793743888,0.0
10.0,0.0,1.0,1.3147605083088951,0.0
10.0,0.0,0.9980267284282716,1.2952101661779079,0.0
10.0,0.0,0.9921147013144779,1.2756598240469206,0.0
10.0,0.0,0.9822872507286886,1.2756598240469206,0.0
10.0,0.0,0.9685831611286311,1.2561094819159333,0.0
10.0,0.0,0.9510565162951536,1.2561094819159333,0.0
10.0,0.0,0.9297764858882517,1.2072336265884651,0.0
10.0,0.0,0.9048270524660192,1.1388074291300097,0.0
10.0,0.0,0.8763066800438634,1.099706744868035,0.0
10.0,0.0,0.8443279255020151,1.050830889540567,0.0
10.0,0.0,0.8090169943749477,0.9824046920821115,0.0
10.0,0.0,0.7705132427757886,0.9433040078201369,0.0
10.0,0.0,0.728968627421411,0.8846529814271751,0.0
10.0,0.0,0.6845471059286897,0.8162267839687196,0.0
10.0,0.0,0.6374239897486911,0.7478005865102642,0.0
10.0,0.0,0.5877852522924734,0.6500488758553278,0.0
10.0,0.0,0.5358267949789972,0.5816226783968723,0.0
10.0,0.0,0.4817536741017162,0.5034213098729223,0.0
10.0,0.0,0.42577929156507394,0.42521994134897323,0.0
10.0,0.0,0.368124552684678,0.3665689149560114,0.0
10.0,0.0,0.3090169943749478,0.27859237536656867,0.0
10.0,0.0,0.2486898871648555,0.19061583577712593,0.0
10.0,0.0,0.18738131458572568,0.1026392961876832,0.0
10.0,0.0,0.1253332335643039,0.024437927663734094,0.0
10.0,0.0,0.06279051952931339,-0.04398826979472137,0.0
10.0,0.0,3.6739403974420594e-16,-0.1026392961876832,0.0
10.0,0.0,-0.06279051952931265,-0.2101661779081132,0.0
10.0,0.0,-0.12533323356430318,-0.3079178885630496,0.0
10.0,0.0,-0.18738131458572496,-0.42521994134897323,0.0
10.0,0.0,-0.24868988716485477,-0.5034213098729232,0.0
10.0,0.0,-0.30901699437494706,-0.6011730205278596,0.0
10.0,0.0,-0.36812455268467725,-0.6793743890518087,0.0
10.0,0.0,-0.42577929156507327,-0.7575757575757578,0.0
10.0,0.0,-0.48175367410171555,-0.8357771260997069,0.0
10.0,0.0,-0.5358267949789965,-0.8846529814271751,0.0
10.0,0.0,-0.5877852522924728,-0.9530791788856305,0.0
10.0,0.0,-0.6374239897486905,-1.0312805474095796,0.0
10.0,0.0,-0.6845471059286892,-1.1192570869990224,0.0
10.0,0.0,-0.7289686274214106,-1.1974584555229715,0.0
10.0,0.0,-0.770513242775788,-1.275659824046921,0.0
10.0,0.0,-0.8090169943749472,-1.3343108504398828,0.0
10.0,0.0,-0.8443279255020146,-1.412512218963832,0.0
10.0,0.0,-0.876306680043863,-1.4516129032258065,0.0
10.0,0.0,-0.9048270524660189,-1.5102639296187683,0.0
10.0,0.0,-0.9297764858882513,-1.5493646138807429,0.0
10.0,0.0,-0.9510565162951534,-1.5884652981427174,0.0
10.0,0.0,-0.968583161128631,-1.627565982404692,0.0
10.0,0.0,-0.9822872507286885,-1.6764418377321602,0.0
10.0,0.0,-0.9921147013144779,-1.7253176930596283,0.0
10.0,0.0,-0.9980267284282716,-1.7448680351906156,0.0
10.0,0.0,-1.0,-1.735092864125122,0.0
10.0,0.0,-0.9980267284282716,-1.7155425219941347,0.0
10.0,0.0,-0.992114701314478,-1.705767350928641,0.0
10.0,0.0,-0.9822872507286886,-1.6959921798631474,0.0
10.0,0.0,-0.9685831611286312,-1.6666666666666665,0.0
10.0,0.0,-0.9510565162951538,-1.6666666666666665,0.0
10.0,0.0,-0.9297764858882517,-1.627565982404692,0.0
10.0,0.0,-0.9048270524660192,-1.598240469208211,0.0
10.0,0.0,-0.8763066800438635,-1.5493646138807429,0.0
10.0,0.0,-0.8443279255020151,-1.490713587487781,0.0
10.0,0.0,-0.8090169943749477,-1.4027370478983383,0.0
10.0,0.0,-0.7705132427757886,-1.3538611925708701,0.0
10.0,0.0,-0.7289686274214111,-1.2952101661779083,0.0
10.0,0.0,-0.6845471059286898,-1.1876832844574778,0.0
10.0,0.0,-0.6374239897486912,-1.1094819159335287,0.0
10.0,0.0,-0.5877852522924735,-1.0410557184750733,0.0
10.0,0.0,-0.5358267949789973,-0.9530791788856305,0.0
10.0,0.0,-0.4817536741017163,-0.8651026392961878,0.0
10.0,0.0,-0.42577929156507405,-0.7771260997067451,0.0
10.0,0.0,-0.3681245526846781,-0.6793743890518087,0.0
10.0,0.0,-0.3090169943749479,-0.6011730205278596,0.0
10.0,0.0,-0.2486898871648556,-0.5229716520039105,0.0
10.0,0.0,-0.1873813145857258,-0.4154447702834796,0.0
10.0,0.0,-0.125333233564304,-0.32746823069403685,0.0
10.0,0.0,-0.06279051952931351,-0.2590420332355814,0.0
10.0,0.0,-4.898587196589413e-16,-0.1808406647116323,0.0
10.0,0.0,0.06279051952931075,-0.12218963831867047,0.0
10.0,0.0,0.12533323356430304,-0.04398826979472137,0.0
10.0,0.0,0.1873813145857231,0.04398826979472137,0.0
10.0,0.0,0.24868988716485466,0.14173998044965774,0.0
10.0,0.0,0.30901699437494523,0.23949169110459412,0.0
10.0,0.0,0.36812455268467714,0.32746823069403685,0.0
10.0,0.0,0.42577929156507155,0.3958944281524923,0.0
10.0,0.0,0.48175367410171543,0.4936461388074287,0.0
10.0,0.0,0.535826794978995,0.5816226783968723,0.0
10.0,0.0,0.5877852522924727,0.669599217986315,0.0
10.0,0.0,0.6374239897486891,0.7478005865102642,0.0
10.0,0.0,0.6845471059286891,0.8260019550342133,0.0
10.0,0.0,0.7289686274214104,0.9237536656891496,0.0
10.0,0.0,0.7705132427757891,0.9921798631476051,0.0
10.0,0.0,0.8090169943749471,1.0801564027370478,0.0
10.0,0.0,0.8443279255020155,1.129032258064516,0.0
10.0,0.0,0.876306680043863,1.1876832844574778,0.0
10.0,0.0,0.9048270524660196,1.2561094819159333,0.0
10.0,0.0,0.9297764858882513,1.3049853372434015,0.0
10.0,0.0,0.951056516295154,1.3147605083088951,0.0
10.0,0.0,0.9685831611286309,1.3538611925708697,0.0
10.0,0.0,0.9822872507286888,1.3929618768328442,0.0
10.0,0.0,0.9921147013144779,1.4320625610948188,0.0
10.0,0.0,0.9980267284282717,1.4222873900293251,0.0
10.0,0.0,1.0,1.4222873900293251,0.0
10.0,0.0,0.9980267284282718,1.4320625610948188,0.0
10.0,0.0,0.992114701314478,1.4418377321603124,0.0
10.0,0.0,0.9822872507286889,1.4222873900293251,0.0
10.0,0.0,0.9685831611286312,1.3831867057673506,0.0
10.0,0.0,0.9510565162951543,1.3538611925708697,0.0
10.0,0.0,0.9297764858882518,1.2952101661779079,0.0
10.0,0.0,0.90482705246602,1.2072336265884651,0.0
10.0,0.0,0.8763066800438635,1.1485826001955033,0.0
10.0,0.0,0.8443279255020162,1.099706744868035,0.0
10.0,0.0,0.8090169943749478,1.0606060606060606,0.0
10.0,0.0,0.7705132427757898,0.9921798631476051,0.0
10.0,0.0,0.7289686274214112,0.9042033235581624,0.0
10.0,0.0,0.6845471059286898,0.8455522971652005,0.0
10.0,0.0,0.6374239897486899,0.7771260997067451,0.0
10.0,0.0,0.5877852522924736,0.7184750733137832,0.0
10.0,0.0,0.5358267949789959,0.6304985337243405,0.0
10.0,0.0,0.48175367410171643,0.5522971652003914,0.0
10.0,0.0,0.42577929156507255,0.4936461388074287,0.0
10.0,0.0,0.3681245526846782,0.40566959921798595,0.0
10.0,0.0,0.3090169943749463,0.32746823069403685,0.0
10.0,0.0,0.2486898871648557,0.23949169110459412,0.0
10.0,0.0,0.18738131458572418,0.15151515151515138,0.0
10.0,0.0,0.12533323356430415,0.053763440860215006,0.0
10.0,0.0,0.06279051952931186,-0.04398826979472137,0.0
10.0,0.0,6.123233995736766e-16,-0.15151515151515138,0.0
10.0,0.0,-0.06279051952931064,-0.2590420332355814,0.0
10.0,0.0,-0.12533323356430293,-0.35679374389051777,0.0
10.0,0.0,-0.18738131458572296,-0.4447702834799605,0.0
10.0,0.0,-0.24868988716485452,-0.5327468230694041,0.0
10.0,0.0,-0.3090169943749451,-0.6109481915933532,0.0
10.0,0.0,-0.3681245526846787,-0.698924731182796,0.0
10.0,0.0,-0.42577929156506983,-0.7771260997067451,0.0
10.0,0.0,-0.4817536741017154,-0.8846529814271751,0.0
10.0,0.0,-0.5358267949789964,-0.9921798631476051,0.0
10.0,0.0,-0.5877852522924726,-1.0703812316715542,0.0
10.0,0.0,-0.637423989748689,-1.1779081133919842,0.0
10.0,0.0,-0.6845471059286877,-1.2463343108504397,0.0
10.0,0.0,-0.7289686274214103,-1.3245356793743892,0.0
10.0,0.0,-0.7705132427757901,-1.3636363636363638,0.0
10.0,0.0,-0.809016994374946,-1.4222873900293256,0.0
10.0,0.0,-0.8443279255020155,-1.520039100684262,0.0
10.0,0.0,-0.8763066800438638,-1.5689149560117301,0.0
10.0,0.0,-0.9048270524660196,-1.627565982404692,0.0
10.0,0.0,-0.9297764858882513,-1.6764418377321602,0.0
10.0,0.0,-0.9510565162951534,-1.6959921798631474,0.0
10.0,0.0,-0.9685831611286309,-1.7253176930596283,0.0
10.0,0.0,-0.982287250728689,-1.7546432062561097,0.0
10.0,0.0,-0.9921147013144777,-1.7839687194525906,0.0
10.0,0.0,-0.9980267284282717,-1.8035190615835779,0.0
10.0,0.0,-1.0,-1.8230694037145652,0.0
10.0,0.0,-0.9980267284282718,-1.8132942326490715,0.0
10.0,0.0,-0.9921147013144778,-1.8035190615835779,0.0
10.0,0.0,-0.9822872507286894,-1.774193548387097,0.0
10.0,0.0,-0.9685831611286312,-1.7155425219941347,0.0
10.0,0.0,-0.9510565162951538,-1.705767350928641,0.0
10.0,0.0,-0.9297764858882518,-1.6568914956011729,0.0
10.0,0.0,-0.9048270524660201,-1.6177908113391983,0.0
10.0,0.0,-0.8763066800438645,-1.5786901270772238,0.0
10.0,0.0,-0.8443279255020162,-1.520039100684262,0.0
10.0,0.0,-0.8090169943749468,-1.4809384164222874,0.0
10.0,0.0,-0.770513242775791,-1.4222873900293256,0.0
10.0,0.0,-0.7289686274214113,-1.3440860215053765,0.0
10.0,0.0,-0.6845471059286887,-1.2561094819159337,0.0
10.0,0.0,-0.63742398974869,-1.1876832844574778,0.0
10.0,0.0,-0.5877852522924737,-1.1192570869990224,0.0
10.0,0.0,-0.5358267949789975,-1.0606060606060606,0.0
10.0,0.0,-0.48175367410171654,-1.0117302052785924,0.0
10.0,0.0,-0.42577929156507105,-0.9237536656891496,0.0
10.0,0.0,-0.36812455268468,-0.8553274682306942,0.0
10.0,0.0,-0.3090169943749464,-0.7380254154447705,0.0
10.0,0.0,-0.2486898871648541,-0.669599217986315,0.0
10.0,0.0,-0.1873813145857243,-0.5718475073313787,0.0
10.0,0.0,-0.12533323356430426,-0.4740957966764414,0.0
10.0,0.0,-0.06279051952931375,-0.37634408602150504,0.0
10.0,0.0,-7.347880794884119e-16,-0.2883675464320623,0.0
10.0,0.0,0.06279051952931229,-0.22971652003910048,0.0
10.0,0.0,0.12533323356430282,-0.16129032258064502,0.0
10.0,0.0,0.18738131458572285,-0.08308895405669592,0.0
10.0,0.0,0.24868988716485269,0.014662756598240456,0.0
10.0,0.0,0.309016994374945,0.1026392961876832,0.0
10.0,0.0,0.3681245526846786,0.20039100684261957,0.0
10.0,0.0,0.4257792915650697,0.29814271749755594,0.0
10.0,0.0,0.48175367410171527,0.3665689149560114,0.0
10.0,0.0,0.5358267949789963,0.4447702834799605,0.0
10.0,0.0,0.5877852522924725,0.5327468230694041,0.0
10.0,0.0,0.6374239897486889,0.6207233626588469,0.0
10.0,0.0,0.6845471059286876,0.6891495601173023,0.0
10.0,0.0,0.7289686274214102,0.7869012707722387,0.0
10.0,0.0,0.7705132427757901,0.8651026392961878,0.0
10.0,0.0,0.8090169943749459,0.9237536656891496,0.0
10.0,0.0,0.8443279255020154,0.9824046920821115,0.0
10.0,0.0,0.8763066800438637,1.0606060606060606,0.0
10.0,0.0,0.9048270524660195,1.1192570869990224,0.0
10.0,0.0,0.9297764858882512,1.1876832844574778,0.0
10.0,0.0,0.9510565162951533,1.2463343108504397,0.0
10.0,0.0,0.9685831611286309,1.2756598240469206,0.0
10.0,0.0,0.982287250728689,1.2952101661779079,0.0
10.0,0.0,0.9921147013144777,1.3245356793743888,0.0
10.0,0.0,0.9980267284282717,1.3538611925708697,0.0
10.0,0.0,1.0,1.344086021505376,0.0
10.0,0.0,0.9980267284282718,1.3343108504398824,0.0
10.0,0.0,0.9921147013144778,1.344086021505376,0.0
10.0,0.0,0.9822872507286894,1.3538611925708697,0.0
10.0,0.0,0.9685831611286312,1.3343108504398824,0.0
10.0,0.0,0.9510565162951539,1.3049853372434015,0.0
10.0,0.0,0.9297764858882518,1.2561094819159333,0.0
10.0,0.0,0.9048270524660201,1.2170087976539588,0.0
10.0,0.0,0.8763066800438645,1.1779081133919842,0.0
10.0,0.0,0.8443279255020163,1.1192570869990224,0.0
10.0,0.0,0.8090169943749469,1.0410557184750733,0.0
10.0,0.0,0.7705132427757911,0.9628543499511242,0.0
10.0,0.0,0.7289686274214113,0.9237536656891496,0.0
10.0,0.0,0.6845471059286887,0.8553274682306942,0.0
10.0,0.0,0.6374239897486901,0.7869012707722387,0.0
10.0,0.0,0.5877852522924738,0.7086999022482896,0.0
10.0,0.0,0.5358267949789977,0.6207233626588469,0.0
10.0,0.0,0.48175367410171666,0.5229716520039105,0.0
10.0,0.0,0.42577929156507116,0.43499511241446687,0.0
10.0,0.0,0.3681245526846801,0.34701857282502413,0.0
10.0,0.0,0.30901699437494656,0.2590420332355814,0.0
10.0,0.0,0.24868988716485424,0.17106549364613866,0.0
10.0,0.0,0.1873813145857244,0.12218963831867047,0.0
10.0,0.0,0.1253332335643044,0.053763440860215006,0.0
10.0,0.0,0.06279051952931387,-0.04398826979472137,0.0
10.0,0.0,8.572527594031472e-16,-0.1319648093841641,0.0
10.0,0.0,-0.06279051952931217,-0.22971652003910048,0.0
10.0,0.0,-0.12533323356430268,-0.3176930596285432,0.0
10.0,0.0,-0.18738131458572274,-0.40566959921798595,0.0
10.0,0.0,-0.24868988716485257,-0.48387096774193505,0.0
10.0,0.0,-0.3090169943749449,-0.562072336265885,0.0
10.0,0.0,-0.3681245526846785,-0.6598240469208214,0.0
10.0,0.0,-0.4257792915650696,-0.7478005865102642,0.0
10.0,0.0,-0.48175367410171516,-0.8162267839687196,0.0
10.0,0.0,-0.5358267949789962,-0.8944281524926687,0.0
10.0,0.0,-0.5877852522924725,-0.9628543499511242,0.0
10.0,0.0,-0.6374239897486887,-1.0606060606060606,0.0
10.0,0.0,-0.6845471059286875,-1.129032258064516,0.0
10.0,0.0,-0.7289686274214101,-1.2170087976539588,0.0
10.0,0.0,-0.77051324277579,-1.275659824046921,0.0
10.0,0.0,-0.8090169943749459,-1.3440860215053765,0.0
10.0,0.0,-0.8443279255020153,-1.4027370478983383,0.0
10.0,0.0,-0.8763066800438637,-1.4809384164222874,0.0
10.0,0.0,-0.9048270524660195,-1.5298142717497556,0.0
10.0,0.0,-0.9297764858882512,-1.5786901270772238,0.0
10.0,0.0,-0.9510565162951533,-1.6373411534701856,0.0
10.0,0.0,-0.9685831611286309,-1.6862170087976538,0.0
10.0,0.0,-0.982287250728689,-1.7155425219941347,0.0
10.0,0.0,-0.9921147013144775,-1.7253176930596283,0.0
10.0,0.0,-0.9980267284282717,-1.735092864125122,0.0
10.0,0.0,-1.0,-1.7448680351906156,0.0
10.0,0.0,-0.9980267284282718,-1.7253176930596283,0.0
10.0,0.0,-0.9921147013144778,-1.7155425219941347,0.0
10.0,0.0,-0.9822872507286894,-1.7253176930596283,0.0
10.0,0.0,-0.9685831611286313,-1.705767350928641,0.0
10.0,0.0,-0.9510565162951539,-1.6862170087976538,0.0
10.0,0.0,-0.9297764858882519,-1.6373411534701856,0.0
10.0,0.0,-0.9048270524660202,-1.6080156402737047,0.0
10.0,0.0,-0.8763066800438646,-1.5786901270772238,0.0
10.0,0.0,-0.8443279255020164,-1.5298142717497556,0.0
10.0,0.0,-0.8090169943749469,-1.490713587487781,0.0
10.0,0.0,-0.7705132427757913,-1.4320625610948192,0.0
10.0,0.0,-0.7289686274214114,-1.3440860215053765,0.0
10.0,0.0,-0.6845471059286888,-1.275659824046921,0.0
10.0,0.0,-0.6374239897486902,-1.2170087976539588,0.0
10.0,0.0,-0.5877852522924739,-1.158357771260997,0.0
10.0,0.0,-0.5358267949789978,-1.0703812316715542,0.0
10.0,0.0,-0.48175367410171677,-0.9726295210166178,0.0
10.0,0.0,-0.42577929156507127,-0.9042033235581624,0.0
10.0,0.0,-0.3681245526846802,-0.8357771260997069,0.0
10.0,0.0,-0.3090169943749467,-0.7282502443792769,0.0
10.0,0.0,-0.24868988716485435,-0.6207233626588469,0.0
10.0,0.0,-0.18738131458572455,-0.5425219941348978,0.0
10.0,0.0,-0.1253332335643045,-0.45454545454545414,0.0
10.0,0.0,-0.062790519529314,-0.3665689149560114,0.0
10.0,0.0,-9.797174393178826e-16,-0.29814271749755594,0.0
10.0,0.0,0.06279051952931204,-0.2101661779081132,0.0
10.0,0.0,0.12533323356429904,-0.12218963831867047,0.0
10.0,0.0,0.1873813145857261,-0.024437927663734094,0.0
10.0,0.0,0.24868988716485246,0.07331378299120228,0.0
10.0,0.0,0.3090169943749448,0.17106549364613866,0.0
10.0,0.0,0.36812455268467503,0.2590420332355814,0.0
10.0,0.0,0.4257792915650727,0.3176930596285432,0.0
10.0,0.0,0.48175367410171505,0.3958944281524923,0.0
10.0,0.0,0.5358267949789961,0.4740957966764414,0.0
10.0,0.0,0.5877852522924695,0.5816226783968723,0.0
10.0,0.0,0.6374239897486914,0.669599217986315,0.0
10.0,0.0,0.6845471059286874,0.7380254154447705,0.0
10.0,0.0,0.7289686274214101,0.8162267839687196,0.0
10.0,0.0,0.7705132427757877,0.8846529814271751,0.0
10.0,0.0,0.8090169943749479,0.9628543499511242,0.0
10.0,0.0,0.8443279255020153,1.0312805474095796,0.0
10.0,0.0,0.8763066800438636,1.1094819159335287,0.0
10.0,0.0,0.9048270524660179,1.158357771260997,0.0
10.0,0.0,0.9297764858882525,1.2072336265884651,0.0
10.0,0.0,0.9510565162951533,1.2756598240469206,0.0
10.0,0.0,0.9685831611286307,1.3147605083088951,0.0
10.0,0.0,0.9822872507286884,1.3538611925708697,0.0
10.0,0.0,0.992114701314478,1.373411534701857,0.0
10.0,0.0,0.9980267284282717,1.3831867057673506,0.0
10.0,0.0,1.0,1.3831867057673506,0.0
10.0,0.0,0.9980267284282718,1.3929618768328442,0.0
10.0,0.0,0.9921147013144783,1.3831867057673506,0.0
10.0,0.0,0.9822872507286887,1.3538611925708697,0.0
10.0,0.0,0.9685831611286313,1.3245356793743888,0.0
10.0,0.0,0.9510565162951539,1.2854349951124142,0.0
10.0,0.0,0.9297764858882532,1.2463343108504397,0.0
10.0,0.0,0.9048270524660188,1.2072336265884651,0.0
10.0,0.0,0.8763066800438646,1.158357771260997,0.0
10.0,0.0,0.8443279255020164,1.129032258064516,0.0
10.0,0.0,0.8090169943749491,1.0606060606060606,0.0
10.0,0.0,0.770513242775789,1.021505376344086,0.0
10.0,0.0,0.7289686274214116,0.9433040078201369,0.0
10.0,0.0,0.684547105928689,0.8748778103616814,0.0
10.0,0.0,0.637423989748693,0.8357771260997069,0.0
10.0,0.0,0.5877852522924711,0.7380254154447705,0.0
10.0,0.0,0.5358267949789979,0.6793743890518087,0.0
10.0,0.0,0.4817536741017169,0.6011730205278596,0.0
10.0,0.0,0.4257792915650746,0.5131964809384169,0.0
10.0,0.0,0.368124552684677,0.40566959921798595,0.0
10.0,0.0,0.3090169943749468,0.3372434017595305,0.0
10.0,0.0,0.24868988716485446,0.22971652003910048,0.0
10.0,0.0,0.18738131458572815,0.15151515151515138,0.0
10.0,0.0,0.1253332335643011,0.08308895405669592,0.0
10.0,0.0,0.06279051952931412,-0.024437927663734094,0.0
10.0,0.0,1.102182119232618e-15,-0.1026392961876832,0.0
10.0,0.0,-0.06279051952931192,-0.14173998044965774,0.0
10.0,0.0,-0.12533323356429893,-0.21994134897360684,0.0
10.0,0.0,-0.187381314585726,-0.3176930596285432,0.0
10.0,0.0,-0.24868988716485232,-0.3958944281524923,0.0
10.0,0.0,-0.3090169943749447,-0.48387096774193505,0.0
10.0,0.0,-0.3681245526846749,-0.5816226783968723,0.0
10.0,0.0,-0.4257792915650726,-0.6500488758553278,0.0
10.0,0.0,-0.48175367410171493,-0.7282502443792769,0.0
10.0,0.0,-0.535826794978996,-0.8162267839687196,0.0
10.0,0.0,-0.5877852522924694,-0.9042033235581624,0.0
10.0,0.0,-0.6374239897486913,-0.9628543499511242,0.0
10.0,0.0,-0.6845471059286873,-1.0606060606060606,0.0
10.0,0.0,-0.72896862742141,-1.1094819159335287,0.0
10.0,0.0,-0.7705132427757876,-1.1681329423264906,0.0
10.0,0.0,-0.8090169943749478,-1.2463343108504397,0.0
10.0,0.0,-0.8443279255020152,-1.3343108504398828,0.0
10.0,0.0,-0.8763066800438636,-1.383186705767351,0.0
10.0,0.0,-0.9048270524660178,-1.4320625610948192,0.0
10.0,0.0,-0.9297764858882525,-1.4809384164222874,0.0
10.0,0.0,-0.9510565162951532,-1.5395894428152492,0.0
10.0,0.0,-0.9685831611286307,-1.5689149560117301,0.0
10.0,0.0,-0.9822872507286883,-1.6177908113391983,0.0
10.0,0.0,-0.992114701314478,-1.6568914956011729,0.0
10.0,0.0,-0.9980267284282717,-1.6666666666666665,0.0
10.0,0.0,-1.0,-1.6666666666666665,0.0
10.0,0.0,-0.9980267284282718,-1.6764418377321602,0.0
10.0,0.0,-0.9921147013144783,-1.6862170087976538,0.0
10.0,0.0,-0.9822872507286887,-1.6959921798631474,0.0
10.0,0.0,-0.9685831611286313,-1.6568914956011729,0.0
10.0,0.0,-0.951056516295154,-1.6471163245356792,0.0
10.0,0.0,-0.9297764858882532,-1.627565982404692,0.0
10.0,0.0,-0.9048270524660188,-1.598240469208211,0.0
10.0,0.0,-0.8763066800438647,-1.5591397849462365,0.0
10.0,0.0,-0.8443279255020165,-1.5298142717497556,0.0
10.0,0.0,-0.8090169943749491,-1.4809384164222874,0.0
10.0,0.0,-0.770513242775789,-1.4027370478983383,0.0
10.0,0.0,-0.7289686274214117,-1.3343108504398828,0.0
10.0,0.0,-0.6845471059286891,-1.2463343108504397,0.0
10.0,0.0,-0.6374239897486931,-1.1974584555229715,0.0
10.0,0.0,-0.5877852522924712,-1.1485826001955033,0.0
10.0,0.0,-0.535826794978998,-1.0606060606060606,0.0
10.0,0.0,-0.481753674101717,-0.9433040078201369,0.0
10.0,0.0,-0.4257792915650747,-0.8748778103616814,0.0
10.0,0.0,-0.3681245526846771,-0.7869012707722387,0.0
10.0,0.0,-0.3090169943749469,-0.698924731182796,0.0
10.0,0.0,-0.2486898871648546,-0.6011730205278596,0.0
10.0,0.0,-0.18738131458572826,-0.5131964809384169,0.0
10.0,0.0,-0.12533323356430123,-0.42521994134897323,0.0
10.0,0.0,-0.06279051952931425,-0.32746823069403685,0.0
10.0,0.0,-1.2246467991473533e-15,-0.24926686217008776,0.0
10.0,0.0,0.06279051952931179,-0.16129032258064502,0.0
10.0,0.0,0.1253332335642988,-0.08308895405669592,0.0
10.0,0.0,0.18738131458572588,0.004887585532746819,0.0
10.0,0.0,0.2486898871648522,0.1026392961876832,0.0
10.0,0.0,0.30901699437494456,0.21994134897360684,0.0
10.0,0.0,0.3681245526846748,0.3176930596285432,0.0
10.0,0.0,0.4257792915650725,0.37634408602150504,0.0
10.0,0.0,0.4817536741017148,0.43499511241446687,0.0
10.0,0.0,0.5358267949789959,0.5034213098729223,0.0
10.0,0.0,0.5877852522924693,0.591397849462366,0.0
10.0,0.0,0.6374239897486885,0.6500488758553278,0.0
10.0,0.0,0.6845471059286898,0.6891495601173023,0.0
10.0,0.0,0.7289686274214099,0.7478005865102642,0.0
10.0,0.0,0.7705132427757853,0.8260019550342133,0.0
10.0,0.0,0.8090169943749498,0.9042033235581624,0.0
10.0,0.0,0.8443279255020152,0.9628543499511242,0.0
10.0,0.0,0.8763066800438618,1.0410557184750733,0.0
10.0,0.0,0.9048270524660192,1.099706744868035,0.0
10.0,0.0,0.9297764858882523,1.1681329423264906,0.0
10.0,0.0,0.9510565162951532,1.2170087976539588,0.0
10.0,0.0,0.9685831611286316,1.265884652981427,0.0
10.0,0.0,0.9822872507286883,1.2952101661779079,0.0
10.0,0.0,0.992114701314478,1.2854349951124142,0.0
10.0,0.0,0.9980267284282713,1.3049853372434015,0.0
10.0,0.0,1.0,1.3245356793743888,0.0
10.0,0.0,0.9980267284282718,1.3049853372434015,0.0
10.0,0.0,0.9921147013144788,1.3049853372434015,0.0
10.0,0.0,0.9822872507286882,1.2952101661779079,0.0
10.0,0.0,0.9685831611286313,1.2756598240469206,0.0
10.0,0.0,0.9510565162951551,1.2463343108504397,0.0
10.0,0.0,0.929776485888252,1.236559139784946,0.0
10.0,0.0,0.9048270524660189,1.2072336265884651,0.0
10.0,0.0,0.8763066800438647,1.158357771260997,0.0
10.0,0.0,0.8443279255020146,1.1094819159335287,0.0
10.0,0.0,0.8090169943749492,1.0606060606060606,0.0
10.0,0.0,0.7705132427757891,1.0117302052785924,0.0
10.0,0.0,0.7289686274214141,0.9433040078201369,0.0
10.0,0.0,0.6845471059286892,0.8748778103616814,0.0
10.0,0.0,0.6374239897486932,0.7966764418377323,0.0
10.0,0.0,0.5877852522924742,0.7282502443792769,0.0
10.0,0.0,0.535826794978995,0.6500488758553278,0.0
10.0,0.0,0.48175367410171704,0.562072336265885,0.0
10.0,0.0,0.42577929156507804,0.45454545454545414,0.0
10.0,0.0,0.3681245526846739,0.3861192570869987,0.0
10.0,0.0,0.309016994374947,0.3079178885630496,0.0
10.0,0.0,0.24868988716485815,0.23949169110459412,0.0
10.0,0.0,0.1873813145857249,0.15151515151515138,0.0
10.0,0.0,0.12533323356430134,0.07331378299120228,0.0
10.0,0.0,0.06279051952931436,-0.024437927663734094,0.0
10.0,0.0,4.899825157862589e-15,-0.12218963831867047,0.0
10.0,0.0,-0.06279051952931168,-0.2101661779081132,0.0
10.0,0.0,-0.12533323356429868,-0.29814271749755594,0.0
10.0,0.0,-0.18738131458572224,-0.3861192570869987,0.0
10.0,0.0,-0.24868988716485554,-0.4643206256109478,0.0
10.0,0.0,-0.30901699437494445,-0.5327468230694041,0.0
10.0,0.0,-0.3681245526846714,-0.6109481915933532,0.0
10.0,0.0,-0.4257792915650756,-0.6891495601173023,0.0
10.0,0.0,-0.4817536741017147,-0.7575757575757578,0.0
10.0,0.0,-0.5358267949789928,-0.8357771260997069,0.0
10.0,0.0,-0.587785252292472,-0.9237536656891496,0.0
10.0,0.0,-0.6374239897486911,-1.0410557184750733,0.0
10.0,0.0,-0.6845471059286872,-1.1192570869990224,0.0
10.0,0.0,-0.7289686274214123,-1.1974584555229715,0.0
10.0,0.0,-0.7705132427757875,-1.2658846529814274,0.0
10.0,0.0,-0.8090169943749477,-1.3440860215053765,0.0
10.0,0.0,-0.8443279255020132,-1.4320625610948192,0.0
10.0,0.0,-0.8763066800438635,-1.490713587487781,0.0
10.0,0.0,-0.9048270524660177,-1.5395894428152492,0.0
10.0,0.0,-0.929776485888251,-1.5884652981427174,0.0
10.0,0.0,-0.9510565162951542,-1.6373411534701856,0.0
10.0,0.0,-0.9685831611286306,-1.6764418377321602,0.0
10.0,0.0,-0.9822872507286876,-1.705767350928641,0.0
10.0,0.0,-0.9921147013144784,-1.7448680351906156,0.0
10.0,0.0,-0.9980267284282716,-1.7644183773216033,0.0
10.0,0.0,-1.0,-1.774193548387097,0.0
10.0,0.0,-0.9980267284282716,-1.7839687194525906,0.0
10.0,0.0,-0.9921147013144783,-1.8132942326490715,0.0
10.0,0.0,-0.9822872507286888,-1.8035190615835779,0.0
10.0,0.0,-0.9685831611286323,-1.7839687194525906,0.0
10.0,2.0,-0.9510565162951536,0.004887585532746819,0.0
10.0,2.0,-0.9297764858882512,0.014662756598240456,0.0
10.0,2.0,-0.9048270524660199,-0.48533724340175954,0.0
10.0,2.0,-0.8763066800438638,-0.9853372434017595,0.0
10.0,2.0,-0.8443279255020155,-0.9921798631476051,0.0
10.0,2.0,-0.8090169943749476,-0.9921798631476051,0.0
10.0,2.0,-0.7705132427757896,-0.9628543499511242,0.0
10.0,2.0,-0.7289686274214116,-0.913978494623656,0.0
10.0,2.0,-0.684547105928689,-0.8651026392961878,0.0
10.0,2.0,-0.6374239897486896,-0.7869012707722387,0.0
10.0,2.0,-0.5877852522924734,-0.698924731182796,0.0
10.0,2.0,-0.5358267949789963,-0.6402737047898341,0.0
10.0,2.0,-0.4817536741017153,-0.5816226783968723,0.0
10.0,2.0,-0.4257792915650722,-0.5131964809384169,0.0
10.0,2.0,-0.3681245526846787,-0.4447702834799605,0.0
10.0,2.0,-0.3090169943749477,-0.3372434017595305,0.0
10.0,2.0,-0.24868988716485535,-0.26881720430107503,0.0
10.0,2.0,-0.18738131458572468,-0.20039100684261957,0.0
10.0,2.0,-0.12533323356430465,-0.11241446725317683,0.0
10.0,2.0,-0.06279051952931326,-0.024437927663734094,0.0
10.0,2.0,-2.4492935982947064e-16,0.053763440860215006,0.0
10.0,2.0,0.06279051952931278,0.1319648093841641,0.0
10.0,2.0,0.12533323356430418,0.21994134897360684,0.0
10.0,2.0,0.1873813145857242,0.2883675464320623,0.0
10.0,2.0,0.24868988716485488,0.3665689149560114,0.0
10.0,2.0,0.3090169943749472,0.48387096774193505,0.0
10.0,2.0,0.3681245526846782,0.562072336265885,0.0
10.0,2.0,0.42577929156507255,0.6500488758553278,0.0
10.0,2.0,0.48175367410171566,0.7184750733137832,0.0
10.0,2.0,0.5358267949789967,0.8162267839687196,0.0
10.0,2.0,0.5877852522924736,0.9237536656891496,0.0
10.0,2.0,0.6374239897486899,1.0117302052785924,0.0
10.0,2.0,0.6845471059286893,1.1094819159335287,0.0
10.0,2.0,0.7289686274214107,1.1876832844574778,0.0
10.0,2.0,0.7705132427757887,1.2267839687194524,0.0
10.0,2.0,0.8090169943749468,1.2756598240469206,0.0
10.0,2.0,0.8443279255020147,1.3245356793743888,0.0
10.0,2.0,0.8763066800438631,1.373411534701857,0.0
10.0,2.0,0.9048270524660194,1.451612903225806,0.0
10.0,2.0,0.9297764858882511,1.5004887585532742,0.0
10.0,2.0,0.9510565162951535,1.5689149560117306,0.0
10.0,2.0,0.968583161128631,1.6080156402737051,0.0
10.0,2.0,0.9822872507286886,1.6764418377321606,0.0
10.0,2.0,0.9921147013144778,1.7057673509286415,0.0
10.0,2.0,0.9980267284282716,1.744868035190616,0.0
10.0,2.0,1.0,1.7546432062561097,0.0
10.0,2.0,0.9980267284282716,1.7839687194525906,0.0
10.0,2.0,0.9921147013144779,1.7839687194525906,0.0
10.0,2.0,0.9822872507286886,1.774193548387097,0.0
10.0,2.0,0.9685831611286311,1.774193548387097,0.0
10.0,2.0,0.9510565162951536,1.7546432062561097,0.0
10.0,2.0,0.9297764858882517,1.7350928641251224,0.0
10.0,2.0,0.9048270524660192,1.7057673509286415,0.0
10.0,2.0,0.8763066800438634,1.6568914956011733,0.0
10.0,2.0,0.8443279255020151,1.6177908113391988,0.0
10.0,2.0,0.8090169943749477,1.559139784946237,0.0
10.0,2.0,0.7705132427757886,1.5004887585532742,0.0
10.0,2.0,0.728968627421411,1.4320625610948188,0.0
10.0,2.0,0.6845471059286897,1.3831867057673506,0.0
10.0,2.0,0.6374239897486911,1.2756598240469206,0.0
10.0,2.0,0.5877852522924734,1.1779081133919842,0.0
10.0,2.0,0.5358267949789972,1.1192570869990224,0.0
10.0,2.0,0.4817536741017162,1.0703812316715542,0.0
10.0,2.0,0.42577929156507394,0.9921798631476051,0.0
10.0,2.0,0.368124552684678,0.9237536656891496,0.0
10.0,2.0,0.3090169943749478,0.8357771260997069,0.0
10.0,2.0,0.2486898871648555,0.7673509286412514,0.0
10.0,2.0,0.18738131458572568,0.6793743890518087,0.0
10.0,2.0,0.1253332335643039,0.5816226783968723,0.0
10.0,2.0,0.06279051952931339,0.5034213098729223,0.0
10.0,2.0,3.6739403974420594e-16,0.40566959921798595,0.0
10.0,2.0,-0.06279051952931265,0.3176930596285432,0.0
10.0,2.0,-0.12533323356430318,0.22971652003910048,0.0
10.0,2.0,-0.18738131458572496,0.15151515151515138,0.0
10.0,2.0,-0.24868988716485477,0.07331378299120228,0.0
10.0,2.0,-0.30901699437494706,-0.03421309872922773,0.0
10.0,2.0,-0.36812455268467725,-0.1319648093841641,0.0
10.0,2.0,-0.42577929156507327,-0.21994134897360684,0.0
10.0,2.0,-0.48175367410171555,-0.27859237536656867,0.0
10.0,2.0,-0.5358267949789965,-0.3861192570869987,0.0
10.0,2.0,-0.5877852522924728,-0.4643206256109478,0.0
10.0,2.0,-0.6374239897486905,-0.5522971652003914,0.0
10.0,2.0,-0.6845471059286892,-0.6304985337243405,0.0
10.0,2.0,-0.7289686274214106,-0.7086999022482896,0.0
10.0,2.0,-0.770513242775788,-0.7869012707722387,0.0
10.0,2.0,-0.8090169943749472,-0.8455522971652005,0.0
10.0,2.0,-0.8443279255020146,-0.8944281524926687,0.0
10.0,2.0,-0.876306680043863,-0.9628543499511242,0.0
10.0,2.0,-0.9048270524660189,-0.9824046920821115,0.0
10.0,2.0,-0.9297764858882513,-1.0703812316715542,0.0
10.0,2.0,-0.9510565162951534,-1.129032258064516,0.0
10.0,2.0,-0.968583161128631,-1.158357771260997,0.0
10.0,2.0,-0.9822872507286885,-1.2170087976539588,0.0
10.0,2.0,-0.9921147013144779,-1.2658846529814274,0.0
10.0,2.0,-0.9980267284282716,-1.2854349951124147,0.0
10.0,2.0,-1.0,-1.3245356793743892,0.0
10.0,2.0,-0.9980267284282716,-1.3343108504398828,0.0
10.0,2.0,-0.992114701314478,-1.3636363636363638,0.0
10.0,2.0,-0.9822872507286886,-1.3734115347018574,0.0
10.0,2.0,-0.9685831611286312,-1.3343108504398828,0.0
10.0,2.0,-0.9510565162951538,-1.304985337243402,0.0
10.0,2.0,-0.9297764858882517,-1.2658846529814274,0.0
10.0,2.0,-0.9048270524660192,-1.2267839687194524,0.0
10.0,2.0,-0.8763066800438635,-1.1681329423264906,0.0
10.0,2.0,-0.8443279255020151,-1.1485826001955033,0.0
10.0,2.0,-0.8090169943749477,-1.1094819159335287,0.0
10.0,2.0,-0.7705132427757886,-1.0703812316715542,0.0
10.0,2.0,-0.7289686274214111,-1.0117302052785924,0.0
10.0,2.0,-0.6845471059286898,-0.913978494623656,0.0
10.0,2.0,-0.6374239897486912,-0.8357771260997069,0.0
10.0,2.0,-0.5877852522924735,-0.7575757575757578,0.0
10.0,2.0,-0.5358267949789973,-0.669599217986315,0.0
10.0,2.0,-0.4817536741017163,-0.5816226783968723,0.0
10.0,2.0,-0.42577929156507405,-0.5229716520039105,0.0
10.0,2.0,-0.3681245526846781,-0.45454545454545414,0.0
10.0,2.0,-0.3090169943749479,-0.3861192570869987,0.0
10.0,2.0,-0.2486898871648556,-0.3079178885630496,0.0
10.0,2.0,-0.1873813145857258,-0.21994134897360684,0.0
10.0,2.0,-0.125333233564304,-0.15151515151515138,0.0
10.0,2.0,-0.06279051952931351,-0.08308895405669592,0.0
10.0,2.0,-4.898587196589413e-16,-0.004887585532746819,0.0
10.0,2.0,0.06279051952931075,0.09286412512218956,0.0
10.0,2.0,0.12533323356430304,0.20039100684261957,0.0
10.0,2.0,0.1873813145857231,0.29814271749755594,0.0
10.0,2.0,0.24868988716485466,0.3958944281524923,0.0
10.0,2.0,0.30901699437494523,0.5131964809384169,0.0
10.0,2.0,0.36812455268467714,0.5718475073313787,0.0
10.0,2.0,0.42577929156507155,0.6402737047898341,0.0
10.0,2.0,0.48175367410171543,0.7478005865102642,0.0
10.0,2.0,0.535826794978995,0.8357771260997069,0.0
10.0,2.0,0.5877852522924727,0.9237536656891496,0.0
10.0,2.0,0.6374239897486891,1.0410557184750733,0.0
10.0,2.0,0.6845471059286891,1.129032258064516,0.0
10.0,2.0,0.7289686274214104,1.2463343108504397,0.0
10.0,2.0,0.7705132427757891,1.3147605083088951,0.0
10.0,2.0,0.8090169943749471,1.4125122189638315,0.0
10.0,2.0,0.8443279255020155,1.4711632453567933,0.0
10.0,2.0,0.876306680043863,1.529814271749756,0.0
10.0,2.0,0.9048270524660196,1.5786901270772242,0.0
10.0,2.0,0.9297764858882513,1.637341153470186,0.0
10.0,2.0,0.951056516295154,1.6862170087976542,0.0
10.0,2.0,0.9685831611286309,1.7350928641251224,0.0
10.0,2.0,0.9822872507286888,1.7546432062561097,0.0
10.0,2.0,0.9921147013144779,1.7839687194525906,0.0
10.0,2.0,0.9980267284282717,1.7937438905180842,0.0
10.0,2.0,1.0,1.8035190615835779,0.0
10.0,2.0,0.9980267284282718,1.7839687194525906,0.0
10.0,2.0,0.992114701314478,1.7839687194525906,0.0
10.0,2.0,0.9822872507286889,1.7546432062561097,0.0
10.0,2.0,0.9685831611286312,1.7546432062561097,0.0
10.0,2.0,0.9510565162951543,1.7057673509286415,0.0
10.0,2.0,0.9297764858882518,1.666666666666667,0.0
10.0,2.0,0.90482705246602,1.5884652981427179,0.0
10.0,2.0,0.8763066800438635,1.559139784946237,0.0
10.0,2.0,0.8443279255020162,1.5200391006842624,0.0
10.0,2.0,0.8090169943749478,1.4613880742912997,0.0
10.0,2.0,0.7705132427757898,1.3929618768328442,0.0
10.0,2.0,0.7289686274214112,1.3147605083088951,0.0
10.0,2.0,0.6845471059286898,1.2463343108504397,0.0
10.0,2.0,0.6374239897486899,1.1779081133919842,0.0
10.0,2.0,0.5877852522924736,1.1192570869990224,0.0
10.0,2.0,0.5358267949789959,1.0312805474095796,0.0
10.0,2.0,0.48175367410171643,0.9628543499511242,0.0
10.0,2.0,0.42577929156507255,0.8748778103616814,0.0
10.0,2.0,0.3681245526846782,0.7869012707722387,0.0
10.0,2.0,0.3090169943749463,0.6891495601173023,0.0
10.0,2.0,0.2486898871648557,0.591397849462366,0.0
10.0,2.0,0.18738131458572418,0.4936461388074287,0.0
10.0,2.0,0.12533323356430415,0.40566959921798595,0.0
10.0,2.0,0.06279051952931186,0.3079178885630496,0.0
10.0,2.0,6.123233995736766e-16,0.22971652003910048,0.0
10.0,2.0,-0.06279051952931064,0.12218963831867047,0.0
10.0,2.0,-0.12533323356430293,0.053763440860215006,0.0
10.0,2.0,-0.18738131458572296,-0.03421309872922773,0.0
10.0,2.0,-0.24868988716485452,-0.12218963831867047,0.0
10.0,2.0,-0.3090169943749451,-0.21994134897360684,0.0
10.0,2.0,-0.3681245526846787,-0.3079178885630496,0.0
10.0,2.0,-0.42577929156506983,-0.3958944281524923,0.0
10.0,2.0,-0.4817536741017154,-0.4936461388074287,0.0
10.0,2.0,-0.5358267949789964,-0.5522971652003914,0.0
10.0,2.0,-0.5877852522924726,-0.6304985337243405,0.0
10.0,2.0,-0.637423989748689,-0.698924731182796,0.0
10.0,2.0,-0.6845471059286877,-0.7966764418377323,0.0
10.0,2.0,-0.7289686274214103,-0.8846529814271751,0.0
10.0,2.0,-0.7705132427757901,-0.9335288367546433,0.0
10.0,2.0,-0.809016994374946,-0.9824046920821115,0.0
10.0,2.0,-0.8443279255020155,-1.050830889540567,0.0
10.0,2.0,-0.8763066800438638,-1.099706744868035,0.0
10.0,2.0,-0.9048270524660196,-1.1681329423264906,0.0
10.0,2.0,-0.9297764858882513,-1.2072336265884651,0.0
10.0,2.0,-0.9510565162951534,-1.2561094819159337,0.0
10.0,2.0,-0.9685831611286309,-1.2658846529814274,0.0
10.0,2.0,-0.982287250728689,-1.275659824046921,0.0
10.0,2.0,-0.9921147013144777,-1.304985337243402,0.0
10.0,2.0,-0.9980267284282717,-1.304985337243402,0.0
10.0,2.0,-1.0,-1.304985337243402,0.0
10.0,2.0,-0.9980267284282718,-1.3343108504398828,0.0
10.0,2.0,-0.9921147013144778,-1.3245356793743892,0.0
10.0,2.0,-0.9822872507286894,-1.3147605083088956,0.0
10.0,2.0,-0.9685831611286312,-1.3343108504398828,0.0
10.0,2.0,-0.9510565162951538,-1.304985337243402,0.0
10.0,2.0,-0.9297764858882518,-1.2561094819159337,0.0
10.0,2.0,-0.9048270524660201,-1.2072336265884651,0.0
10.0,2.0,-0.8763066800438645,-1.129032258064516,0.0
10.0,2.0,-0.8443279255020162,-1.0899315738025415,0.0
10.0,2.0,-0.8090169943749468,-1.0410557184750733,0.0
10.0,2.0,-0.770513242775791,-0.9921798631476051,0.0
10.0,2.0,-0.7289686274214113,-0.9335288367546433,0.0
10.0,2.0,-0.6845471059286887,-0.8553274682306942,0.0
10.0,2.0,-0.63742398974869,-0.7771260997067451,0.0
10.0,2.0,-0.5877852522924737,-0.6891495601173023,0.0
10.0,2.0,-0.5358267949789975,-0.6304985337243405,0.0
10.0,2.0,-0.48175367410171654,-0.5522971652003914,0.0
10.0,2.0,-0.42577929156507105,-0.4740957966764414,0.0
10.0,2.0,-0.36812455268468,-0.4154447702834796,0.0
10.0,2.0,-0.3090169943749464,-0.3176930596285432,0.0
10.0,2.0,-0.2486898871648541,-0.23949169110459412,0.0
10.0,2.0,-0.1873813145857243,-0.16129032258064502,0.0
10.0,2.0,-0.12533323356430426,-0.08308895405669592,0.0
10.0,2.0,-0.06279051952931375,-0.014662756598240456,0.0
10.0,2.0,-7.347880794884119e-16,0.053763440860215006,0.0
10.0,2.0,0.06279051952931229,0.14173998044965774,0.0
10.0,2.0,0.12533323356430282,0.2101661779081132,0.0
10.0,2.0,0.18738131458572285,0.3079178885630496,0.0
10.0,2.0,0.24868988716485269,0.3665689149560114,0.0
10.0,2.0,0.309016994374945,0.45454545454545414,0.0
10.0,2.0,0.3681245526846786,0.5327468230694041,0.0
10.0,2.0,0.4257792915650697,0.6402737047898341,0.0
10.0,2.0,0.48175367410171527,0.7282502443792769,0.0
10.0,2.0,0.5358267949789963,0.806451612903226,0.0
10.0,2.0,0.5877852522924725,0.8651026392961878,0.0
10.0,2.0,0.6374239897486889,0.9726295210166178,0.0
10.0,2.0,0.6845471059286876,1.099706744868035,0.0
10.0,2.0,0.7289686274214102,1.1681329423264906,0.0
10.0,2.0,0.7705132427757901,1.2463343108504397,0.0
10.0,2.0,0.8090169943749459,1.3049853372434015,0.0
10.0,2.0,0.8443279255020154,1.3831867057673506,0.0
10.0,2.0,0.8763066800438637,1.4613880742912997,0.0
10.0,2.0,0.9048270524660195,1.529814271749756,0.0
10.0,2.0,0.9297764858882512,1.5689149560117306,0.0
10.0,2.0,0.9510565162951533,1.6275659824046924,0.0
10.0,2.0,0.9685831611286309,1.6959921798631479,0.0
10.0,2.0,0.982287250728689,1.7057673509286415,0.0
10.0,2.0,0.9921147013144777,1.7350928641251224,0.0
10.0,2.0,0.9980267284282717,1.744868035190616,0.0
10.0,2.0,1.0,1.7546432062561097,0.0
10.0,2.0,0.9980267284282718,1.7546432062561097,0.0
10.0,2.0,0.9921147013144778,1.7546432062561097,0.0
10.0,2.0,0.9822872507286894,1.7839687194525906,0.0
10.0,2.0,0.9685831611286312,1.7350928641251224,0.0
10.0,2.0,0.9510565162951539,1.7253176930596288,0.0
10.0,2.0,0.9297764858882518,1.6764418377321606,0.0
10.0,2.0,0.9048270524660201,1.5884652981427179,0.0
10.0,2.0,0.8763066800438645,1.529814271749756,0.0
10.0,2.0,0.8443279255020163,1.5102639296187688,0.0
10.0,2.0,0.8090169943749469,1.4320625610948188,0.0
10.0,2.0,0.7705132427757911,1.3538611925708697,0.0
10.0,2.0,0.7289686274214113,1.3147605083088951,0.0
10.0,2.0,0.6845471059286887,1.2170087976539588,0.0
10.0,2.0,0.6374239897486901,1.1388074291300097,0.0
10.0,2.0,0.5877852522924738,1.0410557184750733,0.0
10.0,2.0,0.5358267949789977,0.9726295210166178,0.0
10.0,2.0,0.48175367410171666,0.9237536656891496,0.0
10.0,2.0,0.42577929156507116,0.8651026392961878,0.0
10.0,2.0,0.3681245526846801,0.7869012707722387,0.0
10.0,2.0,0.30901699437494656,0.7184750733137832,0.0
10.0,2.0,0.24868988716485424,0.6109481915933532,0.0
10.0,2.0,0.1873813145857244,0.5131964809384169,0.0
10.0,2.0,0.1253332335643044,0.4154447702834796,0.0
10.0,2.0,0.06279051952931387,0.32746823069403685,0.0
10.0,2.0,8.572527594031472e-16,0.21994134897360684,0.0
10.0,2.0,-0.06279051952931217,0.1319648093841641,0.0
10.0,2.0,-0.12533323356430268,0.053763440860215006,0.0
10.0,2.0,-0.18738131458572274,-0.014662756598240456,0.0
10.0,2.0,-0.24868988716485257,-0.12218963831867047,0.0
10.0,2.0,-0.3090169943749449,-0.20039100684261957,0.0
10.0,2.0,-0.3681245526846785,-0.27859237536656867,0.0
10.0,2.0,-0.4257792915650696,-0.3665689149560114,0.0
10.0,2.0,-0.48175367410171516,-0.4447702834799605,0.0
10.0,2.0,-0.5358267949789962,-0.5131964809384169,0.0
10.0,2.0,-0.5877852522924725,-0.6109481915933532,0.0
10.0,2.0,-0.6374239897486887,-0.7086999022482896,0.0
10.0,2.0,-0.6845471059286875,-0.7673509286412514,0.0
10.0,2.0,-0.7289686274214101,-0.8260019550342133,0.0
10.0,2.0,-0.77051324277579,-0.913978494623656,0.0
10.0,2.0,-0.8090169943749459,-0.9628543499511242,0.0
10.0,2.0,-0.8443279255020153,-1.021505376344086,0.0
10.0,2.0,-0.8763066800438637,-1.099706744868035,0.0
10.0,2.0,-0.9048270524660195,-1.1779081133919842,0.0
10.0,2.0,-0.9297764858882512,-1.2170087976539588,0.0
10.0,2.0,-0.9510565162951533,-1.275659824046921,0.0
10.0,2.0,-0.9685831611286309,-1.3147605083088956,0.0
10.0,2.0,-0.982287250728689,-1.3343108504398828,0.0
10.0,2.0,-0.9921147013144775,-1.3245356793743892,0.0
10.0,2.0,-0.9980267284282717,-1.3440860215053765,0.0
10.0,2.0,-1.0,-1.3734115347018574,0.0
10.0,2.0,-0.9980267284282718,-1.3538611925708701,0.0
10.0,2.0,-0.9921147013144778,-1.3734115347018574,0.0
10.0,2.0,-0.9822872507286894,-1.3929618768328447,0.0
10.0,2.0,-0.9685831611286313,-1.3636363636363638,0.0
10.0,2.0,-0.9510565162951539,-1.3538611925708701,0.0
10.0,2.0,-0.9297764858882519,-1.304985337243402,0.0
10.0,2.0,-0.9048270524660202,-1.2561094819159337,0.0
10.0,2.0,-0.8763066800438646,-1.2170087976539588,0.0
10.0,2.0,-0.8443279255020164,-1.1876832844574778,0.0
10.0,2.0,-0.8090169943749469,-1.1192570869990224,0.0
10.0,2.0,-0.7705132427757913,-1.050830889540567,0.0
10.0,2.0,-0.7289686274214114,-1.0312805474095796,0.0
10.0,2.0,-0.6845471059286888,-0.9628543499511242,0.0
10.0,2.0,-0.6374239897486902,-0.8651026392961878,0.0
10.0,2.0,-0.5877852522924739,-0.7966764418377323,0.0
10.0,2.0,-0.5358267949789978,-0.6891495601173023,0.0
10.0,2.0,-0.48175367410171677,-0.591397849462366,0.0
10.0,2.0,-0.42577929156507127,-0.5034213098729232,0.0
10.0,2.0,-0.3681245526846802,-0.42521994134897323,0.0
10.0,2.0,-0.3090169943749467,-0.3372434017595305,0.0
10.0,2.0,-0.24868988716485435,-0.2590420332355814,0.0
10.0,2.0,-0.18738131458572455,-0.19061583577712593,0.0
10.0,2.0,-0.1253332335643045,-0.12218963831867047,0.0
10.0,2.0,-0.062790519529314,-0.03421309872922773,0.0
10.0,2.0,-9.797174393178826e-16,0.03421309872922773,0.0
10.0,2.0,0.06279051952931204,0.11241446725317683,0.0
10.0,2.0,0.12533323356429904,0.20039100684261957,0.0
10.0,2.0,0.1873813145857261,0.2883675464320623,0.0
10.0,2.0,0.24868988716485246,0.35679374389051777,0.0
10.0,2.0,0.3090169943749448,0.4447702834799605,0.0
10.0,2.0,0.36812455268467503,0.5229716520039105,0.0
10.0,2.0,0.4257792915650727,0.6109481915933532,0.0
10.0,2.0,0.48175367410171505,0.698924731182796,0.0
10.0,2.0,0.5358267949789961,0.7966764418377323,0.0
10.0,2.0,0.5877852522924695,0.8846529814271751,0.0
10.0,2.0,0.6374239897486914,0.9726295210166178,0.0
10.0,2.0,0.6845471059286874,1.0410557184750733,0.0
10.0,2.0,0.7289686274214101,1.1388074291300097,0.0
10.0,2.0,0.7705132427757877,1.2072336265884651,0.0
10.0,2.0,0.8090169943749479,1.2756598240469206,0.0
10.0,2.0,0.8443279255020153,1.3636363636363633,0.0
10.0,2.0,0.8763066800438636,1.4222873900293251,0.0
10.0,2.0,0.9048270524660179,1.4907135874877806,0.0
10.0,2.0,0.9297764858882525,1.559139784946237,0.0
10.0,2.0,0.9510565162951533,1.5884652981427179,0.0
10.0,2.0,0.9685831611286307,1.637341153470186,0.0
10.0,2.0,0.9822872507286884,1.6764418377321606,0.0
10.0,2.0,0.992114701314478,1.7057673509286415,0.0
10.0,2.0,0.9980267284282717,1.7155425219941352,0.0
10.0,2.0,1.0,1.7057673509286415,0.0
10.0,2.0,0.9980267284282718,1.7253176930596288,0.0
10.0,2.0,0.9921147013144783,1.7057673509286415,0.0
10.0,2.0,0.9822872507286887,1.666666666666667,0.0
10.0,2.0,0.9685831611286313,1.6275659824046924,0.0
10.0,2.0,0.9510565162951539,1.6177908113391988,0.0
10.0,2.0,0.9297764858882532,1.6080156402737051,0.0
10.0,2.0,0.9048270524660188,1.5786901270772242,0.0
10.0,2.0,0.8763066800438646,1.5395894428152497,0.0
10.0,2.0,0.8443279255020164,1.4907135874877806,0.0
10.0,2.0,0.8090169943749491,1.451612903225806,0.0
10.0,2.0,0.770513242775789,1.3636363636363633,0.0
10.0,2.0,0.7289686274214116,1.2756598240469206,0.0
10.0,2.0,0.684547105928689,1.1876832844574778,0.0
10.0,2.0,0.637423989748693,1.1094819159335287,0.0
10.0,2.0,0.5877852522924711,0.9921798631476051,0.0
10.0,2.0,0.5358267949789979,0.913978494623656,0.0
10.0,2.0,0.4817536741017169,0.8553274682306942,0.0
10.0,2.0,0.4257792915650746,0.7673509286412514,0.0
10.0,2.0,0.368124552684677,0.698924731182796,0.0
10.0,2.0,0.3090169943749468,0.6207233626588469,0.0
10.0,2.0,0.24868988716485446,0.5229716520039105,0.0
10.0,2.0,0.18738131458572815,0.42521994134897323,0.0
10.0,2.0,0.1253332335643011,0.32746823069403685,0.0
10.0,2.0,0.06279051952931412,0.22971652003910048,0.0
10.0,2.0,1.102182119232618e-15,0.14173998044965774,0.0
10.0,2.0,-0.06279051952931192,0.03421309872922773,0.0
10.0,2.0,-0.12533323356429893,-0.04398826979472137,0.0
10.0,2.0,-0.187381314585726,-0.14173998044965774,0.0
10.0,2.0,-0.24868988716485232,-0.24926686217008776,0.0
10.0,2.0,-0.3090169943749447,-0.34701857282502413,0.0
10.0,2.0,-0.3681245526846749,-0.4936461388074287,0.0
10.0,2.0,-0.4257792915650726,-0.5718475073313787,0.0
10.0,2.0,-0.48175367410171493,-0.6598240469208214,0.0
10.0,2.0,-0.535826794978996,-0.7282502443792769,0.0
10.0,2.0,-0.5877852522924694,-0.8162267839687196,0.0
10.0,2.0,-0.6374239897486913,-0.8651026392961878,0.0
10.0,2.0,-0.6845471059286873,-0.9237536656891496,0.0
10.0,2.0,-0.72896862742141,-1.0117302052785924,0.0
10.0,2.0,-0.7705132427757876,-1.0801564027370478,0.0
10.0,2.0,-0.8090169943749478,-1.1681329423264906,0.0
10.0,2.0,-0.8443279255020152,-1.2267839687194524,0.0
10.0,2.0,-0.8763066800438636,-1.304985337243402,0.0
10.0,2.0,-0.9048270524660178,-1.3343108504398828,0.0
10.0,2.0,-0.9297764858882525,-1.3440860215053765,0.0
10.0,2.0,-0.9510565162951532,-1.3929618768328447,0.0
10.0,2.0,-0.9685831611286307,-1.383186705767351,0.0
10.0,2.0,-0.9822872507286883,-1.412512218963832,0.0
10.0,2.0,-0.992114701314478,-1.4320625610948192,0.0
10.0,2.0,-0.9980267284282717,-1.4711632453567938,0.0
10.0,2.0,-1.0,-1.4809384164222874,0.0
10.0,2.0,-0.9980267284282718,-1.4711632453567938,0.0
10.0,2.0,-0.9921147013144783,-1.5004887585532747,0.0
10.0,2.0,-0.9822872507286887,-1.5004887585532747,0.0
10.0,2.0,-0.9685831611286313,-1.4711632453567938,0.0
10.0,2.0,-0.951056516295154,-1.4320625610948192,0.0
10.0,2.0,-0.9297764858882532,-1.3734115347018574,0.0
10.0,2.0,-0.9048270524660188,-1.3636363636363638,0.0
10.0,2.0,-0.8763066800438647,-1.3245356793743892,0.0
10.0,2.0,-0.8443279255020165,-1.2658846529814274,0.0
10.0,2.0,-0.8090169943749491,-1.1974584555229715,0.0
10.0,2.0,-0.770513242775789,-1.129032258064516,0.0
10.0,2.0,-0.7289686274214117,-1.0703812316715542,0.0
10.0,2.0,-0.6845471059286891,-1.0312805474095796,0.0
10.0,2.0,-0.6374239897486931,-0.9628543499511242,0.0
10.0,2.0,-0.5877852522924712,-0.8651026392961878,0.0
10.0,2.0,-0.535826794978998,-0.7869012707722387,0.0
10.0,2.0,-0.481753674101717,-0.698924731182796,0.0
10.0,2.0,-0.4257792915650747,-0.6109481915933532,0.0
10.0,2.0,-0.3681245526846771,-0.5229716520039105,0.0
10.0,2.0,-0.3090169943749469,-0.4643206256109478,0.0
10.0,2.0,-0.2486898871648546,-0.3958944281524923,0.0
10.0,2.0,-0.18738131458572826,-0.29814271749755594,0.0
10.0,2.0,-0.12533323356430123,-0.22971652003910048,0.0
10.0,2.0,-0.06279051952931425,-0.14173998044965774,0.0
10.0,2.0,-1.2246467991473533e-15,-0.06353861192570864,0.0
10.0,2.0,0.06279051952931179,0.024437927663734094,0.0
10.0,2.0,0.1253332335642988,0.12218963831867047,0.0
10.0,2.0,0.18738131458572588,0.22971652003910048,0.0
10.0,2.0,0.2486898871648522,0.3079178885630496,0.0
10.0,2.0,0.30901699437494456,0.40566959921798595,0.0
10.0,2.0,0.3681245526846748,0.4643206256109478,0.0
10.0,2.0,0.4257792915650725,0.5522971652003914,0.0
10.0,2.0,0.4817536741017148,0.6304985337243405,0.0
10.0,2.0,0.5358267949789959,0.7086999022482896,0.0
10.0,2.0,0.5877852522924693,0.7966764418377323,0.0
10.0,2.0,0.6374239897486885,0.8651026392961878,0.0
10.0,2.0,0.6845471059286898,0.9433040078201369,0.0
10.0,2.0,0.7289686274214099,1.050830889540567,0.0
10.0,2.0,0.7705132427757853,1.1094819159335287,0.0
10.0,2.0,0.8090169943749498,1.1485826001955033,0.0
10.0,2.0,0.8443279255020152,1.236559139784946,0.0
10.0,2.0,0.8763066800438618,1.2854349951124142,0.0
10.0,2.0,0.9048270524660192,1.3343108504398824,0.0
10.0,2.0,0.9297764858882523,1.3831867057673506,0.0
10.0,2.0,0.9510565162951532,1.4222873900293251,0.0
10.0,2.0,0.9685831611286316,1.5004887585532742,0.0
10.0,2.0,0.9822872507286883,1.5493646138807433,0.0
10.0,2.0,0.992114701314478,1.6177908113391988,0.0
10.0,2.0,0.9980267284282713,1.6764418377321606,0.0
10.0,2.0,1.0,1.7155425219941352,0.0
10.0,2.0,0.9980267284282718,1.7350928641251224,0.0
10.0,2.0,0.9921147013144788,1.744868035190616,0.0
10.0,2.0,0.9822872507286882,1.7253176930596288,0.0
10.0,2.0,0.9685831611286313,1.7057673509286415,0.0
10.0,2.0,0.9510565162951551,1.6764418377321606,0.0
10.0,2.0,0.929776485888252,1.6275659824046924,0.0
10.0,2.0,0.9048270524660189,1.5884652981427179,0.0
10.0,2.0,0.8763066800438647,1.5493646138807433,0.0
10.0,2.0,0.8443279255020146,1.5004887585532742,0.0
10.0,2.0,0.8090169943749492,1.4418377321603124,0.0
10.0,2.0,0.7705132427757891,1.3929618768328442,0.0
10.0,2.0,0.7289686274214141,1.3343108504398824,0.0
10.0,2.0,0.6845471059286892,1.2756598240469206,0.0
10.0,2.0,0.6374239897486932,1.2170087976539588,0.0
10.0,2.0,0.5877852522924742,1.1388074291300097,0.0
10.0,2.0,0.535826794978995,1.0410557184750733,0.0
10.0,2.0,0.48175367410171704,0.9433040078201369,0.0
10.0,2.0,0.42577929156507804,0.8846529814271751,0.0
10.0,2.0,0.3681245526846739,0.7869012707722387,0.0
10.0,2.0,0.309016994374947,0.698924731182796,0.0
10.0,2.0,0.24868988716485815,0.6109481915933532,0.0
10.0,2.0,0.1873813145857249,0.5131964809384169,0.0
10.0,2.0,0.12533323356430134,0.40566959921798595,0.0
10.0,2.0,0.06279051952931436,0.3176930596285432,0.0
10.0,2.0,4.899825157862589e-15,0.21994134897360684,0.0
10.0,2.0,-0.06279051952931168,0.14173998044965774,0.0
10.0,2.0,-0.12533323356429868,0.06353861192570864,0.0
10.0,2.0,-0.18738131458572224,-0.024437927663734094,0.0
10.0,2.0,-0.24868988716485554,-0.15151515151515138,0.0
10.0,2.0,-0.30901699437494445,-0.24926686217008776,0.0
10.0,2.0,-0.3681245526846714,-0.3372434017595305,0.0
10.0,2.0,-0.4257792915650756,-0.43499511241446687,0.0
10.0,2.0,-0.4817536741017147,-0.5229716520039105,0.0
10.0,2.0,-0.5358267949789928,-0.6011730205278596,0.0
10.0,2.0,-0.587785252292472,-0.6598240469208214,0.0
10.0,2.0,-0.6374239897486911,-0.7282502443792769,0.0
10.0,2.0,-0.6845471059286872,-0.806451612903226,0.0
10.0,2.0,-0.7289686274214123,-0.8846529814271751,0.0
10.0,2.0,-0.7705132427757875,-0.9433040078201369,0.0
10.0,2.0,-0.8090169943749477,-1.021505376344086,0.0
10.0,2.0,-0.8443279255020132,-1.1094819159335287,0.0
10.0,2.0,-0.8763066800438635,-1.1779081133919842,0.0
10.0,2.0,-0.9048270524660177,-1.236559139784946,0.0
10.0,2.0,-0.929776485888251,-1.2854349951124147,0.0
10.0,2.0,-0.9510565162951542,-1.3147605083088956,0.0
10.0,2.0,-0.9685831611286306,-1.3538611925708701,0.0
10.0,2.0,-0.9822872507286876,-1.383186705767351,0.0
10.0,2.0,-0.9921147013144784,-1.4222873900293256,0.0
10.0,2.0,-0.9980267284282716,-1.4516129032258065,0.0
10.0,2.0,-1.0,-1.4711632453567938,0.0
10.0,2.0,-0.9980267284282716,-1.4711632453567938,0.0
10.0,2.0,-0.9921147013144783,-1.4711632453567938,0.0
10.0,2.0,-0.9822872507286888,-1.4613880742913001,0.0
10.0,2.0,-0.9685831611286323,-1.4613880742913001,0.0
10.0,4.0,-0.9510565162951536,0.004887585532746819,0.0
10.0,4.0,-0.9297764858882512,0.014662756598240456,0.0
10.0,4.0,-0.9048270524660199,0.35679374389051777,0.0
10.0,4.0,-0.8763066800438638,0.37634408602150504,0.0
10.0,4.0,-0.8443279255020155,0.42521994134897323,0.0
10.0,4.0,-0.8090169943749476,-0.07478005865102677,0.0
10.0,4.0,-0.7705132427757896,-0.17106549364613866,0.0
10.0,4.0,-0.7289686274214116,-0.20039100684261957,0.0
10.0,4.0,-0.684547105928689,-0.20039100684261957,0.0
10.0,4.0,-0.6374239897486896,-0.1808406647116323,0.0
10.0,4.0,-0.5877852522924734,-0.1319648093841641,0.0
10.0,4.0,-0.5358267949789963,-0.09286412512218956,0.0
10.0,4.0,-0.4817536741017153,-0.08308895405669592,0.0
10.0,4.0,-0.4257792915650722,-0.06353861192570864,0.0
10.0,4.0,-0.3681245526846787,-0.014662756598240456,0.0
10.0,4.0,-0.3090169943749477,0.04398826979472137,0.0
10.0,4.0,-0.24868988716485535,0.12218963831867047,0.0
10.0,4.0,-0.18738131458572468,0.20039100684261957,0.0
10.0,4.0,-0.12533323356430465,0.24926686217008776,0.0
10.0,4.0,-0.06279051952931326,0.29814271749755594,0.0
10.0,4.0,-2.4492935982947064e-16,0.3665689149560114,0.0
10.0,4.0,0.06279051952931278,0.4740957966764414,0.0
10.0,4.0,0.12533323356430418,0.562072336265885,0.0
10.0,4.0,0.1873813145857242,0.6500488758553278,0.0
10.0,4.0,0.24868988716485488,0.7380254154447705,0.0
10.0,4.0,0.3090169943749472,0.8357771260997069,0.0
10.0,4.0,0.3681245526846782,0.9726295210166178,0.0
10.0,4.0,0.42577929156507255,1.0606060606060606,0.0
10.0,4.0,0.48175367410171566,1.129032258064516,0.0
10.0,4.0,0.5358267949789967,1.2072336265884651,0.0
10.0,4.0,0.5877852522924736,1.2952101661779079,0.0
10.0,4.0,0.6374239897486899,1.4027370478983379,0.0
10.0,4.0,0.6845471059286893,1.5102639296187688,0.0
10.0,4.0,0.7289686274214107,1.5884652981427179,0.0
10.0,4.0,0.7705132427757887,1.666666666666667,0.0
10.0,4.0,0.8090169943749468,1.7350928641251224,0.0
10.0,4.0,0.8443279255020147,1.7937438905180842,0.0
10.0,4.0,0.8763066800438631,1.8719452590420333,0.0
10.0,4.0,0.9048270524660194,1.9403714565004888,0.0
10.0,4.0,0.9297764858882511,1.989247311827957,0.0
10.0,4.0,0.9510565162951535,2.0283479960899315,0.0
10.0,4.0,0.968583161128631,2.067448680351906,0.0
10.0,4.0,0.9822872507286886,2.096774193548387,0.0
10.0,4.0,0.9921147013144778,2.1163245356793743,0.0
10.0,4.0,0.9980267284282716,2.1163245356793743,0.0
10.0,4.0,1.0,2.145650048875855,0.0
10.0,4.0,0.9980267284282716,2.145650048875855,0.0
10.0,4.0,0.9921147013144779,2.1358748778103616,0.0
10.0,4.0,0.9822872507286886,2.126099706744868,0.0
10.0,4.0,0.9685831611286311,2.1163245356793743,0.0
10.0,4.0,0.9510565162951536,2.1065493646138806,0.0
10.0,4.0,0.9297764858882517,2.0772238514173997,0.0
10.0,4.0,0.9048270524660192,2.038123167155425,0.0
10.0,4.0,0.8763066800438634,1.9696969696969697,0.0
10.0,4.0,0.8443279255020151,1.9012707722385143,0.0
10.0,4.0,0.8090169943749477,1.8426197458455524,0.0
10.0,4.0,0.7705132427757886,1.7644183773216033,0.0
10.0,4.0,0.728968627421411,1.6959921798631479,0.0
10.0,4.0,0.6845471059286897,1.6177908113391988,0.0
10.0,4.0,0.6374239897486911,1.529814271749756,0.0
10.0,4.0,0.5877852522924734,1.4613880742912997,0.0
10.0,4.0,0.5358267949789972,1.4027370478983379,0.0
10.0,4.0,0.4817536741017162,1.344086021505376,0.0
10.0,4.0,0.42577929156507394,1.2561094819159333,0.0
10.0,4.0,0.368124552684678,1.1681329423264906,0.0
10.0,4.0,0.3090169943749478,1.0899315738025415,0.0
10.0,4.0,0.2486898871648555,0.9726295210166178,0.0
10.0,4.0,0.18738131458572568,0.913978494623656,0.0
10.0,4.0,0.1253332335643039,0.8455522971652005,0.0
10.0,4.0,0.06279051952931339,0.7673509286412514,0.0
10.0,4.0,3.6739403974420594e-16,0.6891495601173023,0.0
10.0,4.0,-0.06279051952931265,0.591397849462366,0.0
10.0,4.0,-0.12533323356430318,0.5131964809384169,0.0
10.0,4.0,-0.18738131458572496,0.4154447702834796,0.0
10.0,4.0,-0.24868988716485477,0.3372434017595305,0.0
10.0,4.0,-0.30901699437494706,0.23949169110459412,0.0
10.0,4.0,-0.36812455268467725,0.16129032258064502,0.0
10.0,4.0,-0.42577929156507327,0.08308895405669592,0.0
10.0,4.0,-0.48175367410171555,0.014662756598240456,0.0
10.0,4.0,-0.5358267949789965,-0.06353861192570864,0.0
10.0,4.0,-0.5877852522924728,-0.12218963831867047,0.0
10.0,4.0,-0.6374239897486905,-0.17106549364613866,0.0
10.0,4.0,-0.6845471059286892,-0.23949169110459412,0.0
10.0,4.0,-0.7289686274214106,-0.3176930596285432,0.0
10.0,4.0,-0.770513242775788,-0.3665689149560114,0.0
10.0,4.0,-0.8090169943749472,-0.4447702834799605,0.0
10.0,4.0,-0.8443279255020146,-0.5327468230694041,0.0
10.0,4.0,-0.876306680043863,-0.6109481915933532,0.0
10.0,4.0,-0.9048270524660189,-0.669599217986315,0.0
10.0,4.0,-0.9297764858882513,-0.7380254154447705,0.0
10.0,4.0,-0.9510565162951534,-0.7771260997067451,0.0
10.0,4.0,-0.968583161128631,-0.8162267839687196,0.0
10.0,4.0,-0.9822872507286885,-0.8455522971652005,0.0
10.0,4.0,-0.9921147013144779,-0.9042033235581624,0.0
10.0,4.0,-0.9980267284282716,-0.9335288367546433,0.0
10.0,4.0,-1.0,-0.9726295210166178,0.0
10.0,4.0,-0.9980267284282716,-1.0019550342130987,0.0
10.0,4.0,-0.992114701314478,-1.0117302052785924,0.0
10.0,4.0,-0.9822872507286886,-1.021505376344086,0.0
10.0,4.0,-0.9685831611286312,-1.021505376344086,0.0
10.0,4.0,-0.9510565162951538,-0.9921798631476051,0.0
10.0,4.0,-0.9297764858882517,-0.9726295210166178,0.0
10.0,4.0,-0.9048270524660192,-0.9433040078201369,0.0
10.0,4.0,-0.8763066800438635,-0.8944281524926687,0.0
10.0,4.0,-0.8443279255020151,-0.8357771260997069,0.0
10.0,4.0,-0.8090169943749477,-0.7771260997067451,0.0
10.0,4.0,-0.7705132427757886,-0.698924731182796,0.0
10.0,4.0,-0.7289686274214111,-0.6304985337243405,0.0
10.0,4.0,-0.6845471059286898,-0.562072336265885,0.0
10.0,4.0,-0.6374239897486912,-0.4740957966764414,0.0
10.0,4.0,-0.5877852522924735,-0.42521994134897323,0.0
10.0,4.0,-0.5358267949789973,-0.32746823069403685,0.0
10.0,4.0,-0.4817536741017163,-0.2590420332355814,0.0
10.0,4.0,-0.42577929156507405,-0.20039100684261957,0.0
10.0,4.0,-0.3681245526846781,-0.1319648093841641,0.0
10.0,4.0,-0.3090169943749479,-0.06353861192570864,0.0
10.0,4.0,-0.2486898871648556,0.014662756598240456,0.0
10.0,4.0,-0.1873813145857258,0.12218963831867047,0.0
10.0,4.0,-0.125333233564304,0.2101661779081132,0.0
10.0,4.0,-0.06279051952931351,0.27859237536656867,0.0
10.0,4.0,-4.898587196589413e-16,0.35679374389051777,0.0
10.0,4.0,0.06279051952931075,0.4447702834799605,0.0
10.0,4.0,0.12533323356430304,0.5131964809384169,0.0
10.0,4.0,0.1873813145857231,0.6011730205278596,0.0
10.0,4.0,0.24868988716485466,0.698924731182796,0.0
10.0,4.0,0.30901699437494523,0.806451612903226,0.0
10.0,4.0,0.36812455268467714,0.913978494623656,0.0
10.0,4.0,0.42577929156507155,0.9824046920821115,0.0
10.0,4.0,0.48175367410171543,1.0899315738025415,0.0
10.0,4.0,0.535826794978995,1.1681329423264906,0.0
10.0,4.0,0.5877852522924727,1.2561094819159333,0.0
10.0,4.0,0.6374239897486891,1.344086021505376,0.0
10.0,4.0,0.6845471059286891,1.4027370478983379,0.0
10.0,4.0,0.7289686274214104,1.480938416422287,0.0
10.0,4.0,0.7705132427757891,1.5689149560117306,0.0
10.0,4.0,0.8090169943749471,1.637341153470186,0.0
10.0,4.0,0.8443279255020155,1.6862170087976542,0.0
10.0,4.0,0.876306680043863,1.744868035190616,0.0
10.0,4.0,0.9048270524660196,1.7644183773216033,0.0
10.0,4.0,0.9297764858882513,1.8230694037145652,0.0
10.0,4.0,0.951056516295154,1.881720430107527,0.0
10.0,4.0,0.9685831611286309,1.911045943304008,0.0
10.0,4.0,0.9822872507286888,1.9696969696969697,0.0
10.0,4.0,0.9921147013144779,2.0087976539589443,0.0
10.0,4.0,0.9980267284282717,2.0283479960899315,0.0
10.0,4.0,1.0,2.0576735092864125,0.0
10.0,4.0,0.9980267284282718,2.0772238514173997,0.0
10.0,4.0,0.992114701314478,2.067448680351906,0.0
10.0,4.0,0.9822872507286889,2.0576735092864125,0.0
10.0,4.0,0.9685831611286312,2.0283479960899315,0.0
10.0,4.0,0.9510565162951543,1.9990224828934506,0.0
10.0,4.0,0.9297764858882518,1.9696969696969697,0.0
10.0,4.0,0.90482705246602,1.9501466275659824,0.0
10.0,4.0,0.8763066800438635,1.9012707722385143,0.0
10.0,4.0,0.8443279255020162,1.8328445747800588,0.0
10.0,4.0,0.8090169943749478,1.7546432062561097,0.0
10.0,4.0,0.7705132427757898,1.6862170087976542,0.0
10.0,4.0,0.7289686274214112,1.6080156402737051,0.0
10.0,4.0,0.6845471059286898,1.5200391006842624,0.0
10.0,4.0,0.6374239897486899,1.4418377321603124,0.0
10.0,4.0,0.5877852522924736,1.373411534701857,0.0
10.0,4.0,0.5358267949789959,1.2756598240469206,0.0
10.0,4.0,0.48175367410171643,1.1681329423264906,0.0
10.0,4.0,0.42577929156507255,1.0606060606060606,0.0
10.0,4.0,0.3681245526846782,0.9726295210166178,0.0
10.0,4.0,0.3090169943749463,0.9042033235581624,0.0
10.0,4.0,0.2486898871648557,0.7869012707722387,0.0
10.0,4.0,0.18738131458572418,0.698924731182796,0.0
10.0,4.0,0.12533323356430415,0.6500488758553278,0.0
10.0,4.0,0.06279051952931186,0.5816226783968723,0.0
10.0,4.0,6.123233995736766e-16,0.5131964809384169,0.0
10.0,4.0,-0.06279051952931064,0.43499511241446687,0.0
10.0,4.0,-0.12533323356430293,0.34701857282502413,0.0
10.0,4.0,-0.18738131458572296,0.26881720430107503,0.0
10.0,4.0,-0.24868988716485452,0.20039100684261957,0.0
10.0,4.0,-0.3090169943749451,0.11241446725317683,0.0
10.0,4.0,-0.3681245526846787,0.04398826979472137,0.0
10.0,4.0,-0.42577929156506983,-0.07331378299120228,0.0
10.0,4.0,-0.4817536741017154,-0.17106549364613866,0.0
10.0,4.0,-0.5358267949789964,-0.23949169110459412,0.0
10.0,4.0,-0.5877852522924726,-0.29814271749755594,0.0
10.0,4.0,-0.637423989748689,-0.37634408602150504,0.0
10.0,4.0,-0.6845471059286877,-0.4447702834799605,0.0
10.0,4.0,-0.7289686274214103,-0.5131964809384169,0.0
10.0,4.0,-0.7705132427757901,-0.6109481915933532,0.0
10.0,4.0,-0.809016994374946,-0.7086999022482896,0.0
10.0,4.0,-0.8443279255020155,-0.7673509286412514,0.0
10.0,4.0,-0.8763066800438638,-0.806451612903226,0.0
10.0,4.0,-0.9048270524660196,-0.8553274682306942,0.0
10.0,4.0,-0.9297764858882513,-0.9335288367546433,0.0
10.0,4.0,-0.9510565162951534,-0.9921798631476051,0.0
10.0,4.0,-0.9685831611286309,-1.0312805474095796,0.0
10.0,4.0,-0.982287250728689,-1.0801564027370478,0.0
10.0,4.0,-0.9921147013144777,-1.099706744868035,0.0
10.0,4.0,-0.9980267284282717,-1.129032258064516,0.0
10.0,4.0,-1.0,-1.1192570869990224,0.0
10.0,4.0,-0.9980267284282718,-1.099706744868035,0.0
10.0,4.0,-0.9921147013144778,-1.1094819159335287,0.0
10.0,4.0,-0.9822872507286894,-1.1094819159335287,0.0
10.0,4.0,-0.9685831611286312,-1.0899315738025415,0.0
10.0,4.0,-0.9510565162951538,-1.050830889540567,0.0
10.0,4.0,-0.9297764858882518,-1.0312805474095796,0.0
10.0,4.0,-0.9048270524660201,-0.9921798631476051,0.0
10.0,4.0,-0.8763066800438645,-0.9628543499511242,0.0
10.0,4.0,-0.8443279255020162,-0.9042033235581624,0.0
10.0,4.0,-0.8090169943749468,-0.806451612903226,0.0
10.0,4.0,-0.770513242775791,-0.7478005865102642,0.0
10.0,4.0,-0.7289686274214113,-0.6793743890518087,0.0
10.0,4.0,-0.6845471059286887,-0.6011730205278596,0.0
10.0,4.0,-0.63742398974869,-0.5425219941348978,0.0
10.0,4.0,-0.5877852522924737,-0.4740957966764414,0.0
10.0,4.0,-0.5358267949789975,-0.40566959921798595,0.0
10.0,4.0,-0.48175367410171654,-0.32746823069403685,0.0
10.0,4.0,-0.42577929156507105,-0.22971652003910048,0.0
10.0,4.0,-0.36812455268468,-0.16129032258064502,0.0
10.0,4.0,-0.3090169943749464,-0.06353861192570864,0.0
10.0,4.0,-0.2486898871648541,0.024437927663734094,0.0
10.0,4.0,-0.1873813145857243,0.1026392961876832,0.0
10.0,4.0,-0.12533323356430426,0.19061583577712593,0.0
10.0,4.0,-0.06279051952931375,0.27859237536656867,0.0
10.0,4.0,-7.347880794884119e-16,0.35679374389051777,0.0
10.0,4.0,0.06279051952931229,0.4447702834799605,0.0
10.0,4.0,0.12533323356430282,0.5425219941348978,0.0
10.0,4.0,0.18738131458572285,0.6402737047898341,0.0
10.0,4.0,0.24868988716485269,0.698924731182796,0.0
10.0,4.0,0.309016994374945,0.7869012707722387,0.0
10.0,4.0,0.3681245526846786,0.8748778103616814,0.0
10.0,4.0,0.4257792915650697,0.9530791788856305,0.0
10.0,4.0,0.48175367410171527,1.0410557184750733,0.0
10.0,4.0,0.5358267949789963,1.1094819159335287,0.0
10.0,4.0,0.5877852522924725,1.158357771260997,0.0
10.0,4.0,0.6374239897486889,1.2463343108504397,0.0
10.0,4.0,0.6845471059286876,1.3343108504398824,0.0
10.0,4.0,0.7289686274214102,1.3929618768328442,0.0
10.0,4.0,0.7705132427757901,1.4613880742912997,0.0
10.0,4.0,0.8090169943749459,1.559139784946237,0.0
10.0,4.0,0.8443279255020154,1.6471163245356797,0.0
10.0,4.0,0.8763066800438637,1.6959921798631479,0.0
10.0,4.0,0.9048270524660195,1.7546432062561097,0.0
10.0,4.0,0.9297764858882512,1.8035190615835779,0.0
10.0,4.0,0.9510565162951533,1.8426197458455524,0.0
10.0,4.0,0.9685831611286309,1.8621700879765397,0.0
10.0,4.0,0.982287250728689,1.8719452590420333,0.0
10.0,4.0,0.9921147013144777,1.881720430107527,0.0
10.0,4.0,0.9980267284282717,1.8914956011730206,0.0
10.0,4.0,1.0,1.9012707722385143,0.0
10.0,4.0,0.9980267284282718,1.911045943304008,0.0
10.0,4.0,0.9921147013144778,1.911045943304008,0.0
10.0,4.0,0.9822872507286894,1.911045943304008,0.0
10.0,4.0,0.9685831611286312,1.911045943304008,0.0
10.0,4.0,0.9510565162951539,1.911045943304008,0.0
10.0,4.0,0.9297764858882518,1.8621700879765397,0.0
10.0,4.0,0.9048270524660201,1.8132942326490715,0.0
10.0,4.0,0.8763066800438645,1.744868035190616,0.0
10.0,4.0,0.8443279255020163,1.6959921798631479,0.0
10.0,4.0,0.8090169943749469,1.6568914956011733,0.0
10.0,4.0,0.7705132427757911,1.5786901270772242,0.0
10.0,4.0,0.7289686274214113,1.529814271749756,0.0
10.0,4.0,0.6845471059286887,1.4613880742912997,0.0
10.0,4.0,0.6374239897486901,1.4027370478983379,0.0
10.0,4.0,0.5877852522924738,1.344086021505376,0.0
10.0,4.0,0.5358267949789977,1.2756598240469206,0.0
10.0,4.0,0.48175367410171666,1.1876832844574778,0.0
10.0,4.0,0.42577929156507116,1.1192570869990224,0.0
10.0,4.0,0.3681245526846801,1.0410557184750733,0.0
10.0,4.0,0.30901699437494656,0.9824046920821115,0.0
10.0,4.0,0.24868988716485424,0.9237536656891496,0.0
10.0,4.0,0.1873813145857244,0.8357771260997069,0.0
10.0,4.0,0.1253332335643044,0.7380254154447705,0.0
10.0,4.0,0.06279051952931387,0.6793743890518087,0.0
10.0,4.0,8.572527594031472e-16,0.591397849462366,0.0
10.0,4.0,-0.06279051952931217,0.5034213098729223,0.0
10.0,4.0,-0.12533323356430268,0.43499511241446687,0.0
10.0,4.0,-0.18738131458572274,0.35679374389051777,0.0
10.0,4.0,-0.24868988716485257,0.2883675464320623,0.0
10.0,4.0,-0.3090169943749449,0.21994134897360684,0.0
10.0,4.0,-0.3681245526846785,0.14173998044965774,0.0
10.0,4.0,-0.4257792915650696,0.053763440860215006,0.0
10.0,4.0,-0.48175367410171516,-0.04398826979472137,0.0
10.0,4.0,-0.5358267949789962,-0.12218963831867047,0.0
10.0,4.0,-0.5877852522924725,-0.20039100684261957,0.0
10.0,4.0,-0.6374239897486887,-0.26881720430107503,0.0
10.0,4.0,-0.6845471059286875,-0.3665689149560114,0.0
10.0,4.0,-0.7289686274214101,-0.4447702834799605,0.0
10.0,4.0,-0.77051324277579,-0.5034213098729232,0.0
10.0,4.0,-0.8090169943749459,-0.562072336265885,0.0
10.0,4.0,-0.8443279255020153,-0.6402737047898341,0.0
10.0,4.0,-0.8763066800438637,-0.698924731182796,0.0
10.0,4.0,-0.9048270524660195,-0.7575757575757578,0.0
10.0,4.0,-0.9297764858882512,-0.8260019550342133,0.0
10.0,4.0,-0.9510565162951533,-0.8748778103616814,0.0
10.0,4.0,-0.9685831611286309,-0.913978494623656,0.0
10.0,4.0,-0.982287250728689,-0.9530791788856305,0.0
10.0,4.0,-0.9921147013144775,-0.9726295210166178,0.0
10.0,4.0,-0.9980267284282717,-1.0117302052785924,0.0
10.0,4.0,-1.0,-1.0117302052785924,0.0
10.0,4.0,-0.9980267284282718,-1.0312805474095796,0.0
10.0,4.0,-0.9921147013144778,-1.0312805474095796,0.0
10.0,4.0,-0.9822872507286894,-1.0312805474095796,0.0
10.0,4.0,-0.9685831611286313,-1.0019550342130987,0.0
10.0,4.0,-0.9510565162951539,-0.9628543499511242,0.0
10.0,4.0,-0.9297764858882519,-0.9433040078201369,0.0
10.0,4.0,-0.9048270524660202,-0.9237536656891496,0.0
10.0,4.0,-0.8763066800438646,-0.8944281524926687,0.0
10.0,4.0,-0.8443279255020164,-0.8651026392961878,0.0
10.0,4.0,-0.8090169943749469,-0.8260019550342133,0.0
10.0,4.0,-0.7705132427757913,-0.7869012707722387,0.0
10.0,4.0,-0.7289686274214114,-0.7184750733137832,0.0
10.0,4.0,-0.6845471059286888,-0.6500488758553278,0.0
10.0,4.0,-0.6374239897486902,-0.562072336265885,0.0
10.0,4.0,-0.5877852522924739,-0.4936461388074287,0.0
10.0,4.0,-0.5358267949789978,-0.4447702834799605,0.0
10.0,4.0,-0.48175367410171677,-0.37634408602150504,0.0
10.0,4.0,-0.42577929156507127,-0.29814271749755594,0.0
10.0,4.0,-0.3681245526846802,-0.20039100684261957,0.0
10.0,4.0,-0.3090169943749467,-0.11241446725317683,0.0
10.0,4.0,-0.24868988716485435,-0.014662756598240456,0.0
10.0,4.0,-0.18738131458572455,0.07331378299120228,0.0
10.0,4.0,-0.1253332335643045,0.14173998044965774,0.0
10.0,4.0,-0.062790519529314,0.20039100684261957,0.0
10.0,4.0,-9.797174393178826e-16,0.2883675464320623,0.0
10.0,4.0,0.06279051952931204,0.35679374389051777,0.0
10.0,4.0,0.12533323356429904,0.4740957966764414,0.0
10.0,4.0,0.1873813145857261,0.5522971652003914,0.0
10.0,4.0,0.24868988716485246,0.6500488758553278,0.0
10.0,4.0,0.3090169943749448,0.7282502443792769,0.0
10.0,4.0,0.36812455268467503,0.806451612903226,0.0
10.0,4.0,0.4257792915650727,0.8944281524926687,0.0
10.0,4.0,0.48175367410171505,0.9433040078201369,0.0
10.0,4.0,0.5358267949789961,1.0312805474095796,0.0
10.0,4.0,0.5877852522924695,1.1094819159335287,0.0
10.0,4.0,0.6374239897486914,1.1779081133919842,0.0
10.0,4.0,0.6845471059286874,1.2854349951124142,0.0
10.0,4.0,0.7289686274214101,1.4125122189638315,0.0
10.0,4.0,0.7705132427757877,1.5004887585532742,0.0
10.0,4.0,0.8090169943749479,1.5786901270772242,0.0
10.0,4.0,0.8443279255020153,1.637341153470186,0.0
10.0,4.0,0.8763066800438636,1.7253176930596288,0.0
10.0,4.0,0.9048270524660179,1.774193548387097,0.0
10.0,4.0,0.9297764858882525,1.8230694037145652,0.0
10.0,4.0,0.9510565162951533,1.8719452590420333,0.0
10.0,4.0,0.9685831611286307,1.9012707722385143,0.0
10.0,4.0,0.9822872507286884,1.9501466275659824,0.0
10.0,4.0,0.992114701314478,1.989247311827957,0.0
10.0,4.0,0.9980267284282717,2.0283479960899315,0.0
10.0,4.0,1.0,2.038123167155425,0.0
10.0,4.0,0.9980267284282718,2.0576735092864125,0.0
10.0,4.0,0.9921147013144783,2.047898338220919,0.0
10.0,4.0,0.9822872507286887,2.0283479960899315,0.0
10.0,4.0,0.9685831611286313,1.9990224828934506,0.0
10.0,4.0,0.9510565162951539,1.9696969696969697,0.0
10.0,4.0,0.9297764858882532,1.9305962854349952,0.0
10.0,4.0,0.9048270524660188,1.9012707722385143,0.0
10.0,4.0,0.8763066800438646,1.8426197458455524,0.0
10.0,4.0,0.8443279255020164,1.774193548387097,0.0
10.0,4.0,0.8090169943749491,1.6959921798631479,0.0
10.0,4.0,0.770513242775789,1.6275659824046924,0.0
10.0,4.0,0.7289686274214116,1.529814271749756,0.0
10.0,4.0,0.684547105928689,1.4711632453567933,0.0
10.0,4.0,0.637423989748693,1.4320625610948188,0.0
10.0,4.0,0.5877852522924711,1.344086021505376,0.0
10.0,4.0,0.5358267949789979,1.2463343108504397,0.0
10.0,4.0,0.4817536741017169,1.158357771260997,0.0
10.0,4.0,0.4257792915650746,1.0606060606060606,0.0
10.0,4.0,0.368124552684677,0.9824046920821115,0.0
10.0,4.0,0.3090169943749468,0.913978494623656,0.0
10.0,4.0,0.24868988716485446,0.8357771260997069,0.0
10.0,4.0,0.18738131458572815,0.7673509286412514,0.0
10.0,4.0,0.1253332335643011,0.6793743890518087,0.0
10.0,4.0,0.06279051952931412,0.5816226783968723,0.0
10.0,4.0,1.102182119232618e-15,0.5229716520039105,0.0
10.0,4.0,-0.06279051952931192,0.4154447702834796,0.0
10.0,4.0,-0.12533323356429893,0.3176930596285432,0.0
10.0,4.0,-0.187381314585726,0.22971652003910048,0.0
10.0,4.0,-0.24868988716485232,0.14173998044965774,0.0
10.0,4.0,-0.3090169943749447,0.06353861192570864,0.0
10.0,4.0,-0.3681245526846749,-0.004887585532746819,0.0
10.0,4.0,-0.4257792915650726,-0.08308895405669592,0.0
10.0,4.0,-0.48175367410171493,-0.17106549364613866,0.0
10.0,4.0,-0.535826794978996,-0.23949169110459412,0.0
10.0,4.0,-0.5877852522924694,-0.3372434017595305,0.0
10.0,4.0,-0.6374239897486913,-0.3861192570869987,0.0
10.0,4.0,-0.6845471059286873,-0.4740957966764414,0.0
10.0,4.0,-0.72896862742141,-0.5425219941348978,0.0
10.0,4.0,-0.7705132427757876,-0.6109481915933532,0.0
10.0,4.0,-0.8090169943749478,-0.6598240469208214,0.0
10.0,4.0,-0.8443279255020152,-0.7380254154447705,0.0
10.0,4.0,-0.8763066800438636,-0.7771260997067451,0.0
10.0,4.0,-0.9048270524660178,-0.806451612903226,0.0
10.0,4.0,-0.9297764858882525,-0.8846529814271751,0.0
10.0,4.0,-0.9510565162951532,-0.9335288367546433,0.0
10.0,4.0,-0.9685831611286307,-0.9726295210166178,0.0
10.0,4.0,-0.9822872507286883,-0.9824046920821115,0.0
10.0,4.0,-0.992114701314478,-1.0312805474095796,0.0
10.0,4.0,-0.9980267284282717,-1.0703812316715542,0.0
10.0,4.0,-1.0,-1.1094819159335287,0.0
10.0,4.0,-0.9980267284282718,-1.129032258064516,0.0
10.0,4.0,-0.9921147013144783,-1.1094819159335287,0.0
10.0,4.0,-0.9822872507286887,-1.0899315738025415,0.0
10.0,4.0,-0.9685831611286313,-1.0801564027370478,0.0
10.0,4.0,-0.951056516295154,-1.050830889540567,0.0
10.0,4.0,-0.9297764858882532,-1.0117302052785924,0.0
10.0,4.0,-0.9048270524660188,-0.9824046920821115,0.0
10.0,4.0,-0.8763066800438647,-0.9530791788856305,0.0
10.0,4.0,-0.8443279255020165,-0.8846529814271751,0.0
10.0,4.0,-0.8090169943749491,-0.8455522971652005,0.0
10.0,4.0,-0.770513242775789,-0.7771260997067451,0.0
10.0,4.0,-0.7289686274214117,-0.7184750733137832,0.0
10.0,4.0,-0.6845471059286891,-0.6402737047898341,0.0
10.0,4.0,-0.6374239897486931,-0.562072336265885,0.0
10.0,4.0,-0.5877852522924712,-0.5034213098729232,0.0
10.0,4.0,-0.535826794978998,-0.42521994134897323,0.0
10.0,4.0,-0.481753674101717,-0.3372434017595305,0.0
10.0,4.0,-0.4257792915650747,-0.2590420332355814,0.0
10.0,4.0,-0.3681245526846771,-0.20039100684261957,0.0
10.0,4.0,-0.3090169943749469,-0.12218963831867047,0.0
10.0,4.0,-0.2486898871648546,-0.03421309872922773,0.0
10.0,4.0,-0.18738131458572826,0.053763440860215006,0.0
10.0,4.0,-0.12533323356430123,0.14173998044965774,0.0
10.0,4.0,-0.06279051952931425,0.2590420332355814,0.0
10.0,4.0,-1.2246467991473533e-15,0.34701857282502413,0.0
10.0,4.0,0.06279051952931179,0.45454545454545414,0.0
10.0,4.0,0.1253332335642988,0.5229716520039105,0.0
10.0,4.0,0.18738131458572588,0.6011730205278596,0.0
10.0,4.0,0.2486898871648522,0.669599217986315,0.0
10.0,4.0,0.30901699437494456,0.7771260997067451,0.0
10.0,4.0,0.3681245526846748,0.8748778103616814,0.0
10.0,4.0,0.4257792915650725,0.9726295210166178,0.0
10.0,4.0,0.4817536741017148,1.050830889540567,0.0
10.0,4.0,0.5358267949789959,1.1094819159335287,0.0
10.0,4.0,0.5877852522924693,1.1974584555229715,0.0
10.0,4.0,0.6374239897486885,1.2561094819159333,0.0
10.0,4.0,0.6845471059286898,1.3147605083088951,0.0
10.0,4.0,0.7289686274214099,1.3831867057673506,0.0
10.0,4.0,0.7705132427757853,1.4320625610948188,0.0
10.0,4.0,0.8090169943749498,1.480938416422287,0.0
10.0,4.0,0.8443279255020152,1.5395894428152497,0.0
10.0,4.0,0.8763066800438618,1.6177908113391988,0.0
10.0,4.0,0.9048270524660192,1.666666666666667,0.0
10.0,4.0,0.9297764858882523,1.7253176930596288,0.0
10.0,4.0,0.9510565162951532,1.744868035190616,0.0
10.0,4.0,0.9685831611286316,1.7644183773216033,0.0
10.0,4.0,0.9822872507286883,1.8035190615835779,0.0
10.0,4.0,0.992114701314478,1.8328445747800588,0.0
10.0,4.0,0.9980267284282713,1.852394916911046,0.0
10.0,4.0,1.0,1.8230694037145652,0.0
10.0,4.0,0.9980267284282718,1.8328445747800588,0.0
10.0,4.0,0.9921147013144788,1.8328445747800588,0.0
10.0,4.0,0.9822872507286882,1.7937438905180842,0.0
10.0,4.0,0.9685831611286313,1.7937438905180842,0.0
10.0,4.0,0.9510565162951551,1.774193548387097,0.0
10.0,4.0,0.929776485888252,1.7839687194525906,0.0
10.0,4.0,0.9048270524660189,1.7350928641251224,0.0
10.0,4.0,0.8763066800438647,1.666666666666667,0.0
10.0,4.0,0.8443279255020146,1.5786901270772242,0.0
10.0,4.0,0.8090169943749492,1.529814271749756,0.0
10.0,4.0,0.7705132427757891,1.4907135874877806,0.0
10.0,4.0,0.7289686274214141,1.4320625610948188,0.0
10.0,4.0,0.6845471059286892,1.3343108504398824,0.0
10.0,4.0,0.6374239897486932,1.265884652981427,0.0
10.0,4.0,0.5877852522924742,1.2170087976539588,0.0
10.0,4.0,0.535826794978995,1.1388074291300097,0.0
10.0,4.0,0.48175367410171704,1.0899315738025415,0.0
10.0,4.0,0.42577929156507804,0.9921798631476051,0.0
10.0,4.0,0.3681245526846739,0.9335288367546433,0.0
10.0,4.0,0.309016994374947,0.8455522971652005,0.0
10.0,4.0,0.24868988716485815,0.7869012707722387,0.0
10.0,4.0,0.1873813145857249,0.7380254154447705,0.0
10.0,4.0,0.12533323356430134,0.6500488758553278,0.0
10.0,4.0,0.06279051952931436,0.5718475073313787,0.0
10.0,4.0,4.899825157862589e-15,0.4936461388074287,0.0
10.0,4.0,-0.06279051952931168,0.37634408602150504,0.0
10.0,4.0,-0.12533323356429868,0.3079178885630496,0.0
10.0,4.0,-0.18738131458572224,0.23949169110459412,0.0
10.0,4.0,-0.24868988716485554,0.16129032258064502,0.0
10.0,4.0,-0.30901699437494445,0.06353861192570864,0.0
10.0,4.0,-0.3681245526846714,-0.004887585532746819,0.0
10.0,4.0,-0.4257792915650756,-0.08308895405669592,0.0
10.0,4.0,-0.4817536741017147,-0.16129032258064502,0.0
10.0,4.0,-0.5358267949789928,-0.2590420332355814,0.0
10.0,4.0,-0.587785252292472,-0.3665689149560114,0.0
10.0,4.0,-0.6374239897486911,-0.4447702834799605,0.0
10.0,4.0,-0.6845471059286872,-0.5327468230694041,0.0
10.0,4.0,-0.7289686274214123,-0.6011730205278596,0.0
10.0,4.0,-0.7705132427757875,-0.669599217986315,0.0
10.0,4.0,-0.8090169943749477,-0.7380254154447705,0.0
10.0,4.0,-0.8443279255020132,-0.8162267839687196,0.0
10.0,4.0,-0.8763066800438635,-0.8651026392961878,0.0
10.0,4.0,-0.9048270524660177,-0.8846529814271751,0.0
10.0,4.0,-0.929776485888251,-0.9726295210166178,0.0
10.0,4.0,-0.9510565162951542,-1.021505376344086,0.0
10.0,4.0,-0.9685831611286306,-1.050830889540567,0.0
10.0,4.0,-0.9822872507286876,-1.099706744868035,0.0
10.0,4.0,-0.9921147013144784,-1.1192570869990224,0.0
10.0,4.0,-0.9980267284282716,-1.129032258064516,0.0
10.0,4.0,-1.0,-1.129032258064516,0.0
10.0,4.0,-0.9980267284282716,-1.1388074291300097,0.0
10.0,4.0,-0.9921147013144783,-1.1192570869990224,0.0
10.0,4.0,-0.9822872507286888,-1.1192570869990224,0.0
10.0,4.0,-0.9685831611286323,-1.1192570869990224,0.0
10.0,6.0,-0.9510565162951536,0.40566959921798595,0.0
10.0,6.0,-0.9297764858882512,0.4643206256109478,0.0
10.0,6.0,-0.9048270524660199,0.4936461388074287,0.0
10.0,6.0,-0.8763066800438638,0.7575757575757578,0.0
10.0,6.0,-0.8443279255020155,0.8651026392961878,0.0
10.0,6.0,-0.8090169943749476,0.3651026392961878,0.0
10.0,6.0,-0.7705132427757896,0.014662756598240456,0.0
10.0,6.0,-0.7289686274214116,0.04398826979472137,0.0
10.0,6.0,-0.684547105928689,0.03421309872922773,0.0
10.0,6.0,-0.6374239897486896,0.06353861192570864,0.0
10.0,6.0,-0.5877852522924734,0.1808406647116323,0.0
10.0,6.0,-0.5358267949789963,0.22971652003910048,0.0
10.0,6.0,-0.4817536741017153,0.2590420332355814,0.0
10.0,6.0,-0.4257792915650722,0.3079178885630496,0.0
10.0,6.0,-0.3681245526846787,0.32746823069403685,0.0
10.0,6.0,-0.3090169943749477,0.37634408602150504,0.0
10.0,6.0,-0.24868988716485535,0.4447702834799605,0.0
10.0,6.0,-0.18738131458572468,0.48387096774193505,0.0
10.0,6.0,-0.12533323356430465,0.5425219941348978,0.0
10.0,6.0,-0.06279051952931326,0.6793743890518087,0.0
10.0,6.0,-2.4492935982947064e-16,0.7575757575757578,0.0
10.0,6.0,0.06279051952931278,0.8944281524926687,0.0
10.0,6.0,0.12533323356430418,1.0117302052785924,0.0
10.0,6.0,0.1873813145857242,1.099706744868035,0.0
10.0,6.0,0.24868988716485488,1.158357771260997,0.0
10.0,6.0,0.3090169943749472,1.2267839687194524,0.0
10.0,6.0,0.3681245526846782,1.344086021505376,0.0
10.0,6.0,0.42577929156507255,1.4222873900293251,0.0
10.0,6.0,0.48175367410171566,1.4907135874877806,0.0
10.0,6.0,0.5358267949789967,1.5689149560117306,0.0
10.0,6.0,0.5877852522924736,1.6568914956011733,0.0
10.0,6.0,0.6374239897486899,1.7253176930596288,0.0
10.0,6.0,0.6845471059286893,1.8035190615835779,0.0
10.0,6.0,0.7289686274214107,1.8914956011730206,0.0
10.0,6.0,0.7705132427757887,1.959921798631476,0.0
10.0,6.0,0.8090169943749468,2.038123167155425,0.0
10.0,6.0,0.8443279255020147,2.1065493646138806,0.0
10.0,6.0,0.8763066800438631,2.1945259042033234,0.0
10.0,6.0,0.9048270524660194,2.233626588465298,0.0
10.0,6.0,0.9297764858882511,2.2922776148582598,0.0
10.0,6.0,0.9510565162951535,2.3313782991202343,0.0
10.0,6.0,0.968583161128631,2.3802541544477025,0.0
10.0,6.0,0.9822872507286886,2.390029325513196,0.0
10.0,6.0,0.9921147013144778,2.4095796676441834,0.0
10.0,6.0,0.9980267284282716,2.4389051808406643,0.0
10.0,6.0,1.0,2.4584555229716516,0.0
10.0,6.0,0.9980267284282716,2.4682306940371452,0.0
10.0,6.0,0.9921147013144779,2.4682306940371452,0.0
10.0,6.0,0.9822872507286886,2.4389051808406643,0.0
10.0,6.0,0.9685831611286311,2.4095796676441834,0.0
10.0,6.0,0.9510565162951536,2.3802541544477025,0.0
10.0,6.0,0.9297764858882517,2.3509286412512216,0.0
10.0,6.0,0.9048270524660192,2.311827956989247,0.0
10.0,6.0,0.8763066800438634,2.262952101661779,0.0
10.0,6.0,0.8443279255020151,2.2238514173998043,0.0
10.0,6.0,0.8090169943749477,2.174975562072336,0.0
10.0,6.0,0.7705132427757886,2.0869990224828934,0.0
10.0,6.0,0.728968627421411,1.989247311827957,0.0
10.0,6.0,0.6845471059286897,1.9012707722385143,0.0
10.0,6.0,0.6374239897486911,1.8230694037145652,0.0
10.0,6.0,0.5877852522924734,1.744868035190616,0.0
10.0,6.0,0.5358267949789972,1.666666666666667,0.0
10.0,6.0,0.4817536741017162,1.5786901270772242,0.0
10.0,6.0,0.42577929156507394,1.5102639296187688,0.0
10.0,6.0,0.368124552684678,1.4222873900293251,0.0
10.0,6.0,0.3090169943749478,1.3245356793743888,0.0
10.0,6.0,0.2486898871648555,1.2267839687194524,0.0
10.0,6.0,0.18738131458572568,1.158357771260997,0.0
10.0,6.0,0.1253332335643039,1.0606060606060606,0.0
10.0,6.0,0.06279051952931339,0.9921798631476051,0.0
10.0,6.0,3.6739403974420594e-16,0.8846529814271751,0.0
10.0,6.0,-0.06279051952931265,0.8162267839687196,0.0
10.0,6.0,-0.12533323356430318,0.7380254154447705,0.0
10.0,6.0,-0.18738131458572496,0.6402737047898341,0.0
10.0,6.0,-0.24868988716485477,0.5522971652003914,0.0
10.0,6.0,-0.30901699437494706,0.43499511241446687,0.0
10.0,6.0,-0.36812455268467725,0.3372434017595305,0.0
10.0,6.0,-0.42577929156507327,0.23949169110459412,0.0
10.0,6.0,-0.48175367410171555,0.15151515151515138,0.0
10.0,6.0,-0.5358267949789965,0.06353861192570864,0.0
10.0,6.0,-0.5877852522924728,-0.004887585532746819,0.0
10.0,6.0,-0.6374239897486905,-0.09286412512218956,0.0
10.0,6.0,-0.6845471059286892,-0.17106549364613866,0.0
10.0,6.0,-0.7289686274214106,-0.24926686217008776,0.0
10.0,6.0,-0.770513242775788,-0.3372434017595305,0.0
10.0,6.0,-0.8090169943749472,-0.40566959921798595,0.0
10.0,6.0,-0.8443279255020146,-0.45454545454545414,0.0
10.0,6.0,-0.876306680043863,-0.5131964809384169,0.0
10.0,6.0,-0.9048270524660189,-0.5718475073313787,0.0
10.0,6.0,-0.9297764858882513,-0.6011730205278596,0.0
10.0,6.0,-0.9510565162951534,-0.6500488758553278,0.0
10.0,6.0,-0.968583161128631,-0.698924731182796,0.0
10.0,6.0,-0.9822872507286885,-0.7184750733137832,0.0
10.0,6.0,-0.9921147013144779,-0.7478005865102642,0.0
10.0,6.0,-0.9980267284282716,-0.7575757575757578,0.0
10.0,6.0,-1.0,-0.7575757575757578,0.0
10.0,6.0,-0.9980267284282716,-0.7673509286412514,0.0
10.0,6.0,-0.992114701314478,-0.7673509286412514,0.0
10.0,6.0,-0.9822872507286886,-0.7282502443792769,0.0
10.0,6.0,-0.9685831611286312,-0.6891495601173023,0.0
10.0,6.0,-0.9510565162951538,-0.669599217986315,0.0
10.0,6.0,-0.9297764858882517,-0.6207233626588469,0.0
10.0,6.0,-0.9048270524660192,-0.5816226783968723,0.0
10.0,6.0,-0.8763066800438635,-0.562072336265885,0.0
10.0,6.0,-0.8443279255020151,-0.5131964809384169,0.0
10.0,6.0,-0.8090169943749477,-0.4643206256109478,0.0
10.0,6.0,-0.7705132427757886,-0.4154447702834796,0.0
10.0,6.0,-0.7289686274214111,-0.3372434017595305,0.0
10.0,6.0,-0.6845471059286898,-0.2883675464320623,0.0
10.0,6.0,-0.6374239897486912,-0.2101661779081132,0.0
10.0,6.0,-0.5877852522924735,-0.16129032258064502,0.0
10.0,6.0,-0.5358267949789973,-0.09286412512218956,0.0
10.0,6.0,-0.4817536741017163,0.014662756598240456,0.0
10.0,6.0,-0.42577929156507405,0.09286412512218956,0.0
10.0,6.0,-0.3681245526846781,0.16129032258064502,0.0
10.0,6.0,-0.3090169943749479,0.23949169110459412,0.0
10.0,6.0,-0.2486898871648556,0.29814271749755594,0.0
10.0,6.0,-0.1873813145857258,0.3958944281524923,0.0
10.0,6.0,-0.125333233564304,0.45454545454545414,0.0
10.0,6.0,-0.06279051952931351,0.5425219941348978,0.0
10.0,6.0,-4.898587196589413e-16,0.6109481915933532,0.0
10.0,6.0,0.06279051952931075,0.669599217986315,0.0
10.0,6.0,0.12533323356430304,0.7282502443792769,0.0
10.0,6.0,0.1873813145857231,0.8455522971652005,0.0
10.0,6.0,0.24868988716485466,0.9530791788856305,0.0
10.0,6.0,0.30901699437494523,1.0606060606060606,0.0
10.0,6.0,0.36812455268467714,1.1388074291300097,0.0
10.0,6.0,0.42577929156507155,1.236559139784946,0.0
10.0,6.0,0.48175367410171543,1.3245356793743888,0.0
10.0,6.0,0.535826794978995,1.4027370478983379,0.0
10.0,6.0,0.5877852522924727,1.5004887585532742,0.0
10.0,6.0,0.6374239897486891,1.6080156402737051,0.0
10.0,6.0,0.6845471059286891,1.6862170087976542,0.0
10.0,6.0,0.7289686274214104,1.774193548387097,0.0
10.0,6.0,0.7705132427757891,1.8621700879765397,0.0
10.0,6.0,0.8090169943749471,1.9305962854349952,0.0
10.0,6.0,0.8443279255020155,1.9794721407624634,0.0
10.0,6.0,0.876306680043863,2.0283479960899315,0.0
10.0,6.0,0.9048270524660196,2.0869990224828934,0.0
10.0,6.0,0.9297764858882513,2.1358748778103616,0.0
10.0,6.0,0.951056516295154,2.1652003910068425,0.0
10.0,6.0,0.9685831611286309,2.2140762463343107,0.0
10.0,6.0,0.9822872507286888,2.2727272727272725,0.0
10.0,6.0,0.9921147013144779,2.3313782991202343,0.0
10.0,6.0,0.9980267284282717,2.3509286412512216,0.0
10.0,6.0,1.0,2.370478983382209,0.0
10.0,6.0,0.9980267284282718,2.370478983382209,0.0
10.0,6.0,0.992114701314478,2.370478983382209,0.0
10.0,6.0,0.9822872507286889,2.3509286412512216,0.0
10.0,6.0,0.9685831611286312,2.3216031280547407,0.0
10.0,6.0,0.9510565162951543,2.311827956989247,0.0
10.0,6.0,0.9297764858882518,2.3020527859237534,0.0
10.0,6.0,0.90482705246602,2.262952101661779,0.0
10.0,6.0,0.8763066800438635,2.2140762463343107,0.0
10.0,6.0,0.8443279255020162,2.174975562072336,0.0
10.0,6.0,0.8090169943749478,2.126099706744868,0.0
10.0,6.0,0.7705132427757898,2.0772238514173997,0.0
10.0,6.0,0.7289686274214112,1.9990224828934506,0.0
10.0,6.0,0.6845471059286898,1.9305962854349952,0.0
10.0,6.0,0.6374239897486899,1.8621700879765397,0.0
10.0,6.0,0.5877852522924736,1.7546432062561097,0.0
10.0,6.0,0.5358267949789959,1.6568914956011733,0.0
10.0,6.0,0.48175367410171643,1.5493646138807433,0.0
10.0,6.0,0.42577929156507255,1.4613880742912997,0.0
10.0,6.0,0.3681245526846782,1.373411534701857,0.0
10.0,6.0,0.3090169943749463,1.2756598240469206,0.0
10.0,6.0,0.2486898871648557,1.1876832844574778,0.0
10.0,6.0,0.18738131458572418,1.099706744868035,0.0
10.0,6.0,0.12533323356430415,1.0117302052785924,0.0
10.0,6.0,0.06279051952931186,0.9433040078201369,0.0
10.0,6.0,6.123233995736766e-16,0.8748778103616814,0.0
10.0,6.0,-0.06279051952931064,0.7966764418377323,0.0
10.0,6.0,-0.12533323356430293,0.7184750733137832,0.0
10.0,6.0,-0.18738131458572296,0.6500488758553278,0.0
10.0,6.0,-0.24868988716485452,0.5816226783968723,0.0
10.0,6.0,-0.3090169943749451,0.48387096774193505,0.0
10.0,6.0,-0.3681245526846787,0.3861192570869987,0.0
10.0,6.0,-0.42577929156506983,0.27859237536656867,0.0
10.0,6.0,-0.4817536741017154,0.21994134897360684,0.0
10.0,6.0,-0.5358267949789964,0.11241446725317683,0.0
10.0,6.0,-0.5877852522924726,0.024437927663734094,0.0
10.0,6.0,-0.637423989748689,-0.053763440860215006,0.0
10.0,6.0,-0.6845471059286877,-0.1319648093841641,0.0
10.0,6.0,-0.7289686274214103,-0.21994134897360684,0.0
10.0,6.0,-0.7705132427757901,-0.2883675464320623,0.0
10.0,6.0,-0.809016994374946,-0.37634408602150504,0.0
10.0,6.0,-0.8443279255020155,-0.43499511241446687,0.0
10.0,6.0,-0.8763066800438638,-0.48387096774193505,0.0
10.0,6.0,-0.9048270524660196,-0.5327468230694041,0.0
10.0,6.0,-0.9297764858882513,-0.591397849462366,0.0
10.0,6.0,-0.9510565162951534,-0.6402737047898341,0.0
10.0,6.0,-0.9685831611286309,-0.669599217986315,0.0
10.0,6.0,-0.982287250728689,-0.7086999022482896,0.0
10.0,6.0,-0.9921147013144777,-0.7282502443792769,0.0
10.0,6.0,-0.9980267284282717,-0.7282502443792769,0.0
10.0,6.0,-1.0,-0.7380254154447705,0.0
10.0,6.0,-0.9980267284282718,-0.7478005865102642,0.0
10.0,6.0,-0.9921147013144778,-0.7380254154447705,0.0
10.0,6.0,-0.9822872507286894,-0.7184750733137832,0.0
10.0,6.0,-0.9685831611286312,-0.7184750733137832,0.0
10.0,6.0,-0.9510565162951538,-0.6793743890518087,0.0
10.0,6.0,-0.9297764858882518,-0.6109481915933532,0.0
10.0,6.0,-0.9048270524660201,-0.5718475073313787,0.0
10.0,6.0,-0.8763066800438645,-0.5229716520039105,0.0
10.0,6.0,-0.8443279255020162,-0.45454545454545414,0.0
10.0,6.0,-0.8090169943749468,-0.3958944281524923,0.0
10.0,6.0,-0.770513242775791,-0.3372434017595305,0.0
10.0,6.0,-0.7289686274214113,-0.27859237536656867,0.0
10.0,6.0,-0.6845471059286887,-0.21994134897360684,0.0
10.0,6.0,-0.63742398974869,-0.1808406647116323,0.0
10.0,6.0,-0.5877852522924737,-0.1026392961876832,0.0
10.0,6.0,-0.5358267949789975,-0.024437927663734094,0.0
10.0,6.0,-0.48175367410171654,0.053763440860215006,0.0
10.0,6.0,-0.42577929156507105,0.14173998044965774,0.0
10.0,6.0,-0.36812455268468,0.21994134897360684,0.0
10.0,6.0,-0.3090169943749464,0.3079178885630496,0.0
10.0,6.0,-0.2486898871648541,0.35679374389051777,0.0
10.0,6.0,-0.1873813145857243,0.4643206256109478,0.0
10.0,6.0,-0.12533323356430426,0.5522971652003914,0.0
10.0,6.0,-0.06279051952931375,0.6500488758553278,0.0
10.0,6.0,-7.347880794884119e-16,0.7282502443792769,0.0
10.0,6.0,0.06279051952931229,0.8260019550342133,0.0
10.0,6.0,0.12533323356430282,0.9042033235581624,0.0
10.0,6.0,0.18738131458572285,0.9921798631476051,0.0
10.0,6.0,0.24868988716485269,1.0801564027370478,0.0
10.0,6.0,0.309016994374945,1.129032258064516,0.0
10.0,6.0,0.3681245526846786,1.1974584555229715,0.0
10.0,6.0,0.4257792915650697,1.2756598240469206,0.0
10.0,6.0,0.48175367410171527,1.373411534701857,0.0
10.0,6.0,0.5358267949789963,1.480938416422287,0.0
10.0,6.0,0.5877852522924725,1.5884652981427179,0.0
10.0,6.0,0.6374239897486889,1.6471163245356797,0.0
10.0,6.0,0.6845471059286876,1.7057673509286415,0.0
10.0,6.0,0.7289686274214102,1.7350928641251224,0.0
10.0,6.0,0.7705132427757901,1.7546432062561097,0.0
10.0,6.0,0.8090169943749459,1.8426197458455524,0.0
10.0,6.0,0.8443279255020154,1.8914956011730206,0.0
10.0,6.0,0.8763066800438637,1.959921798631476,0.0
10.0,6.0,0.9048270524660195,2.0087976539589443,0.0
10.0,6.0,0.9297764858882512,2.067448680351906,0.0
10.0,6.0,0.9510565162951533,2.096774193548387,0.0
10.0,6.0,0.9685831611286309,2.174975562072336,0.0
10.0,6.0,0.982287250728689,2.2434017595307916,0.0
10.0,6.0,0.9921147013144777,2.262952101661779,0.0
10.0,6.0,0.9980267284282717,2.3216031280547407,0.0
10.0,6.0,1.0,2.3216031280547407,0.0
10.0,6.0,0.9980267284282718,2.3509286412512216,0.0
10.0,6.0,0.9921147013144778,2.3509286412512216,0.0
10.0,6.0,0.9822872507286894,2.3509286412512216,0.0
10.0,6.0,0.9685831611286312,2.3509286412512216,0.0
10.0,6.0,0.9510565162951539,2.311827956989247,0.0
10.0,6.0,0.9297764858882518,2.282502443792766,0.0
10.0,6.0,0.9048270524660201,2.2434017595307916,0.0
10.0,6.0,0.8763066800438645,2.204301075268817,0.0
10.0,6.0,0.8443279255020163,2.145650048875855,0.0
10.0,6.0,0.8090169943749469,2.096774193548387,0.0
10.0,6.0,0.7705132427757911,2.018572825024438,0.0
10.0,6.0,0.7289686274214113,1.9403714565004888,0.0
10.0,6.0,0.6845471059286887,1.8719452590420333,0.0
10.0,6.0,0.6374239897486901,1.8035190615835779,0.0
10.0,6.0,0.5877852522924738,1.7057673509286415,0.0
10.0,6.0,0.5358267949789977,1.6275659824046924,0.0
10.0,6.0,0.48175367410171666,1.559139784946237,0.0
10.0,6.0,0.42577929156507116,1.4711632453567933,0.0
10.0,6.0,0.3681245526846801,1.3831867057673506,0.0
10.0,6.0,0.30901699437494656,1.3147605083088951,0.0
10.0,6.0,0.24868988716485424,1.2463343108504397,0.0
10.0,6.0,0.1873813145857244,1.1485826001955033,0.0
10.0,6.0,0.1253332335643044,1.050830889540567,0.0
10.0,6.0,0.06279051952931387,0.9628543499511242,0.0
10.0,6.0,8.572527594031472e-16,0.8748778103616814,0.0
10.0,6.0,-0.06279051952931217,0.7771260997067451,0.0
10.0,6.0,-0.12533323356430268,0.6793743890518087,0.0
10.0,6.0,-0.18738131458572274,0.6011730205278596,0.0
10.0,6.0,-0.24868988716485257,0.5229716520039105,0.0
10.0,6.0,-0.3090169943749449,0.42521994134897323,0.0
10.0,6.0,-0.3681245526846785,0.3665689149560114,0.0
10.0,6.0,-0.4257792915650696,0.27859237536656867,0.0
10.0,6.0,-0.48175367410171516,0.21994134897360684,0.0
10.0,6.0,-0.5358267949789962,0.14173998044965774,0.0
10.0,6.0,-0.5877852522924725,0.08308895405669592,0.0
10.0,6.0,-0.6374239897486887,0.014662756598240456,0.0
10.0,6.0,-0.6845471059286875,-0.053763440860215006,0.0
10.0,6.0,-0.7289686274214101,-0.11241446725317683,0.0
10.0,6.0,-0.77051324277579,-0.19061583577712593,0.0
10.0,6.0,-0.8090169943749459,-0.2883675464320623,0.0
10.0,6.0,-0.8443279255020153,-0.3372434017595305,0.0
10.0,6.0,-0.8763066800438637,-0.4154447702834796,0.0
10.0,6.0,-0.9048270524660195,-0.4740957966764414,0.0
10.0,6.0,-0.9297764858882512,-0.5131964809384169,0.0
10.0,6.0,-0.9510565162951533,-0.5718475073313787,0.0
10.0,6.0,-0.9685831611286309,-0.6109481915933532,0.0
10.0,6.0,-0.982287250728689,-0.6500488758553278,0.0
10.0,6.0,-0.9921147013144775,-0.6891495601173023,0.0
10.0,6.0,-0.9980267284282717,-0.7184750733137832,0.0
10.0,6.0,-1.0,-0.7184750733137832,0.0
10.0,6.0,-0.9980267284282718,-0.7086999022482896,0.0
10.0,6.0,-0.9921147013144778,-0.7184750733137832,0.0
10.0,6.0,-0.9822872507286894,-0.698924731182796,0.0
10.0,6.0,-0.9685831611286313,-0.7086999022482896,0.0
10.0,6.0,-0.9510565162951539,-0.6891495601173023,0.0
10.0,6.0,-0.9297764858882519,-0.669599217986315,0.0
10.0,6.0,-0.9048270524660202,-0.6500488758553278,0.0
10.0,6.0,-0.8763066800438646,-0.591397849462366,0.0
10.0,6.0,-0.8443279255020164,-0.5327468230694041,0.0
10.0,6.0,-0.8090169943749469,-0.48387096774193505,0.0
10.0,6.0,-0.7705132427757913,-0.43499511241446687,0.0
10.0,6.0,-0.7289686274214114,-0.37634408602150504,0.0
10.0,6.0,-0.6845471059286888,-0.3079178885630496,0.0
10.0,6.0,-0.6374239897486902,-0.2590420332355814,0.0
10.0,6.0,-0.5877852522924739,-0.19061583577712593,0.0
10.0,6.0,-0.5358267949789978,-0.1319648093841641,0.0
10.0,6.0,-0.48175367410171677,-0.1026392961876832,0.0
10.0,6.0,-0.42577929156507127,-0.024437927663734094,0.0
10.0,6.0,-0.3681245526846802,0.03421309872922773,0.0
10.0,6.0,-0.3090169943749467,0.12218963831867047,0.0
10.0,6.0,-0.24868988716485435,0.20039100684261957,0.0
10.0,6.0,-0.18738131458572455,0.27859237536656867,0.0
10.0,6.0,-0.1253332335643045,0.3665689149560114,0.0
10.0,6.0,-0.062790519529314,0.4740957966764414,0.0
10.0,6.0,-9.797174393178826e-16,0.5425219941348978,0.0
10.0,6.0,0.06279051952931204,0.6304985337243405,0.0
10.0,6.0,0.12533323356429904,0.7282502443792769,0.0
10.0,6.0,0.1873813145857261,0.806451612903226,0.0
10.0,6.0,0.24868988716485246,0.913978494623656,0.0
10.0,6.0,0.3090169943749448,1.0117302052785924,0.0
10.0,6.0,0.36812455268467503,1.0899315738025415,0.0
10.0,6.0,0.4257792915650727,1.1779081133919842,0.0
10.0,6.0,0.48175367410171505,1.2756598240469206,0.0
10.0,6.0,0.5358267949789961,1.3831867057673506,0.0
10.0,6.0,0.5877852522924695,1.4711632453567933,0.0
10.0,6.0,0.6374239897486914,1.5689149560117306,0.0
10.0,6.0,0.6845471059286874,1.6568914956011733,0.0
10.0,6.0,0.7289686274214101,1.7253176930596288,0.0
10.0,6.0,0.7705132427757877,1.7937438905180842,0.0
10.0,6.0,0.8090169943749479,1.8914956011730206,0.0
10.0,6.0,0.8443279255020153,1.959921798631476,0.0
10.0,6.0,0.8763066800438636,2.0283479960899315,0.0
10.0,6.0,0.9048270524660179,2.0576735092864125,0.0
10.0,6.0,0.9297764858882525,2.096774193548387,0.0
10.0,6.0,0.9510565162951533,2.145650048875855,0.0
10.0,6.0,0.9685831611286307,2.204301075268817,0.0
10.0,6.0,0.9822872507286884,2.253176930596285,0.0
10.0,6.0,0.992114701314478,2.2727272727272725,0.0
10.0,6.0,0.9980267284282717,2.3020527859237534,0.0
10.0,6.0,1.0,2.3216031280547407,0.0
10.0,6.0,0.9980267284282718,2.311827956989247,0.0
10.0,6.0,0.9921147013144783,2.3020527859237534,0.0
10.0,6.0,0.9822872507286887,2.2922776148582598,0.0
10.0,6.0,0.9685831611286313,2.2727272727272725,0.0
10.0,6.0,0.9510565162951539,2.262952101661779,0.0
10.0,6.0,0.9297764858882532,2.233626588465298,0.0
10.0,6.0,0.9048270524660188,2.1945259042033234,0.0
10.0,6.0,0.8763066800438646,2.155425219941349,0.0
10.0,6.0,0.8443279255020164,2.0869990224828934,0.0
10.0,6.0,0.8090169943749491,2.047898338220919,0.0
10.0,6.0,0.770513242775789,1.989247311827957,0.0
10.0,6.0,0.7289686274214116,1.9012707722385143,0.0
10.0,6.0,0.684547105928689,1.8328445747800588,0.0
10.0,6.0,0.637423989748693,1.7546432062561097,0.0
10.0,6.0,0.5877852522924711,1.6862170087976542,0.0
10.0,6.0,0.5358267949789979,1.6080156402737051,0.0
10.0,6.0,0.4817536741017169,1.529814271749756,0.0
10.0,6.0,0.4257792915650746,1.4418377321603124,0.0
10.0,6.0,0.368124552684677,1.3538611925708697,0.0
10.0,6.0,0.3090169943749468,1.265884652981427,0.0
10.0,6.0,0.24868988716485446,1.1974584555229715,0.0
10.0,6.0,0.18738131458572815,1.1094819159335287,0.0
10.0,6.0,0.1253332335643011,1.021505376344086,0.0
10.0,6.0,0.06279051952931412,0.9433040078201369,0.0
10.0,6.0,1.102182119232618e-15,0.8846529814271751,0.0
10.0,6.0,-0.06279051952931192,0.806451612903226,0.0
10.0,6.0,-0.12533323356429893,0.7380254154447705,0.0
10.0,6.0,-0.187381314585726,0.6598240469208214,0.0
10.0,6.0,-0.24868988716485232,0.5718475073313787,0.0
10.0,6.0,-0.3090169943749447,0.48387096774193505,0.0
10.0,6.0,-0.3681245526846749,0.3861192570869987,0.0
10.0,6.0,-0.4257792915650726,0.3079178885630496,0.0
10.0,6.0,-0.48175367410171493,0.22971652003910048,0.0
10.0,6.0,-0.535826794978996,0.1319648093841641,0.0
10.0,6.0,-0.5877852522924694,0.053763440860215006,0.0
10.0,6.0,-0.6374239897486913,-0.04398826979472137,0.0
10.0,6.0,-0.6845471059286873,-0.11241446725317683,0.0
10.0,6.0,-0.72896862742141,-0.17106549364613866,0.0
10.0,6.0,-0.7705132427757876,-0.22971652003910048,0.0
10.0,6.0,-0.8090169943749478,-0.3176930596285432,0.0
10.0,6.0,-0.8443279255020152,-0.37634408602150504,0.0
10.0,6.0,-0.8763066800438636,-0.42521994134897323,0.0
10.0,6.0,-0.9048270524660178,-0.4740957966764414,0.0
10.0,6.0,-0.9297764858882525,-0.5229716520039105,0.0
10.0,6.0,-0.9510565162951532,-0.5718475073313787,0.0
10.0,6.0,-0.9685831611286307,-0.6207233626588469,0.0
10.0,6.0,-0.9822872507286883,-0.669599217986315,0.0
10.0,6.0,-0.992114701314478,-0.7086999022482896,0.0
10.0,6.0,-0.9980267284282717,-0.7086999022482896,0.0
10.0,6.0,-1.0,-0.698924731182796,0.0
10.0,6.0,-0.9980267284282718,-0.7086999022482896,0.0
10.0,6.0,-0.9921147013144783,-0.7184750733137832,0.0
10.0,6.0,-0.9822872507286887,-0.6891495601173023,0.0
10.0,6.0,-0.9685831611286313,-0.669599217986315,0.0
10.0,6.0,-0.951056516295154,-0.6304985337243405,0.0
10.0,6.0,-0.9297764858882532,-0.6011730205278596,0.0
10.0,6.0,-0.9048270524660188,-0.591397849462366,0.0
10.0,6.0,-0.8763066800438647,-0.5327468230694041,0.0
10.0,6.0,-0.8443279255020165,-0.4936461388074287,0.0
10.0,6.0,-0.8090169943749491,-0.4447702834799605,0.0
10.0,6.0,-0.770513242775789,-0.3958944281524923,0.0
10.0,6.0,-0.7289686274214117,-0.32746823069403685,0.0
10.0,6.0,-0.6845471059286891,-0.24926686217008776,0.0
10.0,6.0,-0.6374239897486931,-0.1808406647116323,0.0
10.0,6.0,-0.5877852522924712,-0.12218963831867047,0.0
10.0,6.0,-0.535826794978998,-0.03421309872922773,0.0
10.0,6.0,-0.481753674101717,0.04398826979472137,0.0
10.0,6.0,-0.4257792915650747,0.1319648093841641,0.0
10.0,6.0,-0.3681245526846771,0.20039100684261957,0.0
10.0,6.0,-0.3090169943749469,0.27859237536656867,0.0
10.0,6.0,-0.2486898871648546,0.35679374389051777,0.0
10.0,6.0,-0.18738131458572826,0.45454545454545414,0.0
10.0,6.0,-0.12533323356430123,0.5425219941348978,0.0
10.0,6.0,-0.06279051952931425,0.6207233626588469,0.0
10.0,6.0,-1.2246467991473533e-15,0.698924731182796,0.0
10.0,6.0,0.06279051952931179,0.7869012707722387,0.0
10.0,6.0,0.1253332335642988,0.8553274682306942,0.0
10.0,6.0,0.18738131458572588,0.9530791788856305,0.0
10.0,6.0,0.2486898871648522,1.0312805474095796,0.0
10.0,6.0,0.30901699437494456,1.1094819159335287,0.0
10.0,6.0,0.3681245526846748,1.1974584555229715,0.0
10.0,6.0,0.4257792915650725,1.2561094819159333,0.0
10.0,6.0,0.4817536741017148,1.3343108504398824,0.0
10.0,6.0,0.5358267949789959,1.4320625610948188,0.0
10.0,6.0,0.5877852522924693,1.5102639296187688,0.0
10.0,6.0,0.6374239897486885,1.5982404692082115,0.0
10.0,6.0,0.6845471059286898,1.6862170087976542,0.0
10.0,6.0,0.7289686274214099,1.7546432062561097,0.0
10.0,6.0,0.7705132427757853,1.8230694037145652,0.0
10.0,6.0,0.8090169943749498,1.911045943304008,0.0
10.0,6.0,0.8443279255020152,1.9696969696969697,0.0
10.0,6.0,0.8763066800438618,2.018572825024438,0.0
10.0,6.0,0.9048270524660192,2.0772238514173997,0.0
10.0,6.0,0.9297764858882523,2.1358748778103616,0.0
10.0,6.0,0.9510565162951532,2.174975562072336,0.0
10.0,6.0,0.9685831611286316,2.2140762463343107,0.0
10.0,6.0,0.9822872507286883,2.253176930596285,0.0
10.0,6.0,0.992114701314478,2.282502443792766,0.0
10.0,6.0,0.9980267284282713,2.2922776148582598,0.0
10.0,6.0,1.0,2.311827956989247,0.0
10.0,6.0,0.9980267284282718,2.3216031280547407,0.0
10.0,6.0,0.9921147013144788,2.311827956989247,0.0
10.0,6.0,0.9822872507286882,2.3020527859237534,0.0
10.0,6.0,0.9685831611286313,2.2922776148582598,0.0
10.0,6.0,0.9510565162951551,2.2727272727272725,0.0
10.0,6.0,0.929776485888252,2.253176930596285,0.0
10.0,6.0,0.9048270524660189,2.204301075268817,0.0
10.0,6.0,0.8763066800438647,2.1358748778103616,0.0
10.0,6.0,0.8443279255020146,2.096774193548387,0.0
10.0,6.0,0.8090169943749492,2.038123167155425,0.0
10.0,6.0,0.7705132427757891,1.9696969696969697,0.0
10.0,6.0,0.7289686274214141,1.881720430107527,0.0
10.0,6.0,0.6845471059286892,1.7937438905180842,0.0
10.0,6.0,0.6374239897486932,1.6959921798631479,0.0
10.0,6.0,0.5877852522924742,1.6471163245356797,0.0
10.0,6.0,0.535826794978995,1.5786901270772242,0.0
10.0,6.0,0.48175367410171704,1.5004887585532742,0.0
10.0,6.0,0.42577929156507804,1.4125122189638315,0.0
10.0,6.0,0.3681245526846739,1.3343108504398824,0.0
10.0,6.0,0.309016994374947,1.236559139784946,0.0
10.0,6.0,0.24868988716485815,1.158357771260997,0.0
10.0,6.0,0.1873813145857249,1.0703812316715542,0.0
10.0,6.0,0.12533323356430134,0.9726295210166178,0.0
10.0,6.0,0.06279051952931436,0.8944281524926687,0.0
10.0,6.0,4.899825157862589e-15,0.8260019550342133,0.0
10.0,6.0,-0.06279051952931168,0.7380254154447705,0.0
10.0,6.0,-0.12533323356429868,0.6500488758553278,0.0
10.0,6.0,-0.18738131458572224,0.5522971652003914,0.0
10.0,6.0,-0.24868988716485554,0.4643206256109478,0.0
10.0,6.0,-0.30901699437494445,0.35679374389051777,0.0
10.0,6.0,-0.3681245526846714,0.27859237536656867,0.0
10.0,6.0,-0.4257792915650756,0.1808406647116323,0.0
10.0,6.0,-0.4817536741017147,0.09286412512218956,0.0
10.0,6.0,-0.5358267949789928,0.024437927663734094,0.0
10.0,6.0,-0.587785252292472,-0.024437927663734094,0.0
10.0,6.0,-0.6374239897486911,-0.11241446725317683,0.0
10.0,6.0,-0.6845471059286872,-0.19061583577712593,0.0
10.0,6.0,-0.7289686274214123,-0.26881720430107503,0.0
10.0,6.0,-0.7705132427757875,-0.3176930596285432,0.0
10.0,6.0,-0.8090169943749477,-0.3861192570869987,0.0
10.0,6.0,-0.8443279255020132,-0.45454545454545414,0.0
10.0,6.0,-0.8763066800438635,-0.5131964809384169,0.0
10.0,6.0,-0.9048270524660177,-0.5718475073313787,0.0
10.0,6.0,-0.929776485888251,-0.6304985337243405,0.0
10.0,6.0,-0.9510565162951542,-0.698924731182796,0.0
10.0,6.0,-0.9685831611286306,-0.7086999022482896,0.0
10.0,6.0,-0.9822872507286876,-0.7478005865102642,0.0
10.0,6.0,-0.9921147013144784,-0.7478005865102642,0.0
10.0,6.0,-0.9980267284282716,-0.7478005865102642,0.0
10.0,6.0,-1.0,-0.7771260997067451,0.0
10.0,6.0,-0.9980267284282716,-0.7771260997067451,0.0
10.0,6.0,-0.9921147013144783,-0.7575757575757578,0.0
10.0,6.0,-0.9822872507286888,-0.7478005865102642,0.0
10.0,6.0,-0.9685831611286323,-0.7282502443792769,0.0
10.0,8.0,-0.9510565162951536,0.5,0.0
10.0,8.0,-0.9297764858882512,0.9824046920821115,0.0
10.0,8.0,-0.9048270524660199,1.1485826001955033,0.0
10.0,8.0,-0.8763066800438638,1.1779081133919842,0.0
10.0,8.0,-0.8443279255020155,1.2267839687194524,0.0
10.0,8.0,-0.8090169943749476,0.7267839687194524,0.0
10.0,8.0,-0.7705132427757896,0.3958944281524923,0.0
10.0,8.0,-0.7289686274214116,0.3958944281524923,0.0
10.0,8.0,-0.684547105928689,0.4447702834799605,0.0
10.0,8.0,-0.6374239897486896,0.45454545454545414,0.0
10.0,8.0,-0.5877852522924734,0.48387096774193505,0.0
10.0,8.0,-0.5358267949789963,0.5522971652003914,0.0
10.0,8.0,-0.4817536741017153,0.591397849462366,0.0
10.0,8.0,-0.4257792915650722,0.6109481915933532,0.0
10.0,8.0,-0.3681245526846787,0.669599217986315,0.0
10.0,8.0,-0.3090169943749477,0.7184750733137832,0.0
10.0,8.0,-0.24868988716485535,0.806451612903226,0.0
10.0,8.0,-0.18738131458572468,0.8846529814271751,0.0
10.0,8.0,-0.12533323356430465,0.9628543499511242,0.0
10.0,8.0,-0.06279051952931326,1.0899315738025415,0.0
10.0,8.0,-2.4492935982947064e-16,1.1681329423264906,0.0
10.0,8.0,0.06279051952931278,1.2463343108504397,0.0
10.0,8.0,0.12533323356430418,1.3147605083088951,0.0
10.0,8.0,0.1873813145857242,1.4125122189638315,0.0
10.0,8.0,0.24868988716485488,1.5102639296187688,0.0
10.0,8.0,0.3090169943749472,1.5884652981427179,0.0
10.0,8.0,0.3681245526846782,1.6764418377321606,0.0
10.0,8.0,0.42577929156507255,1.7644183773216033,0.0
10.0,8.0,0.48175367410171566,1.8230694037145652,0.0
10.0,8.0,0.5358267949789967,1.8914956011730206,0.0
10.0,8.0,0.5877852522924736,1.9990224828934506,0.0
10.0,8.0,0.6374239897486899,2.047898338220919,0.0
10.0,8.0,0.6845471059286893,2.126099706744868,0.0
10.0,8.0,0.7289686274214107,2.1945259042033234,0.0
10.0,8.0,0.7705132427757887,2.262952101661779,0.0
10.0,8.0,0.8090169943749468,2.311827956989247,0.0
10.0,8.0,0.8443279255020147,2.3802541544477025,0.0
10.0,8.0,0.8763066800438631,2.4389051808406643,0.0
10.0,8.0,0.9048270524660194,2.4682306940371452,0.0
10.0,8.0,0.9297764858882511,2.5073313782991207,0.0
10.0,8.0,0.9510565162951535,2.5659824046920825,0.0
10.0,8.0,0.968583161128631,2.605083088954057,0.0
10.0,8.0,0.9822872507286886,2.6441837732160316,0.0
10.0,8.0,0.9921147013144778,2.6735092864125125,0.0
10.0,8.0,0.9980267284282716,2.712609970674487,0.0
10.0,8.0,1.0,2.7223851417399807,0.0
10.0,8.0,0.9980267284282716,2.7223851417399807,0.0
10.0,8.0,0.9921147013144779,2.712609970674487,0.0
10.0,8.0,0.9822872507286886,2.7223851417399807,0.0
10.0,8.0,0.9685831611286311,2.7223851417399807,0.0
10.0,8.0,0.9510565162951536,2.6930596285435,0.0
10.0,8.0,0.9297764858882517,2.6539589442815252,0.0
10.0,8.0,0.9048270524660192,2.5855327468230698,0.0
10.0,8.0,0.8763066800438634,2.5171065493646143,0.0
10.0,8.0,0.8443279255020151,2.4682306940371452,0.0
10.0,8.0,0.8090169943749477,2.4095796676441834,0.0
10.0,8.0,0.7705132427757886,2.3313782991202343,0.0
10.0,8.0,0.728968627421411,2.233626588465298,0.0
10.0,8.0,0.6845471059286897,2.174975562072336,0.0
10.0,8.0,0.6374239897486911,2.1163245356793743,0.0
10.0,8.0,0.5877852522924734,2.0087976539589443,0.0
10.0,8.0,0.5358267949789972,1.9403714565004888,0.0
10.0,8.0,0.4817536741017162,1.881720430107527,0.0
10.0,8.0,0.42577929156507394,1.8035190615835779,0.0
10.0,8.0,0.368124552684678,1.7057673509286415,0.0
10.0,8.0,0.3090169943749478,1.5982404692082115,0.0
10.0,8.0,0.2486898871648555,1.5102639296187688,0.0
10.0,8.0,0.18738131458572568,1.4222873900293251,0.0
10.0,8.0,0.1253332335643039,1.344086021505376,0.0
10.0,8.0,0.06279051952931339,1.2463343108504397,0.0
10.0,8.0,3.6739403974420594e-16,1.1388074291300097,0.0
10.0,8.0,-0.06279051952931265,1.050830889540567,0.0
10.0,8.0,-0.12533323356430318,0.9824046920821115,0.0
10.0,8.0,-0.18738131458572496,0.9042033235581624,0.0
10.0,8.0,-0.24868988716485477,0.806451612903226,0.0
10.0,8.0,-0.30901699437494706,0.7086999022482896,0.0
10.0,8.0,-0.36812455268467725,0.6011730205278596,0.0
10.0,8.0,-0.42577929156507327,0.5229716520039105,0.0
10.0,8.0,-0.48175367410171555,0.42521994134897323,0.0
10.0,8.0,-0.5358267949789965,0.3372434017595305,0.0
10.0,8.0,-0.5877852522924728,0.2590420332355814,0.0
10.0,8.0,-0.6374239897486905,0.15151515151515138,0.0
10.0,8.0,-0.6845471059286892,0.08308895405669592,0.0
10.0,8.0,-0.7289686274214106,0.014662756598240456,0.0
10.0,8.0,-0.770513242775788,-0.053763440860215006,0.0
10.0,8.0,-0.8090169943749472,-0.1319648093841641,0.0
10.0,8.0,-0.8443279255020146,-0.2101661779081132,0.0
10.0,8.0,-0.876306680043863,-0.26881720430107503,0.0
10.0,8.0,-0.9048270524660189,-0.34701857282502413,0.0
10.0,8.0,-0.9297764858882513,-0.3958944281524923,0.0
10.0,8.0,-0.9510565162951534,-0.43499511241446687,0.0
10.0,8.0,-0.968583161128631,-0.4740957966764414,0.0
10.0,8.0,-0.9822872507286885,-0.5034213098729232,0.0
10.0,8.0,-0.9921147013144779,-0.5131964809384169,0.0
10.0,8.0,-0.9980267284282716,-0.5229716520039105,0.0
10.0,8.0,-1.0,-0.5425219941348978,0.0
10.0,8.0,-0.9980267284282716,-0.5522971652003914,0.0
10.0,8.0,-0.992114701314478,-0.562072336265885,0.0
10.0,8.0,-0.9822872507286886,-0.5425219941348978,0.0
10.0,8.0,-0.9685831611286312,-0.5131964809384169,0.0
10.0,8.0,-0.9510565162951538,-0.48387096774193505,0.0
10.0,8.0,-0.9297764858882517,-0.4643206256109478,0.0
10.0,8.0,-0.9048270524660192,-0.4447702834799605,0.0
10.0,8.0,-0.8763066800438635,-0.3665689149560114,0.0
10.0,8.0,-0.8443279255020151,-0.27859237536656867,0.0
10.0,8.0,-0.8090169943749477,-0.26881720430107503,0.0
10.0,8.0,-0.7705132427757886,-0.19061583577712593,0.0
10.0,8.0,-0.7289686274214111,-0.15151515151515138,0.0
10.0,8.0,-0.6845471059286898,-0.06353861192570864,0.0
10.0,8.0,-0.6374239897486912,0.014662756598240456,0.0
10.0,8.0,-0.5877852522924735,0.08308895405669592,0.0
10.0,8.0,-0.5358267949789973,0.17106549364613866,0.0
10.0,8.0,-0.4817536741017163,0.22971652003910048,0.0
10.0,8.0,-0.42577929156507405,0.29814271749755594,0.0
10.0,8.0,-0.3681245526846781,0.3665689149560114,0.0
10.0,8.0,-0.3090169943749479,0.4643206256109478,0.0
10.0,8.0,-0.2486898871648556,0.5131964809384169,0.0
10.0,8.0,-0.1873813145857258,0.6207233626588469,0.0
10.0,8.0,-0.125333233564304,0.6891495601173023,0.0
10.0,8.0,-0.06279051952931351,0.7771260997067451,0.0
10.0,8.0,-4.898587196589413e-16,0.8553274682306942,0.0
10.0,8.0,0.06279051952931075,0.9530791788856305,0.0
10.0,8.0,0.12533323356430304,1.0410557184750733,0.0
10.0,8.0,0.1873813145857231,1.1485826001955033,0.0
10.0,8.0,0.24868988716485466,1.236559139784946,0.0
10.0,8.0,0.30901699437494523,1.3049853372434015,0.0
10.0,8.0,0.36812455268467714,1.3831867057673506,0.0
10.0,8.0,0.42577929156507155,1.4613880742912997,0.0
10.0,8.0,0.48175367410171543,1.559139784946237,0.0
10.0,8.0,0.535826794978995,1.6568914956011733,0.0
10.0,8.0,0.5877852522924727,1.7253176930596288,0.0
10.0,8.0,0.6374239897486891,1.8132942326490715,0.0
10.0,8.0,0.6845471059286891,1.911045943304008,0.0
10.0,8.0,0.7289686274214104,1.9696969696969697,0.0
10.0,8.0,0.7705132427757891,2.0772238514173997,0.0
10.0,8.0,0.8090169943749471,2.1358748778103616,0.0
10.0,8.0,0.8443279255020155,2.1945259042033234,0.0
10.0,8.0,0.876306680043863,2.253176930596285,0.0
10.0,8.0,0.9048270524660196,2.3509286412512216,0.0
10.0,8.0,0.9297764858882513,2.4291300097751707,0.0
10.0,8.0,0.951056516295154,2.497556207233626,0.0
10.0,8.0,0.9685831611286309,2.526881720430108,0.0
10.0,8.0,0.9822872507286888,2.5855327468230698,0.0
10.0,8.0,0.9921147013144779,2.634408602150538,0.0
10.0,8.0,0.9980267284282717,2.6539589442815252,0.0
10.0,8.0,1.0,2.6930596285435,0.0
10.0,8.0,0.9980267284282718,2.7223851417399807,0.0
10.0,8.0,0.992114701314478,2.6930596285435,0.0
10.0,8.0,0.9822872507286889,2.683284457478006,0.0
10.0,8.0,0.9685831611286312,2.683284457478006,0.0
10.0,8.0,0.9510565162951543,2.6735092864125125,0.0
10.0,8.0,0.9297764858882518,2.6539589442815252,0.0
10.0,8.0,0.90482705246602,2.6441837732160316,0.0
10.0,8.0,0.8763066800438635,2.605083088954057,0.0
10.0,8.0,0.8443279255020162,2.546432062561095,0.0
10.0,8.0,0.8090169943749478,2.4682306940371452,0.0
10.0,8.0,0.7705132427757898,2.3802541544477025,0.0
10.0,8.0,0.7289686274214112,2.311827956989247,0.0
10.0,8.0,0.6845471059286898,2.262952101661779,0.0
10.0,8.0,0.6374239897486899,2.1847507331378297,0.0
10.0,8.0,0.5877852522924736,2.126099706744868,0.0
10.0,8.0,0.5358267949789959,2.0772238514173997,0.0
10.0,8.0,0.48175367410171643,2.0087976539589443,0.0
10.0,8.0,0.42577929156507255,1.9403714565004888,0.0
10.0,8.0,0.3681245526846782,1.8426197458455524,0.0
10.0,8.0,0.3090169943749463,1.744868035190616,0.0
10.0,8.0,0.2486898871648557,1.6275659824046924,0.0
10.0,8.0,0.18738131458572418,1.529814271749756,0.0
10.0,8.0,0.12533323356430415,1.4222873900293251,0.0
10.0,8.0,0.06279051952931186,1.3147605083088951,0.0
10.0,8.0,6.123233995736766e-16,1.1974584555229715,0.0
10.0,8.0,-0.06279051952931064,1.1094819159335287,0.0
10.0,8.0,-0.12533323356430293,1.0312805474095796,0.0
10.0,8.0,-0.18738131458572296,0.9628543499511242,0.0
10.0,8.0,-0.24868988716485452,0.8260019550342133,0.0
10.0,8.0,-0.3090169943749451,0.7771260997067451,0.0
10.0,8.0,-0.3681245526846787,0.669599217986315,0.0
10.0,8.0,-0.42577929156506983,0.562072336265885,0.0
10.0,8.0,-0.4817536741017154,0.5034213098729223,0.0
10.0,8.0,-0.5358267949789964,0.4154447702834796,0.0
10.0,8.0,-0.5877852522924726,0.3372434017595305,0.0
10.0,8.0,-0.637423989748689,0.22971652003910048,0.0
10.0,8.0,-0.6845471059286877,0.14173998044965774,0.0
10.0,8.0,-0.7289686274214103,0.08308895405669592,0.0
10.0,8.0,-0.7705132427757901,0.014662756598240456,0.0
10.0,8.0,-0.809016994374946,-0.04398826979472137,0.0
10.0,8.0,-0.8443279255020155,-0.06353861192570864,0.0
10.0,8.0,-0.8763066800438638,-0.09286412512218956,0.0
10.0,8.0,-0.9048270524660196,-0.16129032258064502,0.0
10.0,8.0,-0.9297764858882513,-0.22971652003910048,0.0
10.0,8.0,-0.9510565162951534,-0.29814271749755594,0.0
10.0,8.0,-0.9685831611286309,-0.32746823069403685,0.0
10.0,8.0,-0.982287250728689,-0.3665689149560114,0.0
10.0,8.0,-0.9921147013144777,-0.3958944281524923,0.0
10.0,8.0,-0.9980267284282717,-0.3958944281524923,0.0
10.0,8.0,-1.0,-0.42521994134897323,0.0
10.0,8.0,-0.9980267284282718,-0.43499511241446687,0.0
10.0,8.0,-0.9921147013144778,-0.43499511241446687,0.0
10.0,8.0,-0.9822872507286894,-0.4154447702834796,0.0
10.0,8.0,-0.9685831611286312,-0.4154447702834796,0.0
10.0,8.0,-0.9510565162951538,-0.37634408602150504,0.0
10.0,8.0,-0.9297764858882518,-0.32746823069403685,0.0
10.0,8.0,-0.9048270524660201,-0.3079178885630496,0.0
10.0,8.0,-0.8763066800438645,-0.2590420332355814,0.0
10.0,8.0,-0.8443279255020162,-0.22971652003910048,0.0
10.0,8.0,-0.8090169943749468,-0.20039100684261957,0.0
10.0,8.0,-0.770513242775791,-0.1319648093841641,0.0
10.0,8.0,-0.7289686274214113,-0.08308895405669592,0.0
10.0,8.0,-0.6845471059286887,-0.014662756598240456,0.0
10.0,8.0,-0.63742398974869,0.03421309872922773,0.0
10.0,8.0,-0.5877852522924737,0.11241446725317683,0.0
10.0,8.0,-0.5358267949789975,0.20039100684261957,0.0
10.0,8.0,-0.48175367410171654,0.2883675464320623,0.0
10.0,8.0,-0.42577929156507105,0.35679374389051777,0.0
10.0,8.0,-0.36812455268468,0.4154447702834796,0.0
10.0,8.0,-0.3090169943749464,0.48387096774193505,0.0
10.0,8.0,-0.2486898871648541,0.562072336265885,0.0
10.0,8.0,-0.1873813145857243,0.6500488758553278,0.0
10.0,8.0,-0.12533323356430426,0.7478005865102642,0.0
10.0,8.0,-0.06279051952931375,0.8357771260997069,0.0
10.0,8.0,-7.347880794884119e-16,0.913978494623656,0.0
10.0,8.0,0.06279051952931229,1.021505376344086,0.0
10.0,8.0,0.12533323356430282,1.129032258064516,0.0
10.0,8.0,0.18738131458572285,1.2170087976539588,0.0
10.0,8.0,0.24868988716485269,1.3147605083088951,0.0
10.0,8.0,0.309016994374945,1.3929618768328442,0.0
10.0,8.0,0.3681245526846786,1.4711632453567933,0.0
10.0,8.0,0.4257792915650697,1.559139784946237,0.0
10.0,8.0,0.48175367410171527,1.6471163245356797,0.0
10.0,8.0,0.5358267949789963,1.7253176930596288,0.0
10.0,8.0,0.5877852522924725,1.8035190615835779,0.0
10.0,8.0,0.6374239897486889,1.8621700879765397,0.0
10.0,8.0,0.6845471059286876,1.9208211143695015,0.0
10.0,8.0,0.7289686274214102,1.9696969696969697,0.0
10.0,8.0,0.7705132427757901,2.0772238514173997,0.0
10.0,8.0,0.8090169943749459,2.174975562072336,0.0
10.0,8.0,0.8443279255020154,2.233626588465298,0.0
10.0,8.0,0.8763066800438637,2.3216031280547407,0.0
10.0,8.0,0.9048270524660195,2.3998044965786898,0.0
10.0,8.0,0.9297764858882512,2.4389051808406643,0.0
10.0,8.0,0.9510565162951533,2.4877810361681325,0.0
10.0,8.0,0.9685831611286309,2.5171065493646143,0.0
10.0,8.0,0.982287250728689,2.5855327468230698,0.0
10.0,8.0,0.9921147013144777,2.605083088954057,0.0
10.0,8.0,0.9980267284282717,2.5953079178885634,0.0
10.0,8.0,1.0,2.5855327468230698,0.0
10.0,8.0,0.9980267284282718,2.575757575757576,0.0
10.0,8.0,0.9921147013144778,2.575757575757576,0.0
10.0,8.0,0.9822872507286894,2.575757575757576,0.0
10.0,8.0,0.9685831611286312,2.5366568914956016,0.0
10.0,8.0,0.9510565162951539,2.497556207233626,0.0
10.0,8.0,0.9297764858882518,2.478005865102639,0.0
10.0,8.0,0.9048270524660201,2.4291300097751707,0.0
10.0,8.0,0.8763066800438645,2.3998044965786898,0.0
10.0,8.0,0.8443279255020163,2.3802541544477025,0.0
10.0,8.0,0.8090169943749469,2.3216031280547407,0.0
10.0,8.0,0.7705132427757911,2.253176930596285,0.0
10.0,8.0,0.7289686274214113,2.1945259042033234,0.0
10.0,8.0,0.6845471059286887,2.1358748778103616,0.0
10.0,8.0,0.6374239897486901,2.0576735092864125,0.0
10.0,8.0,0.5877852522924738,1.989247311827957,0.0
10.0,8.0,0.5358267949789977,1.8914956011730206,0.0
10.0,8.0,0.48175367410171666,1.7937438905180842,0.0
10.0,8.0,0.42577929156507116,1.6959921798631479,0.0
10.0,8.0,0.3681245526846801,1.5982404692082115,0.0
10.0,8.0,0.30901699437494656,1.529814271749756,0.0
10.0,8.0,0.24868988716485424,1.4320625610948188,0.0
10.0,8.0,0.1873813145857244,1.344086021505376,0.0
10.0,8.0,0.1253332335643044,1.265884652981427,0.0
10.0,8.0,0.06279051952931387,1.1779081133919842,0.0
10.0,8.0,8.572527594031472e-16,1.1094819159335287,0.0
10.0,8.0,-0.06279051952931217,1.0312805474095796,0.0
10.0,8.0,-0.12533323356430268,0.9628543499511242,0.0
10.0,8.0,-0.18738131458572274,0.8944281524926687,0.0
10.0,8.0,-0.24868988716485257,0.7966764418377323,0.0
10.0,8.0,-0.3090169943749449,0.7184750733137832,0.0
10.0,8.0,-0.3681245526846785,0.6304985337243405,0.0
10.0,8.0,-0.4257792915650696,0.5425219941348978,0.0
10.0,8.0,-0.48175367410171516,0.4154447702834796,0.0
10.0,8.0,-0.5358267949789962,0.3372434017595305,0.0
10.0,8.0,-0.5877852522924725,0.2590420332355814,0.0
10.0,8.0,-0.6374239897486887,0.20039100684261957,0.0
10.0,8.0,-0.6845471059286875,0.1319648093841641,0.0
10.0,8.0,-0.7289686274214101,0.07331378299120228,0.0
10.0,8.0,-0.77051324277579,-0.004887585532746819,0.0
10.0,8.0,-0.8090169943749459,-0.053763440860215006,0.0
10.0,8.0,-0.8443279255020153,-0.1319648093841641,0.0
10.0,8.0,-0.8763066800438637,-0.20039100684261957,0.0
10.0,8.0,-0.9048270524660195,-0.2590420332355814,0.0
10.0,8.0,-0.9297764858882512,-0.32746823069403685,0.0
10.0,8.0,-0.9510565162951533,-0.37634408602150504,0.0
10.0,8.0,-0.9685831611286309,-0.42521994134897323,0.0
10.0,8.0,-0.982287250728689,-0.4447702834799605,0.0
10.0,8.0,-0.9921147013144775,-0.48387096774193505,0.0
10.0,8.0,-0.9980267284282717,-0.4936461388074287,0.0
10.0,8.0,-1.0,-0.5034213098729232,0.0
10.0,8.0,-0.9980267284282718,-0.5327468230694041,0.0
10.0,8.0,-0.9921147013144778,-0.5229716520039105,0.0
10.0,8.0,-0.9822872507286894,-0.5229716520039105,0.0
10.0,8.0,-0.9685831611286313,-0.4936461388074287,0.0
10.0,8.0,-0.9510565162951539,-0.45454545454545414,0.0
10.0,8.0,-0.9297764858882519,-0.3958944281524923,0.0
10.0,8.0,-0.9048270524660202,-0.3665689149560114,0.0
10.0,8.0,-0.8763066800438646,-0.29814271749755594,0.0
10.0,8.0,-0.8443279255020164,-0.24926686217008776,0.0
10.0,8.0,-0.8090169943749469,-0.22971652003910048,0.0
10.0,8.0,-0.7705132427757913,-0.1808406647116323,0.0
10.0,8.0,-0.7289686274214114,-0.1026392961876832,0.0
10.0,8.0,-0.6845471059286888,-0.024437927663734094,0.0
10.0,8.0,-0.6374239897486902,0.03421309872922773,0.0
10.0,8.0,-0.5877852522924739,0.09286412512218956,0.0
10.0,8.0,-0.5358267949789978,0.15151515151515138,0.0
10.0,8.0,-0.48175367410171677,0.22971652003910048,0.0
10.0,8.0,-0.42577929156507127,0.29814271749755594,0.0
10.0,8.0,-0.3681245526846802,0.3861192570869987,0.0
10.0,8.0,-0.3090169943749467,0.45454545454545414,0.0
10.0,8.0,-0.24868988716485435,0.5327468230694041,0.0
10.0,8.0,-0.18738131458572455,0.6207233626588469,0.0
10.0,8.0,-0.1253332335643045,0.6891495601173023,0.0
10.0,8.0,-0.062790519529314,0.7771260997067451,0.0
10.0,8.0,-9.797174393178826e-16,0.8357771260997069,0.0
10.0,8.0,0.06279051952931204,0.9433040078201369,0.0
10.0,8.0,0.12533323356429904,1.050830889540567,0.0
10.0,8.0,0.1873813145857261,1.1192570869990224,0.0
10.0,8.0,0.24868988716485246,1.2170087976539588,0.0
10.0,8.0,0.3090169943749448,1.3049853372434015,0.0
10.0,8.0,0.36812455268467503,1.373411534701857,0.0
10.0,8.0,0.4257792915650727,1.4613880742912997,0.0
10.0,8.0,0.48175367410171505,1.5395894428152497,0.0
10.0,8.0,0.5358267949789961,1.6275659824046924,0.0
10.0,8.0,0.5877852522924695,1.7253176930596288,0.0
10.0,8.0,0.6374239897486914,1.7937438905180842,0.0
10.0,8.0,0.6845471059286874,1.881720430107527,0.0
10.0,8.0,0.7289686274214101,1.959921798631476,0.0
10.0,8.0,0.7705132427757877,2.0283479960899315,0.0
10.0,8.0,0.8090169943749479,2.096774193548387,0.0
10.0,8.0,0.8443279255020153,2.1847507331378297,0.0
10.0,8.0,0.8763066800438636,2.2727272727272725,0.0
10.0,8.0,0.9048270524660179,2.3802541544477025,0.0
10.0,8.0,0.9297764858882525,2.448680351906158,0.0
10.0,8.0,0.9510565162951533,2.4682306940371452,0.0
10.0,8.0,0.9685831611286307,2.497556207233626,0.0
10.0,8.0,0.9822872507286884,2.5366568914956016,0.0
10.0,8.0,0.992114701314478,2.5953079178885634,0.0
10.0,8.0,0.9980267284282717,2.6246334310850443,0.0
10.0,8.0,1.0,2.6735092864125125,0.0
10.0,8.0,0.9980267284282718,2.683284457478006,0.0
10.0,8.0,0.9921147013144783,2.6539589442815252,0.0
10.0,8.0,0.9822872507286887,2.634408602150538,0.0
10.0,8.0,0.9685831611286313,2.634408602150538,0.0
10.0,8.0,0.9510565162951539,2.5855327468230698,0.0
10.0,8.0,0.9297764858882532,2.526881720430108,0.0
10.0,8.0,0.9048270524660188,2.478005865102639,0.0
10.0,8.0,0.8763066800438646,2.4389051808406643,0.0
10.0,8.0,0.8443279255020164,2.370478983382209,0.0
10.0,8.0,0.8090169943749491,2.3313782991202343,0.0
10.0,8.0,0.770513242775789,2.2922776148582598,0.0
10.0,8.0,0.7289686274214116,2.2434017595307916,0.0
10.0,8.0,0.684547105928689,2.1847507331378297,0.0
10.0,8.0,0.637423989748693,2.0869990224828934,0.0
10.0,8.0,0.5877852522924711,2.0283479960899315,0.0
10.0,8.0,0.5358267949789979,1.9403714565004888,0.0
10.0,8.0,0.4817536741017169,1.8719452590420333,0.0
10.0,8.0,0.4257792915650746,1.774193548387097,0.0
10.0,8.0,0.368124552684677,1.7057673509286415,0.0
10.0,8.0,0.3090169943749468,1.5884652981427179,0.0
10.0,8.0,0.24868988716485446,1.5102639296187688,0.0
10.0,8.0,0.18738131458572815,1.3831867057673506,0.0
10.0,8.0,0.1253332335643011,1.3049853372434015,0.0
10.0,8.0,0.06279051952931412,1.1974584555229715,0.0
10.0,8.0,1.102182119232618e-15,1.0899315738025415,0.0
10.0,8.0,-0.06279051952931192,1.0019550342130987,0.0
10.0,8.0,-0.12533323356429893,0.913978494623656,0.0
10.0,8.0,-0.187381314585726,0.8357771260997069,0.0
10.0,8.0,-0.24868988716485232,0.7575757575757578,0.0
10.0,8.0,-0.3090169943749447,0.6793743890518087,0.0
10.0,8.0,-0.3681245526846749,0.6011730205278596,0.0
10.0,8.0,-0.4257792915650726,0.5131964809384169,0.0
10.0,8.0,-0.48175367410171493,0.43499511241446687,0.0
10.0,8.0,-0.535826794978996,0.34701857282502413,0.0
10.0,8.0,-0.5877852522924694,0.26881720430107503,0.0
10.0,8.0,-0.6374239897486913,0.19061583577712593,0.0
10.0,8.0,-0.6845471059286873,0.11241446725317683,0.0
10.0,8.0,-0.72896862742141,0.053763440860215006,0.0
10.0,8.0,-0.7705132427757876,0.004887585532746819,0.0
10.0,8.0,-0.8090169943749478,-0.053763440860215006,0.0
10.0,8.0,-0.8443279255020152,-0.1026392961876832,0.0
10.0,8.0,-0.8763066800438636,-0.16129032258064502,0.0
10.0,8.0,-0.9048270524660178,-0.21994134897360684,0.0
10.0,8.0,-0.9297764858882525,-0.2883675464320623,0.0
10.0,8.0,-0.9510565162951532,-0.3372434017595305,0.0
10.0,8.0,-0.9685831611286307,-0.3861192570869987,0.0
10.0,8.0,-0.9822872507286883,-0.4154447702834796,0.0
10.0,8.0,-0.992114701314478,-0.42521994134897323,0.0
10.0,8.0,-0.9980267284282717,-0.4447702834799605,0.0
10.0,8.0,-1.0,-0.45454545454545414,0.0
10.0,8.0,-0.9980267284282718,-0.45454545454545414,0.0
10.0,8.0,-0.9921147013144783,-0.4643206256109478,0.0
10.0,8.0,-0.9822872507286887,-0.4643206256109478,0.0
10.0,8.0,-0.9685831611286313,-0.45454545454545414,0.0
10.0,8.0,-0.951056516295154,-0.40566959921798595,0.0
10.0,8.0,-0.9297764858882532,-0.4154447702834796,0.0
10.0,8.0,-0.9048270524660188,-0.3665689149560114,0.0
10.0,8.0,-0.8763066800438647,-0.3176930596285432,0.0
10.0,8.0,-0.8443279255020165,-0.27859237536656867,0.0
10.0,8.0,-0.8090169943749491,-0.22971652003910048,0.0
10.0,8.0,-0.770513242775789,-0.16129032258064502,0.0
10.0,8.0,-0.7289686274214117,-0.1026392961876832,0.0
10.0,8.0,-0.6845471059286891,-0.03421309872922773,0.0
10.0,8.0,-0.6374239897486931,0.04398826979472137,0.0
10.0,8.0,-0.5877852522924712,0.1026392961876832,0.0
10.0,8.0,-0.535826794978998,0.1808406647116323,0.0
10.0,8.0,-0.481753674101717,0.26881720430107503,0.0
10.0,8.0,-0.4257792915650747,0.3372434017595305,0.0
10.0,8.0,-0.3681245526846771,0.4154447702834796,0.0
10.0,8.0,-0.3090169943749469,0.48387096774193505,0.0
10.0,8.0,-0.2486898871648546,0.5816226783968723,0.0
10.0,8.0,-0.18738131458572826,0.6598240469208214,0.0
10.0,8.0,-0.12533323356430123,0.7380254154447705,0.0
10.0,8.0,-0.06279051952931425,0.8455522971652005,0.0
10.0,8.0,-1.2246467991473533e-15,0.9335288367546433,0.0
10.0,8.0,0.06279051952931179,1.0312805474095796,0.0
10.0,8.0,0.1253332335642988,1.099706744868035,0.0
10.0,8.0,0.18738131458572588,1.1876832844574778,0.0
10.0,8.0,0.2486898871648522,1.265884652981427,0.0
10.0,8.0,0.30901699437494456,1.3343108504398824,0.0
10.0,8.0,0.3681245526846748,1.4613880742912997,0.0
10.0,8.0,0.4257792915650725,1.5884652981427179,0.0
10.0,8.0,0.4817536741017148,1.6862170087976542,0.0
10.0,8.0,0.5358267949789959,1.7253176930596288,0.0
10.0,8.0,0.5877852522924693,1.7839687194525906,0.0
10.0,8.0,0.6374239897486885,1.8914956011730206,0.0
10.0,8.0,0.6845471059286898,1.959921798631476,0.0
10.0,8.0,0.7289686274214099,2.047898338220919,0.0
10.0,8.0,0.7705132427757853,2.155425219941349,0.0
10.0,8.0,0.8090169943749498,2.233626588465298,0.0
10.0,8.0,0.8443279255020152,2.311827956989247,0.0
10.0,8.0,0.8763066800438618,2.370478983382209,0.0
10.0,8.0,0.9048270524660192,2.419354838709677,0.0
10.0,8.0,0.9297764858882523,2.4682306940371452,0.0
10.0,8.0,0.9510565162951532,2.4877810361681325,0.0
10.0,8.0,0.9685831611286316,2.546432062561095,0.0
10.0,8.0,0.9822872507286883,2.575757575757576,0.0
10.0,8.0,0.992114701314478,2.6148582600195507,0.0
10.0,8.0,0.9980267284282713,2.6246334310850443,0.0
10.0,8.0,1.0,2.6441837732160316,0.0
10.0,8.0,0.9980267284282718,2.6539589442815252,0.0
10.0,8.0,0.9921147013144788,2.663734115347019,0.0
10.0,8.0,0.9822872507286882,2.6539589442815252,0.0
10.0,8.0,0.9685831611286313,2.634408602150538,0.0
10.0,8.0,0.9510565162951551,2.6148582600195507,0.0
10.0,8.0,0.929776485888252,2.5855327468230698,0.0
10.0,8.0,0.9048270524660189,2.5171065493646143,0.0
10.0,8.0,0.8763066800438647,2.4682306940371452,0.0
10.0,8.0,0.8443279255020146,2.4095796676441834,0.0
10.0,8.0,0.8090169943749492,2.370478983382209,0.0
10.0,8.0,0.7705132427757891,2.3313782991202343,0.0
10.0,8.0,0.7289686274214141,2.262952101661779,0.0
10.0,8.0,0.6845471059286892,2.1847507331378297,0.0
10.0,8.0,0.6374239897486932,2.1358748778103616,0.0
10.0,8.0,0.5877852522924742,2.067448680351906,0.0
10.0,8.0,0.535826794978995,1.9794721407624634,0.0
10.0,8.0,0.48175367410171704,1.9012707722385143,0.0
10.0,8.0,0.42577929156507804,1.8328445747800588,0.0
10.0,8.0,0.3681245526846739,1.7350928641251224,0.0
10.0,8.0,0.309016994374947,1.6471163245356797,0.0
10.0,8.0,0.24868988716485815,1.559139784946237,0.0
10.0,8.0,0.1873813145857249,1.4711632453567933,0.0
10.0,8.0,0.12533323356430134,1.3831867057673506,0.0
10.0,8.0,0.06279051952931436,1.2854349951124142,0.0
10.0,8.0,4.899825157862589e-15,1.1974584555229715,0.0
10.0,8.0,-0.06279051952931168,1.099706744868035,0.0
10.0,8.0,-0.12533323356429868,1.050830889540567,0.0
10.0,8.0,-0.18738131458572224,0.9726295210166178,0.0
10.0,8.0,-0.24868988716485554,0.8944281524926687,0.0
10.0,8.0,-0.30901699437494445,0.7966764418377323,0.0
10.0,8.0,-0.3681245526846714,0.7086999022482896,0.0
10.0,8.0,-0.4257792915650756,0.6207233626588469,0.0
10.0,8.0,-0.4817536741017147,0.5229716520039105,0.0
10.0,8.0,-0.5358267949789928,0.43499511241446687,0.0
10.0,8.0,-0.587785252292472,0.34701857282502413,0.0
10.0,8.0,-0.6374239897486911,0.2590420332355814,0.0
10.0,8.0,-0.6845471059286872,0.17106549364613866,0.0
10.0,8.0,-0.7289686274214123,0.1026392961876832,0.0
10.0,8.0,-0.7705132427757875,0.04398826979472137,0.0
10.0,8.0,-0.8090169943749477,-0.024437927663734094,0.0
10.0,8.0,-0.8443279255020132,-0.08308895405669592,0.0
10.0,8.0,-0.8763066800438635,-0.15151515151515138,0.0
10.0,8.0,-0.9048270524660177,-0.2101661779081132,0.0
10.0,8.0,-0.929776485888251,-0.27859237536656867,0.0
10.0,8.0,-0.9510565162951542,-0.3372434017595305,0.0
10.0,8.0,-0.9685831611286306,-0.3958944281524923,0.0
10.0,8.0,-0.9822872507286876,-0.43499511241446687,0.0
10.0,8.0,-0.9921147013144784,-0.4740957966764414,0.0
10.0,8.0,-0.9980267284282716,-0.4740957966764414,0.0
10.0,8.0,-1.0,-0.4643206256109478,0.0
10.0,8.0,-0.9980267284282716,-0.43499511241446687,0.0
10.0,8.0,-0.9921147013144783,-0.45454545454545414,0.0
10.0,8.0,-0.9822872507286888,-0.4447702834799605,0.0
10.0,8.0,-0.9685831611286323,-0.45454545454545414,0.0
10.0,10.0,-0.9510565162951536,0.5,0.0
10.0,10.0,-0.9297764858882512,1.0,0.0
10.0,10.0,-0.9048270524660199,1.1876832844574778,0.0
10.0,10.0,-0.8763066800438638,1.2952101661779079,0.0
10.0,10.0,-0.8443279255020155,1.4320625610948188,0.0
10.0,10.0,-0.8090169943749476,0.9320625610948188,0.0
10.0,10.0,-0.7705132427757896,0.6304985337243405,0.0
10.0,10.0,-0.7289686274214116,0.6793743890518087,0.0
10.0,10.0,-0.684547105928689,0.7282502443792769,0.0
10.0,10.0,-0.6374239897486896,0.7673509286412514,0.0
10.0,10.0,-0.5877852522924734,0.7966764418377323,0.0
10.0,10.0,-0.5358267949789963,0.8455522971652005,0.0
10.0,10.0,-0.4817536741017153,0.8944281524926687,0.0
10.0,10.0,-0.4257792915650722,0.913978494623656,0.0
10.0,10.0,-0.3681245526846787,0.9530791788856305,0.0
10.0,10.0,-0.3090169943749477,0.9921798631476051,0.0
10.0,10.0,-0.24868988716485535,1.0801564027370478,0.0
10.0,10.0,-0.18738131458572468,1.1485826001955033,0.0
10.0,10.0,-0.12533323356430465,1.2561094819159333,0.0
10.0,10.0,-0.06279051952931326,1.3636363636363633,0.0
10.0,10.0,-2.4492935982947064e-16,1.480938416422287,0.0
10.0,10.0,0.06279051952931278,1.559139784946237,0.0
10.0,10.0,0.12533323356430418,1.6568914956011733,0.0
10.0,10.0,0.1873813145857242,1.744868035190616,0.0
10.0,10.0,0.24868988716485488,1.8132942326490715,0.0
10.0,10.0,0.3090169943749472,1.911045943304008,0.0
10.0,10.0,0.3681245526846782,1.9501466275659824,0.0
10.0,10.0,0.42577929156507255,2.047898338220919,0.0
10.0,10.0,0.48175367410171566,2.174975562072336,0.0
10.0,10.0,0.5358267949789967,2.262952101661779,0.0
10.0,10.0,0.5877852522924736,2.3607038123167152,0.0
10.0,10.0,0.6374239897486899,2.448680351906158,0.0
10.0,10.0,0.6845471059286893,2.526881720430108,0.0
10.0,10.0,0.7289686274214107,2.575757575757576,0.0
10.0,10.0,0.7705132427757887,2.6735092864125125,0.0
10.0,10.0,0.8090169943749468,2.7223851417399807,0.0
10.0,10.0,0.8443279255020147,2.771260997067449,0.0
10.0,10.0,0.8763066800438631,2.849462365591398,0.0
10.0,10.0,0.9048270524660194,2.8885630498533725,0.0
10.0,10.0,0.9297764858882511,2.927663734115347,0.0
10.0,10.0,0.9510565162951535,2.9765395894428153,0.0
10.0,10.0,0.968583161128631,3.01564027370479,0.0
10.0,10.0,0.9822872507286886,3.01564027370479,0.0
10.0,10.0,0.9921147013144778,3.005865102639296,0.0
10.0,10.0,0.9980267284282716,2.986314760508309,0.0
10.0,10.0,1.0,2.986314760508309,0.0
10.0,10.0,0.9980267284282716,2.9765395894428153,0.0
10.0,10.0,0.9921147013144779,2.9765395894428153,0.0
10.0,10.0,0.9822872507286886,2.986314760508309,0.0
10.0,10.0,0.9685831611286311,2.986314760508309,0.0
10.0,10.0,0.9510565162951536,2.9472140762463344,0.0
10.0,10.0,0.9297764858882517,2.9374389051808407,0.0
10.0,10.0,0.9048270524660192,2.927663734115347,0.0
10.0,10.0,0.8763066800438634,2.8885630498533725,0.0
10.0,10.0,0.8443279255020151,2.849462365591398,0.0
10.0,10.0,0.8090169943749477,2.771260997067449,0.0
10.0,10.0,0.7705132427757886,2.7028347996089934,0.0
10.0,10.0,0.728968627421411,2.6246334310850443,0.0
10.0,10.0,0.6845471059286897,2.546432062561095,0.0
10.0,10.0,0.6374239897486911,2.478005865102639,0.0
10.0,10.0,0.5877852522924734,2.390029325513196,0.0
10.0,10.0,0.5358267949789972,2.3216031280547407,0.0
10.0,10.0,0.4817536741017162,2.2238514173998043,0.0
10.0,10.0,0.42577929156507394,2.145650048875855,0.0
10.0,10.0,0.368124552684678,2.047898338220919,0.0
10.0,10.0,0.3090169943749478,1.959921798631476,0.0
10.0,10.0,0.2486898871648555,1.8621700879765397,0.0
10.0,10.0,0.18738131458572568,1.7644183773216033,0.0
10.0,10.0,0.1253332335643039,1.6471163245356797,0.0
10.0,10.0,0.06279051952931339,1.5493646138807433,0.0
10.0,10.0,3.6739403974420594e-16,1.4222873900293251,0.0
10.0,10.0,-0.06279051952931265,1.344086021505376,0.0
10.0,10.0,-0.12533323356430318,1.265884652981427,0.0
10.0,10.0,-0.18738131458572496,1.1485826001955033,0.0
10.0,10.0,-0.24868988716485477,1.0312805474095796,0.0
10.0,10.0,-0.30901699437494706,0.9628543499511242,0.0
10.0,10.0,-0.36812455268467725,0.913978494623656,0.0
10.0,10.0,-0.42577929156507327,0.8553274682306942,0.0
10.0,10.0,-0.48175367410171555,0.7673509286412514,0.0
10.0,10.0,-0.5358267949789965,0.6891495601173023,0.0
10.0,10.0,-0.5877852522924728,0.6304985337243405,0.0
10.0,10.0,-0.6374239897486905,0.5229716520039105,0.0
10.0,10.0,-0.6845471059286892,0.4447702834799605,0.0
10.0,10.0,-0.7289686274214106,0.37634408602150504,0.0
10.0,10.0,-0.770513242775788,0.3176930596285432,0.0
10.0,10.0,-0.8090169943749472,0.2590420332355814,0.0
10.0,10.0,-0.8443279255020146,0.20039100684261957,0.0
10.0,10.0,-0.876306680043863,0.12218963831867047,0.0
10.0,10.0,-0.9048270524660189,0.12218963831867047,0.0
10.0,10.0,-0.9297764858882513,0.09286412512218956,0.0
10.0,10.0,-0.9510565162951534,0.053763440860215006,0.0
10.0,10.0,-0.968583161128631,0.004887585532746819,0.0
10.0,10.0,-0.9822872507286885,-0.03421309872922773,0.0
10.0,10.0,-0.9921147013144779,-0.06353861192570864,0.0
10.0,10.0,-0.9980267284282716,-0.09286412512218956,0.0
10.0,10.0,-1.0,-0.11241446725317683,0.0
10.0,10.0,-0.9980267284282716,-0.12218963831867047,0.0
10.0,10.0,-0.992114701314478,-0.12218963831867047,0.0
10.0,10.0,-0.9822872507286886,-0.1026392961876832,0.0
10.0,10.0,-0.9685831611286312,-0.09286412512218956,0.0
10.0,10.0,-0.9510565162951538,-0.053763440860215006,0.0
10.0,10.0,-0.9297764858882517,-0.024437927663734094,0.0
10.0,10.0,-0.9048270524660192,0.014662756598240456,0.0
10.0,10.0,-0.8763066800438635,0.053763440860215006,0.0
10.0,10.0,-0.8443279255020151,0.11241446725317683,0.0
10.0,10.0,-0.8090169943749477,0.16129032258064502,0.0
10.0,10.0,-0.7705132427757886,0.21994134897360684,0.0
10.0,10.0,-0.7289686274214111,0.2590420332355814,0.0
10.0,10.0,-0.6845471059286898,0.32746823069403685,0.0
10.0,10.0,-0.6374239897486912,0.3665689149560114,0.0
10.0,10.0,-0.5877852522924735,0.4447702834799605,0.0
10.0,10.0,-0.5358267949789973,0.5229716520039105,0.0
10.0,10.0,-0.4817536741017163,0.5816226783968723,0.0
10.0,10.0,-0.42577929156507405,0.6402737047898341,0.0
10.0,10.0,-0.3681245526846781,0.7282502443792769,0.0
10.0,10.0,-0.3090169943749479,0.806451612903226,0.0
10.0,10.0,-0.2486898871648556,0.9042033235581624,0.0
10.0,10.0,-0.1873813145857258,0.9824046920821115,0.0
10.0,10.0,-0.125333233564304,1.1192570869990224,0.0
10.0,10.0,-0.06279051952931351,1.2072336265884651,0.0
10.0,10.0,-4.898587196589413e-16,1.2756598240469206,0.0
10.0,10.0,0.06279051952931075,1.3636363636363633,0.0
10.0,10.0,0.12533323356430304,1.4613880742912997,0.0
10.0,10.0,0.1873813145857231,1.559139784946237,0.0
10.0,10.0,0.24868988716485466,1.6568914956011733,0.0
10.0,10.0,0.30901699437494523,1.7253176930596288,0.0
10.0,10.0,0.36812455268467714,1.7937438905180842,0.0
10.0,10.0,0.42577929156507155,1.8719452590420333,0.0
10.0,10.0,0.48175367410171543,1.959921798631476,0.0
10.0,10.0,0.535826794978995,2.047898338220919,0.0
10.0,10.0,0.5877852522924727,2.1358748778103616,0.0
10.0,10.0,0.6374239897486891,2.1945259042033234,0.0
10.0,10.0,0.6845471059286891,2.2922776148582598,0.0
10.0,10.0,0.7289686274214104,2.390029325513196,0.0
10.0,10.0,0.7705132427757891,2.4682306940371452,0.0
10.0,10.0,0.8090169943749471,2.5366568914956016,0.0
10.0,10.0,0.8443279255020155,2.575757575757576,0.0
10.0,10.0,0.876306680043863,2.6441837732160316,0.0
10.0,10.0,0.9048270524660196,2.6930596285435,0.0
10.0,10.0,0.9297764858882513,2.771260997067449,0.0
10.0,10.0,0.951056516295154,2.8103616813294234,0.0
10.0,10.0,0.9685831611286309,2.8396871945259043,0.0
10.0,10.0,0.9822872507286888,2.90811339198436,0.0
10.0,10.0,0.9921147013144779,2.927663734115347,0.0
10.0,10.0,0.9980267284282717,2.9960899315738025,0.0
10.0,10.0,1.0,3.0254154447702835,0.0
10.0,10.0,0.9980267284282718,3.0254154447702835,0.0
10.0,10.0,0.992114701314478,3.035190615835777,0.0
10.0,10.0,0.9822872507286889,3.01564027370479,0.0
10.0,10.0,0.9685831611286312,2.9960899315738025,0.0
10.0,10.0,0.9510565162951543,2.9667644183773216,0.0
10.0,10.0,0.9297764858882518,2.9667644183773216,0.0
10.0,10.0,0.90482705246602,2.9472140762463344,0.0
10.0,10.0,0.8763066800438635,2.9178885630498534,0.0
10.0,10.0,0.8443279255020162,2.9178885630498534,0.0
10.0,10.0,0.8090169943749478,2.849462365591398,0.0
10.0,10.0,0.7705132427757898,2.790811339198436,0.0
10.0,10.0,0.7289686274214112,2.712609970674487,0.0
10.0,10.0,0.6845471059286898,2.6246334310850443,0.0
10.0,10.0,0.6374239897486899,2.546432062561095,0.0
10.0,10.0,0.5877852522924736,2.4877810361681325,0.0
10.0,10.0,0.5358267949789959,2.419354838709677,0.0
10.0,10.0,0.48175367410171643,2.311827956989247,0.0
10.0,10.0,0.42577929156507255,2.2434017595307916,0.0
10.0,10.0,0.3681245526846782,2.155425219941349,0.0
10.0,10.0,0.3090169943749463,2.067448680351906,0.0
10.0,10.0,0.2486898871648557,1.9696969696969697,0.0
10.0,10.0,0.18738131458572418,1.881720430107527,0.0
10.0,10.0,0.12533323356430415,1.7644183773216033,0.0
10.0,10.0,0.06279051952931186,1.6862170087976542,0.0
10.0,10.0,6.123233995736766e-16,1.5786901270772242,0.0
10.0,10.0,-0.06279051952931064,1.4907135874877806,0.0
10.0,10.0,-0.12533323356430293,1.4027370478983379,0.0
10.0,10.0,-0.18738131458572296,1.3343108504398824,0.0
10.0,10.0,-0.24868988716485452,1.265884652981427,0.0
10.0,10.0,-0.3090169943749451,1.1681329423264906,0.0
10.0,10.0,-0.3681245526846787,1.0703812316715542,0.0
10.0,10.0,-0.42577929156506983,0.9921798631476051,0.0
10.0,10.0,-0.4817536741017154,0.9042033235581624,0.0
10.0,10.0,-0.5358267949789964,0.8357771260997069,0.0
10.0,10.0,-0.5877852522924726,0.7771260997067451,0.0
10.0,10.0,-0.637423989748689,0.6793743890518087,0.0
10.0,10.0,-0.6845471059286877,0.591397849462366,0.0
10.0,10.0,-0.7289686274214103,0.5131964809384169,0.0
10.0,10.0,-0.7705132427757901,0.4154447702834796,0.0
10.0,10.0,-0.809016994374946,0.32746823069403685,0.0
10.0,10.0,-0.8443279255020155,0.26881720430107503,0.0
10.0,10.0,-0.8763066800438638,0.20039100684261957,0.0
10.0,10.0,-0.9048270524660196,0.15151515151515138,0.0
10.0,10.0,-0.9297764858882513,0.09286412512218956,0.0
10.0,10.0,-0.9510565162951534,0.04398826979472137,0.0
10.0,10.0,-0.9685831611286309,0.014662756598240456,0.0
10.0,10.0,-0.982287250728689,-0.004887585532746819,0.0
10.0,10.0,-0.9921147013144777,-0.04398826979472137,0.0
10.0,10.0,-0.9980267284282717,-0.04398826979472137,0.0
10.0,10.0,-1.0,-0.053763440860215006,0.0
10.0,10.0,-0.9980267284282718,-0.053763440860215006,0.0
10.0,10.0,-0.9921147013144778,-0.04398826979472137,0.0
10.0,10.0,-0.9822872507286894,-0.024437927663734094,0.0
10.0,10.0,-0.9685831611286312,-0.014662756598240456,0.0
10.0,10.0,-0.9510565162951538,0.014662756598240456,0.0
10.0,10.0,-0.9297764858882518,0.03421309872922773,0.0
10.0,10.0,-0.9048270524660201,0.07331378299120228,0.0
10.0,10.0,-0.8763066800438645,0.11241446725317683,0.0
10.0,10.0,-0.8443279255020162,0.15151515151515138,0.0
10.0,10.0,-0.8090169943749468,0.22971652003910048,0.0
10.0,10.0,-0.770513242775791,0.27859237536656867,0.0
10.0,10.0,-0.7289686274214113,0.3372434017595305,0.0
10.0,10.0,-0.6845471059286887,0.40566959921798595,0.0
10.0,10.0,-0.63742398974869,0.4740957966764414,0.0
10.0,10.0,-0.5877852522924737,0.5327468230694041,0.0
10.0,10.0,-0.5358267949789975,0.6109481915933532,0.0
10.0,10.0,-0.48175367410171654,0.6891495601173023,0.0
10.0,10.0,-0.42577929156507105,0.7673509286412514,0.0
10.0,10.0,-0.36812455268468,0.8651026392961878,0.0
10.0,10.0,-0.3090169943749464,0.9335288367546433,0.0
10.0,10.0,-0.2486898871648541,1.0312805474095796,0.0
10.0,10.0,-0.1873813145857243,1.1388074291300097,0.0
10.0,10.0,-0.12533323356430426,1.2170087976539588,0.0
10.0,10.0,-0.06279051952931375,1.2854349951124142,0.0
10.0,10.0,-7.347880794884119e-16,1.344086021505376,0.0
10.0,10.0,0.06279051952931229,1.4320625610948188,0.0
10.0,10.0,0.12533323356430282,1.5493646138807433,0.0
10.0,10.0,0.18738131458572285,1.637341153470186,0.0
10.0,10.0,0.24868988716485269,1.7253176930596288,0.0
10.0,10.0,0.309016994374945,1.7937438905180842,0.0
10.0,10.0,0.3681245526846786,1.881720430107527,0.0
10.0,10.0,0.4257792915650697,1.9696969696969697,0.0
10.0,10.0,0.48175367410171527,2.0576735092864125,0.0
10.0,10.0,0.5358267949789963,2.145650048875855,0.0
10.0,10.0,0.5877852522924725,2.2140762463343107,0.0
10.0,10.0,0.6374239897486889,2.311827956989247,0.0
10.0,10.0,0.6845471059286876,2.3998044965786898,0.0
10.0,10.0,0.7289686274214102,2.478005865102639,0.0
10.0,10.0,0.7705132427757901,2.5659824046920825,0.0
10.0,10.0,0.8090169943749459,2.6735092864125125,0.0
10.0,10.0,0.8443279255020154,2.7517106549364616,0.0
10.0,10.0,0.8763066800438637,2.8299120234604107,0.0
10.0,10.0,0.9048270524660195,2.927663734115347,0.0
10.0,10.0,0.9297764858882512,2.9960899315738025,0.0
10.0,10.0,0.9510565162951533,3.0254154447702835,0.0
10.0,10.0,0.9685831611286309,3.035190615835777,0.0
10.0,10.0,0.982287250728689,3.093841642228739,0.0
10.0,10.0,0.9921147013144777,3.12316715542522,0.0
10.0,10.0,0.9980267284282717,3.113391984359726,0.0
10.0,10.0,1.0,3.12316715542522,0.0
10.0,10.0,0.9980267284282718,3.142717497556207,0.0
10.0,10.0,0.9921147013144778,3.142717497556207,0.0
10.0,10.0,0.9822872507286894,3.1524926686217007,0.0
10.0,10.0,0.9685831611286312,3.142717497556207,0.0
10.0,10.0,0.9510565162951539,3.1036168132942326,0.0
10.0,10.0,0.9297764858882518,3.064516129032258,0.0
10.0,10.0,0.9048270524660201,3.0254154447702835,0.0
10.0,10.0,0.8763066800438645,2.9765395894428153,0.0
10.0,10.0,0.8443279255020163,2.9178885630498534,0.0
10.0,10.0,0.8090169943749469,2.8396871945259043,0.0
10.0,10.0,0.7705132427757911,2.7614858260019552,0.0
10.0,10.0,0.7289686274214113,2.6930596285435,0.0
10.0,10.0,0.6845471059286887,2.6539589442815252,0.0
10.0,10.0,0.6374239897486901,2.5953079178885634,0.0
10.0,10.0,0.5877852522924738,2.546432062561095,0.0
10.0,10.0,0.5358267949789977,2.4291300097751707,0.0
10.0,10.0,0.48175367410171666,2.3607038123167152,0.0
10.0,10.0,0.42577929156507116,2.253176930596285,0.0
10.0,10.0,0.3681245526846801,2.145650048875855,0.0
10.0,10.0,0.30901699437494656,2.096774193548387,0.0
10.0,10.0,0.24868988716485424,1.9990224828934506,0.0
10.0,10.0,0.1873813145857244,1.8914956011730206,0.0
10.0,10.0,0.1253332335643044,1.7839687194525906,0.0
10.0,10.0,0.06279051952931387,1.6764418377321606,0.0
10.0,10.0,8.572527594031472e-16,1.5982404692082115,0.0
10.0,10.0,-0.06279051952931217,1.5004887585532742,0.0
10.0,10.0,-0.12533323356430268,1.4125122189638315,0.0
10.0,10.0,-0.18738131458572274,1.3245356793743888,0.0
10.0,10.0,-0.24868988716485257,1.2267839687194524,0.0
10.0,10.0,-0.3090169943749449,1.1681329423264906,0.0
10.0,10.0,-0.3681245526846785,1.0801564027370478,0.0
10.0,10.0,-0.4257792915650696,1.021505376344086,0.0
10.0,10.0,-0.48175367410171516,0.9237536656891496,0.0
10.0,10.0,-0.5358267949789962,0.8357771260997069,0.0
10.0,10.0,-0.5877852522924725,0.7673509286412514,0.0
10.0,10.0,-0.6374239897486887,0.669599217986315,0.0
10.0,10.0,-0.6845471059286875,0.591397849462366,0.0
10.0,10.0,-0.7289686274214101,0.5034213098729223,0.0
10.0,10.0,-0.77051324277579,0.4447702834799605,0.0
10.0,10.0,-0.8090169943749459,0.3861192570869987,0.0
10.0,10.0,-0.8443279255020153,0.29814271749755594,0.0
10.0,10.0,-0.8763066800438637,0.22971652003910048,0.0
10.0,10.0,-0.9048270524660195,0.17106549364613866,0.0
10.0,10.0,-0.9297764858882512,0.1026392961876832,0.0
10.0,10.0,-0.9510565162951533,0.06353861192570864,0.0
10.0,10.0,-0.9685831611286309,0.024437927663734094,0.0
10.0,10.0,-0.982287250728689,-0.03421309872922773,0.0
10.0,10.0,-0.9921147013144775,-0.04398826979472137,0.0
10.0,10.0,-0.9980267284282717,-0.07331378299120228,0.0
10.0,10.0,-1.0,-0.07331378299120228,0.0
10.0,10.0,-0.9980267284282718,-0.07331378299120228,0.0
10.0,10.0,-0.9921147013144778,-0.08308895405669592,0.0
10.0,10.0,-0.9822872507286894,-0.07331378299120228,0.0
10.0,10.0,-0.9685831611286313,-0.06353861192570864,0.0
10.0,10.0,-0.9510565162951539,-0.04398826979472137,0.0
10.0,10.0,-0.9297764858882519,-0.014662756598240456,0.0
10.0,10.0,-0.9048270524660202,0.024437927663734094,0.0
10.0,10.0,-0.8763066800438646,0.06353861192570864,0.0
10.0,10.0,-0.8443279255020164,0.1319648093841641,0.0
10.0,10.0,-0.8090169943749469,0.17106549364613866,0.0
10.0,10.0,-0.7705132427757913,0.21994134897360684,0.0
10.0,10.0,-0.7289686274214114,0.26881720430107503,0.0
10.0,10.0,-0.6845471059286888,0.3372434017595305,0.0
10.0,10.0,-0.6374239897486902,0.40566959921798595,0.0
10.0,10.0,-0.5877852522924739,0.4643206256109478,0.0
10.0,10.0,-0.5358267949789978,0.5522971652003914,0.0
10.0,10.0,-0.48175367410171677,0.6207233626588469,0.0
10.0,10.0,-0.42577929156507127,0.6891495601173023,0.0
10.0,10.0,-0.3681245526846802,0.806451612903226,0.0
10.0,10.0,-0.3090169943749467,0.9042033235581624,0.0
10.0,10.0,-0.24868988716485435,0.9628543499511242,0.0
10.0,10.0,-0.18738131458572455,1.0801564027370478,0.0
10.0,10.0,-0.1253332335643045,1.158357771260997,0.0
10.0,10.0,-0.062790519529314,1.2561094819159333,0.0
10.0,10.0,-9.797174393178826e-16,1.344086021505376,0.0
10.0,10.0,0.06279051952931204,1.3929618768328442,0.0
10.0,10.0,0.12533323356429904,1.5102639296187688,0.0
10.0,10.0,0.1873813145857261,1.6177908113391988,0.0
10.0,10.0,0.24868988716485246,1.6959921798631479,0.0
10.0,10.0,0.3090169943749448,1.8132942326490715,0.0
10.0,10.0,0.36812455268467503,1.911045943304008,0.0
10.0,10.0,0.4257792915650727,2.0087976539589443,0.0
10.0,10.0,0.48175367410171505,2.096774193548387,0.0
10.0,10.0,0.5358267949789961,2.1847507331378297,0.0
10.0,10.0,0.5877852522924695,2.262952101661779,0.0
10.0,10.0,0.6374239897486914,2.3509286412512216,0.0
10.0,10.0,0.6845471059286874,2.3998044965786898,0.0
10.0,10.0,0.7289686274214101,2.4877810361681325,0.0
10.0,10.0,0.7705132427757877,2.5171065493646143,0.0
10.0,10.0,0.8090169943749479,2.5855327468230698,0.0
10.0,10.0,0.8443279255020153,2.634408602150538,0.0
10.0,10.0,0.8763066800438636,2.663734115347019,0.0
10.0,10.0,0.9048270524660179,2.741935483870968,0.0
10.0,10.0,0.9297764858882525,2.7810361681329425,0.0
10.0,10.0,0.9510565162951533,2.820136852394917,0.0
10.0,10.0,0.9685831611286307,2.849462365591398,0.0
10.0,10.0,0.9822872507286884,2.8885630498533725,0.0
10.0,10.0,0.992114701314478,2.9178885630498534,0.0
10.0,10.0,0.9980267284282717,2.9472140762463344,0.0
10.0,10.0,1.0,2.9765395894428153,0.0
10.0,10.0,0.9980267284282718,2.9765395894428153,0.0
10.0,10.0,0.9921147013144783,2.9667644183773216,0.0
10.0,10.0,0.9822872507286887,2.986314760508309,0.0
10.0,10.0,0.9685831611286313,2.9960899315738025,0.0
10.0,10.0,0.9510565162951539,2.9960899315738025,0.0
10.0,10.0,0.9297764858882532,2.956989247311828,0.0
10.0,10.0,0.9048270524660188,2.927663734115347,0.0
10.0,10.0,0.8763066800438646,2.9178885630498534,0.0
10.0,10.0,0.8443279255020164,2.8396871945259043,0.0
10.0,10.0,0.8090169943749491,2.820136852394917,0.0
10.0,10.0,0.770513242775789,2.7810361681329425,0.0
10.0,10.0,0.7289686274214116,2.7223851417399807,0.0
10.0,10.0,0.684547105928689,2.6539589442815252,0.0
10.0,10.0,0.637423989748693,2.6148582600195507,0.0
10.0,10.0,0.5877852522924711,2.556207233626589,0.0
10.0,10.0,0.5358267949789979,2.478005865102639,0.0
10.0,10.0,0.4817536741017169,2.390029325513196,0.0
10.0,10.0,0.4257792915650746,2.3216031280547407,0.0
10.0,10.0,0.368124552684677,2.2140762463343107,0.0
10.0,10.0,0.3090169943749468,2.145650048875855,0.0
10.0,10.0,0.24868988716485446,2.0283479960899315,0.0
10.0,10.0,0.18738131458572815,1.9208211143695015,0.0
10.0,10.0,0.1253332335643011,1.7937438905180842,0.0
10.0,10.0,0.06279051952931412,1.6862170087976542,0.0
10.0,10.0,1.102182119232618e-15,1.6080156402737051,0.0
10.0,10.0,-0.06279051952931192,1.5493646138807433,0.0
10.0,10.0,-0.12533323356429893,1.4613880742912997,0.0
10.0,10.0,-0.187381314585726,1.373411534701857,0.0
10.0,10.0,-0.24868988716485232,1.2854349951124142,0.0
10.0,10.0,-0.3090169943749447,1.1974584555229715,0.0
10.0,10.0,-0.3681245526846749,1.1094819159335287,0.0
10.0,10.0,-0.4257792915650726,1.021505376344086,0.0
10.0,10.0,-0.48175367410171493,0.9433040078201369,0.0
10.0,10.0,-0.535826794978996,0.8651026392961878,0.0
10.0,10.0,-0.5877852522924694,0.7869012707722387,0.0
10.0,10.0,-0.6374239897486913,0.7086999022482896,0.0
10.0,10.0,-0.6845471059286873,0.6207233626588469,0.0
10.0,10.0,-0.72896862742141,0.5131964809384169,0.0
10.0,10.0,-0.7705132427757876,0.4447702834799605,0.0
10.0,10.0,-0.8090169943749478,0.3665689149560114,0.0
10.0,10.0,-0.8443279255020152,0.2883675464320623,0.0
10.0,10.0,-0.8763066800438636,0.21994134897360684,0.0
10.0,10.0,-0.9048270524660178,0.14173998044965774,0.0
10.0,10.0,-0.9297764858882525,0.08308895405669592,0.0
10.0,10.0,-0.9510565162951532,0.024437927663734094,0.0
10.0,10.0,-0.9685831611286307,-0.03421309872922773,0.0
10.0,10.0,-0.9822872507286883,-0.09286412512218956,0.0
10.0,10.0,-0.992114701314478,-0.12218963831867047,0.0
10.0,10.0,-0.9980267284282717,-0.15151515151515138,0.0
10.0,10.0,-1.0,-0.15151515151515138,0.0
10.0,10.0,-0.9980267284282718,-0.15151515151515138,0.0
10.0,10.0,-0.9921147013144783,-0.16129032258064502,0.0
10.0,10.0,-0.9822872507286887,-0.17106549364613866,0.0
10.0,10.0,-0.9685831611286313,-0.17106549364613866,0.0
10.0,10.0,-0.951056516295154,-0.16129032258064502,0.0
10.0,10.0,-0.9297764858882532,-0.1319648093841641,0.0
10.0,10.0,-0.9048270524660188,-0.1026392961876832,0.0
10.0,10.0,-0.8763066800438647,-0.03421309872922773,0.0
10.0,10.0,-0.8443279255020165,0.03421309872922773,0.0
10.0,10.0,-0.8090169943749491,0.08308895405669592,0.0
10.0,10.0,-0.770513242775789,0.1319648093841641,0.0
10.0,10.0,-0.7289686274214117,0.21994134897360684,0.0
10.0,10.0,-0.6845471059286891,0.27859237536656867,0.0
10.0,10.0,-0.6374239897486931,0.3372434017595305,0.0
10.0,10.0,-0.5877852522924712,0.42521994134897323,0.0
10.0,10.0,-0.535826794978998,0.5131964809384169,0.0
10.0,10.0,-0.481753674101717,0.5718475073313787,0.0
10.0,10.0,-0.4257792915650747,0.6891495601173023,0.0
10.0,10.0,-0.3681245526846771,0.7966764418377323,0.0
10.0,10.0,-0.3090169943749469,0.9042033235581624,0.0
10.0,10.0,-0.2486898871648546,0.9824046920821115,0.0
10.0,10.0,-0.18738131458572826,1.0899315738025415,0.0
10.0,10.0,-0.12533323356430123,1.158357771260997,0.0
10.0,10.0,-0.06279051952931425,1.265884652981427,0.0
10.0,10.0,-1.2246467991473533e-15,1.3343108504398824,0.0
10.0,10.0,0.06279051952931179,1.4320625610948188,0.0
10.0,10.0,0.1253332335642988,1.529814271749756,0.0
10.0,10.0,0.18738131458572588,1.5982404692082115,0.0
10.0,10.0,0.2486898871648522,1.6862170087976542,0.0
10.0,10.0,0.30901699437494456,1.7644183773216033,0.0
10.0,10.0,0.3681245526846748,1.8328445747800588,0.0
10.0,10.0,0.4257792915650725,1.881720430107527,0.0
10.0,10.0,0.4817536741017148,1.9794721407624634,0.0
10.0,10.0,0.5358267949789959,2.047898338220919,0.0
10.0,10.0,0.5877852522924693,2.1358748778103616,0.0
10.0,10.0,0.6374239897486885,2.2434017595307916,0.0
10.0,10.0,0.6845471059286898,2.370478983382209,0.0
10.0,10.0,0.7289686274214099,2.4682306940371452,0.0
10.0,10.0,0.7705132427757853,2.556207233626589,0.0
10.0,10.0,0.8090169943749498,2.634408602150538,0.0
10.0,10.0,0.8443279255020152,2.683284457478006,0.0
10.0,10.0,0.8763066800438618,2.7223851417399807,0.0
10.0,10.0,0.9048270524660192,2.7810361681329425,0.0
10.0,10.0,0.9297764858882523,2.8103616813294234,0.0
10.0,10.0,0.9510565162951532,2.8396871945259043,0.0
10.0,10.0,0.9685831611286316,2.8885630498533725,0.0
10.0,10.0,0.9822872507286883,2.927663734115347,0.0
10.0,10.0,0.992114701314478,2.9667644183773216,0.0
10.0,10.0,0.9980267284282713,3.005865102639296,0.0
10.0,10.0,1.0,2.986314760508309,0.0
10.0,10.0,0.9980267284282718,2.9960899315738025,0.0
10.0,10.0,0.9921147013144788,3.0254154447702835,0.0
10.0,10.0,0.9822872507286882,3.01564027370479,0.0
10.0,10.0,0.9685831611286313,2.9960899315738025,0.0
10.0,10.0,0.9510565162951551,2.986314760508309,0.0
10.0,10.0,0.929776485888252,2.9374389051808407,0.0
10.0,10.0,0.9048270524660189,2.898338220918866,0.0
10.0,10.0,0.8763066800438647,2.8396871945259043,0.0
10.0,10.0,0.8443279255020146,2.820136852394917,0.0
10.0,10.0,0.8090169943749492,2.771260997067449,0.0
10.0,10.0,0.7705132427757891,2.7028347996089934,0.0
10.0,10.0,0.7289686274214141,2.634408602150538,0.0
10.0,10.0,0.6845471059286892,2.5366568914956016,0.0
10.0,10.0,0.6374239897486932,2.4584555229716516,0.0
10.0,10.0,0.5877852522924742,2.370478983382209,0.0
10.0,10.0,0.535826794978995,2.3020527859237534,0.0
10.0,10.0,0.48175367410171704,2.2434017595307916,0.0
10.0,10.0,0.42577929156507804,2.1847507331378297,0.0
10.0,10.0,0.3681245526846739,2.0772238514173997,0.0
10.0,10.0,0.309016994374947,1.9990224828934506,0.0
10.0,10.0,0.24868988716485815,1.8719452590420333,0.0
10.0,10.0,0.1873813145857249,1.7644183773216033,0.0
10.0,10.0,0.12533323356430134,1.6471163245356797,0.0
10.0,10.0,0.06279051952931436,1.5493646138807433,0.0
10.0,10.0,4.899825157862589e-15,1.4320625610948188,0.0
10.0,10.0,-0.06279051952931168,1.3538611925708697,0.0
10.0,10.0,-0.12533323356429868,1.265884652981427,0.0
10.0,10.0,-0.18738131458572224,1.1779081133919842,0.0
10.0,10.0,-0.24868988716485554,1.099706744868035,0.0
10.0,10.0,-0.30901699437494445,0.9726295210166178,0.0
10.0,10.0,-0.3681245526846714,0.9628543499511242,0.0
10.0,10.0,-0.4257792915650756,0.913978494623656,0.0
10.0,10.0,-0.4817536741017147,0.8357771260997069,0.0
10.0,10.0,-0.5358267949789928,0.806451612903226,0.0
10.0,10.0,-0.587785252292472,0.7380254154447705,0.0
10.0,10.0,-0.6374239897486911,0.6500488758553278,0.0
10.0,10.0,-0.6845471059286872,0.5718475073313787,0.0
10.0,10.0,-0.7289686274214123,0.5034213098729223,0.0
10.0,10.0,-0.7705132427757875,0.43499511241446687,0.0
10.0,10.0,-0.8090169943749477,0.37634408602150504,0.0
10.0,10.0,-0.8443279255020132,0.3176930596285432,0.0
10.0,10.0,-0.8763066800438635,0.21994134897360684,0.0
10.0,10.0,-0.9048270524660177,0.16129032258064502,0.0
10.0,10.0,-0.929776485888251,0.1026392961876832,0.0
10.0,10.0,-0.9510565162951542,0.06353861192570864,0.0
10.0,10.0,-0.9685831611286306,0.014662756598240456,0.0
10.0,10.0,-0.9822872507286876,-0.024437927663734094,0.0
10.0,10.0,-0.9921147013144784,-0.07331378299120228,0.0
10.0,10.0,-0.9980267284282716,-0.1026392961876832,0.0
10.0,10.0,-1.0,-0.12218963831867047,0.0
10.0,10.0,-0.9980267284282716,-0.14173998044965774,0.0
10.0,10.0,-0.9921147013144783,-0.15151515151515138,0.0
10.0,10.0,-0.9822872507286888,-0.15151515151515138,0.0
10.0,10.0,-0.9685831611286323,-0.14173998044965774,0.0
